[{"id": 423494210, "text": "$AAPL win win win $$$$ \n\nhttps://youtube.com/shorts/bbNsr8zuzI8?feature=share", "time": 1641370335.0, "sentiment": "Bullish"}, {"id": 423494128, "text": "$AAPL winning the battle", "time": 1641370309.0, "sentiment": "Bullish"}, {"id": 423493758, "text": "$AAPL Get in on Saitama...easy to buy on LBank. Signup with your cell number.\n lbank.info/invitevip/?icode...  let&#39;s \n\nRefferal code IKC0", "time": 1641370216.0, "sentiment": ""}, {"id": 423492805, "text": "$aapl You know some bear will repost this when the stock is down 20% or more. I&#39;m a nice guy, so it won&#39;t be me. Lock in some profits.", "time": 1641369974.0, "sentiment": "Bearish"}, {"id": 423492694, "text": "$AAPL fake it till you make it. When people accept this is a 3T stock, this will stay above 3T.", "time": 1641369947.0, "sentiment": ""}, {"id": 423492659, "text": "$AAPL $DIS $TSLA Always fun to see our new members reactions when we are the only ones to call the pop and immediate drop. Love to help traders learn, grow, and build wealth. If you want to retire early then ping me - I\u2019ll hook you up. Cheers y\u2019all\nHappy New Year!", "time": 1641369939.0, "sentiment": ""}, {"id": 423491630, "text": "$AAPL was not wrong. \nThis is how I felt today \n\nhttps://youtube.com/shorts/bbNsr8zuzI8?feature=share", "time": 1641369666.0, "sentiment": ""}, {"id": 423491475, "text": "$AMZN futures down ahead of Fed minutes? What does that mean? Blood bath in the market? $AAPL $TSLA $NVDA", "time": 1641369626.0, "sentiment": "Bearish"}, {"id": 423491436, "text": "$AAPL White House embraces a manage-not-contain Omicron game plan", "time": 1641369614.0, "sentiment": ""}, {"id": 423490803, "text": "$AAPL Almost nobody expects a correction. Why it is almost certain to happen Take profits. Everybody is loaded up with stock. Running out of buyers. $145 possible.", "time": 1641369428.0, "sentiment": "Bearish"}, {"id": 423490563, "text": "@JamMan415 It\u2019s all good at OP!\nWe smashed $AAPL on the way up and smashed todays dip. No complaints - only STACKS!", "time": 1641369362.0, "sentiment": ""}, {"id": 423489760, "text": "$AAPL News item: Slower rollout of 5G because of concerns over aviation safety might slow down smart phone sales.", "time": 1641369122.0, "sentiment": "Bearish"}, {"id": 423487660, "text": "$EMAN  &quot;US firm eMagin is also working on MicroOLED FMM with Apple&quot;\n\nhttp://www.thelec.net/news/articleView.html?idxno=3719\n\n$MVIS $AAPL $VUZI", "time": 1641368523.0, "sentiment": ""}, {"id": 423487327, "text": "$AAPL AAPL CONFERENCE CALL", "time": 1641368432.0, "sentiment": ""}, {"id": 423486905, "text": "$AAPL  \ud83c\udf4f\ud83d\udc47   AH\u2019s Large Volume:", "time": 1641368327.0, "sentiment": ""}, {"id": 423486420, "text": "Dark pool after hours activity in:\n\n$AAPL - $578M print\n$FB - $104M print\n$MU - $104M print\n$TSM - $252M print\n$QQQ - $106M print\n\n#darkpool", "time": 1641368191.0, "sentiment": ""}, {"id": 423486359, "text": "$AAPL took puts on this under 181.5 called out in discord members banked", "time": 1641368176.0, "sentiment": ""}, {"id": 423485431, "text": "$AAPL  I&#39;m in a short strangle - short $180 puts and short $185 calls. Expire next Friday.", "time": 1641367926.0, "sentiment": ""}, {"id": 423484066, "text": "$SPY Lotta CHOP\u2026 not good for theta, great for implied volatility in long term options. Let\u2019s see which way it breaks. I have calls in $AAPL $FB $LAC and $SPY but will turn around short if needed", "time": 1641367543.0, "sentiment": "Bullish"}, {"id": 423483839, "text": "$AAPL we will try to hit all time high 3 more times, then we go to 190", "time": 1641367478.0, "sentiment": ""}, {"id": 423483308, "text": "$AAPL excellent read \n\nhttps://technologymarketreport.com/Verizons-NEW-Favorite-AR-Gadget/?utm_source=mcnalliemoney&amp;utm_medium=influencer&amp;utm_campaign=vuziz_us", "time": 1641367331.0, "sentiment": "Bullish"}, {"id": 423482771, "text": "$ON $NVDA $AAPL I have 2. I got stopped out on nvda. It doesn\u2019t make sense that it has such superior product and keeps getting these continuous small rug  pulls. You\u2019d almost think HFs are involved with this and all the sweeps. Just joking because we know HFs would never play with NVDA.. I can\u2019t and don\u2019t want to follow nvda.  I\u2019m going to go with lesser quiet names that behave more predictably. ON is definitely one of them.", "time": 1641367188.0, "sentiment": ""}, {"id": 423481092, "text": "$AAPL $AAL North Korea fires apparent missile into sea https://www.marketwatch.com/story/north-korea-fires-apparent-missile-into-sea-01641343982?mod=mw_latestnews", "time": 1641366747.0, "sentiment": ""}, {"id": 423481030, "text": "$AAPL adding on any nice size dips. Easy 200+ by Spring/Summer", "time": 1641366732.0, "sentiment": "Bullish"}, {"id": 423480783, "text": "$AAPL it&#39;s only 2nd day of the year fckin market already crashing. Is fckin 4 days red 1 day green", "time": 1641366671.0, "sentiment": ""}, {"id": 423480768, "text": "have you heard the newest variant??? This is getting ridiculous \u2026 \ud83d\ude44I wish this was a joke\u2026 FLURONA \ud83e\udd2a\n\n\ud83d\udea8 $SPY $AAPL $BTC.X $TSLA $DIS", "time": 1641366668.0, "sentiment": ""}, {"id": 423480723, "text": "@Masternaut @Critboy @10Figure $AAPL hold my beer.", "time": 1641366656.0, "sentiment": "Bullish"}, {"id": 423480600, "text": "$AAPL up over 8% in last 30 days. All of a sudden stock drops 1.3% and all the freaks come out. Hilarious stock is up over 500% in just last  5 years .lol Keep shorting!  Never post a trade confirm but they are short hahahaha poof there it goes. Poof there it goes. Hahaha", "time": 1641366620.0, "sentiment": ""}, {"id": 423480184, "text": "If $TSLA and $AAPL give way and LOOK OUT BELOW lads   :0) !!!", "time": 1641366512.0, "sentiment": "Bearish"}, {"id": 423479939, "text": "$BKKT thought these bums were close to announcing and wrapping up a big deal $aapl", "time": 1641366443.0, "sentiment": ""}]