[{"id": 423555338, "text": "$SPY $QQQ $DJIA $AAPL It looks like the bubble of cheap labor has burst and employers still haven&#39;t gotten the memo!\n\nhttps://www.msn.com/en-us/money/markets/the-great-resignation-rages-on-as-record-number-of-4-5-million-americans-quit/ar-AASqx0G?ocid=msedgntp", "time": 1641405721.0, "sentiment": ""}, {"id": 423554605, "text": "$AAPL \ud83d\udc40\u2026 \ud83c\udfaf $176 \ud83c\udf4e", "time": 1641405529.0, "sentiment": "Bearish"}, {"id": 423554564, "text": "$SPY $SPX this app cheats its advertisers. How many times have you clicked an ad by accident when scrolling because it\u2019s touch sensitive?  $NDX $AAPL $VIX", "time": 1641405500.0, "sentiment": ""}, {"id": 423554188, "text": "$AAPL pt $200", "time": 1641405325.0, "sentiment": ""}, {"id": 423553955, "text": "Siemens Fonds Invest Gmb, Siemens AG Pension fund basically. recent 13F,  estimated avg buy of $63.89 stock @46.05, Siemens partner w/BSY wanted to buy (rumor) it before IPO, bought into IPO. \n\n$BSY in with $NVDA, $MSFT on Omniverse, Metaverse, #Digitaltwins\n\nMight start talking w/ stock 38% off highs since mid-Sept??\n\nTop 5 holdings of this Siemens fund as last 13f\n\nBSY - 6,253,643 shares, 25.32% of the total portfolio. New Position\n$AAPL- 505,235 shares, 4.77% of the total portfolio. Shares added by 4.41%\nMSFT - 221,030 shares, 4.16% of the total portfolio. Shares added by 4.22\nAMZN - 11,301 shares, 2.48% of the total portfolio. Shares added by 6.51%", "time": 1641405207.0, "sentiment": ""}, {"id": 423553921, "text": "$AAPL Read What Evercore Said On Apple App Store Growth \n\nhttps://newsfilter.io/a/2ebee9e27f3c3cbadee25d634c815fd6", "time": 1641405189.0, "sentiment": ""}, {"id": 423553681, "text": "$AMZN puts are going to print. Down to $3000 by end of week $TSLA $AAPL $QQQ $NVDA", "time": 1641405074.0, "sentiment": "Bearish"}, {"id": 423553568, "text": "$SPY weird price action lol should be an interesting day\u2026 my options in $SPY $FB $LAC and $AAPL were the most volatile yesterday I\u2019ve seen in a while lol", "time": 1641405024.0, "sentiment": "Bullish"}, {"id": 423553550, "text": "$F $V $AAPL $SENS $TELA \n\nI am ready\n\nhttps://www.interactivebrokers.com/mkt/?src=xiaowangY1&amp;url=%2Fcn%2Findex.php%3Ff%3D2359", "time": 1641405014.0, "sentiment": "Bullish"}, {"id": 423552748, "text": "$AAPL why you ppl so dumb!? Selling only good investment \ud83e\udd23\ud83e\udd23\ud83e\udd23\ud83e\udd23\ud83d\udc51\ud83d\udc51\ud83d\udc51\ud83e\udd11\ud83e\udd11\ud83d\udcc8\ud83d\udcc8\ud83c\udf4e\ud83c\udf4e\ud83c\udf4e\ud83d\udef0\ud83d\udef0\ud83d\udef0\ud83d\udd25\ud83d\udd25\ud83d\udd25\ud83d\udef0\ud83d\udc40\ud83d\udc40\ud83d\ude80\ud83d\ude80\ud83e\udd11\ud83d\udcc8\ud83c\udf4e\ud83c\udf4e\ud83d\udef0\ud83d\udd25\ud83c\udf19\ud83c\udf19\ud83c\udf19\u2708\ufe0f", "time": 1641404651.0, "sentiment": "Bullish"}, {"id": 423552724, "text": "@knotrek19 for long /mid term, $AAPL is a good choice IMHO", "time": 1641404638.0, "sentiment": ""}, {"id": 423552573, "text": "$AAPL I am begineer and i would like to invest my money against inflation let&#39;s say for 3-5 years. Do you think investing in Apple is a good choice?", "time": 1641404560.0, "sentiment": ""}, {"id": 423552369, "text": "$AAPL 186?", "time": 1641404440.0, "sentiment": "Bullish"}, {"id": 423551764, "text": "$AAPL NEW ARTICLE : 7 Long-Term Stocks to Buy and Hold Until 2030 for Proven Gains https://www.stck.pro/news/AAPL/20912010", "time": 1641404138.0, "sentiment": ""}, {"id": 423551549, "text": "$AAPL $AQUAGOAT.X  miss Earth USA will be presented by #AquaGoat! Make sure you download VIP Pageantry! You don\u2019t want to miss this live broadcast where Aquagoat commercials will be airing! #CryptocurrencyNews #DeFi #BSCGem\n\nAquagoat is the future! Real use case \nAnd utility. Save the oceans \n\nAquagoat.finance", "time": 1641404009.0, "sentiment": "Bullish"}, {"id": 423551085, "text": "$AAPL 2022 Epic Radio/Media/Podcast Revolution !! Auddia app full launch Feb 15th 2022 - 4000 Radio Stations !!!\n#auddia #vodacast - #AItechnology \n$$ Tickers #AUUD  #AUUDW $\ud83d\ude80\ud83d\ude80$\nGet ready !! #radio #podcast #media https://www.reddit.com/r/Auddia?utm_medium=android_app&amp;utm_source=share", "time": 1641403780.0, "sentiment": "Bullish"}, {"id": 423548660, "text": "$AAPL M Time.", "time": 1641402322.0, "sentiment": "Bearish"}, {"id": 423548412, "text": "$CLM $IEP $AAPL $CRF WHAT ARE YOUR BEST PAYING DIVIDEND STOCK YOU SIMOKY HOLD AND NEVER LOOK AT??  What is your best app or website used to calculate you dividend stock over time?\nLet\u2019s go 2022\ud83d\ude80\ud83d\ude80\ud83d\ude80\ud83d\ude80", "time": 1641402217.0, "sentiment": ""}, {"id": 423548249, "text": "$BABA buy back like $aapl", "time": 1641402125.0, "sentiment": "Bullish"}, {"id": 423547857, "text": "$AAPL", "time": 1641401897.0, "sentiment": "Bearish"}, {"id": 423547819, "text": "$LDI holders ready $AAPL", "time": 1641401871.0, "sentiment": "Bullish"}, {"id": 423547437, "text": "$AAPL bloated \ud83e\udd37\u200d\u2642\ufe0f", "time": 1641401610.0, "sentiment": "Bearish"}, {"id": 423547398, "text": "Sweep Options Activity: $AAPL is the #2 ticker with sweep activity where institutions are trading options urgently with 71.2K sweep contracts, a leading indicator of market movement.\n\nMarket analysis and options contracts included in screenshot of dashboard from http://insiderfinance.io.", "time": 1641401590.0, "sentiment": ""}, {"id": 423546479, "text": "Watching $AAPL $TSLA  and $PLTR $WKHS", "time": 1641400857.0, "sentiment": ""}, {"id": 423546366, "text": "$AAPL", "time": 1641400762.0, "sentiment": ""}, {"id": 423545825, "text": "@AZUIstonks $SPY That 3 Trillion $$ company has a cash flow/dividend yield that is 2x better than the 10yr yield \n\nThis means $AAPL has a better ROI over 10 years vs 10yr bond. \n\nThis is how REAL WEALTH management works. Big $$ buys yield and AAPL is an inflation hedge, 10 yr bond is NOT!!!\n\nbubble??? Only the ignorant broke $$ trader world thinks this and the last time I checked no one in the trading world has ANY value in real life.", "time": 1641400287.0, "sentiment": ""}, {"id": 423544955, "text": "$AAPL Technicals point toward 215/20 area being tested this year. Apples product range development hasn\u2019t impressed me in last couple of years. Will be looking for shorts should we trade in that range for a 30% correction", "time": 1641399544.0, "sentiment": ""}, {"id": 423544914, "text": "Unusual Options Activity: $AAPL is the #10 ticker with unusual activity from institutional traders with an average of 20% out of the money, a leading indicator of market movement.\n\nMarket analysis and options contracts included in screenshot of dashboard from http://insiderfinance.io.", "time": 1641399500.0, "sentiment": ""}, {"id": 423544516, "text": "$AAPL  3 trillion cheers", "time": 1641399132.0, "sentiment": ""}, {"id": 423544259, "text": "$AAPL guys go all in in on ath, be smart \ud83e\udd23", "time": 1641398921.0, "sentiment": "Bearish"}]