[{"id": 423526532, "text": "Warren Buffett\u2019s $BRK.B (Berkshire Hathway) made over $120 billion after $AAPL (Apple) briefly hit more than $3 trillion market capitalization on Monday.\n\nThe conglomerate acquired a 5% stake worth $36 billion in the iPhone maker\u2019s stock between 2016 and mid-2018. \n\nBerkshire Hathway\u2019s investment in Apple is now worth $160 billion as the massive rally extended into the new year.\n\nSource: Candorium News App", "time": 1641382083.0, "sentiment": "Bullish"}, {"id": 423526421, "text": "$AAPL tomorrow fed meeting ?", "time": 1641382017.0, "sentiment": ""}, {"id": 423525755, "text": "$AABB $BNB.X $COIN $AAPL $TSLA @Carlicahnjnr @carlicahnvltc @Raydalio177 @RayDalio @MaxKeiser @Rocky88888888888_Discord @anyatrades @TCLutz", "time": 1641381542.0, "sentiment": "Bullish"}, {"id": 423525168, "text": "$AAPL Betting against Apple when the ER is 3 weeks away is burning money in my opinion .", "time": 1641381184.0, "sentiment": "Bullish"}, {"id": 423525121, "text": "$IIVI $AAPL If you didn&#39;t know now you know. https://www.apple.com/newsroom/2021/05/apple-awards-an-additional-410-million-from-its-advanced-manufacturing-fund-to-ii-vi/", "time": 1641381156.0, "sentiment": ""}, {"id": 423523666, "text": "$AAPL Another moron blocked!", "time": 1641380345.0, "sentiment": ""}, {"id": 423523547, "text": "$AAPL: Both the short term and long term trends are positive. This is a very positive sign. https://www.chartmill.com/stock/analyzer/stock/AAPL?key=bb853040-a4ac-41c6-b549-d218d2f21b32&amp;utm_source=stocktwits&amp;utm_medium=TA&amp;utm_content=AAPL&amp;utm_campaign=social_tracking", "time": 1641380280.0, "sentiment": ""}, {"id": 423522947, "text": "@Underdawg @realguy88 mkt cap of $CVX vs $AAPL hmmm. Those dinosaurs are too slow and too extinct apparently.", "time": 1641380018.0, "sentiment": ""}, {"id": 423522767, "text": "$AMZN selling off again tomorrow. Lucky shorts $TSLA $AAPL $LCID $RIVN", "time": 1641379952.0, "sentiment": "Bearish"}, {"id": 423521978, "text": "$AAPL waiting for a clear direction..", "time": 1641379600.0, "sentiment": ""}, {"id": 423519667, "text": "$AAPL My puts printed all day long.  Thank you.", "time": 1641378615.0, "sentiment": ""}, {"id": 423519333, "text": "$AAPL when $200 bulls I want to buy cheap pooots", "time": 1641378472.0, "sentiment": "Bearish"}, {"id": 423519036, "text": "$AAPL can not break yellow.", "time": 1641378340.0, "sentiment": ""}, {"id": 423518987, "text": "$SPY $AAPL \nMoron bear spamming nonsense\nGo cry to sonic", "time": 1641378317.0, "sentiment": ""}, {"id": 423518556, "text": "SweepCast alerted: $AAPL with Unusual Options Activity Alerted on $100 CALL Expiring: 01-21-2022 worth 168K\ud83d\udc02 |\ud83e\udd47 Start Using SweepCast!  https://www.sweepcast.com/optionflow?symbol=AAPL&amp;name=CALL&amp;strike=$100&amp;type=TRADE&amp;pre=$168K&amp;exp=01-21-2022  \ud83e\udd47 |", "time": 1641378132.0, "sentiment": ""}, {"id": 423516194, "text": "$AAPL \n\nBreaking 3 T couple of times is a good omen !!\n\nIt will break again no question and it will stay above 3 T \n\nhttps://www.business-standard.com/article/companies/apple-retreats-again-as-valuation-tops-3-trillion-for-second-day-122010500090_1.html", "time": 1641377198.0, "sentiment": ""}, {"id": 423515877, "text": "$AAPL anyone has a forecast chart for this bad \u201cboy\u201d", "time": 1641377071.0, "sentiment": "Bullish"}, {"id": 423515773, "text": "$AAPL dingle berry pattern forming", "time": 1641377032.0, "sentiment": ""}, {"id": 423515103, "text": "\ud83d\udea8 $AAPL $SPY - PRINTED HEAVY TODAY ON THE TRADE IDEA SHARED FOR OUR MEMBERS. - CHE-CK IT OUT - LYNX IN BAYU \u23f3\ud83d\udcc8\ud83d\udcb0", "time": 1641376793.0, "sentiment": ""}, {"id": 423514976, "text": "\u23f3\ud83d\udcc8\ud83d\udcb0 $AAPL - &#39;China rolls out digital yuan wallet app for iPhone and Android&#39; -Apple Insider Report", "time": 1641376741.0, "sentiment": ""}, {"id": 423514687, "text": "$AAPL China Steps Up Its Efforts To Counter Bitcoin Ahead Of Key Events As &#39;Digital Yuan&#39; Lands On Apple, Google App Stores \n\nhttps://newsfilter.io/a/8fa97b55a754848504861c9047a9b14e", "time": 1641376626.0, "sentiment": ""}, {"id": 423514467, "text": "$SPY $AAPL   \ud83c\udf4f Let\u2019s.  Let\u2019s get something \u201cstraight up factual\u201d tonight.  Apple is one of only 3 U.S. Corporations that have a \u201cperfect\u201d AAA Moody\u2019s Credit Rating.  You clearly do not \u201cunderstand Bond Debt\u201d\u2026and, you discussing liabilities vs assets, well that is both frightening &amp; embarrassing.  Clearly, you have earned neither a MBA or JD\u2026.", "time": 1641376530.0, "sentiment": ""}, {"id": 423512282, "text": "$AAPL I can look at Apple\u2019s chart and sleep very well at night, Been doing this for years.", "time": 1641375712.0, "sentiment": "Bullish"}, {"id": 423511324, "text": "$AAPL https://youtu.be/1kEvfVLVDN0", "time": 1641375374.0, "sentiment": "Bullish"}, {"id": 423511151, "text": "$AAPL can you imagine the ICAR developed with component slide in updates and the market potential\u2026.entire stores built around  \nThem\u2026more powerful battery drop ins\u2026new computers\u2026motors\u2026navigation\u2026 color component panels to give a different look\u2026UNCIVILIZED", "time": 1641375310.0, "sentiment": "Bullish"}, {"id": 423510859, "text": "$NVDA this may pass $AAPL in several years.. \n\nThey\u2019re in all the right sectors. AI, Metaverse, crypto, robotics, GPU", "time": 1641375211.0, "sentiment": ""}, {"id": 423510775, "text": "$AAPL AAPL 2022-01-04 Dark Pool &amp; Short Interest Data: \nhttps://www.youtube.com/watch?v=F7EkP4gnxY8", "time": 1641375184.0, "sentiment": ""}, {"id": 423510452, "text": "Equity Sentiment: $AAPL is the #2 stock that institutions are trading with 87.0K options contracts.\n\nMarket analysis included in screenshot of dashboard from http://insiderfinance.io.", "time": 1641375055.0, "sentiment": ""}, {"id": 423510433, "text": "$AAPL \u2026TIME NOT TIMING\u2026\u2026..I N V E S T \n \nThe 5% Apple stake Berkshire Hathaway acquired in 2018 for $36 billion is now worth $160 billion as the tech giant hit the $3 trillion milestone. \n \nWarren Buffett\u2019s conglomerate has also enjoyed regular dividends from Apple, averaging about $775 million annually. \n \nBerkshire\u2019s Apple stake now makes up more than 40% of its equity portfolio.", "time": 1641375050.0, "sentiment": ""}, {"id": 423510380, "text": "$AAPL 3T", "time": 1641375033.0, "sentiment": "Bullish"}]