[{"id": 423543977, "text": "A new 52 week high is currently being made by $AAPL, which is a very good signal! https://www.chartmill.com/stock/quote/AAPL/technical-analysis?key=bb853040-a4ac-41c6-b549-d218d2f21b32&amp;utm_source=stocktwits&amp;utm_medium=TA&amp;utm_content=AAPL&amp;utm_campaign=social_tracking", "time": 1641398700.0, "sentiment": ""}, {"id": 423542330, "text": "$AAPL NEW ARTICLE : German cartel office examining Google, considering cases involving Amazon, Apple, Meta https://www.stck.pro/news/AAPL/20907002", "time": 1641397386.0, "sentiment": ""}, {"id": 423541496, "text": "$AAPL $QQQ $NVDA $AMZN $PYPL ..\n\nAccount Challenge Update:~\nStart Date: Nov 2, 2021\nStarting Balance: $1,500\nCurrent Balance: $95,849\nGoal: $100,000 by end of January.\nStrategy: Swing Trade Options, Stocks\n\nWatch out for next play\ud83d\udc53  discord.io/fmeeTaW", "time": 1641396711.0, "sentiment": "Bullish"}, {"id": 423540865, "text": "I\u2019m gonna start keeping up with bond signals to help me determine overall macro equity trends. Charted the 10Y US bond yield and I think overall market can sustain being bullish for another couple months. After which the breakout on bond yields can trigger a market correction and sector rotation from growth to value stocks. \n\n10Y yield is currently trading in an Elliot Wave ABCDE pattern. Just topped off the (D) today headed for (E) formation expected to bottom out around March 2022, which is the final downtrend before a massive breakout in bond yields (similar pattern is also seen with the 30Y US yield). The timing of the breakout from my technical analysis also perfectly aligns with Fed QE reversal\ud83d\udc40.\n\nhttps://www.tradingview.com/chart/US10Y/LCgvtxzE-10Y-U-S-Bond-Yield-Signaling-Rotation-from-Growth-to-Value-Stock/LCgvtxzE\n\n$SPY $QQQ $DJIA $TSLA $AAPL", "time": 1641396156.0, "sentiment": "Bullish"}, {"id": 423539024, "text": "$AAPL Staten is Apple\u2019s codename for the M2 chip.", "time": 1641394064.0, "sentiment": ""}, {"id": 423538761, "text": "Warren Buffett mints $120 billion after Apple hits $3 trillion market cap\nRead More : https://bit.ly/3JIJxv1\n$AAPL #Warrenbuffett #Apple #Equity #business #news", "time": 1641393652.0, "sentiment": ""}, {"id": 423538531, "text": "@Dankimus that\u2019s what I\u2019m thinking too. I\u2019d think qqq pulls back a bit more first tho, if not then at least $AAPL could", "time": 1641393283.0, "sentiment": ""}, {"id": 423537969, "text": "$FB $WIMI $AAPL Meta-universe market ushered in the second phase, inventory of 7 meta-universe concept stocks worthy of attention in 2022\nhttps://medium.com/@elyseewpryh67/meta-universe-market-ushered-in-the-second-phase-inventory-of-7-meta-universe-concept-stocks-ae6006af988e", "time": 1641392469.0, "sentiment": "Bullish"}, {"id": 423537895, "text": "$AAPL \ud83c\udf7c\ud83d\udc2e", "time": 1641392360.0, "sentiment": ""}, {"id": 423537792, "text": "$AAPL", "time": 1641392231.0, "sentiment": "Bearish"}, {"id": 423537650, "text": "$AAPL  Germany now", "time": 1641392047.0, "sentiment": "Bullish"}, {"id": 423537520, "text": "$TSLA  and  $AAPL  calls for February look good I\u2019m chill", "time": 1641391878.0, "sentiment": "Bullish"}, {"id": 423537206, "text": "$AAPL geesh, all these Bears pop up on red days but disappear on green days. \n\nApple was expecting to trade sideways for a bit at $180 due to the 3T market cap. It will eventually break it and will move like Tesla did.", "time": 1641391472.0, "sentiment": "Bullish"}, {"id": 423536432, "text": "$SPY $QQQ $AAPL $TSLA You\u2019ve got to pamp it to damp it!", "time": 1641390592.0, "sentiment": "Bearish"}, {"id": 423535553, "text": "Sony To Establish Separate Company Focused On Manufacturing Electric Vehicles: What You Need To Know  $SONY $AAPL $TSLA \n\nhttps://newsfilter.io/a/37cfd76bc64a3e474cfd3555a6b34083", "time": 1641389467.0, "sentiment": ""}, {"id": 423534222, "text": "$AAPL Earnings run holding strong, but expecting retest of support under $170. Overall bullish, short bear \ud83d\udc3b", "time": 1641387967.0, "sentiment": "Bearish"}, {"id": 423534085, "text": "$AAPL AAPL 2022-01-04 Dark Pool &amp; Short Interest Data: \nhttps://www.youtube.com/watch?v=F7EkP4gnxY8", "time": 1641387843.0, "sentiment": ""}, {"id": 423533660, "text": "$AAPL $175", "time": 1641387472.0, "sentiment": "Bearish"}, {"id": 423532403, "text": "$AAPL down tomorrow!", "time": 1641386360.0, "sentiment": "Bearish"}, {"id": 423530707, "text": "$SPY 6% = $AAPL  , $ARKK 6% = $ROKU \u2026 I will never understand what Cathie sees in that stock", "time": 1641384927.0, "sentiment": ""}, {"id": 423530312, "text": "$AAPL ???", "time": 1641384634.0, "sentiment": "Bearish"}, {"id": 423529107, "text": "$SPY Wall street keeps praising companies with large revenues. But some microcaps are blowing tech out of the water on the profit they make on smaller revenue. Find value boys $AAPL $AMZN", "time": 1641383826.0, "sentiment": ""}, {"id": 423529033, "text": "$SPY $AAPL I&#39;ve been patient. Just buttering the bread for four trading days. Casting a net, blah blah blah.\n\nRight around the corner.", "time": 1641383780.0, "sentiment": ""}, {"id": 423529009, "text": "$TSLA $SPY $QQQ $AAPL", "time": 1641383761.0, "sentiment": ""}, {"id": 423528711, "text": "@JWayne00 @infiniteAcumen @Borat_very_nice MAIN chart is fascinating -- I&#39;ll check back with you by Friday, thx for mentioning.\n\nMy only hold and buy  since college (&#39;14) has been $DXCM -- diabetes tech. Started obsessively buying $WMT  and $IRM since Thanksgiving, along with $MCD.\n\nActively shorting indexes and $AAPL since last week. Kinda wanna buy Apple, but I can&#39;t above $165.\n\nNothing fancy over here -- cycle out of ridiculous money-shredding tech names into actual companies that have actual assets and generate actual revenues. &#39;22 market is going to quietly shatter lives, but the indexes will be pristine.", "time": 1641383549.0, "sentiment": ""}, {"id": 423528602, "text": "$SPY Buy SNIPF as a hedge \u26a1\ufe0f\u26a1\ufe0f\ud83d\udcb5 $AAPL $AMD $AMZN", "time": 1641383459.0, "sentiment": "Bullish"}, {"id": 423528324, "text": "$SPY Guess wall street noticed the 10yr went up 10% on monday $AAPL $AMZN $NVDA", "time": 1641383249.0, "sentiment": ""}, {"id": 423528276, "text": "$AAPL if wondering:\n\n Still, Apple says that its December quarter will be the company&#39;s largest in terms of revenue in its history.", "time": 1641383215.0, "sentiment": ""}, {"id": 423527943, "text": "$AAPL\n Tesla $TSLA Phone will destroy apple company 100%\nBecause literally that&#39;s the only thing holding this up because computers suck compared to the competition \nThe stupid overpriced ear plugs \ud83e\udd23 what else apple TV sucks \nI forgot making cars\ud83d\ude02\ud83d\ude02\ud83d\ude02\ud83d\ude02 really what else ?\nI de apple myself years ago me and my entire family hold 0 apple stuff  is literally overpriced garbage made in Shitna", "time": 1641382992.0, "sentiment": ""}, {"id": 423527376, "text": "$AAPL https://apple.news/AWbCsbUP6TzKQH5QqQ0jfYg", "time": 1641382615.0, "sentiment": ""}]