[{"id": 423689048, "text": "$AAPL Just because of downgrades of CRM and ADBE the CROOKS are taking down Apple in the same soup! Correct algos CROOKS!", "time": 1641424114.0, "sentiment": ""}, {"id": 423688812, "text": "$AAPL $SPY why bother opening the market on fomc meetings. Just open it when the meeting starts since there\u2019s no movement till then.", "time": 1641424089.0, "sentiment": ""}, {"id": 423687612, "text": "@elprup not really no. I want it between 177.5 and 180 eow so best entry can be achieved for the outperforming run it will have in the next 2 weeks. $aapl", "time": 1641423956.0, "sentiment": ""}, {"id": 423687347, "text": "Sweep Options Activity: $AAPL is the #3 ticker with sweep activity where institutions are trading options urgently with 22.0K sweep contracts, a leading indicator of market movement.\n\nMarket analysis and options contracts included in screenshot of dashboard from http://insiderfinance.io.", "time": 1641423927.0, "sentiment": ""}, {"id": 423687125, "text": "$BRK-A $BRK-B $AAPL Key News Update \nBerkshire Hathaway stake in Apple now worth $162 billion \nhttps://www.cnbc.com/2022/01/04/warren-buffett-makes-over-120-billion-on-apples-trot-to-3-trillion-among-his-best-bets-ever.html", "time": 1641423902.0, "sentiment": "Bullish"}, {"id": 423687099, "text": "Looking at the yearly performance, $AAPL did better than 90% of all other stocks. https://www.chartmill.com/stock/analyzer/stock/AAPL?key=bb853040-a4ac-41c6-b549-d218d2f21b32&amp;utm_source=stocktwits&amp;utm_medium=TA&amp;utm_content=AAPL&amp;utm_campaign=social_tracking", "time": 1641423900.0, "sentiment": ""}, {"id": 423687054, "text": "@deltax10 if this closes AT or Below $180, this stock will make new bulls best returns in Q1 or M1 actually lmao $aapl", "time": 1641423895.0, "sentiment": ""}, {"id": 423686887, "text": "S&amp;P 500 finished 2021 with a &gt; than 10% quarterly return AND a quarterly high. \n\nObjects in motion tend to stay in motion!\n\n1 quarter avg. returns are quite strong (4.5%+) after such occurrences positivity rate is nearly 90% (Steve Deppe) $SPY $QQQ $UVXY $AAPL $AMZN", "time": 1641423877.0, "sentiment": ""}, {"id": 423686286, "text": "$aapl told yall that Apple would not be underperforming the market.", "time": 1641423814.0, "sentiment": ""}, {"id": 423684918, "text": "$AAPL I\u2019m sensing an upward CRASH!", "time": 1641423670.0, "sentiment": "Bullish"}, {"id": 423683966, "text": "$AAPL \n\nLol Carl is one who dumped before Warren came .. \n\nAll thanks to Warren .. AAPL is one of the most valuable companies in the world.\n\nThis tells you buy and hold, not buy and sell !!", "time": 1641423561.0, "sentiment": ""}, {"id": 423683789, "text": "$AAPL should have short this stock at 183 miss the boat\n\nNow waiting for entry - long term!!!", "time": 1641423540.0, "sentiment": "Bullish"}, {"id": 423682947, "text": "$AAPL \nKeep screwing around shorts \u2026 wonder what happens if a million dollar buy is put n just minutes after good news", "time": 1641423456.0, "sentiment": "Bullish"}, {"id": 423682787, "text": "$AAPL buy it now", "time": 1641423438.0, "sentiment": ""}, {"id": 423682043, "text": "$TSLA target $3,500.\n$AAPL Target $450.\n$NKLA Target $250.\nGood luck \ud83d\udc4d.", "time": 1641423353.0, "sentiment": ""}, {"id": 423681422, "text": "Silchester International Investors LLC holds top institutional holder position in $KT\n\n$AMZN $GOOGL $MSFT $AAPL", "time": 1641423280.0, "sentiment": ""}, {"id": 423681262, "text": "$AAPL all I know is I have two iPhones, two iPads, three sets of AirPods, and Apple TV at home and love them all. I\u2019ll never buy anything different. Never ..", "time": 1641423263.0, "sentiment": ""}, {"id": 423681015, "text": "$AAPL NEW ARTICLE : Carl Icahn&#39;s $40 Billion Missed Opportunity https://www.stck.pro/news/AAPL/20926067", "time": 1641423232.0, "sentiment": ""}, {"id": 423679178, "text": "$AAPL Taking a breather 2% from ATH here...boy that&#39;s some scary shit huh.........GTFO", "time": 1641423033.0, "sentiment": ""}, {"id": 423678529, "text": "$AAPL you are correct, but the investment horizon also matters.   As a rule never buy ATH, but if you did and plan to hold long term your OK", "time": 1641422962.0, "sentiment": ""}, {"id": 423678439, "text": "Fed rolling back the $9 trillion balance sheet \u2026..  \ud83e\uddd0 how they play this out will be interesting \n\n\ud83d\udea8 $SPY $QQQ $AAPL $DIA $TSLA", "time": 1641422952.0, "sentiment": ""}, {"id": 423677734, "text": "$AAPL someone is propping this one up", "time": 1641422875.0, "sentiment": ""}, {"id": 423677578, "text": "$AAPL I see bear scat\ud83d\udca9", "time": 1641422859.0, "sentiment": "Bullish"}, {"id": 423677316, "text": "$QQQ be mindful that $AAPL and $TSLA havent started to contribute to the correction", "time": 1641422833.0, "sentiment": "Bearish"}, {"id": 423677196, "text": "$AAPL there\u2019s your bearish engulfing.. bulls never learn to not buy ATH\u2019s but keep giving me your cash \ud83e\udd2b", "time": 1641422819.0, "sentiment": "Bearish"}, {"id": 423677102, "text": "$AAPL Added some back in at $178. Good support down below at $177.50 where it bottomed out from last Thursday to Monday before popping to new ATH&#39;s.", "time": 1641422809.0, "sentiment": "Bullish"}, {"id": 423677053, "text": "Oh wow this is big! $AAPL enters an Uptrend because Momentum Indicator exceeded the 0 level on December 31, 2021. View odds for this and other indicators: https://srnk.us/go/3300784", "time": 1641422804.0, "sentiment": ""}, {"id": 423677040, "text": "$AAPL The 5% Apple stake Berkshire Hathaway acquired in 2018 for $36 billion is now worth $160 billion as the tech giant hit the $3 trillion milestone. \nBerkshire\u2019s Apple stake now makes up more than 40% of its equity portfolio.\n\nWarren Buffett?... WTF would you follow him when you&#39;ve got all these anonymous basher trolls to listen to?.......GTFO", "time": 1641422803.0, "sentiment": ""}, {"id": 423676163, "text": "$AAPL Call killing.", "time": 1641422709.0, "sentiment": ""}, {"id": 423674325, "text": "$AAPL 160+ while dow still hovering ATH.", "time": 1641422512.0, "sentiment": "Bullish"}]