[{"id": 423659349, "text": "$AAPL Took my 6% on my 180 Strike calls", "time": 1641420874.0, "sentiment": ""}, {"id": 423659292, "text": "$AAPL 177", "time": 1641420868.0, "sentiment": "Bearish"}, {"id": 423658930, "text": "$AAPL in for calls", "time": 1641420826.0, "sentiment": ""}, {"id": 423658844, "text": "$AAPL Longs be like.......Bear dude you&#39;re gonna have a stroke.", "time": 1641420815.0, "sentiment": ""}, {"id": 423658577, "text": "$AAPL dropping back to 140s", "time": 1641420789.0, "sentiment": "Bearish"}, {"id": 423658303, "text": "$AAPL someone loading", "time": 1641420759.0, "sentiment": ""}, {"id": 423658054, "text": "New Street Explains Why Intel Scores Ahead Of AMD On Single-Thread Performance Metrics  $INTC $AMD $TSM $AAPL \n\nhttps://newsfilter.io/a/90b1299a078586e9bb1975b9ea4ad6a3", "time": 1641420731.0, "sentiment": ""}, {"id": 423657901, "text": "$AAPL \ud83d\udc4d", "time": 1641420714.0, "sentiment": "Bullish"}, {"id": 423657509, "text": "$AAPL if you\u2019re not buying calls idk wtf you\u2019re doing.", "time": 1641420671.0, "sentiment": "Bullish"}, {"id": 423657427, "text": "$AAPL Mr PUTZ here..............", "time": 1641420662.0, "sentiment": ""}, {"id": 423656408, "text": "$AAPL That tweet about NFTs in Apple\u2019s Wallet app is a nothing burger. There aren\u2019t any rumors that Apple will be adding any sort of blockchain support to the Wallet app. The tweet just shows how one company allows you to add a pass to your wallet for a particular NFT (but that pass is not the NFT itself)", "time": 1641420545.0, "sentiment": ""}, {"id": 423656040, "text": "$AAPL Took off 1/3 of my Apple calls that I bought in the 140s when I was in stocktwits jail for dominating goodnewsbull. Am I crazy to think it\u2019s worth 240? Losing short term momo though", "time": 1641420505.0, "sentiment": ""}, {"id": 423655650, "text": "$SWKS  once the news drops that $AAPL isn&#39;t going anywhere (already confirmed by Piper) price will rip on this.", "time": 1641420460.0, "sentiment": "Bullish"}, {"id": 423655207, "text": "$AAPL zzzzzz", "time": 1641420413.0, "sentiment": "Bullish"}, {"id": 423654232, "text": "$SPY $AAPL More than  fully valuated", "time": 1641420312.0, "sentiment": ""}, {"id": 423654106, "text": "$AAPL Piggy piggy! Waiting for that timber to 176 \ud83e\ude78", "time": 1641420301.0, "sentiment": "Bearish"}, {"id": 423653879, "text": "$AAPL Yep!", "time": 1641420277.0, "sentiment": "Bullish"}, {"id": 423653711, "text": "$AAPL $SPY Every pullback a correction every .5% drop a black swan\ud83d\ude02 Bears all risk becomes know and markets grind up", "time": 1641420260.0, "sentiment": "Bullish"}, {"id": 423653708, "text": "$AAPL \ud83d\udc4d\ud83d\udc4c\u26a1\ufe0f", "time": 1641420260.0, "sentiment": "Bullish"}, {"id": 423653387, "text": "$AAPL only added on the dips...FOOLS if you sold, 180 calls looking $BYND Spicy Chicken, time to Fry up more Bear Meat.  That&#39;s been on the menu for all last year, and #2 best seller here!", "time": 1641420226.0, "sentiment": "Bullish"}, {"id": 423653269, "text": "$AAPL \n\nJust look at the magic wall \u2026", "time": 1641420215.0, "sentiment": "Bullish"}, {"id": 423652559, "text": "$AAPL I will retire off this stock in 10 years, God willing.", "time": 1641420143.0, "sentiment": "Bullish"}, {"id": 423652508, "text": "$WKEY $TKAT could pop on that $AAPL Apple NFT tweet", "time": 1641420137.0, "sentiment": ""}, {"id": 423651912, "text": "$AAPL Hope you bought MRVL \u2b06\ufe0f\u2b06\ufe0f\u2b06\ufe0f", "time": 1641420068.0, "sentiment": ""}, {"id": 423651467, "text": "$AAPL \ud83d\ude02 after I sell calls ..I love appl drop . Keep dropping", "time": 1641420020.0, "sentiment": "Bearish"}, {"id": 423650894, "text": "$AAPL NFTs in wallet?", "time": 1641419968.0, "sentiment": ""}, {"id": 423650444, "text": "$AAPL https://stocktwits.com/Moonman321/message/420830733", "time": 1641419920.0, "sentiment": "Bullish"}, {"id": 423650182, "text": "$AAPL all your signals, all your lines are useless till fed shows its cards lmfao. Signals and lines are for No catalyst days.", "time": 1641419893.0, "sentiment": ""}, {"id": 423650062, "text": "$AAPL Should run a bit afte the Fed", "time": 1641419880.0, "sentiment": ""}, {"id": 423649551, "text": "$AAPL $180 strikes loaded", "time": 1641419831.0, "sentiment": ""}]