[{"id": 423637360, "text": "$AAPL adding calls for the end of the month here, I\u2019ll avg down if needed", "time": 1641418646.0, "sentiment": ""}, {"id": 423637143, "text": "$AAPL resumes China cellphone crown in November, 2nd month in a row  http://www.aastocks.com/en/stocks/news/aafn-con/NOW.1153532/latest-news", "time": 1641418627.0, "sentiment": ""}, {"id": 423636022, "text": "$AAPL see y\u2019all at 175", "time": 1641418518.0, "sentiment": "Bearish"}, {"id": 423635732, "text": "$AAPL see y\u2019all at $180 soon enough", "time": 1641418489.0, "sentiment": "Bullish"}, {"id": 423634894, "text": "$AAPL too many large PUT sweep orders at 165$.. is that a bearish ?", "time": 1641418404.0, "sentiment": ""}, {"id": 423633916, "text": "$AAPL back in at 178.09 even when I\u2019m wrong = I win on this stock \nis this stock the guy in the gym trying 2 bench press 6 plates but asks strangers for a spotter #HoldTheWeight", "time": 1641418302.0, "sentiment": "Bullish"}, {"id": 423633027, "text": "$AAPL     \ud83c\udf4f \u201cThat Short was \u201cnasty\u201d\u2026but, Bullish.", "time": 1641418217.0, "sentiment": ""}, {"id": 423632362, "text": "$aapl always buy the dip. $amzn always buy the daily chart low. $tsla always buy the halway pt dip coming no doubt \ud83d\ude0f. Earnings next month", "time": 1641418157.0, "sentiment": "Bullish"}, {"id": 423631137, "text": "$AAPL Running big MRVL \u2b06\ufe0f\u2b06\ufe0f", "time": 1641418036.0, "sentiment": ""}, {"id": 423630283, "text": "$AAPL a 2nd dip.....what to do with a dip?   LOL", "time": 1641417959.0, "sentiment": ""}, {"id": 423630197, "text": "$AAPL Giant W forming on the chart", "time": 1641417952.0, "sentiment": ""}, {"id": 423630067, "text": "$AAPL $F HERE COMES THE BOOM!", "time": 1641417939.0, "sentiment": "Bullish"}, {"id": 423629912, "text": "$AAPL did you see how much AAPL Bridgewater bought", "time": 1641417922.0, "sentiment": "Bearish"}, {"id": 423629080, "text": "$SPY $AAPL Today gives us another BTD opportunity. I am buying 2/4 SPY 480 C\u2019s and 1/21 AAPL 180 C\u2019s", "time": 1641417850.0, "sentiment": ""}, {"id": 423628175, "text": "$MSFT $SPY $AAPL $QQQ When bears keep reminding us of things we don\u2019t care about", "time": 1641417762.0, "sentiment": "Bullish"}, {"id": 423627708, "text": "$AAPL oversold on the 30M chart", "time": 1641417718.0, "sentiment": "Bullish"}, {"id": 423627534, "text": "$AAPL great buying opportunitiesopportunities $$$$$$\ud83c\udf4f\ud83c\udf4f\ud83c\udf4f\ud83c\udf4f\ud83c\udf4f\u2764\ufe0f\u2764\ufe0f\u2764\ufe0f\ud83c\udf4f\ud83c\udf4f\ud83c\udf4f", "time": 1641417702.0, "sentiment": "Bullish"}, {"id": 423626978, "text": "$AAPL        \ud83c\udf4f Massive Short.  No way to defend.  Patience.", "time": 1641417650.0, "sentiment": ""}, {"id": 423626747, "text": "$AAPL wheres the idiot who added $190s with \u201csmart money\u201d ?", "time": 1641417629.0, "sentiment": ""}, {"id": 423626727, "text": "$SPY $QQQ $AAPL \ud83d\udea8\ud83d\udea8POWELL TALKING  AT 1200 ET\ud83d\udea8\ud83d\udea8", "time": 1641417627.0, "sentiment": ""}, {"id": 423626481, "text": "$AAPL", "time": 1641417603.0, "sentiment": "Bullish"}, {"id": 423626320, "text": "$AAPL I see some big money added deep ITM calls....like 7+ per...and they are loading 10-50+ options....here she goes.", "time": 1641417589.0, "sentiment": "Bullish"}, {"id": 423626270, "text": "$AAPL $AMZN $AMD $QQQ $MSFT", "time": 1641417584.0, "sentiment": "Bullish"}, {"id": 423625888, "text": "$BABA baba is that rare case where growth, fundamental, and technicals all come together see zero reason not to load and hold and continue to accumulate. Have not see anything like this since $AAPL  lows", "time": 1641417551.0, "sentiment": "Bullish"}, {"id": 423625207, "text": "$GPRO can woodman finally let this go?   It\u2019s great that things are finally going I the right direction.  Maybe $aapl if time to scoop them up", "time": 1641417491.0, "sentiment": "Bullish"}, {"id": 423624764, "text": "$NVNXF $LLKKF $LCID $AAPL $DIS \u2708\ufe0f\u2708\ufe0f\u2708\ufe0f\u2708\ufe0f", "time": 1641417446.0, "sentiment": "Bullish"}, {"id": 423624752, "text": "$AAPL I don\u2019t see it but I have 18 days to be under 160 fingers crossed", "time": 1641417445.0, "sentiment": ""}, {"id": 423624692, "text": "@EDDOC $aapl always dumb money because it\u2019s so bullish.. the way this pool defies gravity is unreal", "time": 1641417438.0, "sentiment": "Bullish"}, {"id": 423624652, "text": "$AAPL $SPY   \ud83c\udf4f \ud83d\udc47Nonstop Shilling.  Gotta  Block.", "time": 1641417435.0, "sentiment": ""}, {"id": 423623534, "text": "$AAPL #easy Today  But #WhosKnow??? $SPY", "time": 1641417324.0, "sentiment": "Bearish"}]