[{"id": 423737089, "text": "$AAPL over the last 5-10 years or so, this one has led the markets in both directions, so not sure why people keep saying generals always last to fall.", "time": 1641429085.0, "sentiment": ""}, {"id": 423736660, "text": "$AAPL in my opinion the market is winding up to take a big ol dump. I\u2019ve seen this movie before. Got cash on hand because companies like Apple and $MSFT will soon be trading at a BIG DISCOUNT to current prices! \n \nHappy Presidents Day!!!", "time": 1641429036.0, "sentiment": ""}, {"id": 423736147, "text": "$AAPL \n\nThe game begins at 1:30 pm \u2026\n\nThis is so familiar to last month when the stock were waiting for FOMC decision.\n\nDon\u2019t you recall this ..\n\nThis is nothing new!!", "time": 1641428977.0, "sentiment": "Bullish"}, {"id": 423735807, "text": "$AAPL 170 EOW Plz", "time": 1641428941.0, "sentiment": "Bearish"}, {"id": 423734587, "text": "$AAPL Powell", "time": 1641428814.0, "sentiment": "Bearish"}, {"id": 423734101, "text": "$AAPL to those Apple haters who keep taking about lack of innovation. Apple spent $22 billion dollars on R and D in 2021. They also buy dozens of companies every year in their quest for better and new products. Remember they were not the first with an iPhone, watch or AirPods. Look at them now. If they do a car it will be the best out there.", "time": 1641428761.0, "sentiment": ""}, {"id": 423733920, "text": "$KWEB everyone to start year on the KWEB bandwagon given perceived yield, even as it\u2019s already down nicely on the year. US tech only overvalued on trailing multiple as earnings continue to grow investors look forward, how else do you think a sector/industry becomes overvalued. Earnings contribution from tech near record levels. Hard to validate overvaluation given the facts $AAPL $XLK $SPY", "time": 1641428743.0, "sentiment": ""}, {"id": 423733620, "text": "$AAPL If you ask analysts giving OT of $250 $300 ask them if they buy now and exit at $250. \nMy PT is $160+ for going long.  My ass $3T", "time": 1641428712.0, "sentiment": ""}, {"id": 423732845, "text": "$QQQ Amazon and Apple cheating higher into minutes.  $AAPL $AMZN", "time": 1641428630.0, "sentiment": ""}, {"id": 423732634, "text": "$AAPL  \ud83c\udf4f FOMC \u201cRelease of Minutes\u201d, in 35  Mins.", "time": 1641428609.0, "sentiment": "Bullish"}, {"id": 423731286, "text": "$SPY $AAPL - Y&#39;all don&#39;t miss out on these, check lynx in bayu &amp; be a part of our family. \nFall-\u25cb for more. . .", "time": 1641428482.0, "sentiment": ""}, {"id": 423731173, "text": "$AMC sold puts for this and $AAPL today at the bottom of the day. Both closed out for 50% gains. Great start to the new year. Let\u2019s all become better traders and reach financial freedom.", "time": 1641428473.0, "sentiment": ""}, {"id": 423731004, "text": "$AAPL $SPY $QQQ GAME OVER! 1 Million Covid cases!", "time": 1641428455.0, "sentiment": "Bearish"}, {"id": 423730723, "text": "$AAPL \n\nTo those calls expiring this week, suggest you to roll call to longer exp date ..\n\nAnd expect money back when it reaches profitability or break even.\n\nDon\u2019t try to wait til EOW as part of risk management", "time": 1641428429.0, "sentiment": "Bullish"}, {"id": 423730599, "text": "@xTradeKing you\u2019re dumb \ud83e\udd2a\ud83e\udd23 made money on $AAPL puts! $SPY trigger just hit! Wait for proper entry but whatever", "time": 1641428417.0, "sentiment": "Bearish"}, {"id": 423729704, "text": "$SPY $QQQ $DIA $AAPL what time does j pow speak?", "time": 1641428327.0, "sentiment": "Bullish"}, {"id": 423727554, "text": "$ARKK loving the price action $ADBE $AAPL", "time": 1641428119.0, "sentiment": "Bearish"}, {"id": 423727025, "text": "$AAPL Goldman Sachs analyst Rod Hall maintained a Hold rating on Apple (AAPL \u2013 Research Report) yesterday and set a price target of $142.00. The company\u2019s shares closed last Wednesday at $178.59, close to its 52-week high of $182.13. https://www.tipranks.com/news/blurbs/apple-aapl-gets-a-hold-rating-from-goldman-sachs-2", "time": 1641428067.0, "sentiment": ""}, {"id": 423726115, "text": "$SPY It&#39;s finally happening, megacap tech starting to lead downside; $MSFT $GOOG $AAPL   Bring these guys all back to 20-25x and you have a buyable market. Let&#39;s goooooo", "time": 1641427979.0, "sentiment": "Bearish"}, {"id": 423725602, "text": "$AAPL I look at every metric available to valuate this company, and right now\u2026 it\u2019s extremely undervalued. All in. You know it, I know it\u2026 he\u2019ll, the whole damn world knows it.", "time": 1641427930.0, "sentiment": "Bullish"}, {"id": 423725520, "text": "$AAPL     \ud83c\udf4f Nasdaq, just took deep leg lower over past 15 mins.  Shorts, attacking QQQs/Big Tech.  Good News:  This \u201ccorrection\u201d has an expiration date.  Let\u2019s see, if that Date will be today\u2019s Close.  WallSt Invest Firms/&amp; Tutes, heavily Invested in AAPL\u2026will only remain patient for so long.  Release of the FOMC Minutes, coming up\u2026. Patience.", "time": 1641427922.0, "sentiment": ""}, {"id": 423725082, "text": "$AAPL next point 177.46", "time": 1641427883.0, "sentiment": "Bearish"}, {"id": 423725048, "text": "$AAPL well fuck my ass.", "time": 1641427880.0, "sentiment": "Bullish"}, {"id": 423724978, "text": "$AAPL oooh Boyyyyyy", "time": 1641427872.0, "sentiment": "Bullish"}, {"id": 423724684, "text": "$AMD $AAPL $RBLX Need a defibrillator", "time": 1641427843.0, "sentiment": ""}, {"id": 423724664, "text": "$BKKT mgmt fucked us all.  Price manipulation by saying they are in advanced talks w $aapl and other large companies months ago", "time": 1641427842.0, "sentiment": ""}, {"id": 423723331, "text": "$AAPL looks like the market MIGHT be ready to tank but Apple is actually holding up well, for now\u2026 \n \nMany stocks have already been tanking BIGLY since yesterday.", "time": 1641427717.0, "sentiment": ""}, {"id": 423722944, "text": "$AAPL it doesn\u2019t get much cheaper than this. Steal at this valuation imo! All in.", "time": 1641427679.0, "sentiment": "Bullish"}, {"id": 423722816, "text": "$AMD $ARKK $AAPL $QQQ these four are positions that I added today. Will continue to add more.", "time": 1641427663.0, "sentiment": "Bullish"}, {"id": 423722452, "text": "$AAPL dammit... i&#39;m dumb", "time": 1641427626.0, "sentiment": ""}]