[{"id": 423765176, "text": "$AAPL go over 177.5 and stay there till day after thanks.", "time": 1641432067.0, "sentiment": ""}, {"id": 423765029, "text": "$BTCS who will buy this co? $AAPL  $SOFI  $APOL ?? Hummm??", "time": 1641432054.0, "sentiment": "Bullish"}, {"id": 423764167, "text": "$SPY $AAPL Balance sheet reduction inbound, later bubble", "time": 1641431977.0, "sentiment": "Bearish"}, {"id": 423764083, "text": "$AAPL close oil market then it will be e stabilized", "time": 1641431969.0, "sentiment": ""}, {"id": 423763272, "text": "$AAPL About time you bleed you fat pig", "time": 1641431898.0, "sentiment": "Bearish"}, {"id": 423763067, "text": "$BTCS sell your $AAPL and get BTCS?  Who is gonna buy this co?", "time": 1641431878.0, "sentiment": "Bullish"}, {"id": 423762795, "text": "$AAPL island reversal coming. I&#39;m expecting this to gap down through the dec 27 gap tomorrow.", "time": 1641431852.0, "sentiment": "Bearish"}, {"id": 423762087, "text": "$SPY $QQQ $AAPL $TSLA $NVDA it was nice while it lasted \ud83d\ude2c", "time": 1641431784.0, "sentiment": ""}, {"id": 423762041, "text": "$AAPL if they liquidated apple&#39;s market capitalization and split it among starving children, we could feed all the children in the world and fix hunger. Capitalism of course. Short", "time": 1641431778.0, "sentiment": "Bearish"}, {"id": 423761808, "text": "$SPY -1600 negative $TICK .killing it. It just took time 474 didn&#39;t hold Sellin it all even $AAPL market in turmoil tonight", "time": 1641431756.0, "sentiment": "Bearish"}, {"id": 423761653, "text": "$aapl if you open weeklt puts here  you are dead", "time": 1641431742.0, "sentiment": ""}, {"id": 423761378, "text": "$AAPL Yes I do own 177.5p at .40 \ud83e\uddd8\u200d\u2642\ufe0f", "time": 1641431717.0, "sentiment": "Bearish"}, {"id": 423761190, "text": "$AMD $NVDA $FB $MSFT $AAPL was there anything new in the FOMC minutes?", "time": 1641431699.0, "sentiment": ""}, {"id": 423759795, "text": "$AAPL DEEP DEEP ITM calls crossing the tape last 1-10 minutes....big money is loading up on 160-170 for immediate move back to 180!  Come on baby, pile money into this play with $F and $BA", "time": 1641431558.0, "sentiment": "Bullish"}, {"id": 423759751, "text": "$LTC.X I&#39;m buying Litecoin on my new Macbook pro 16 inch $AAPL which is amazing by the way.", "time": 1641431554.0, "sentiment": "Bullish"}, {"id": 423759181, "text": "$AAPL when is powell going to shit ?", "time": 1641431496.0, "sentiment": ""}, {"id": 423758956, "text": "$AAPL Did the FED speak early? I thought it wsd 2:30ET.", "time": 1641431474.0, "sentiment": ""}, {"id": 423758427, "text": "$AAPL THANK YOU GOD.", "time": 1641431412.0, "sentiment": "Bearish"}, {"id": 423758281, "text": "$AAPL risk on again", "time": 1641431395.0, "sentiment": "Bullish"}, {"id": 423758166, "text": "$AAPL $2-3 Gap Move.", "time": 1641431381.0, "sentiment": "Bullish"}, {"id": 423758061, "text": "$AAPL \n\nLong term \u2026 keep apple..\n\nFed meeting are regular .. but apple is great .. look last 10 years\n\nBuying opportunity", "time": 1641431369.0, "sentiment": "Bullish"}, {"id": 423757802, "text": "$AAPL has an excellent technical rating and also presents a decent setup pattern. https://www.chartmill.com/stock/analyzer/stock/AAPL?key=bb853040-a4ac-41c6-b549-d218d2f21b32&amp;utm_source=stocktwits&amp;utm_medium=TA&amp;utm_content=AAPL&amp;utm_campaign=social_tracking", "time": 1641431340.0, "sentiment": ""}, {"id": 423757265, "text": "$AAPL", "time": 1641431284.0, "sentiment": "Bearish"}, {"id": 423757180, "text": "$AAPL tomorrow 175?!", "time": 1641431274.0, "sentiment": ""}, {"id": 423756842, "text": "$SPY $TSLA $AAPL Hope some of my followers were able to jump on this actionable trade idea.", "time": 1641431240.0, "sentiment": "Bullish"}, {"id": 423756728, "text": "Here\u2019s Why the Best Multi-Year Investment Opportunity Is All About 5G\n\n$AAPL $QCOM $MSFT\n\nhttps://www.thestreet.com/investing/why-the-best-multi-year-investment-opportunity-is-all-about-5g-versace-aap", "time": 1641431229.0, "sentiment": ""}, {"id": 423756684, "text": "$AAPL last area of short term support $177.  Flush this over valued POS", "time": 1641431224.0, "sentiment": "Bearish"}, {"id": 423756682, "text": "Equity Sentiment: $AAPL is the #3 stock that institutions are trading with 22.7K options contracts.\n\nMarket analysis included in screenshot of dashboard from http://insiderfinance.io.", "time": 1641431224.0, "sentiment": ""}, {"id": 423756420, "text": "$AAPL Impossible to call anything for the rest of the day with movement like this.", "time": 1641431197.0, "sentiment": ""}, {"id": 423756408, "text": "$AAPL Welcome to the world of Crooks, Criminals ie Wall Street and media!", "time": 1641431195.0, "sentiment": ""}]