[{"id": 423788617, "text": "$AAPL $MSFT $FB  Market overreaction to meager FED bumps, we saw this literally just two weeks ago and the MMs bought the dip and we saw a pop. Buy the fire sale, turn off notifications, and check back in two weeks after you\u2019ve picked out the beach house you\u2019re going to buy", "time": 1641434022.0, "sentiment": "Bullish"}, {"id": 423788513, "text": "$AAPL what did powell say? Whole market is crashing", "time": 1641434013.0, "sentiment": ""}, {"id": 423788099, "text": "$AAPL I love how shorts are always saying bulls are greedy, then they&#39;re like &quot;let&#39;s get a 10% drop&quot; like that&#39;s not greedy as shit, lol.", "time": 1641433980.0, "sentiment": "Bullish"}, {"id": 423788065, "text": "$AAPL both Tom Lee (Fundstrat) and Dan Niles (Satori) said not to buy 1st half of the year coz they are expecting a huge correction. i think they might know something...", "time": 1641433978.0, "sentiment": ""}, {"id": 423788009, "text": "$AAPL is up 25 bucks the one day record?", "time": 1641433974.0, "sentiment": "Bullish"}, {"id": 423787821, "text": "$AAPL back to where we were last week. :-(", "time": 1641433960.0, "sentiment": ""}, {"id": 423787454, "text": "$AAPL Watching closely the rest of the week.", "time": 1641433931.0, "sentiment": ""}, {"id": 423787373, "text": "$TSLA selling this 500 stock to pick up $AAPL &amp; some $MSFT soon", "time": 1641433924.0, "sentiment": ""}, {"id": 423787097, "text": "$AAPL market is waiting to sell off the last few bulls\u2026.150", "time": 1641433903.0, "sentiment": ""}, {"id": 423787083, "text": "$AAPL seems like a good time to sell your puts and buy calls.", "time": 1641433901.0, "sentiment": ""}, {"id": 423786725, "text": "$AAPL Why can there always be big consecutive red days with droops in the 2% to 3% range but we never see two green days with the same. One green day  up 2.5% followed by numerous red down days wiping out all gains and some.\n\nWHAT THE FUCK.", "time": 1641433873.0, "sentiment": ""}, {"id": 423785659, "text": "$KT ADVANCES #CLOUD TRANSFORMATION OF COMPANIES AND PUBLIC INSTITUTIONS\n\nhttps://m.stock.naver.com/index.html#/domestic/stock/030200/news/view/009/0004903149\n\n$AMZN $GOOGL $SPY $AAPL", "time": 1641433788.0, "sentiment": ""}, {"id": 423785301, "text": "$IWM Growth stocks literally have to have the perfect storm for a green day at this point.  Anything other than perfect market environment and these individual stocks are down 10% easy.  It&#39;s a fucking joke.  Not rate hikes coming so they can sell them off another 50%.  You are going to have a lot of these companies trading at cash value.  Meanwhile they will still tell you to buy $AAPL or $MSFT they are a steal!!!!!", "time": 1641433762.0, "sentiment": ""}, {"id": 423785086, "text": "$MSFT $AAPL $AMZN near points where I may add more $fb is also inviting!", "time": 1641433746.0, "sentiment": "Bullish"}, {"id": 423785059, "text": "$AAPL never selling!!!!! my puts", "time": 1641433744.0, "sentiment": ""}, {"id": 423784616, "text": "$AAPL $NVDA $MSFT $AAPL Stock market crash of 2022 has started. See them 1 year low by year end", "time": 1641433711.0, "sentiment": "Bearish"}, {"id": 423784236, "text": "$ASTR $AAPL $SOFI $MVIS $FUBO", "time": 1641433685.0, "sentiment": ""}, {"id": 423784195, "text": "$AAPL Ayt i am nervous now. Fucking hell.", "time": 1641433683.0, "sentiment": ""}, {"id": 423784174, "text": "$AAPL not even down 2% and people are crying \ud83d\ude22 200 end of month easy no brainer", "time": 1641433681.0, "sentiment": ""}, {"id": 423784165, "text": "$AAPL The leader is breaking down", "time": 1641433680.0, "sentiment": "Bearish"}, {"id": 423783957, "text": "$AMD $AAPL $RIVN $RBLX TORTURE \ud83d\ude21\ud83d\ude21", "time": 1641433665.0, "sentiment": ""}, {"id": 423783476, "text": "$AAPL \ud83e\ude78 \ud83e\ude78 \ud83e\ude78 Still got it!", "time": 1641433627.0, "sentiment": ""}, {"id": 423783360, "text": "$AAPL wait until the margin calls are triggered!  \n \nBloodbath on the way \ud83e\ude78\ud83e\ude78\ud83e\ude78", "time": 1641433618.0, "sentiment": ""}, {"id": 423783336, "text": "$AAPL bearish divergence playing out heavy", "time": 1641433616.0, "sentiment": "Bearish"}, {"id": 423783104, "text": "$AAPL man I thought I had sold at the bottom which was until fomc \ud83d\ude02\ud83d\ude02", "time": 1641433599.0, "sentiment": "Bearish"}, {"id": 423783102, "text": "$AAPL This must be the great reset \nSignature Here  X______ Klaus Schawb ________", "time": 1641433599.0, "sentiment": "Bearish"}, {"id": 423782036, "text": "$AAPL for stocks to be dropping @ 5 - 10% daily in anticipation of a few megre interest rate hikes is the most pathetic over reaction I have ever witnessed. \n\nFck this market and everything is stands for...", "time": 1641433515.0, "sentiment": "Bullish"}, {"id": 423781868, "text": "$SPY generals are getting shot down now and have a long long ways to go lower $NVDA $AAPL $MSFT", "time": 1641433503.0, "sentiment": "Bearish"}, {"id": 423781616, "text": "$TSLA what a fucking day $QQQ $SPY $AAPL", "time": 1641433482.0, "sentiment": ""}, {"id": 423781493, "text": "$AI $AAPL $PLTR$TSLA $SEDG   What is going on,, word on the streets is theirs a New tax to monitor more than  $600.00 deposit into your bank account .Thanks JOEY \ud83d\udd95", "time": 1641433473.0, "sentiment": ""}]