[{"id": 423781399, "text": "$AAPL Yep my jan 2021 $200 calls are fucked, there goes my portfolio", "time": 1641433466.0, "sentiment": ""}, {"id": 423781249, "text": "$MSFT been waiting for a 15% drop, give me $300 and I will take it!\n$AAPL $WEN $V $MA", "time": 1641433454.0, "sentiment": ""}, {"id": 423780969, "text": "$AAPL I&#39;m glad my calls are in February and March.", "time": 1641433431.0, "sentiment": "Bullish"}, {"id": 423780821, "text": "Getting further and further away from 3T.  $AAPL", "time": 1641433417.0, "sentiment": ""}, {"id": 423780258, "text": "$AAPL \n\nThat\u2019s called they are going to sweep out all the call premiums for this week. \n\nPlease roll to longer exp date, not this week or next week.", "time": 1641433370.0, "sentiment": ""}, {"id": 423779908, "text": "\ud83d\udc51\ud83d\udc51 600% PROFOTS SECURED \u23f3\ud83d\udcc8\ud83d\udcb0\nCALLED IT \ud83e\udd73 $TSLA $AAPL \n\n$SPY - IF YOU ARE STILL NOT AN INGENIOUS STOCK TRADER - BE NOW - FALL-O FOR MORE... \nLYNX. IN BAYU.", "time": 1641433339.0, "sentiment": ""}, {"id": 423779736, "text": "$AAPL Back below $2.89T. Shame.", "time": 1641433324.0, "sentiment": ""}, {"id": 423779484, "text": "$AAPL $SPY", "time": 1641433300.0, "sentiment": "Bearish"}, {"id": 423779243, "text": "$AAPL WTF IS THE GD SUPPORT????????????????", "time": 1641433280.0, "sentiment": ""}, {"id": 423779130, "text": "$AAPL keep your powder dry and don\u2019t rush in.", "time": 1641433268.0, "sentiment": "Bullish"}, {"id": 423779106, "text": "$AAPL NEW ARTICLE : Be Patient Before Adding Apple Positions To Your Portfolio https://www.stck.pro/news/AAPL/20932811", "time": 1641433267.0, "sentiment": ""}, {"id": 423778905, "text": "$AAPL next AMC!", "time": 1641433247.0, "sentiment": "Bullish"}, {"id": 423778761, "text": "$AAPL No worries ! Earnings will be great!", "time": 1641433235.0, "sentiment": "Bullish"}, {"id": 423778460, "text": "$AAPL", "time": 1641433208.0, "sentiment": "Bearish"}, {"id": 423778322, "text": "There are many ways, but I know the winning way ! \n \n$AAPL $TSLA $SPY $AMD $AMZN", "time": 1641433197.0, "sentiment": "Bullish"}, {"id": 423777705, "text": "$AAPL children buying all tips", "time": 1641433139.0, "sentiment": ""}, {"id": 423777664, "text": " $QQQ , $AAPL , $MSFT , $TSLA rug pull week after week!", "time": 1641433135.0, "sentiment": "Bearish"}, {"id": 423777612, "text": "$AAPL 1T more to go", "time": 1641433131.0, "sentiment": ""}, {"id": 423777604, "text": "$AAPL puts here  \n \n$SPY $QQQ $TSLA $DKNG", "time": 1641433130.0, "sentiment": "Bearish"}, {"id": 423777333, "text": "$AAPL 3hrs aho this was heading up and touching $180. It had a PT of $200 are people stupid????", "time": 1641433104.0, "sentiment": "Bullish"}, {"id": 423776842, "text": "$SPY $TSLA $AAPL $MSFT Wife said to buy a new shower door and whatever is left over I can invest in the market.", "time": 1641433061.0, "sentiment": "Bullish"}, {"id": 423776743, "text": "$AAPL even the bulls should be happy if it drops to 160, by then load up and make more profit.", "time": 1641433052.0, "sentiment": ""}, {"id": 423776714, "text": "$AAPL Tesla dropped $100 in 2 days, Apple not so much", "time": 1641433049.0, "sentiment": ""}, {"id": 423776144, "text": "$AAPL a new squeeze can be squoze if some hedgies brave it.", "time": 1641432998.0, "sentiment": ""}, {"id": 423775895, "text": "$AAPL next point 175.43", "time": 1641432976.0, "sentiment": "Bearish"}, {"id": 423775664, "text": "$AAPL holding on to $177 like its a swing!!!", "time": 1641432957.0, "sentiment": "Bullish"}, {"id": 423775502, "text": "$AAPL Is 3% from ATH\u2026 $SPY", "time": 1641432944.0, "sentiment": "Bearish"}, {"id": 423775295, "text": "$AAPL I always buy same day as the crash = \n I buy too quick &amp; sell too quick but I always win", "time": 1641432927.0, "sentiment": "Bearish"}, {"id": 423775251, "text": "@PayPalWasMyFirstStonk yeah I even see it on the $AAPL board of all places", "time": 1641432923.0, "sentiment": ""}, {"id": 423774877, "text": "$TSLA $SPY $QQQ $AAPL \n\nOMG POWELL BOUGHT PUTS!!!! \ud83d\ude31", "time": 1641432891.0, "sentiment": "Bearish"}]