[{"id": 423774778, "text": "$AAPL finally the market show the price adjusted for FOMC changes ..\n\nThis is really cheap stock and when interest rate increases, the USD is going to look more stronger and solid hence the AAPL will look very valuable.\n\nSo this is very good for long term", "time": 1641432883.0, "sentiment": "Bullish"}, {"id": 423774230, "text": "$AAPL This has dropped nearly $100B in the last 2 fucking days. Unbelievable.", "time": 1641432833.0, "sentiment": ""}, {"id": 423774229, "text": "$AAPL   \ud83c\udf4f Big, Overreaction.  CNBC\u2019s long delay in reporting out the \u201cFed Minutes\u201d, was inexcusable &amp; unprecedented.", "time": 1641432833.0, "sentiment": ""}, {"id": 423774088, "text": "$LCID $NVDA $TSLA $AAPL $SAND.X \nguess the US spend spend spend inflation strategy isn&#39;t working out so well.....Powell too slow out the gate....looks like a messy quarter....Will head back to the ski slopes", "time": 1641432820.0, "sentiment": ""}, {"id": 423773729, "text": "$AAPL AAPL 2022-01-05 Dark Pool &amp; Short Interest Data: \nhttps://www.youtube.com/watch?v=P0FCmYwN5aQ", "time": 1641432789.0, "sentiment": ""}, {"id": 423773328, "text": "$AAPL How can u invest in this stupid environment? They trash the good quality companies with bad quality ones. Unbelievable! Be aware of Wall St and media crooks! Dangerous games are being played in here!", "time": 1641432754.0, "sentiment": ""}, {"id": 423773191, "text": "$IWM No one wants this junk when they&#39;re even selling off $AAPL and $GOOGL lmao", "time": 1641432741.0, "sentiment": "Bearish"}, {"id": 423773134, "text": "$QQQ $AMZN $TSLA $MSFT $AAPL easy sell post minutes", "time": 1641432736.0, "sentiment": ""}, {"id": 423772804, "text": "$FB $MSFT $AAPL $AMD $NVDA How does rates affect tech companies?  Really, there was really nothing new on the FOMCminutes.", "time": 1641432709.0, "sentiment": ""}, {"id": 423772656, "text": "$AAPL even the heavily manipulated stock buyback stock is down today. \n\n$TSLA $BYND $BTC.X", "time": 1641432696.0, "sentiment": ""}, {"id": 423772078, "text": "$AAPL be ready dip buyers.", "time": 1641432645.0, "sentiment": "Bullish"}, {"id": 423772059, "text": "$AAPL Over reaction.", "time": 1641432644.0, "sentiment": ""}, {"id": 423771619, "text": "$AAPL    \ud83c\udf4f Just, Breathe.  Keep your eyes on the Indices.  Here is where they are, now:", "time": 1641432606.0, "sentiment": ""}, {"id": 423771598, "text": "$AMZN $GOOG $AAPL $FB quality tech at discount. Operations and funding not affected as much by higher rates", "time": 1641432605.0, "sentiment": ""}, {"id": 423771480, "text": "$AAPL puts are exiting shoving price down...were going to get a nice pump here, get it over 177.8 and we back over for a  retest of 179.80&#39;s", "time": 1641432596.0, "sentiment": "Bullish"}, {"id": 423770544, "text": "$AAPL Congrats to whomever followed the play\ud83e\udd1e\ud83e\uddf8\ud83d\udcb0\n\nDoubters to believers \n\nPuts here been so loyal...\n\nAchievement my PT,  feeling greedy tho.\n\n$TSLA $MARA $GOOGL $SPY.X", "time": 1641432518.0, "sentiment": "Bearish"}, {"id": 423770230, "text": "$AAPL manipulation \ud83e\udd2e\ud83e\udd2e\ud83e\udd2e\ud83e\udd2e\ud83e\udd2e\ud83e\udd2e\ud83e\udd2e\ud83e\udd2e\ud83e\udd2e\ud83e\udd2e\ud83e\udd2e\ud83e\udd2e\ud83c\udf4f\ud83c\udf4f\ud83c\udf4f\ud83c\udf4f", "time": 1641432491.0, "sentiment": ""}, {"id": 423770106, "text": "$AAPL everything is down, Apple is just showing empathy for the others", "time": 1641432481.0, "sentiment": ""}, {"id": 423769621, "text": "$AAPL SOAB...come on slow and stead bounce.", "time": 1641432443.0, "sentiment": "Bullish"}, {"id": 423769542, "text": "$AAPL Is it really worth 176 USD? I have a doubt. If you look at these fundamental charts, you will change your mind:\n\nhttps://iocharts.io/stocks/AAPL", "time": 1641432437.0, "sentiment": "Bearish"}, {"id": 423769107, "text": "$AAPL \n\nOuch", "time": 1641432401.0, "sentiment": ""}, {"id": 423768866, "text": "$AAPL $160 incoming.", "time": 1641432381.0, "sentiment": "Bearish"}, {"id": 423768200, "text": "$AAPL Talk to me DC!\ud83e\uddf8\ud83e\udd1e\ud83d\ude80\ud83d\ude80\n\n$TSLA $GOOGL $MARA $HOOD", "time": 1641432325.0, "sentiment": "Bearish"}, {"id": 423768103, "text": "$AABB Global Merchants accepting AABBG.X  can do so through $AAPL app store and $GOOGL play are popping up everywhere now on 5 continents including Australia accepting AABBG.X Gold. Now the Exchange is &#39;&#39;live&#39;&#39; and confirmation from IR more trading pairs to be added this week. Along with a audit uncovered on redditt as El Salvador satellite office for AABBG.X Exchange is live. $TSLA $MSFT", "time": 1641432316.0, "sentiment": "Bullish"}, {"id": 423767953, "text": "$AAPL Under $176 today would be a gift!", "time": 1641432305.0, "sentiment": "Bearish"}, {"id": 423767418, "text": "$AAPL should have sold this morning.  These calls are dead, obliterated.", "time": 1641432261.0, "sentiment": ""}, {"id": 423767228, "text": "$AAPL what they say", "time": 1641432244.0, "sentiment": ""}, {"id": 423766846, "text": "$AAPL the Fed has spoken.", "time": 1641432213.0, "sentiment": ""}, {"id": 423766352, "text": "$SPY hedged my positions for few months. Need some corrections on big caps $AMZN $AAPL", "time": 1641432168.0, "sentiment": ""}, {"id": 423765261, "text": "$AAPL short attack is over.  STRAP ON THE DILDO TIME AND FU*KING THE FRESH BEAR MEAT.", "time": 1641432075.0, "sentiment": "Bullish"}]