[{"id": 423804586, "text": "$AAPL Man dont mess this reversal now pls.", "time": 1641435229.0, "sentiment": ""}, {"id": 423804401, "text": "$AAPL drop and load calls later", "time": 1641435217.0, "sentiment": "Bearish"}, {"id": 423804275, "text": "$AAPL alright now we need 3% to get back to the greatest company in word. Why not? Give it a little time", "time": 1641435209.0, "sentiment": ""}, {"id": 423804271, "text": "$AAPL weak like my dingaling", "time": 1641435209.0, "sentiment": "Bearish"}, {"id": 423804033, "text": "$AAPL just buy $VOO", "time": 1641435190.0, "sentiment": "Bullish"}, {"id": 423803996, "text": "$AAPL bought 6 May 2021 150 calls just before the bottom.", "time": 1641435188.0, "sentiment": "Bullish"}, {"id": 423803593, "text": "$AAPL Did Rand paul say something negative?", "time": 1641435158.0, "sentiment": ""}, {"id": 423803439, "text": "$AAPL lol they ran this to 3T before the pull.", "time": 1641435148.0, "sentiment": ""}, {"id": 423803431, "text": "$AAPL 4T eow", "time": 1641435147.0, "sentiment": "Bullish"}, {"id": 423803151, "text": "$JASMY.X add $1k \u2026\ud83d\udc4d\ud83c\udffb\ud83e\udd1e\ud83c\udffd\n\nOne time I post about I\u2019m selling my $SOXL $AAPL \u2026 one/two clown here make a fun of my..\nHe say CASH IS SHIT(not king)\nI block that clown \ud83e\udd21", "time": 1641435127.0, "sentiment": ""}, {"id": 423803106, "text": "$AAPL I smell opportunity.", "time": 1641435124.0, "sentiment": ""}, {"id": 423802217, "text": "$SPX $NDX $MSFT $TSLA $AAPL \nThis guy isn\u2019t lying. You\u2019ll see", "time": 1641435064.0, "sentiment": ""}, {"id": 423801509, "text": "$AAPL oh mama, when margin calls hit this will get flushed BIGLY!! Friday will be BRUTAL!!!", "time": 1641435017.0, "sentiment": ""}, {"id": 423801436, "text": "$NIO crash crash crash sell sell sell$SPY $TSLA $AAPL", "time": 1641435011.0, "sentiment": ""}, {"id": 423800925, "text": "$AAPL @newyorkerHK so they stepping in yet? :&#39;&#39;&#39;&#39;(", "time": 1641434977.0, "sentiment": ""}, {"id": 423800867, "text": "$AAPL The $3T will go back to $1T come join $AMC &amp; $GME to $10T valuation soon", "time": 1641434973.0, "sentiment": ""}, {"id": 423800625, "text": "$AAPL real talk though ; fuck Nancy Pelosi; fuck Elizabeth Warren ; and big fuck you to Joe Biden!", "time": 1641434958.0, "sentiment": "Bullish"}, {"id": 423800443, "text": "$PLTR $AAPL $TSLA  Jesus FCKING Christ who pull the rug this morning ..MASSIVE DECLINES", "time": 1641434946.0, "sentiment": "Bullish"}, {"id": 423800086, "text": "$AAPL me", "time": 1641434921.0, "sentiment": ""}, {"id": 423800048, "text": "$SPY $AAPL $TSLA KILLER UNWINDS - if you&#39;ve been following SMART money you should be banking HARD AF RIGHT NOW.", "time": 1641434918.0, "sentiment": "Bearish"}, {"id": 423798982, "text": "$AAPL --God did not make little green apples", "time": 1641434844.0, "sentiment": ""}, {"id": 423798958, "text": "$AAPL FOMC is over, what&#39;d they say?", "time": 1641434842.0, "sentiment": "Bullish"}, {"id": 423798923, "text": "$AAPL soo. *where are you gonna go ffs?!?", "time": 1641434840.0, "sentiment": "Bullish"}, {"id": 423798396, "text": "$AAPL \n\nSuper ouch", "time": 1641434799.0, "sentiment": ""}, {"id": 423798298, "text": "$AAPL January 5, 2022 11:32 AM ET (BZ Newswire) -- Options \nA whale with a lot of money to spend has taken a noticeably bullish stance on Apple. \n \nLooking at options history for Apple (NASDAQ:AAPL) we detected 35 strange trades. \n \nIf we consider the specifics of each trade, it is accurate to state that 51% of the investors opened trades with bullish expectations and 48% with bearish. \n \nFrom the overall spotted trades, 10 are puts, for a total amount of $510,838 and 25, calls, for a total amount of $1,210,955.", "time": 1641434791.0, "sentiment": "Bullish"}, {"id": 423798254, "text": "$AAPL where are the 182$ bag holders? \ud83d\ude02", "time": 1641434788.0, "sentiment": ""}, {"id": 423798228, "text": "$AAPL Technical correction in full swing after hitting $3 trillion market cap", "time": 1641434786.0, "sentiment": ""}, {"id": 423797340, "text": "$BTC-X under 40k $SPY under 460 $AAPL under 165 $TSLA under 1k soon", "time": 1641434721.0, "sentiment": "Bearish"}, {"id": 423797293, "text": "$AAPL well I sold 287 shares at $181.90 average on January first ; I think I did ok; kind of wish I sold more", "time": 1641434717.0, "sentiment": ""}, {"id": 423797100, "text": "$AAPL The bell is going to save this from freefalling. We&#39;ll see another sell off at open tomorrow, and my guess is it&#39;ll drop a little more the rest of the day", "time": 1641434703.0, "sentiment": ""}]