[{"id": 423853859, "text": "$AAPL Every year same shit :)", "time": 1641439228.0, "sentiment": "Bullish"}, {"id": 423853800, "text": "$AAPL   $110 ?", "time": 1641439221.0, "sentiment": ""}, {"id": 423853782, "text": "$SPY $QQQ $AAPL \nBack to eating ramen noodles for dinner tonight", "time": 1641439219.0, "sentiment": "Bullish"}, {"id": 423852613, "text": "Top Flow for Today \ud83d\ude32: $AAPL with a single PUT Trade for total premium worth $948.2K Ranking #12 Today | This was a TRADE trade.  | Visit SweepCast.com or Join our Premium Room For Access!", "time": 1641439097.0, "sentiment": ""}, {"id": 423852113, "text": "$AAPL   $95.?", "time": 1641439050.0, "sentiment": ""}, {"id": 423851979, "text": "$AAPL Another day of running  with the bears.", "time": 1641439038.0, "sentiment": "Bullish"}, {"id": 423851447, "text": "$AAPL is begging for $170 hopefully she wants to go back to 160s", "time": 1641438986.0, "sentiment": ""}, {"id": 423851426, "text": "$AAPL commercial on German TV saying: &quot;supply bottlenecks possible &quot; - is this \n- necessary \n- stupid \n- or genius \n??", "time": 1641438985.0, "sentiment": ""}, {"id": 423850971, "text": "$SPY don&#39;t trust any bounce till we see $AAPL recover", "time": 1641438943.0, "sentiment": ""}, {"id": 423850412, "text": "$SPY $QQQ $AAPL $WMT $UVXY    \n \nDays like today are a welcome sight to the savvy investor who was rebalancing overweight positions into the end of the year and executing a game plan to act on local price weakness. Nobody made money running from a sale. The only thing that changed today was price. The earnings trajectory didn&#39;t change, the economic outlook didn&#39;t change, just price. Price generally gets adjusted to reflect the value of the equity risk premium. It&#39;s why the average 3m gain for the SPX after the first rate hike is just .3%. There is usually some pricing in ahead and through, but a catch up thereafter to reflect an almost flat market post first rate hike.  \n \nYou&#39;re either following the data or flailing about, chasing and reacting without a plan! Be savvy  mate ;-)", "time": 1641438894.0, "sentiment": ""}, {"id": 423850243, "text": "$AMD $NVDA $LSCC $AMBA $AAPL DRY POWDER DAY!! that dip needed to be bought if you are bullish with a bit of a timeframe. Tomorrow might be balls-deep-day.", "time": 1641438876.0, "sentiment": "Bullish"}, {"id": 423849599, "text": "$AAPL what a opportunity to load up !!", "time": 1641438815.0, "sentiment": "Bullish"}, {"id": 423849203, "text": "$SPY $QQQ $AAPL \nWe will bounce back strong", "time": 1641438778.0, "sentiment": "Bullish"}, {"id": 423848915, "text": "$AAPL had 30 $170p for 1/21 . Sold at $1.56 each even cost . Now it is $2.3 each. Almost $2500 loss..of profit.. fk..", "time": 1641438753.0, "sentiment": ""}, {"id": 423848815, "text": "$AAPL $AMZN $MSFT Time to go shopping!\nAct wise!!", "time": 1641438741.0, "sentiment": "Bullish"}, {"id": 423848585, "text": "$AAPL   $110?", "time": 1641438720.0, "sentiment": ""}, {"id": 423848474, "text": "$SPY $TSLA $AAPL Snopes confirmed", "time": 1641438711.0, "sentiment": "Bullish"}, {"id": 423848459, "text": "$AAPL woke up to red across the board. If AAPL dumps like this I check the other FANGS. What spooked and caused this dump?", "time": 1641438709.0, "sentiment": "Bullish"}, {"id": 423848060, "text": "$QQQ $aapl $fb $mcd in severe corrections, the &quot;privates&quot; may be first to be sold, but they always come for the &quot;generals&quot;. If you have profits in even the big loved stocks like Apple &amp; McDonalds, take them, or at least sell some. After hours market open.", "time": 1641438675.0, "sentiment": "Bearish"}, {"id": 423847196, "text": "$AAPL has a Return On Assets of 26.97%. This is amongst the best returns in the industry. https://www.chartmill.com/stock/analyzer/stock/AAPL?view=fundamental-analysis&amp;key=bb853040-a4ac-41c6-b549-d218d2f21b32&amp;utm_source=stocktwits&amp;utm_medium=FA&amp;utm_content=AAPL&amp;utm_campaign=social_tracking", "time": 1641438600.0, "sentiment": ""}, {"id": 423847185, "text": "$AAPL", "time": 1641438599.0, "sentiment": ""}, {"id": 423847109, "text": "$AAPL  $105 ?", "time": 1641438593.0, "sentiment": ""}, {"id": 423847085, "text": "$AAPL Bought 400 1/7 $170 puts today at $.10, sold just before the bell at $.42. Not a bad day!", "time": 1641438591.0, "sentiment": ""}, {"id": 423847053, "text": "$SPY .70 to 3$ per put $AMZN $TSLA $AAPL $NIO \ud83e\ude78\ud83d\udd25\ud83d\udcb5\u2705", "time": 1641438588.0, "sentiment": "Bearish"}, {"id": 423847040, "text": "$AAPL why is the stock still over $140 , come on guys DON&#39;T get screwed", "time": 1641438587.0, "sentiment": ""}, {"id": 423846552, "text": "$NIO china is future buy Chinese $SPY $TSLA $AAPL", "time": 1641438543.0, "sentiment": "Bullish"}, {"id": 423846452, "text": "$AMD $NVDA $FB $AAPL $MU Today was rough.  What will tomorrow bring us.", "time": 1641438535.0, "sentiment": ""}, {"id": 423845993, "text": "$AAPL 3Trillion dollars then comes fed &quot;minute&quot; what a bear shake up, feeling like second nature timing ha???", "time": 1641438502.0, "sentiment": ""}, {"id": 423845797, "text": "$AAPL next Trillion company on your list?", "time": 1641438485.0, "sentiment": ""}, {"id": 423844736, "text": "$MSFT Todd CNBC you know today cash was King dude-eptic fail.  I made coins galore in 2021. Cramer we hold $AAPL-Nope not today", "time": 1641438398.0, "sentiment": ""}]