[{"id": 423844572, "text": "$AAPL Looks like another opportunity to buy shares again \ud83d\ude0c", "time": 1641438383.0, "sentiment": ""}, {"id": 423844416, "text": "Take your money our of $MSFT  and $AAPL come and join $NNDM market cap under 1B, 5 companies together with 1.385B cash.... rates hike ? Who gives a shit when you already have money", "time": 1641438370.0, "sentiment": "Bullish"}, {"id": 423844401, "text": "$AAPL guess shorts really took over the market. They shorted everything and banked on it smh", "time": 1641438369.0, "sentiment": ""}, {"id": 423843910, "text": "$QQQ \ud83e\udd37\ud83c\udffe\u200d\u2642\ufe0f\ud83e\udd37\ud83c\udffe\u200d\u2642\ufe0f\ud83e\udd37\ud83c\udffe\u200d\u2642\ufe0f \n \n$ARKK $AAPL $MSFT $TSLA", "time": 1641438332.0, "sentiment": ""}, {"id": 423843533, "text": "$AAPL $DKNG $SOFI ADDING ALL OF THESE FOR SWINGS FIRE SALE FOLKS \ud83d\udd25\ud83d\udd25starter amount", "time": 1641438307.0, "sentiment": "Bullish"}, {"id": 423843406, "text": "$AAPL excuse my language but what the actual fuck...174? Really?", "time": 1641438302.0, "sentiment": "Bullish"}, {"id": 423843249, "text": "$AAPL \n\nCALLING ALL BEARS, LETS HEAR YOUR SHIT UNTIL YOU GO BACK TO HIBERNATION \n\nLOL", "time": 1641438288.0, "sentiment": "Bullish"}, {"id": 423843062, "text": "$AAPL best stock no matter which way you swing.....green red doesn&#39;t matter!!", "time": 1641438275.0, "sentiment": ""}, {"id": 423842428, "text": "$AAPL I buy only \ud83c\udf4f for my retirement plan.", "time": 1641438226.0, "sentiment": "Bullish"}, {"id": 423842412, "text": "$MSFT $AAPL  Started two 2024 in the money leap positions at close today.  IMO they are due for a bounce close to ER.", "time": 1641438225.0, "sentiment": ""}, {"id": 423842264, "text": "$SPY hahaha follow for more @whackyzachy $AAPL $IWM", "time": 1641438213.0, "sentiment": "Bearish"}, {"id": 423842216, "text": "$AAPL first time made money on a straddle....what an awesome market!!  Love Apples.......", "time": 1641438209.0, "sentiment": "Bullish"}, {"id": 423841855, "text": "$AAPL drawing key levels Sunday night looking good asf if I do say so myself", "time": 1641438183.0, "sentiment": ""}, {"id": 423841331, "text": "$MGA proud as hell of this stock! Even more so the company! What a great day compared to many.  Wait until they make some huge announcements- they always do great! Best EV play ever! $AAPL Car partnership could happen!", "time": 1641438145.0, "sentiment": "Bullish"}, {"id": 423841172, "text": "$SPY $AAPL $TSLA $ES_F $MES_F\n\nABSOLUTE GLORIOUS BLOODBATH TODAY.\n\nBIG BOY EXITS IN THE TECH SECTOR.\n\nMORE BLOOD BATH UPCOMING.\n\nIF YOU ARE HOLDING/HOPING - MAY THE LORD BE WITH YOU.", "time": 1641438134.0, "sentiment": "Bearish"}, {"id": 423841120, "text": "$AAPL \n\nBrutal...", "time": 1641438130.0, "sentiment": ""}, {"id": 423841074, "text": "Today&#39;s Top 5 Most Active Report: \n$F (Vol: 244.67M) \n$SQQQ (Vol: 235.09M) \n$LIXT (Vol: 122.06M) \n$SNDL (Vol: 93.96M) \n$AAPL (Vol: 91.51M) \n \nAlerts &amp; Technical Analysis via tradethehalt.com", "time": 1641438127.0, "sentiment": "Bullish"}, {"id": 423840955, "text": "$AAPL SNEAKY GRENADES \ud83d\udca3", "time": 1641438118.0, "sentiment": "Bearish"}, {"id": 423840899, "text": "$AAPL next point 172.78", "time": 1641438114.0, "sentiment": "Bearish"}, {"id": 423839459, "text": "$AAPL getting nasty", "time": 1641438011.0, "sentiment": ""}, {"id": 423838796, "text": "$AAPL", "time": 1641437960.0, "sentiment": "Bearish"}, {"id": 423838616, "text": "$AAPL Ovnght calls till 9:45 then more puts for Fed fears.", "time": 1641437946.0, "sentiment": "Bullish"}, {"id": 423838475, "text": "$AAPL might be more red here tomorrow...", "time": 1641437933.0, "sentiment": "Bearish"}, {"id": 423838432, "text": "$AAPL \n\nJeez", "time": 1641437929.0, "sentiment": ""}, {"id": 423838098, "text": "$AAPL why they are up on the week!!!", "time": 1641437901.0, "sentiment": ""}, {"id": 423837939, "text": "$AAPL that buffet sure walked away with money leaving alot of you guys hurting but go on praise him for the trade", "time": 1641437888.0, "sentiment": ""}, {"id": 423837886, "text": "$AAPL $TSLA $BTC.X $SPY \n\nYou doing good newbies...keep it up!!!", "time": 1641437884.0, "sentiment": ""}, {"id": 423837757, "text": "$AAPL Sold my protection way to early today argggggg", "time": 1641437873.0, "sentiment": "Bullish"}, {"id": 423837492, "text": "$AAPL yuckity yuck yuck. Oh well, we&#39;ll be back to 3T soon enough.", "time": 1641437853.0, "sentiment": "Bullish"}, {"id": 423837269, "text": "Stopped out most of the names today, now sitting mostly cash 6% down for 2022\ud83e\udd28 super tempted for $AAPL and $NVDA but will hold off today. Need to resist", "time": 1641437834.0, "sentiment": ""}]