[{"id": 423828121, "text": "$AAPL probably continues decline tomorrow Like the rest of the market. Correction after insane market bull ride. As always, if it goes up quickly it comes down as well. Just know when to buy and sell. Those who thought it would continue to rally to 200, should reconsider if they are fit for investing", "time": 1641437052.0, "sentiment": ""}, {"id": 423828106, "text": "$AAPL $PLTR $TSLA $SHOP god I am going to have a feast this week.\n\nfire sale once again lads. Get em while they hot", "time": 1641437050.0, "sentiment": "Bullish"}, {"id": 423828058, "text": "$AAPL fingers crossed for 170 tomorrow", "time": 1641437045.0, "sentiment": ""}, {"id": 423827971, "text": "$AAPL funs over, let&#39;s gut these GD bears now!", "time": 1641437039.0, "sentiment": "Bullish"}, {"id": 423827154, "text": "$AAPL be greedy when others are fearful\u2026 I believe that applies here \u270c\ud83c\udffb", "time": 1641436970.0, "sentiment": "Bullish"}, {"id": 423826607, "text": "$AAPL bought puts this am, just sold and loaded up on calls. Whatever makes money, I\u2019m going with that \ud83d\udc4d\ud83c\udffb", "time": 1641436924.0, "sentiment": "Bullish"}, {"id": 423826143, "text": "BRIDGETECH SIGNS 34.&lt;&gt; BILLION-SCALE SUPPLY AGREEMENT WITH $KT\n\nhttps://m.stock.naver.com/index.html#/domestic/stock/030200/news/view/277/0005025403\n\n$AAPL $SPY $GOOG $AMZN", "time": 1641436887.0, "sentiment": ""}, {"id": 423825775, "text": "$AAPL The only green I have is my AAPL calls.", "time": 1641436859.0, "sentiment": "Bullish"}, {"id": 423825236, "text": "$AAPL 180 calls are moving, were at .40 and now at .60 and growing....TONS of volume.", "time": 1641436816.0, "sentiment": "Bullish"}, {"id": 423825017, "text": "$AAPL who in their right mind would sell aapl", "time": 1641436799.0, "sentiment": "Bullish"}, {"id": 423824795, "text": "So no more helicopter \ud83d\udcb0 from the FED &amp; rising rates. $ARKK and majority of its holdings in for a long ride down this year. Those trying to buy bottoms in this \ud83d\udca9 will get their asses handed to them. Better to just buy the dips in profitable beasts that have bright futures $googl $aapl $fb $amzn", "time": 1641436781.0, "sentiment": "Bearish"}, {"id": 423824495, "text": "$AAPL There&#39;s no way this drops this much EOD, and it doesn&#39;t have another sell off at the opening bell tomorrow. Today&#39;s market action is going to scare the shit out of plenty of people and they&#39;ll sell in the AM.", "time": 1641436758.0, "sentiment": ""}, {"id": 423823708, "text": "$AAPL $FB $GOOG $NVDA $AMZN \n\nKeep investing. Keep compounding.", "time": 1641436696.0, "sentiment": "Bullish"}, {"id": 423822899, "text": "$AAPL $TSLA $SPY $NVDA BING BONGGGG", "time": 1641436635.0, "sentiment": "Bearish"}, {"id": 423822839, "text": "$UVXY In this corner, UVXY and this one , $SOXS , \n\nLET&#39;S GET READY TO RUMBLE!!!!! \n\n$SPY $AAPL $SOXX", "time": 1641436630.0, "sentiment": ""}, {"id": 423822112, "text": "$AAPL Almost here....\ud83d\ude43", "time": 1641436572.0, "sentiment": ""}, {"id": 423820524, "text": "$AAPL Must be a wallstreetbets  push on.  :))", "time": 1641436454.0, "sentiment": ""}, {"id": 423819169, "text": "$AAPL watching time and sales.  There are idiots still trying to short this stock.", "time": 1641436349.0, "sentiment": "Bullish"}, {"id": 423819161, "text": "$AAPL bulls pound this harderrrrrr \ud83c\udf4f\ud83c\udf4f\ud83c\udf4f\ud83c\udf4f\ud83c\udf4f\ud83d\udc4a\ud83c\udffc\ud83d\udc4a\ud83c\udffc\ud83d\udc4a\ud83c\udffc\ud83d\udc4a\ud83c\udffc\ud83d\udc4a\ud83c\udffc\ud83d\udc4a\ud83c\udffc\ud83e\udd32\ud83c\udffb\ud83e\udd32\ud83c\udffb\ud83e\udd32\ud83c\udffb\ud83c\udf89\ud83c\udf89\ud83c\udf89\ud83c\udf4f\ud83d\ude4f\ud83c\udffb\ud83d\udcaa\ud83c\udffb\ud83d\udcaa\ud83c\udffb\ud83d\udcaa\ud83c\udffb\ud83d\udcaa\ud83c\udffb\ud83d\udcaa\ud83c\udffb\ud83d\udcaa\ud83c\udffb\ud83d\udcaa\ud83c\udffb\ud83d\udcaa\ud83c\udffb\ud83c\udf4f\ud83c\udf4f\ud83c\udf89\ud83c\udf89\ud83c\udf89\ud83c\udf4f\ud83c\udf4f\ud83c\udf4f\ud83c\udf4f\ud83c\udf4f\ud83c\udf4f", "time": 1641436348.0, "sentiment": "Bullish"}, {"id": 423818668, "text": "$TSLA $AAPL \n\nThese will be flight to safety once the initial scare is done.", "time": 1641436311.0, "sentiment": "Bullish"}, {"id": 423818354, "text": "$TSLA $SNE $AAPL Sony also could be competition and beat Apple to release. The future of EV looks full of competition. Good fir consumers and any company ok with a piece of pie. Not ok for Tesla and investors hoping to own the future EV space.  https://www.marketwatch.com/story/sony-announces-new-electric-vehicle-unit-rolls-out-prototype-suv-at-ces-2022-11641356454", "time": 1641436289.0, "sentiment": ""}, {"id": 423818187, "text": "$AAPL Buying here", "time": 1641436276.0, "sentiment": "Bullish"}, {"id": 423817908, "text": "$AAPL Time to BUY more shares!!", "time": 1641436256.0, "sentiment": ""}, {"id": 423817713, "text": "$AAPL bought", "time": 1641436241.0, "sentiment": "Bullish"}, {"id": 423817566, "text": "$AAPL Apple refuses to fall hard..... It&#39;s insane how stubborn Wall Street is selling Apple.", "time": 1641436230.0, "sentiment": ""}, {"id": 423816952, "text": "$AAPL Hey, genius, how you like those apples?  \ud83d\ude02", "time": 1641436181.0, "sentiment": ""}, {"id": 423816870, "text": "$AAPL       \ud83c\udf4f Now:   Many \u201cMeme held Accts\u201d, being Brokerage- liquidated today.  With Acct Liquidation, the Winners are Sold as well as the Losers.  This is causing additional \u201ctemporary\u201d pressure on FAANG.", "time": 1641436173.0, "sentiment": ""}, {"id": 423816687, "text": "$AAPL 32 min. to buy back those shorts. Better hurry!", "time": 1641436157.0, "sentiment": "Bullish"}, {"id": 423816599, "text": "$AAPL I\u2019m loading the boat now! Who\u2019s with me? This is when you go shopping and buy to good ones!!", "time": 1641436150.0, "sentiment": "Bullish"}, {"id": 423816122, "text": "$aapl $amzn $tsla so mad I day traded all my funds today \ud83d\ude21 \ud83e\udd26\ud83c\udfff\u200d\u2642\ufe0f gotta wait until tomorrow to buy these pretty ass dips", "time": 1641436114.0, "sentiment": ""}]