[{"id": 423880032, "text": "$TSLA $AAPL $MDB   $MRNA \ud83e\udd72\ud83e\udd72\ud83e\udd72", "time": 1641442443.0, "sentiment": ""}, {"id": 423879232, "text": "$AAPL \n\nWtf! \n\nI was wondering if you have read the FOMC minutes ..\n\nMy reaction - it\u2019s normal .. NOT hawkish as media described ..\n\nI am like fk you media for spreading bullshit FUD .. playing with short side\u2026\n\nThe FOMC clearly signalize for normal safe health of US financial system\nand more liquidity for US Treasury.\n\nThis doesn\u2019t warrant such 5 dollars off of this stock.\n\nThis is over reaction and this is illegal shorting terrorism!", "time": 1641442337.0, "sentiment": "Bullish"}, {"id": 423879197, "text": "$AAPL $MSFT $NVDA $AMD and other similar.  These are taking a hit in the market, but it&#39;s game playing by the MM and retail shorters.  The fundamentals of these companies are very strong.  Buy the dips now, it won&#39;t be a bargain price for long.  For those waiting to see a half-price sale, you can forget that dream.", "time": 1641442333.0, "sentiment": ""}, {"id": 423878221, "text": "$BTC.X doubters to believers \ud83e\udd1e\ud83e\uddf8\n\n$AAPL $MARA $TSLA $RIOT", "time": 1641442194.0, "sentiment": "Bearish"}, {"id": 423877390, "text": "$AAPL blood is running on the streets. Can\u2019t go wrong adding more shares", "time": 1641442072.0, "sentiment": ""}, {"id": 423877154, "text": "$TSLA $SPY $QQQ $AAPL  call buyers get f*ucked again!", "time": 1641442038.0, "sentiment": "Bearish"}, {"id": 423876705, "text": "$AAPL yes", "time": 1641441977.0, "sentiment": ""}, {"id": 423876582, "text": "$SPY $TSLA $AAPL $ES_F $NQ_F SCHMOOD ALL YEAR.", "time": 1641441961.0, "sentiment": "Bearish"}, {"id": 423876242, "text": "$AAPL did this really tank because of the fed", "time": 1641441917.0, "sentiment": ""}, {"id": 423876239, "text": "$AAPL here comes the apple pump again", "time": 1641441917.0, "sentiment": ""}, {"id": 423876109, "text": "$AAPL https://finance.yahoo.com/news/apples-road-to-4-trillion-starts-with-its-rumored-headset-and-apple-car-180910042.html", "time": 1641441903.0, "sentiment": ""}, {"id": 423875935, "text": "$SRNE $Aapl market cap is $3 trillion. We could beat that\u2026", "time": 1641441883.0, "sentiment": "Bullish"}, {"id": 423875293, "text": "$AAPL Biden can\u2019t fix the economy. Tying his shoes in the morning is his only goal.", "time": 1641441804.0, "sentiment": ""}, {"id": 423874735, "text": "$AAPL well that 3T was short lived", "time": 1641441740.0, "sentiment": ""}, {"id": 423873608, "text": "$AAPL 160P Exp:19-Jan-24 \u2193  \ud83d\udd25 Total(Day): $171,325 \n#UnusualActivity \n \n \nSign-up free for beta ver.:https://app.jarvisalerts.com \ncharts: courtesy of finviz", "time": 1641441608.0, "sentiment": ""}, {"id": 423873228, "text": "$AAPL $TSLA $SPY the volumes at the end of the day looks encouraging for a nice move tomorrow for money jumping back into the stock.  AAPL and SPY just does not have 2% days and the 1-2 trading days after, $$$$$.  This is how easy it will be tomorrow to have a 500 point green day and close at new highs, again!", "time": 1641441558.0, "sentiment": "Bullish"}, {"id": 423873136, "text": "$AAPL 170 - 172 minimum. If that doesn&#39;t happen in a week or less I&#39;d be surprised. $QQQ looking to finally show downtrend on its monthly / yearly", "time": 1641441545.0, "sentiment": "Bearish"}, {"id": 423871210, "text": "@garguk Enjoy it even more today. $AAPL", "time": 1641441278.0, "sentiment": ""}, {"id": 423871007, "text": "@JJ_Stocks @swimstar492 Dude. It wicked three trillion on two five minute candles for like 2 seconds. All a game. Look at $AAPL today.", "time": 1641441250.0, "sentiment": ""}, {"id": 423870574, "text": "How to become a successful Investor in the share market\ud83c\udf04\ud83c\udf1e\n1. Goal setting\u2714\ufe0f\n2. Knowledge \u2714\ufe0f\n3. Right Decision\u2714\ufe0f\n4. Keep calm and carry on!\u2714\ufe0f\n5. Risk Aversion\u2714\ufe0f\n6. budget\u2714\ufe0f\n\n$TSLA  $NIO  $AAPL  $JPM  $LCID", "time": 1641441192.0, "sentiment": "Bullish"}, {"id": 423870491, "text": "$AAPL Added 177.5 c eod", "time": 1641441181.0, "sentiment": "Bullish"}, {"id": 423870463, "text": "@wildcat0670 @swimstar492 No. The algos ran it so it would be a 3 trillion dollar company. Look at what happened in past on $AAPL and what happened in past on $AMZN. Almost to the tick. No profit taking. Just a rigged market. Learn the game.", "time": 1641441177.0, "sentiment": ""}, {"id": 423870126, "text": "$LCID NASDAQ 100 future drops lager , 500 points, that&#39;s  making $TSLA, $AAPL, $LCID, $NVDA\u2026 down too.  The market is skittish because of Federal\u2019s hint. Actually, automation trading system is skittish. Tomorrow it will bounce for sure.  Buy $LCID under $37 you win tomorrow. \ud83d\udcc8\ud83d\udcc8\ud83d\udcc8\ud83d\udcaf\ud83d\udc48\u2705", "time": 1641441129.0, "sentiment": "Bullish"}, {"id": 423870110, "text": "$AAPL GIVE ME $160", "time": 1641441127.0, "sentiment": "Bearish"}, {"id": 423869617, "text": "@bujer $AAPL valuation is like the valuation of the total russel2000!! This is just ridiculous.\n\nI also think that with higher rates money will moves out of index and big tech... and hopefully back to high growth stocks with a good financial siatuation. And Nano with its cash on hand is great positioned", "time": 1641441061.0, "sentiment": "Bullish"}, {"id": 423869591, "text": "$AAPL i&#39;m afraid to look at my account today.  it&#39;ll depress me.  i&#39;ll look at it on friday if we have 2 up days.  :)", "time": 1641441059.0, "sentiment": ""}, {"id": 423869524, "text": "@Cyborg9000 Lol bro, it was barely down 0.5% before the market collapsed. $AAPL is down like 3%, $FB is down like 4%. 5% here isn\u2019t that big of a deal considering it\u2019s run up.", "time": 1641441050.0, "sentiment": ""}, {"id": 423869462, "text": "$AAPL Simulated 177.5 dollar CALLS for Thursday&#39;s open on StockOrbit.\n https://apps.apple.com/us/app/stockorbit/id1541560646", "time": 1641441042.0, "sentiment": ""}, {"id": 423869066, "text": "$AAPL J Pow is an idiot.", "time": 1641440988.0, "sentiment": ""}, {"id": 423868999, "text": "Today&#39;s video discusses 2 things to be aware of heading into 2022, and top-down analysis of over 30 stocks including $SPY $QQQ $MSFT $AAPL and $TSLA \n\nVideo: https://youtu.be/HZc3BqCr5yQ", "time": 1641440979.0, "sentiment": ""}]