[{"id": 423837131, "text": "$AAPL 170", "time": 1641437822.0, "sentiment": "Bullish"}, {"id": 423836997, "text": "$AAPL Wasn&#39;t expecting it to break daily lows, but I&#39;ll take it!", "time": 1641437811.0, "sentiment": ""}, {"id": 423836858, "text": "$AAPL wow", "time": 1641437802.0, "sentiment": ""}, {"id": 423836810, "text": "@GoodieGood buy the fear like a muufu! Good shit takers. I gotta miss out \ud83d\ude23 $amzn $tsla $aapl", "time": 1641437798.0, "sentiment": ""}, {"id": 423836672, "text": "$AAPL 42", "time": 1641437788.0, "sentiment": ""}, {"id": 423836339, "text": "Unusual Option Alert on $AAPL $938,448 call block traded with $30.0 strike expiring on 2023-01-20. Via: https://www.stockgrid.io/optionsflowcumulativestats/AAPL", "time": 1641437760.0, "sentiment": ""}, {"id": 423836038, "text": "$AAPL under the 21dma on the daily as of now", "time": 1641437736.0, "sentiment": "Bearish"}, {"id": 423835974, "text": "$AAPL \n\nCrazy short attack terrorism going on !!", "time": 1641437731.0, "sentiment": ""}, {"id": 423835711, "text": "$AMZN  AMZN deep charting weekly shows that this sell off is overdone. \ud83d\udcc8\ud83d\udcc8\ud83d\udcc8. This is  crazy. I am buying the fcking dip. $baba $BA $AAPL $NFLX", "time": 1641437710.0, "sentiment": "Bullish"}, {"id": 423835636, "text": "$AMC puts called out two days ago. Up over 60% already. Link in bio.\n$SPY $TSLA $AAPL $SQQQ", "time": 1641437705.0, "sentiment": ""}, {"id": 423834783, "text": "$AAPL $TSLA $BA $F CAN SOMEONE PLEASE GIVE ME GOOD NEWS....WTF!", "time": 1641437628.0, "sentiment": "Bullish"}, {"id": 423834295, "text": "$AAPL People shorting this since the 3rd Jan, up trend are making a shity 5%. Common people are you all that desperate", "time": 1641437585.0, "sentiment": "Bullish"}, {"id": 423834263, "text": "$AAPL I&#39;m so sorry for the Tesla people.", "time": 1641437582.0, "sentiment": ""}, {"id": 423834131, "text": "$AAPL going to slingshot up to 180 by morning", "time": 1641437572.0, "sentiment": "Bullish"}, {"id": 423834054, "text": "$GOOG $AAPL  you know you&#39;re King Kong when Google pays you to stay away. Google was sued for paying Apple billions of dollars to not get into search business. Looks bad!", "time": 1641437564.0, "sentiment": ""}, {"id": 423833419, "text": "$AAPL \n\nSee another short attack at close of EOD", "time": 1641437509.0, "sentiment": ""}, {"id": 423833362, "text": "@ant3440 holding and adding to both. $aapl going to $200+", "time": 1641437504.0, "sentiment": ""}, {"id": 423833310, "text": "$SPY $TSLA $NIO $AAPL \nSpy put printing nicely . Loss covered and red to green from spy put . .80 cents to 3$. That\u2019s 7500$ profit \ud83c\udf70\ud83c\udfe6\ud83e\ude78\ud83d\udd25\ud83d\udcb5\u2705", "time": 1641437500.0, "sentiment": "Bearish"}, {"id": 423832982, "text": "$AAPL \nBiden, Powell and Fauci.\n\nFcuking it all big time.", "time": 1641437473.0, "sentiment": ""}, {"id": 423832535, "text": "$AAPL another headfake", "time": 1641437436.0, "sentiment": "Bullish"}, {"id": 423832201, "text": "$AAPL   \ud83c\udf4f Really, bad Form.  Posting like a spoiled kid.  Blocked.", "time": 1641437408.0, "sentiment": ""}, {"id": 423832151, "text": "$AAPL \nWhat\u2019s a good \u201cBuy\u201d price on this?", "time": 1641437403.0, "sentiment": ""}, {"id": 423832120, "text": "$AAPL \n\nThe trend indicate oversold\u2026\n\nPeople keep shorting whatever they like for no reason!", "time": 1641437400.0, "sentiment": ""}, {"id": 423831612, "text": "$AAPL what a garbage market. Covid overtakes it all fnr. Like clock work", "time": 1641437354.0, "sentiment": ""}, {"id": 423830603, "text": "$AAPL give me 180!", "time": 1641437268.0, "sentiment": ""}, {"id": 423829948, "text": "$AAPL don&#39;t think will see red or any dip tomorrow", "time": 1641437210.0, "sentiment": ""}, {"id": 423829580, "text": "$SPY $QQQ $AMD $AAPL $AMC well fuck. Gonna need those christmas presents back for my broker. Rebound tmr", "time": 1641437177.0, "sentiment": "Bullish"}, {"id": 423828389, "text": "$AAPL fucking the down trend is more then the uptrend, sadly.", "time": 1641437073.0, "sentiment": ""}, {"id": 423828181, "text": "$AAPL bull call sweeps next move up coming soon", "time": 1641437056.0, "sentiment": ""}, {"id": 423828141, "text": "Google Pays Apple Billion Of Dollars To Keep Cupertino Out Of Search Business: Lawsuit Alleges  $GOOGL $GOOG $AAPL \n\nhttps://newsfilter.io/a/f69c2a28ce8ca1dc1c25d7fbd91fe155", "time": 1641437053.0, "sentiment": ""}]