[{"id": 423868936, "text": "$TSLA $SPY $QQQ $AAPL  this indeed did happen", "time": 1641440971.0, "sentiment": ""}, {"id": 423867839, "text": "$AAPL", "time": 1641440824.0, "sentiment": ""}, {"id": 423867538, "text": "$AAPL In 2020, The New York Times reported that Apple receives an estimated $8-12 billion per year in exchange for making Google the default search on its devices. According to one analyst, Google&#39;s payment to Apple in 2021 to maintain this status quo may have reached up to $15 billion.\n\nI don&#39;t see anything wrong with this", "time": 1641440787.0, "sentiment": ""}, {"id": 423867167, "text": "$AAPL waited for the so called rally", "time": 1641440741.0, "sentiment": ""}, {"id": 423866267, "text": "$AAPL threw  $20k and it goes down", "time": 1641440631.0, "sentiment": "Bullish"}, {"id": 423866017, "text": "$MSFT  I trust  $MSFT , $AAPL  , $GOOGL $NVDA   for long.  No trust TSLA, RIVN, NKLA,", "time": 1641440601.0, "sentiment": "Bullish"}, {"id": 423864748, "text": "$AAPL Hello Traders\nWe are alerting AAPL long. Trending close to All time highs, we\nanticipate AAPL to continue to show strength over $180 into the coming\nmonths. \n\nPotential Trades:\n\n- Long shares - Buy Under $178.50\nTarget: Over $200\nStop Loss: under $170.5\n\n- Buy Call Options - Strike $190 Calls. Expiration 3/18/2022. Current\nBid Price at $4.35/contract\nProfit Goal: +60%\nStop Loss: 30% (varies depending on trade)\n\nProfit goals and risk stops are unique to every trader. Be sure to\nmanage the trade based on respective risk &amp; goals.\n\nAs always, positioning in a trade is much easier by scaling/sizing in.\nThis benefits the trader because it allows them to get a more optimal\naverage price, since all entries can&#39;t be perfect. In doing that, it\nminimizes risk potential on the trade.\n\nDm @iTradeSmartAlertsbot on telegram for more!", "time": 1641440447.0, "sentiment": ""}, {"id": 423864693, "text": "$aapl I don\u2019t have diamond hands. Same puts are now at $2.3 at close and could be $3 or $10 tomorrow. Wtf.  Had a great conviction that it will drop after massive run, had time of 2+ weeks and is a RED day. But sold early at cost with almost no gain.  DONT BE LIKE ME.", "time": 1641440441.0, "sentiment": ""}, {"id": 423863275, "text": "$aapl Third level support at $174.41\n\nShorts may get squeezed if any rally.", "time": 1641440278.0, "sentiment": ""}, {"id": 423862527, "text": "The Difference in 10 years $SPY $TSLA $AAPL $NIO", "time": 1641440191.0, "sentiment": "Bullish"}, {"id": 423862413, "text": "$AAPL I predicted 175 by eow. I sold my puts and made a pretty penny. Now I\u2019m loaded on calls!!! BUY THE FEAR!!! \ud83d\udcb8", "time": 1641440178.0, "sentiment": "Bullish"}, {"id": 423862247, "text": "5-Day Equity Sentiment Recap: $AAPL is the #1 stock that institutions are trading over rolling 5 day window with 424.3K options contracts.\n\nMarket analysis included in screenshot of dashboard from http://insiderfinance.io.", "time": 1641440156.0, "sentiment": ""}, {"id": 423861693, "text": "$DIDI $14 &lt; soon. IPO Price. Believer!\n\nInvestors: Softbank, Tencent, $BABA , $UBER, $AAPL...... \nTAM 1.6Billion\nDaily rides: 25 Million\nActive customers: 500 Million+ (1.5 times US population)\n\nBUY NOW: low downside risk, infinite upside reward.", "time": 1641440095.0, "sentiment": "Bullish"}, {"id": 423861418, "text": "$AAPL Feeling sorry for pumpers(not\nLongs) who were saying $200 by EOW for no fucking reason. It will go to $200 but not healthy run. Dont expect a 10% move up every day. This market was running like a casino bets.", "time": 1641440064.0, "sentiment": ""}, {"id": 423861406, "text": "$AAPL bought at 179.80 at the eod. What a steal!", "time": 1641440063.0, "sentiment": "Bullish"}, {"id": 423860968, "text": "$AAPL Sell and take 50% gains or reenter on dips? decisions", "time": 1641440014.0, "sentiment": ""}, {"id": 423860941, "text": "$MSFT 180 $AMZN 2400 $AAPL $90 if these follow the same trends as growth stocks that sold off", "time": 1641440011.0, "sentiment": ""}, {"id": 423860229, "text": "$AAPL AAPL 2022-01-05 Dark Pool &amp; Short Interest Data: \nhttps://www.youtube.com/watch?v=P0FCmYwN5aQ", "time": 1641439934.0, "sentiment": ""}, {"id": 423860223, "text": "$AAPL dick .  Blocked", "time": 1641439932.0, "sentiment": ""}, {"id": 423859488, "text": "$AAPL Double TOP, sell the News, 3T pull back, 170 is a natural retrace level on the chart 1D 1 YR", "time": 1641439850.0, "sentiment": ""}, {"id": 423857843, "text": "$AAPL right side is bullish on multiple timeframes.  We only like to buy it in 3, 7 or 11 swing at the blue boxes.  Can still see some more upside and new highs before another larger pullback takes place.  Like to watch the $NQ_F at equal leg which can give some sense of timing for larger cap tech for buy areas. We don\u2019t like to the chase the upside at this point.   #Elliottwave #Trading #stocks", "time": 1641439675.0, "sentiment": ""}, {"id": 423856980, "text": "$AAPL this time next week we will be talking about new ATH.  you just wait and see", "time": 1641439573.0, "sentiment": ""}, {"id": 423856875, "text": "$AAPL Which one looks like it\u2019ll have a better year? This or $MSFT", "time": 1641439562.0, "sentiment": "Bullish"}, {"id": 423856313, "text": "$AAPL   \ud83c\udf4f Deep Think:  The Close:  Negative Mkt Reaction to FOMC Minutes,  which were \u201cinterpreted\u201d as more Hawkish than expected.  Remember, time has passed, since the last FOMC Meeting, with Omicron Case Count expanding in the interim.  Most importantly, every Mkt Participant must ask:  What can the Mkt do to change the Fed\u2019s Trajectory?  The answer:  Absolutely, nothing.  When the Mkt cannot muster against \u201cnothing\u201d, then it \u201cdigests\u201d the \u201cFed News\u201d, and moves forward.  The Mkt, \u201cprices in the News\u201d.  It did that today, by \u201cover reacting\u201d to the down side.  True \u201cprice discovery\u201d, will begin tomorrow morning.", "time": 1641439500.0, "sentiment": "Bullish"}, {"id": 423856272, "text": "$AAPL nothing wrong with pull backs and consolidation.  Let&#39;s deal with it.", "time": 1641439495.0, "sentiment": "Bullish"}, {"id": 423856169, "text": "$AAPL using the Samsung Z Fold3 to make some money\ud83d\udcf1 https://youtu.be/25QPjVAyPlk Put Puts... Watch and let me know what you see! $study", "time": 1641439481.0, "sentiment": ""}, {"id": 423856108, "text": "$AAPL Hopes and dreams of 180 are over. Down the drain", "time": 1641439476.0, "sentiment": "Bearish"}, {"id": 423855698, "text": "$TSLA $SPY $AAPL $QQQ crash and burn baby keep buying puts you&#39;ll be fine", "time": 1641439428.0, "sentiment": "Bearish"}, {"id": 423854175, "text": "$AAPL anyone see that massive spike @ close to $179.80???", "time": 1641439263.0, "sentiment": ""}, {"id": 423853872, "text": "$AAPL wow\u2026 I was right.", "time": 1641439229.0, "sentiment": ""}]