[{"id": 423815880, "text": "$AAPL there is nobody buying.  Smart money unloaded yesterday", "time": 1641436095.0, "sentiment": ""}, {"id": 423815801, "text": "$SPY the fed is all bark and no bite. $AAPL and $MSFT have better debt ratings than the US Government. Their hands are tied to low rates until Washington gets their spending in check, ie never.", "time": 1641436089.0, "sentiment": "Bullish"}, {"id": 423815118, "text": "$AAPL so a bit ago I bought a 1/4 position. Will add tomorrow if this doesn\u2019t pop.", "time": 1641436035.0, "sentiment": "Bullish"}, {"id": 423814946, "text": "$AAPL 190 calls", "time": 1641436022.0, "sentiment": "Bullish"}, {"id": 423814394, "text": "$AAPL $NIO $F \ud83d\ude0d", "time": 1641435978.0, "sentiment": ""}, {"id": 423814125, "text": "$AAPL we are all doomed", "time": 1641435959.0, "sentiment": ""}, {"id": 423813901, "text": "$AAPL shit my 180 call just went up 13% bought at the dip", "time": 1641435942.0, "sentiment": ""}, {"id": 423813519, "text": "$AAPL Lovely\ud83e\udd1e\ud83e\uddf8\ud83d\ude80", "time": 1641435914.0, "sentiment": "Bullish"}, {"id": 423812647, "text": "$AAPL \n\nHonestly I am disappointed at this price action .. this kind of short terrorism has struck this strong stock with no reason besides FOMC slight changes.\n\nThis warranted calling for short attack\nban.\n\nImagine if short attack is banned, we will be seeing small or some corrections, not 3 to 4 dollars .. when there is NO bad news or no reason.\n\nWe need to fight back mofo.", "time": 1641435846.0, "sentiment": "Bullish"}, {"id": 423811270, "text": "$AAPL even the banks are getting sold off! they are shooting first and asking questions later", "time": 1641435742.0, "sentiment": ""}, {"id": 423810564, "text": "$UAL $CZR $AAPL $RCL Every time somebody says something that they\u2019ve already said 25 times, the market acts like it\u2019s never heard it before\u2026 So tired of it, it\u2019s exhausting!", "time": 1641435689.0, "sentiment": ""}, {"id": 423810289, "text": "$AAPL $MSFT $QCOM $NVDA Don&#39;t short strong stocks. If you&#39;re short on this then you&#39;re idiot. Short weak stocks", "time": 1641435667.0, "sentiment": "Bullish"}, {"id": 423810248, "text": "$AAPL entered with cheap weekly 180 calls during the dip... Let&#39;s see...", "time": 1641435664.0, "sentiment": "Bullish"}, {"id": 423809603, "text": "$AAPL", "time": 1641435614.0, "sentiment": ""}, {"id": 423809312, "text": "$AAPL \nUntil aapl hits 160, this bleeding won\u2019t stop", "time": 1641435592.0, "sentiment": ""}, {"id": 423809080, "text": "$AAPL shorts are covering. Get out while you can.  If you have profit.  Take it now.", "time": 1641435577.0, "sentiment": "Bullish"}, {"id": 423808882, "text": "$AAPL looking for calls at the close", "time": 1641435560.0, "sentiment": ""}, {"id": 423808774, "text": "$AAPL  \ud83c\udf4f EVERY Mkt Correction \u201cwith Mkt BREADTH\u201d big or small, looks to AAPL to lead the Recovery to Stabilize the Mkt.  EVERY, single time.", "time": 1641435552.0, "sentiment": "Bullish"}, {"id": 423807956, "text": "$AAPL BOUNCEEE", "time": 1641435485.0, "sentiment": "Bullish"}, {"id": 423807493, "text": "$AAPL nice", "time": 1641435449.0, "sentiment": "Bearish"}, {"id": 423807076, "text": "$AAPL Another buying opportunity in the making", "time": 1641435417.0, "sentiment": "Bullish"}, {"id": 423806068, "text": "$AAPL all we need now is for putin to invade ukraine", "time": 1641435338.0, "sentiment": ""}, {"id": 423805846, "text": "$AAPL here comes the bounce", "time": 1641435320.0, "sentiment": "Bullish"}, {"id": 423805825, "text": "$AAPL watching the comments on this board is funny AF \ud83d\ude39 y\u2019all have no idea what a crash is because this isn\u2019t it. A crash you\u2019ll see Apple back at $125, but probably 100. In a crash fear takes over and nobody wants stock. It\u2019s literally FOMO in reverse. If you understand that markets are mostly guided by HUMAN BEHAVIOR then you can use that to your advantage to get rich.  \n \nIm glad I raised cash last month. Powell gave y\u2019all a warning on Dec 15. Now, when y\u2019all crash the market by doing the reverse of FOMO I will be buting cheap shares!!!", "time": 1641435318.0, "sentiment": ""}, {"id": 423805408, "text": "$AAPL noobs mm dropping all these stonks for a real earning run up! $SPY $QQQ", "time": 1641435288.0, "sentiment": "Bearish"}, {"id": 423805270, "text": "$SPY Wait to where global takes this, Hang Seng pretty good premonition of world economy about to falter.... $QQQ $AAPL", "time": 1641435278.0, "sentiment": ""}, {"id": 423804993, "text": "$AAPL drop and load calls for 1/28 exp later  on or when there better dip/opportunities $SPY", "time": 1641435257.0, "sentiment": "Bearish"}, {"id": 423804888, "text": "$AAPL Meant 2022 calls.  Doh!", "time": 1641435250.0, "sentiment": "Bullish"}, {"id": 423804823, "text": "$AAPL so AAPL barely drops while the rest of the market fucking tanks. cool", "time": 1641435245.0, "sentiment": ""}, {"id": 423804688, "text": "$AAPL \n\nDid J Powell make Apple products illegal", "time": 1641435236.0, "sentiment": ""}]