[{"id": 424002276, "text": "$AAPL  Rolling Square&#39;s AirCard fits in your wallet, works just like an AirTag https://appleinsider.com/articles/21/12/23/rolling-squares-aircard-fits-in-your-wallet-works-just-like-an-airtag", "time": 1641474085.0, "sentiment": "Bullish"}, {"id": 424002074, "text": "$GME This is the negative beta proxy we are in. Buffett and Apple \nand mega cap stocks go higher. Everything else gets slaughtered while the banks figure out how to suppress the and lower the bill of the MOASS.$BRK.A $BRK.B $AAPL  \nJust wait for the inversion", "time": 1641473924.0, "sentiment": "Bullish"}, {"id": 424002041, "text": "$SPY Which BIG TECH is better to day trade PUTS tomorrow $TSLA $AAPL $AMZN $F $NFLIX . Will switch to calls on Friday.", "time": 1641473897.0, "sentiment": ""}, {"id": 424000865, "text": "$SPY the sneakiest play would be to have a nice up day tomorrow to get in all the dip buyers that don&#39;t realize the Fed is going to actively start removing 10&#39;s of billions off their balance sheet and what that exactly means for a market propped by QE. $TSLA $AAPL", "time": 1641472937.0, "sentiment": ""}, {"id": 424000851, "text": "$AAPL         \ud83c\udf4f\ud83d\udc4d", "time": 1641472930.0, "sentiment": ""}, {"id": 424000631, "text": "$AAPL $AMZN $AMD $SPY $TSLA \nSomeone who has transferred money from Robinhood into Webull\u2026how long does the process take?", "time": 1641472740.0, "sentiment": ""}, {"id": 424000405, "text": "$GME The yields inverted three times in 2019. A recession was due. Covid Happened 2020. The fed came in and pumped money into the economy. Hedgies re-hypothecated &amp; manufactured money by pumping stocks + swaps on the meme basket.  \n \nNow shit is about to go belly up because individuals are the world, collectively larger than any fund/firm/bank are deciding  \n \nWE LIKE THE STOCK \ud83d\ude80 \nPOWER TO THE PEOPLE \ud83d\ude80 \n$TSLA $AAPL $AMC $JPM", "time": 1641472552.0, "sentiment": "Bullish"}, {"id": 424000163, "text": "$FSR $AAPL possibly with this radar tech", "time": 1641472350.0, "sentiment": "Bullish"}, {"id": 424000104, "text": "$AAPL and then the jobs report comes out and everything stabilizes. Y\u2019all have no idea why they tactically said what they did yesterday huh?", "time": 1641472296.0, "sentiment": "Bullish"}, {"id": 423999880, "text": "$AAPL $3T for plastic phones\u2026 hopefully Jobs left some ideas for these freeloaders", "time": 1641472143.0, "sentiment": "Bearish"}, {"id": 423999383, "text": "$AAPL  just hilarious..... can&#39;t stop laughing after seeing this comment \ud83e\udd23\ud83e\udd23\ud83e\udd23", "time": 1641471783.0, "sentiment": ""}, {"id": 423999320, "text": "$AAPL  \ud83e\udd23\ud83e\udd23\ud83e\udd23\ud83e\udd23\ud83e\udd23\ud83e\udd23 the most brilliant comment of the year", "time": 1641471741.0, "sentiment": ""}, {"id": 423998971, "text": "$GLMD $XBI $QQQ $TSLA $AAPL I respect all nations. But the USA is very cowardly about inflation. There has been inflation in Turkey for 80 years. We see 5-10 percent inflation as low. As prices rise in inflation, so does the value of the company. That&#39;s why the nasdaq was valued around 15 percent in 2021 against 2021 inflation in real terms. This actually proves that it is not an excessively high rise against inflation. You may be afraid. However, the market cap prices of companies will tend to increase. Because there is a problem in not demand but also in  supply. The supply shortage is the result of the pressure exerted on the Chinese and Russian economy. It will take some time, but it will be fixed. Considering that this time, the Israeli currency is appreciated against the usd. Galmed&#39;s price is still cheap....", "time": 1641471481.0, "sentiment": "Bullish"}, {"id": 423998542, "text": "$AAPL bankrupt soon", "time": 1641471199.0, "sentiment": "Bearish"}, {"id": 423998425, "text": "@GoodieGood $amzn $tsla $aapl if selloff is extreme last hard support bounce and repeat until it bottoms out. If not, bounce today. Time to get your charts together and triple check your finances. At least Five and ten year disaster relief included just in case of a recession like trickle into streets and fucks with the house hold. Dead ass because unfortunately that capitol terrorist insurrection type shit is a thing now unfortunately. No feelings in this shit. Bullish Bear and looking forward now move.", "time": 1641471123.0, "sentiment": "Bullish"}, {"id": 423998394, "text": "$AAPL Please RIP to $178+ then drop. I want to undo my mistake of selling puts with barely profits.", "time": 1641471096.0, "sentiment": ""}, {"id": 423998270, "text": "I might just sleep until the jobs report tomorrow. Will be ugly up until that saves the day and rest of month $QQQ $AAPL $TSLA", "time": 1641471023.0, "sentiment": "Bullish"}, {"id": 423998204, "text": "$AAPL Bullish AF now \ud83c\udfaf", "time": 1641470985.0, "sentiment": "Bullish"}, {"id": 423998121, "text": "$AAPL  Below is the chart that showed every time the WORLD WAS COMING TO A END AND THE MARKET WAS CRASHING for Apple!!!!  As you can see. Nothing new. Nothing to worry about over time.", "time": 1641470912.0, "sentiment": ""}, {"id": 423997308, "text": "$AAPL Doesn\u2019t matter. We\u2019re nowhere near my average. Drop. IDGAF \ud83d\ude0e", "time": 1641470453.0, "sentiment": ""}, {"id": 423997254, "text": "$AAPL Simulated 177.5 dollar CALLS for Thursday&#39;s open on StockOrbit.\n https://apps.apple.com/us/app/stockorbit/id1541560646", "time": 1641470431.0, "sentiment": ""}, {"id": 423995166, "text": "$AAPL https://www.macrumors.com/2022/01/05/apple-car-design-could-come-from-ferrari/", "time": 1641469250.0, "sentiment": ""}, {"id": 423994645, "text": "$AAPL nobody thought Powell would pop this bubble until he actually did!!!", "time": 1641468997.0, "sentiment": ""}, {"id": 423994183, "text": "$SPY Listen Bulls, Powell works for us now.. Its Over.\ud83e\udd23 $AAPL $TSLA", "time": 1641468750.0, "sentiment": "Bearish"}, {"id": 423993728, "text": "$CFVI My safe cash havens $CFVI $GGPI and $AAPL", "time": 1641468527.0, "sentiment": "Bullish"}, {"id": 423993123, "text": "$SPY Buy some microcaps, that stand to make big gains will everyone takes market share from big tech $AAPL $SNIPF $FB $IWM", "time": 1641468246.0, "sentiment": "Bullish"}, {"id": 423992648, "text": "$AAPL still looking to buy back some calls on the cheap in the next few days. Then the bears go away and we ride to the ER.", "time": 1641468016.0, "sentiment": ""}, {"id": 423992552, "text": "$AAPL I am all in \ud83d\ude80\ud83d\ude80\ud83d\ude80\ud83d\ude80", "time": 1641467976.0, "sentiment": "Bullish"}, {"id": 423992473, "text": "@bobbybf most \u201cinnovative stocks\u201d are way off highs. Mega caps like $AAPL and $NVDA need to dip.", "time": 1641467942.0, "sentiment": "Bullish"}, {"id": 423992317, "text": "$AAPL has a good Piotroski-F score of 7.00. This indicates a good health and profitability. https://www.chartmill.com/stock/quote/AAPL/fundamental-analysis?key=bb853040-a4ac-41c6-b549-d218d2f21b32&amp;utm_source=stocktwits&amp;utm_medium=FA&amp;utm_content=AAPL&amp;utm_campaign=social_tracking", "time": 1641467880.0, "sentiment": ""}]