[{"id": 423917651, "text": "$AAPL if u think this 2.75% down is end of pain think again.\nA lot more pain coming.\ud83e\udd1e\ud83e\uddf8\n\nStart shorting PPL. Make up ur losses. \nThis is just the beginning of a juicy crash and recession. \n\nIf your buying the dip might as well burn your house down.\n\nU either cash out, short or run off to banks stocks.\n\n$SPY $QQQ $MARA $BTC.X \n\nI really do!", "time": 1641448382.0, "sentiment": "Bearish"}, {"id": 423917360, "text": "$AAPL higher highs higher lows.", "time": 1641448323.0, "sentiment": "Bullish"}, {"id": 423917354, "text": "Most active flow for today:\n\n$AAPL - 67% call flow\n$TSLA - 60% call flow\n$VIX - 79% put flow\n$QCOM - 95% call flow\n$F - 69% call flow", "time": 1641448321.0, "sentiment": ""}, {"id": 423916937, "text": "$AAPL love to see the rocket emoji\u2019s from pumping machines again.\nTomorrow gonna be interesting.", "time": 1641448232.0, "sentiment": ""}, {"id": 423916652, "text": "$AAPL juicy dip", "time": 1641448175.0, "sentiment": ""}, {"id": 423916341, "text": "$AAPL  AHs Volume, 4.6 Million.", "time": 1641448117.0, "sentiment": "Bullish"}, {"id": 423915895, "text": "$AAPL the best of the best!", "time": 1641448021.0, "sentiment": "Bullish"}, {"id": 423914382, "text": "$SPY $QQQ $TSLA $AAPL BOO... interest rates, sell! bunch of fools.. puts*\ud83d\ude02\ud83d\ude02", "time": 1641447735.0, "sentiment": "Bearish"}, {"id": 423913937, "text": "$AAPL      \ud83c\udf4f\u2757\ufe0fAlert\u2757\ufe0f Oh it\u2019s wayyyy early\u2026but, just had to share:", "time": 1641447655.0, "sentiment": ""}, {"id": 423913769, "text": "$AAPL $188 at close tomorrow.", "time": 1641447625.0, "sentiment": "Bullish"}, {"id": 423913554, "text": "Unusual Options Activity: $AAPL is the #27 ticker with unusual activity from institutional traders with an average of 14% out of the money, a leading indicator of market movement.\n\nMarket analysis and options contracts included in screenshot of dashboard from http://insiderfinance.io.", "time": 1641447589.0, "sentiment": ""}, {"id": 423913162, "text": "$AAPL scooped up", "time": 1641447516.0, "sentiment": "Bullish"}, {"id": 423912028, "text": "$AAPL   \ud83c\udf4f Blocked.  Troll.  Embarrassing, posting \u201cRod Hall\u201d\u2026no credibility on WallSt.  Every AAPL ShareHolder knows this\u2026. So, Shill someplace else.", "time": 1641447303.0, "sentiment": ""}, {"id": 423911708, "text": "$AAPL Goldman always likes to be behind apple just around the level of their pucker!  Damn that analyst has been so wrong for for so long!!!  It\u2019s laughable!", "time": 1641447246.0, "sentiment": ""}, {"id": 423910722, "text": "$AAPL Simulated 177.5 dollar CALLS for Thursday&#39;s open on StockOrbit.\n https://apps.apple.com/us/app/stockorbit/id1541560646", "time": 1641447067.0, "sentiment": ""}, {"id": 423909452, "text": "$AAPL doesn\u2019t deserve its valuation", "time": 1641446845.0, "sentiment": "Bearish"}, {"id": 423909256, "text": "$AAPL I think we see 160 before any bounce.", "time": 1641446817.0, "sentiment": ""}, {"id": 423908879, "text": "$QQQ $SPY $DIA zomg did  you  see that  Warren Buffett dumped all of his $AAPL shares?  Yeah that&#39;s because he didn&#39;t.  Just buy good companies and ride this bump out.  If you wanna chase  little shitter  plays down a hole you&#39;re gonna have a bad year.", "time": 1641446754.0, "sentiment": "Bullish"}, {"id": 423908834, "text": "@Oliwood @Stock__Twists @ShantP21 @AllJackedUp @Uncle_Covid @Rucer517 @Jamz83 @denseanddumb @grifmaster \n\nanalysts are beginning to assess where Apple ($AAPL) stands with regards to the supply situation surrounding iPhones and MacBook laptops.\n\nGoldman Sachs analyst Rod Hall said in a research note Wednesday that lead times for the iPhone 13 Pro have dropped back to their levels of mid-December, and the iPhone 13 Pro Max is running at three to five days of delivery levels. Hall said that such figures likely result from supply constraints and increased delays in product shipments, and such matters will determine whether product lead times return to normal levels this month.\n\nWith regards to the MacBook, Hall said lead times for new MacBook Pro laptops remain elevated, but have improved slightly over the holiday week. Hall said that such a situation suggests improvements in supply levels of Apple&#39;s (AAPL) proprietary M1 Pro processor.\n\nhttps://seekingalpha.com/news/3785468-apple-seeing-improvement-in-post-holiday-iphone-supplies", "time": 1641446747.0, "sentiment": ""}, {"id": 423906920, "text": "Apple given $142.00 PT by The Goldman Sachs Group, Inc.. https://www.marketbeat.com/r/1694822 $AAPL", "time": 1641446414.0, "sentiment": ""}, {"id": 423906457, "text": "$AAPL FINALLY  a Sale. Bull market still intact. We are still going higher", "time": 1641446336.0, "sentiment": "Bullish"}, {"id": 423904759, "text": "$AAPL poo stock", "time": 1641446031.0, "sentiment": "Bearish"}, {"id": 423904378, "text": "$AAPL I wonder if we will get a sale here, so I can buy some more! https://youtu.be/BVAUUD6F2zw", "time": 1641445963.0, "sentiment": ""}, {"id": 423903786, "text": "$AAPL Let the market digest the news, stay cool and if you need to spend money in the market buy shares.", "time": 1641445864.0, "sentiment": "Bullish"}, {"id": 423903766, "text": "$AAPL outperforms 89% of all stocks! https://www.chartmill.com/stock/quote/AAPL/technical-analysis?key=bb853040-a4ac-41c6-b549-d218d2f21b32&amp;utm_source=stocktwits&amp;utm_medium=TA&amp;utm_content=AAPL&amp;utm_campaign=social_tracking", "time": 1641445860.0, "sentiment": ""}, {"id": 423903004, "text": "$AAPL 180 within a week; 200 within a month.", "time": 1641445734.0, "sentiment": "Bullish"}, {"id": 423902275, "text": "$AAPL  just close eyes..disregard the nuisance.", "time": 1641445614.0, "sentiment": "Bullish"}, {"id": 423901428, "text": "$AAPL I own an iPhone since 2007 but never bought its share.  What am\nI up to !", "time": 1641445479.0, "sentiment": ""}, {"id": 423901056, "text": "$AAPL long here..6 months-  $200s", "time": 1641445416.0, "sentiment": "Bullish"}, {"id": 423901016, "text": "$SPY hows it legal to manipulate the market, allow 30-1  to 300-1 leverage, allow FTDS, unlimited shorting in dark pools along with allowing short interest to be over 10% on any stock ESPECIALLY an illiquid stock let alone 20%! 40%! 60%! 100%!!!!?????? feds, SEC mainstream media all SCREAM its a &quot;FAIR MARKET&quot;. BUT THESE ARE THE TOOLS USED BY THE ONES WHO CONTROL MOST OF THE MARKET TO INDUCE &quot;MARKET CORRECTONS&quot;. IN REALITY THEY AREJUST STEALING ALL RETAIL MONEY THAT HAS ENTERED THE MARKET TO PROVIDE A BETTER FUTURE FOR THEIR FAMILY. \n\n MY THEORY IS THIS IS WHY THE PENTAGON AND WORLD TRADE CENTERS WERE HIT DURING THE 9/11 TERRORIST ATTACKS. BC OUR FINANCIAL INSTITUTIONS WHO FUND HEDGE FUNDS AND MANY MORE WERE WASHING DIRTY MONEY AND THEIRMONEY ENDED UP BEING LOST 6 MONTHS PRIOR. DONT BE SURPRISED TO SEE ANOTHER WAR OR ATTACK HAPPEN FOLLOWINH THE MARKET COLLAPSE. $GME $AMC $AAPL", "time": 1641445410.0, "sentiment": ""}]