[{"id": 423931115, "text": "\ud83d\udea8Today\u2019s Recap \ud83d\udea8\n\n\ud83d\udd2501/07 $AAPL $177.50P @1.43&gt;1.15 (25%)\n\ud83d\udd2501/07 $LCID $1.35&gt;.95 (40%)\n\ud83d\udd2501/05 $SPY $1.50&gt;1.03 (50%)\n\ud83d\udd2501/07 $TSLA $1085P @20.60&gt;17.45 (20%)\n\ud83d\ude8001/21 $SPY $470P @5.50&gt;1.08 (500%)\n\ud83d\udd2501/07 $SPY $475P @2.14&gt;1.88 (14%)\n\ud83d\udd25 01/07 $AAPL $177.50P @1.32&gt;1.17 (13%)\n\n7/7 today \ud83d\ude0e", "time": 1641451113.0, "sentiment": ""}, {"id": 423931112, "text": "$AAPL Man all the instagram gurus getting hammered today. I guess buying short term calls in tech everyday isn&#39;t that great of a trade strategy lol $MSFT $SPY $IWM $FB", "time": 1641451112.0, "sentiment": ""}, {"id": 423930160, "text": "$SPY I would never ever buy crypto, microcap stocks yes. Not fake currency $AAPL $AMD $AMZN $TSLA", "time": 1641450921.0, "sentiment": ""}, {"id": 423929555, "text": "$AAPL NEW ARTICLE : How Meaningful Will Time Spent Be in Virtual Worlds? https://www.stck.pro/news/AAPL/20944622", "time": 1641450800.0, "sentiment": ""}, {"id": 423929207, "text": "What Investors Should Know About Amazon, Sony And John Deere&#39;s Latest Push Into The Electric Vehicle Sector  $TSLA $F $GM $SONY $AAPL \n\nhttps://newsfilter.io/a/61273ce504a884821eea439d8c44023c", "time": 1641450733.0, "sentiment": ""}, {"id": 423927542, "text": "$AAPL puts worked great! Bought calls at the close", "time": 1641450384.0, "sentiment": ""}, {"id": 423926714, "text": "$AAPL Backtesting the channel and checking the 50-day at around $165 would be healthy.", "time": 1641450217.0, "sentiment": ""}, {"id": 423926380, "text": "$SPY Moment of silence for Pelosi recent $AAPL FAANG buys.\n\nK, long enough. Woooot! Wooooooo!!!! \n\n$DWAC", "time": 1641450147.0, "sentiment": ""}, {"id": 423926233, "text": "$SPY $AAPL $TSLA still bullish but too early to btd imo, especially growth stocks\u2026 stick to value with this market condition", "time": 1641450117.0, "sentiment": ""}, {"id": 423925870, "text": "$AAPL made in China\n https://www.reddit.com/r/Epic_Economics/comments/rx15ww/tech_sells_off_everywhere_market_mayhem_beware/?utm_source=share&amp;utm_medium=ios_app&amp;utm_name=iossmf", "time": 1641450040.0, "sentiment": "Bearish"}, {"id": 423925431, "text": "$MSFT $GOOG $AAPL it\u2019s the stockholders that can\u2019t handle interest rate hikes. They are the reason there is uncalled for panic selling. Companies do just as well with interest rates.", "time": 1641449957.0, "sentiment": ""}, {"id": 423925346, "text": "$AAPL is a display maker, very expensive Chinese display maker, using slave labor basically. When they mentioned the car coming up I knew it was over. Desperate to bring something new to the market but car ain\u2019t the thing", "time": 1641449940.0, "sentiment": "Bearish"}, {"id": 423924735, "text": "$BTC.X lol no one would buy below 10K let alone paying 50K, 40K for a price of air garbage. It might be worth buying 4 $AAPL airtags for 100$ at least you can search your keys. Darn these dumbos", "time": 1641449808.0, "sentiment": ""}, {"id": 423924111, "text": "$MSFT $GOOG $AAPL  Cramer all morning boasting how great the economy is doing...  I guess these companies can&#39;t handle a little bit of interest rate hikes...", "time": 1641449681.0, "sentiment": ""}, {"id": 423923655, "text": "$AAPL buy now pay later. \ud83d\udca3\u2620\ufe0f crypto kids hustled. \n https://www.reddit.com/r/Epic_Economics/comments/rx0y02/buy_now_pay_later_implodes/?utm_source=share&amp;utm_medium=ios_app&amp;utm_name=iossmf", "time": 1641449587.0, "sentiment": "Bearish"}, {"id": 423923631, "text": "@nhoxphuxne also first day in the last month or so that $AAPL dropped by the same % as $MSFT", "time": 1641449582.0, "sentiment": ""}, {"id": 423923404, "text": "$IWM so many small cap stonks straight &quot;GUH&#39;d&quot;. When mega cap GUH? $WISH $DKNG $MSFT $AAPL", "time": 1641449532.0, "sentiment": ""}, {"id": 423923015, "text": "We gave our members a heads up for a potential swift move down yesterday. Our buy signals were close to hitting on several names as $SPY was making a new all time high while money flowed out of $QQQ names. However, less than a handful of our buy signals were triggered and what resulted was a swift move down(screenshot attached).  \n \nSome leadership names we are watching for $SPY and $QQQ are \n$AAPL - a leading tech name. Look for support to establish in the coming days despite it&#39;s topping pattern forming.  \n$TSLA - at key support levels. Ideally longs would like to see a bounce in the coming days near $1051.37 \n \nFor more charts and commentary  read our free blog post! &quot;2022 - The Year of The Tiger&quot;", "time": 1641449456.0, "sentiment": ""}, {"id": 423922993, "text": "$QQQ $AAPL $TSLA Huge moves up tomorrow, Tesla filled it\u2019s Gap, Apple needed to cool off and  QQQ got thrashed, I couldn\u2019t imagine holding PUTS overnight y\u2019all going to get SMASHED in the morning \ud83d\ude06\ud83d\ude06\ud83d\ude06", "time": 1641449452.0, "sentiment": "Bullish"}, {"id": 423922597, "text": "$AAPL Short Short Short into double digits. Dinosaur of a company just like Exon GLTA", "time": 1641449369.0, "sentiment": "Bearish"}, {"id": 423922360, "text": "$AAPL making money either way. Puts are up 126%. Still Bullish on $AAPL.", "time": 1641449319.0, "sentiment": "Bullish"}, {"id": 423922118, "text": "$AAPL I think the earnings are going to be great but stock will tank.", "time": 1641449269.0, "sentiment": "Bullish"}, {"id": 423921553, "text": "$AAPL I really just want this to have a fat ass green candle at the end here, so all the people who mistakenly hung onto their greedy puts get some overnight sweating.", "time": 1641449158.0, "sentiment": "Bullish"}, {"id": 423920264, "text": "$AAPL watch these noobs seller get mad when we go back to all times highs \ud83e\udd23", "time": 1641448889.0, "sentiment": "Bullish"}, {"id": 423920029, "text": "$AAPL weaaaaaaaak drop!!  Too weak for me to avg down my calls \ud83d\ude02! Try harder , let see 10-15$ drop, I will avg down. Y\u2019all bears can\u2019t drop apple , we will see 180s again anyways ! Watch and learn, y\u2019all let fluffy news and fed scare y\u2019all to sell but u know we always go back up to all times high \ud83e\udd23. U will regret .. keep sellling so I can load calls . $SPY $QQQ", "time": 1641448841.0, "sentiment": "Bullish"}, {"id": 423919844, "text": "$AAPL open at $177.65\ud83e\udd14", "time": 1641448807.0, "sentiment": "Bullish"}, {"id": 423919679, "text": "$AAPL bounce back tomorrow. This sell off is annoying...", "time": 1641448774.0, "sentiment": ""}, {"id": 423919187, "text": "$AAPL Added 177.5 c .96 and shares at 174.2 ah. Flipping", "time": 1641448680.0, "sentiment": "Bullish"}, {"id": 423918148, "text": "Sweep Options Activity: $AAPL is the #2 ticker with sweep activity where institutions are trading options urgently with 114.3K sweep contracts, a leading indicator of market movement.\n\nMarket analysis and options contracts included in screenshot of dashboard from http://insiderfinance.io.", "time": 1641448484.0, "sentiment": ""}, {"id": 423917678, "text": "$AAPL NEW ARTICLE : Jim Cramer&#39;s 2022 forecast for the best-performing Dow stocks last year https://www.stck.pro/news/AAPL/20944381", "time": 1641448387.0, "sentiment": ""}]