[{"id": 423991922, "text": "$AAPL Still short. In an ideal world, it&#39;s cover and ride from $165. But this is a powerhouse. Tentative.", "time": 1641467708.0, "sentiment": ""}, {"id": 423991829, "text": "$UBER Shares will suffer till they pay their drivers TWICE what they are now $SPY $AAPL $AMZN $IWM", "time": 1641467665.0, "sentiment": ""}, {"id": 423991806, "text": "$AAPL $178-$180 range tomorrow I can feel it \ud83d\ude09", "time": 1641467653.0, "sentiment": "Bullish"}, {"id": 423991743, "text": "$AAPL good thing apple can buy back its own stock\n\nhttps://arstechnica.com/gadgets/2022/01/the-oneplus-10-pro-is-official-sports-80-w-charging/", "time": 1641467626.0, "sentiment": "Bearish"}, {"id": 423991696, "text": "$TSLA Truth since last few years while the bears cried each time, its gonna fall to the ground! $SPY $AAPL $FSR", "time": 1641467607.0, "sentiment": "Bullish"}, {"id": 423990273, "text": "$TSLA if you have Stocks/ETFs and its still unrealized, u have nothing to worry! It will eventually come back. You worry only if u have options and its expiring shortly or any leveraged products. $SPY $AAPL $FSR", "time": 1641467056.0, "sentiment": "Bullish"}, {"id": 423989981, "text": "$SPY Instagram gurus about to lose it all this week. They&#39;ve been bragging amount the money they&#39;ve made sooo much $AAPL $MSFT $TSLA", "time": 1641466939.0, "sentiment": ""}, {"id": 423989867, "text": "$TSLA $AAPL  i am gonna keep buying for the next 2 years as the market does a correction. I might put a few grand in $F but still need to research. I will not do any retail until at least 2025. \ud83d\ude43 You were warned time to invest wisely! Adapt and overcome!", "time": 1641466897.0, "sentiment": "Bullish"}, {"id": 423989799, "text": "$AAPL 150 tomorrow \n125 next week", "time": 1641466876.0, "sentiment": ""}, {"id": 423988865, "text": "$AAPL charted 3 months ago.", "time": 1641466524.0, "sentiment": ""}, {"id": 423987917, "text": "$aapl shdda held these puts. I would be really upset if they move to 2 digits", "time": 1641466195.0, "sentiment": ""}, {"id": 423987814, "text": "$AAPL buy and hold\u2026 #1 sure thing stock.. #1", "time": 1641466157.0, "sentiment": "Bullish"}, {"id": 423987620, "text": "$SPY Those stupid all time high records (by virtue of $AAPL, $NVDA &amp; $TSLA et al. are now coming back to haunt the market. I feel bad for retailers holding small cap stocks because they never benefited from all those all time high pumps, but they will tumble big with the mega cap stocks.", "time": 1641466086.0, "sentiment": ""}, {"id": 423986135, "text": "$AAPL $AMZN $AMD Ever wonder how we are so damn accurate with our plays? The SECRET SAUCE is one reason and it\u2019s described HERE. See the comments for more info and message me for your free trial! \nLet\u2019s get you STACKING!\n\nhttps://youtu.be/-OUC1pVTzf4", "time": 1641465608.0, "sentiment": ""}, {"id": 423984675, "text": "$AAPL - looks like $200 will have to wait, chart says back to $150", "time": 1641465132.0, "sentiment": "Bearish"}, {"id": 423984574, "text": "$SPY The Market revisits SPY 449 very quickly \nBut wait that\u2019s not the extent of the pain fit the  market\nMarket could be hit with a -15% correction which would being the SPY from 480 down to 408 \nGood and Bad stocks correction  \nvaluations correction further \nvalue stocks correct\n all stocks will go down\n$QQQ $PTON $AAPL $MSFT", "time": 1641465097.0, "sentiment": "Bearish"}, {"id": 423984451, "text": "@Markfridaybull \n\nPeep $MVIS.  So many stocks are getting taken behind the woodshed.  It\u2019s only $AAPL holding the indices up, and even that\u2019s failing now.", "time": 1641465054.0, "sentiment": "Bearish"}, {"id": 423982870, "text": "@_Navi $AAPL", "time": 1641464563.0, "sentiment": ""}, {"id": 423982543, "text": "$AMZN $AAPL $MSFT $SHOP \n\nWaiting for happy shopping time for weeks, but Christmas deal was not cheap, and no Cyber Monday deal this year...\n\n$AMZN  $3200-\n$MSFT   $307-\n$AAPL    $167-\n$SHOP   $1157-", "time": 1641464454.0, "sentiment": "Bullish"}, {"id": 423981792, "text": "$AAPL please DO NOT MENTION OUR PRESIDENTS NAME\nHE IS A COMPLETE JINX AS HIS ADMINISTRATION\u2026trying to ruin EV on their own", "time": 1641464206.0, "sentiment": "Bullish"}, {"id": 423981064, "text": "$AAPL - your dumb fuc president, ole slo sleepy joe, yesterday said 2020 will be the best year yet! = 2 yrs &amp; 4 days behind reality???", "time": 1641463981.0, "sentiment": ""}, {"id": 423980217, "text": "$BTC.X $SPY $QQQ $TSLA $AAPL  \n \nJapan down 2.5%, futures getting absolutely hammered.  \n \nBears are used to seeing this, only for the market to rip green the next day. But I\u2019m trying to tell you this time is different\u2026.  \n \n\ud83d\udd2e\u26d1\ud83d\udcb0", "time": 1641463713.0, "sentiment": "Bearish"}, {"id": 423979024, "text": "$QQQ $AAPL $F $SPY $IWM  \nIt&#39;s following the trendline, relax. The market can&#39;t just go straight up without some jumping room", "time": 1641463385.0, "sentiment": ""}, {"id": 423978426, "text": "$SDOW $SPY $QQQ $AAPL SHORTING THE WHOLE MARKET!! Crash all year.", "time": 1641463210.0, "sentiment": ""}, {"id": 423977942, "text": "$AAPL buying the dip is mighty wise", "time": 1641463061.0, "sentiment": "Bullish"}, {"id": 423977266, "text": "$SPY do I sell all my June calls for $SPY $QQQ $F $AAPL $IWM IM GETTING SLAUGHTERED", "time": 1641462880.0, "sentiment": ""}, {"id": 423976876, "text": "$AAPL https://www.prnewswire.com/news-releases/class-action-lawsuit-filed-in-california-alleging-google-is-paying-apple-to-stay-out-of-the-search-engine-business-301453098.html", "time": 1641462775.0, "sentiment": "Bearish"}, {"id": 423975122, "text": "$AMZN futures are sinking. Puts going to print tomorrow $TSLA $NVDA $AMD $AAPL", "time": 1641462273.0, "sentiment": "Bearish"}, {"id": 423974665, "text": "$SPY $QQQ $TSLA $AAPL Satan is coming to town.", "time": 1641462137.0, "sentiment": "Bearish"}, {"id": 423972716, "text": "$AAPL AAPL 2022-01-05 Dark Pool &amp; Short Interest Data: \nhttps://www.youtube.com/watch?v=P0FCmYwN5aQ", "time": 1641461583.0, "sentiment": ""}]