[{"id": 424016713, "text": "$SPY $AAPL Quantitative tightening, bye bye bubble, hello to return to normal investable markets.  Expecting a 25% drop from here", "time": 1641487507.0, "sentiment": "Bearish"}, {"id": 424016461, "text": "$AAPL Today, I believe Tech will be green. Because everyone knows that technology is extremely inexpensive. As a result, we will most likely see a market shift today. Which would be a green light for LCID. So I&#39;m hoping for green today.\ud83e\udd47", "time": 1641487328.0, "sentiment": "Bullish"}, {"id": 424016295, "text": "$AAPL APPL will rise on its own merits. Ignore the noise of higher rates blah blah blah. Contrary to what the financial talking heads want you to believe, it\u2019s not interest rates that control the market, it\u2019s great companies with great earnings.", "time": 1641487218.0, "sentiment": ""}, {"id": 424016263, "text": "$AAPL $176.20 close.  \n\n\ud83e\uddde", "time": 1641487199.0, "sentiment": "Bullish"}, {"id": 424015251, "text": "You can\u2019t make this stuff up $SPY $QQQ $AAPL", "time": 1641486466.0, "sentiment": ""}, {"id": 424015103, "text": "$BA $AAPL $BTC.X https://twitter.com/AlbertoFNeumann/status/1479035996448731138", "time": 1641486364.0, "sentiment": "Bullish"}, {"id": 424015040, "text": "$AMC look at $aapl The average number of FTDs per day for December 2021 is 37,448.\n\nCompare that with $AMC \n\nThe average number of FTDs per day for December 2021 is 201,887.\n\nDon&#39;t tell me there is not some serious f*ckery going on here and illegal practices potentially. Imo.", "time": 1641486325.0, "sentiment": "Bullish"}, {"id": 424014626, "text": "$AAPL \u2014-&gt; MYNZ in play for Short Squeeze today!!!", "time": 1641486011.0, "sentiment": "Bullish"}, {"id": 424014602, "text": "$AAPL $FB now green, $AMZN now green, $BABA new green, $MSFT about to turn green. Will the Apple of everyone&#39;s eye $AAPL  follow and turn green.", "time": 1641485999.0, "sentiment": "Bullish"}, {"id": 424014572, "text": "$XBI only 7B MC, while $AAPL 3T MC, $TSLA 1T MC, ... and we are in the middle of wort pandemic ever! it is a fucked up world indeed! #wallstreet shame on you!!!", "time": 1641485966.0, "sentiment": ""}, {"id": 424014538, "text": "$AAPL was analyzed by 48 analysts. The buy consensus is at 83%. So analysts seem to be very confident about $AAPL. https://www.chartmill.com/stock/analyzer/stock/AAPL?view=analyst-ratings&amp;utm_source=stocktwits&amp;utm_medium=ANALYST&amp;utm_content=AAPL&amp;utm_campaign=social_tracking", "time": 1641485940.0, "sentiment": ""}, {"id": 424014499, "text": "$AAPL blocked", "time": 1641485907.0, "sentiment": ""}, {"id": 424013801, "text": "$AAPL get ready for AAPL hell day", "time": 1641485295.0, "sentiment": "Bearish"}, {"id": 424013710, "text": "$BTC.X ive been buying since 2015 and I still think all of crypto is way undervalued. \n \nAnd I still buy up here, and bought in the 60s too. Y\u2019all dropping $AAPL pre iphone, and I\u2019m just a vacuum.", "time": 1641485222.0, "sentiment": "Bullish"}, {"id": 424013431, "text": "$SPY $MSFT $AAPL $AMD $TSLA Get for the vicious V, followed by broke bears crying about \u201cManipulation\u201d", "time": 1641484980.0, "sentiment": "Bullish"}, {"id": 424012190, "text": "$VUZI https://vr-compare.com/headset/vuzixshield.  Remember when the bashers used to say this day would never come? $AAPL #metaverse $FB $WMT $AMZN.", "time": 1641483905.0, "sentiment": "Bullish"}, {"id": 424011736, "text": "$AAPL NEW ARTICLE : Berkshire Hathaway Q4 2021 Earnings And Book Value Estimates - Berkshire Could Crush The S&amp;P In 2022 https://www.stck.pro/news/AAPL/20966878", "time": 1641483552.0, "sentiment": ""}, {"id": 424010953, "text": "$SPY $AAPL $TSLA $NVDA $MSFT \nBlood bath in EU exchanges", "time": 1641482946.0, "sentiment": "Bearish"}, {"id": 424010891, "text": "$AAPL retail shakeout.\n\nDark pools at $174.50 / $176.17 / $177.84 / $179.51\n\nLet \u2018em panic.", "time": 1641482896.0, "sentiment": "Bullish"}, {"id": 424010702, "text": "$AAPL wtf why is this fckin tanking so hard. It fckik don&#39;t move up that quick", "time": 1641482744.0, "sentiment": ""}, {"id": 424010674, "text": "$AAPL up we go", "time": 1641482722.0, "sentiment": "Bullish"}, {"id": 424009167, "text": "$AQUAGOAT.X $AAPL  Aquagoat is trending top 10 on cmc! This gem is about to moon hard! So many developments coming! Very strong project! Checkout \n\nAquagoat.finance  \ud83c\udf0a\ud83d\udc10\ud83d\ude80\n\nThis eco friendly token is changing our world! Don\u2019t be late!", "time": 1641481339.0, "sentiment": "Bullish"}, {"id": 424009023, "text": "$AAPL Simulated 177.5 dollar CALLS for Thursday&#39;s open on StockOrbit.\n https://apps.apple.com/us/app/stockorbit/id1541560646", "time": 1641481221.0, "sentiment": ""}, {"id": 424008641, "text": "$AAPL $TSLA $XBI $FB Big news for NVAX in UK", "time": 1641480790.0, "sentiment": "Bullish"}, {"id": 424008635, "text": "$AAPL $TSLA $XBI $FB Big news for NVAX in", "time": 1641480785.0, "sentiment": "Bullish"}, {"id": 424008591, "text": "$AAPL $TSLA $XBI $FB", "time": 1641480740.0, "sentiment": "Bullish"}, {"id": 424007495, "text": "$AAPL $TSLA  $AQUAGOAT.X  trending top 10 on cmc! This gem is about to moon hard! So many developments coming! Ver strong project! Checkout \n\nAquagoat.finance  \ud83c\udf0a\ud83d\udc10\ud83d\ude80", "time": 1641479478.0, "sentiment": "Bullish"}, {"id": 424007088, "text": "$INTC $FB $WIMI $AAPL The metaverse isn&#39;t a blank check anymore, it&#39;s a trend! Virtual reality is calling for big tech companies\nhttps://medium.com/@elyseewpryh67/the-metaverse-isnt-a-blank-check-anymore-it-s-a-trend-e0c3aa3c3caa", "time": 1641479011.0, "sentiment": "Bullish"}, {"id": 424006220, "text": "$AAPL News item today: ATT &amp; Verizon delay rollout of  5G; sales of smart phones may plunge.", "time": 1641477946.0, "sentiment": "Bearish"}, {"id": 424002448, "text": "$AAPL AAPL 2022-01-05 Dark Pool &amp; Short Interest Data: \nhttps://www.youtube.com/watch?v=P0FCmYwN5aQ", "time": 1641474244.0, "sentiment": ""}]