[{"id": 424028918, "text": "$AAPL buy the dip you can\u2019t predict the market", "time": 1641493393.0, "sentiment": "Bullish"}, {"id": 424028756, "text": "$AAPL Bottom is not in yet! She&#39;s still breaking down,, Waiting for re entry", "time": 1641493338.0, "sentiment": "Bearish"}, {"id": 424028751, "text": "$AAPL 4 hour chart very close to over sold. Worst case we see 170 today or tomorrow. Then we start the earnings run up. After that I do believe we see a 10-15% correction into April/may unless we see some big announcements", "time": 1641493335.0, "sentiment": ""}, {"id": 424028244, "text": "$AAPL is set to go to $4 Trillion. Time to load up today!  https://finance.yahoo.com/amphtml/news/apples-road-to-4-trillion-starts-with-its-rumored-headset-and-apple-car-180910042.html", "time": 1641493148.0, "sentiment": ""}, {"id": 424027870, "text": "$AAPL 170", "time": 1641493030.0, "sentiment": "Bearish"}, {"id": 424026210, "text": "$AAPL enough is enough", "time": 1641492471.0, "sentiment": ""}, {"id": 424025686, "text": "$AAPL  eyes on the prize $CLX keep your eyes on $FATBB low float jumps to the 20s afew times a year and it&#39;s coming soon", "time": 1641492283.0, "sentiment": ""}, {"id": 424025389, "text": "$PLTR $MSFT $AAPL @Louloumeems  The all and powerful  OZ.\ud83d\ude00", "time": 1641492176.0, "sentiment": "Bullish"}, {"id": 424025103, "text": "$SPY I\u2019m glad the BogDanoffs weren\u2019t here to see this mess. $QQQ $AAPL", "time": 1641492078.0, "sentiment": ""}, {"id": 424024844, "text": "$AAPL Simulated 177.5 dollar CALLS for Thursday&#39;s open on StockOrbit.\n https://apps.apple.com/us/app/stockorbit/id1541560646", "time": 1641492020.0, "sentiment": ""}, {"id": 424024476, "text": "$AAPL \n\nThis stock will ignore just rise in 10 yr yield rise \n\nLook at the chart .. the rate has fallen a lot hence this yield is still cheap.\n\nNo need to panic over the rise of yield .. it\u2019s normal and cheap overall.", "time": 1641491914.0, "sentiment": "Bullish"}, {"id": 424023903, "text": "$AAPL we banking big today.\ud83e\udd1e\ud83e\uddf8\ud83d\udcb0\n\nFar from over.\n\n$MARA $BTC.X $ETH.X $GREE", "time": 1641491679.0, "sentiment": "Bearish"}, {"id": 424023785, "text": "$AAPL this free falling who catching the knife", "time": 1641491618.0, "sentiment": ""}, {"id": 424023764, "text": "$AAPL and what do folks do with a dip?\nBuy buy buy \nYahoooo", "time": 1641491601.0, "sentiment": "Bullish"}, {"id": 424023602, "text": "$AAPL sick ppl we live with", "time": 1641491522.0, "sentiment": "Bullish"}, {"id": 424022548, "text": "$AAPL ok, last prediction:\n\nPuts print heavy at $174.01 / $173.80\n\nWe open above $174.01 and go to $174.50- $176.18\n\nBelow leads to: \n$172.80\n&lt;172.80 = 170.92 to 167.38", "time": 1641491013.0, "sentiment": ""}, {"id": 424022489, "text": "$AAPL \u201cMac D triple crossed over the left side of the titty doing a super soaker hairy hip thrust, I\u2019ll buy when it hits 24 dollars\u201d - Bears", "time": 1641490982.0, "sentiment": ""}, {"id": 424021592, "text": "$RMO $AAPL deal being announced soon!!!", "time": 1641490526.0, "sentiment": "Bearish"}, {"id": 424021347, "text": "$AMD $AAPL $AMZN $FB $HOOD you are all so pooped!", "time": 1641490395.0, "sentiment": ""}, {"id": 424021174, "text": "$SPY Buying more $SPY and $AAPL for the kids portfolios.", "time": 1641490302.0, "sentiment": ""}, {"id": 424020825, "text": "$AAPL Apple always does this those here know it.  However I have no issue playing it both ways.  We can all get along well here just know the bottom is near maybe 170, but that&#39;s about it.  Of course as long as Dems rule 0 is also an option.....You guys know how to fix that......", "time": 1641490100.0, "sentiment": "Bullish"}, {"id": 424020800, "text": "$AAPL NEW ARTICLE : Apple Stock: Robust Demand to Drive it Higher https://www.stck.pro/news/AAPL/20971681", "time": 1641490086.0, "sentiment": ""}, {"id": 424020434, "text": "$AAPL Economy looking strong. FED is doing the right thing. Markets will be grateful today.", "time": 1641489862.0, "sentiment": "Bullish"}, {"id": 424019740, "text": "$AAPL, $RMTI here goes on http://www.stocksequity.com/active-stocks/glowing-stocks-review-apple-inc-nasdaqaapl-rockwell-medical-inc-nasdaqrmti/", "time": 1641489445.0, "sentiment": ""}, {"id": 424019409, "text": "$BIGC \n\nSold $AAPL and $MSFT before the dip, still holding a lot of powder, loading more BigCommerce at these levels.", "time": 1641489253.0, "sentiment": "Bullish"}, {"id": 424018108, "text": "$AAPL  in a 175 sl 167 tp 190 - 2 week again", "time": 1641488529.0, "sentiment": ""}, {"id": 424017916, "text": "$AAPL $AMZN  $TSLA  $PTON  inflation will crush bloated high pe stocks ie the entire tech/retail sector.  it will be coming down hard  before inflation actually crushes the economy remember the stock market predicts the future.  Hedge funds are already piling into commodities  mark this post\ud83d\udc47", "time": 1641488414.0, "sentiment": ""}, {"id": 424017306, "text": "Sweep Options Activity: $AAPL is the #2 ticker with sweep activity where institutions are trading options urgently with 114.3K sweep contracts, a leading indicator of market movement.\n\nMarket analysis and options contracts included in screenshot of dashboard from http://insiderfinance.io.", "time": 1641487991.0, "sentiment": ""}, {"id": 424016815, "text": "Unusual Options Activity: $AAPL is the #27 ticker with unusual activity from institutional traders with an average of 14% out of the money, a leading indicator of market movement.\n\nMarket analysis and options contracts included in screenshot of dashboard from http://insiderfinance.io.", "time": 1641487593.0, "sentiment": ""}, {"id": 424016724, "text": "$AAPL \ud83c\udf4f\ud83d\udcb0", "time": 1641487513.0, "sentiment": ""}]