[{"id": 424069535, "text": "$AAPL  l p l", "time": 1641501055.0, "sentiment": ""}, {"id": 424069495, "text": "$AAPL this is a don\u2019t look at my portfolio type of day.", "time": 1641501049.0, "sentiment": ""}, {"id": 424069085, "text": "$AAPL I was not ready to wake up to this horrible speech!", "time": 1641500998.0, "sentiment": ""}, {"id": 424068798, "text": "$AAPL this hurts my eyes", "time": 1641500968.0, "sentiment": ""}, {"id": 424068745, "text": "$AAPL hahah bet 5 trill in years to come hahahahaha", "time": 1641500961.0, "sentiment": "Bullish"}, {"id": 424068690, "text": "$AAPL effity eff eff eff", "time": 1641500955.0, "sentiment": ""}, {"id": 424068495, "text": "$AAPL overreaction, or sell all and sit on the sidelines", "time": 1641500933.0, "sentiment": ""}, {"id": 424068480, "text": "$AAPL L\u2b55\ufe0fad \ud83c\udd99 now or regret this golden \u2b55\ufe0fppertunity", "time": 1641500932.0, "sentiment": "Bullish"}, {"id": 424068380, "text": "$AAPL \n\nI guess I will be patient.. it\u2019s just algo trying to play the game \u2026 I will see how it goes .. it looks like they will let you buy more short or puts on the bottom them shoot up ..\n\nToo many puts on demand than call demand.\n\nI am guessing more of bear trap by killing all the puts premiums and rewarding some call premiums before EOW.", "time": 1641500921.0, "sentiment": "Bullish"}, {"id": 424068329, "text": "$AAPL Below $170", "time": 1641500914.0, "sentiment": ""}, {"id": 424068264, "text": "$AAPL wow horrid to watch", "time": 1641500907.0, "sentiment": ""}, {"id": 424068005, "text": "$TSLA $AAPL funny I think Musk is a douche bag", "time": 1641500875.0, "sentiment": ""}, {"id": 424067944, "text": "$AAPL \ud83c\udf4f\ud83c\udf4f\ud83c\udf4f\u2764\ufe0fyes\ud83c\udf4f\ud83d\udc4a\ud83c\udffc\ud83c\udf4f\ud83c\udf4f\ud83d\udc4a\ud83c\udffc\ud83e\udd32\ud83c\udffb\ud83e\udd32\ud83c\udffb\ud83e\udd32\ud83c\udffb\ud83d\udc4a\ud83c\udffc\ud83d\udc4a\ud83c\udffc\ud83d\udc4a\ud83c\udffc\ud83c\udf4f\ud83c\udf4f\ud83c\udf4f\u203c\ufe0f\u203c\ufe0f\u203c\ufe0f", "time": 1641500867.0, "sentiment": "Bullish"}, {"id": 424067933, "text": "https://youtu.be/25QPjVAyPlk Are we getting there? Thoughts? $AAPL $study", "time": 1641500866.0, "sentiment": ""}, {"id": 424067887, "text": "$AAPL FJB LIAR! YES, the elections were stolen!", "time": 1641500861.0, "sentiment": "Bullish"}, {"id": 424067794, "text": "$NFLX favorite streaming. $AAPL favorit stock and Phone and of course SYTA! definitely best play of the week. Stay or chase. My profit will go straight into \ud83c\udf4e or Netflix. Or buying lots of Lego", "time": 1641500851.0, "sentiment": "Bullish"}, {"id": 424066996, "text": "$AAPL trend support on watch today, already bouncing off $173 in PM. Cheers and gl everyone!", "time": 1641500753.0, "sentiment": "Bullish"}, {"id": 424066878, "text": "$AAPL what da..", "time": 1641500737.0, "sentiment": ""}, {"id": 424066392, "text": "$AAPL Of course they try to pump this  a half an hour before", "time": 1641500677.0, "sentiment": "Bearish"}, {"id": 424066348, "text": "$AAPL https://www.theblaze.com/op-ed/horowitz-letter-to-faa-warns-that-federal-law-prohibits-commercial-pilots-from-flying-after-taking-experimental-shots", "time": 1641500673.0, "sentiment": "Bullish"}, {"id": 424065965, "text": "$AAPL spearmint", "time": 1641500617.0, "sentiment": ""}, {"id": 424065824, "text": "$TSLA $AAPL", "time": 1641500598.0, "sentiment": ""}, {"id": 424065446, "text": "January 6, 2022\n$SPY $468 to $470. Over $470 to $471.50. over $471.70 to $473. Below $468 to $466-$465. Below $465 to $463-$462\n \n$AAPL $173 to $175. Over $175 to $176.50. Below $172.85 to $172-$171-$170\n \n$BA $212 to $215 Over $215 to $217. Below $212 to $210\n \n$NVDA $275 to $280. Over $280 to $282. Over $282.50 to $285-$288. Below $275 to $270. Below $269 to $265-$263\n \n$AMD $135 to $138. Over $138 to $140-$141.50. Below $135 to $133. Below $133 to $130", "time": 1641500547.0, "sentiment": ""}, {"id": 424065129, "text": "$TSLA $AAPL reason why these both ascended so high is because of the people these companies are and have been associated with. People love a company with a significant figure at the top. Apple is still a great company but with Elon at the top of the board in my opinion he is now the new Steve Jobs but significantly better and will do a lot bigger things for humanity", "time": 1641500503.0, "sentiment": "Bullish"}, {"id": 424064097, "text": "$MSFT still being careful on day trading\u2026the scene looks like 2018 drop. $VIx still high. Sellers may start selling on any rise. Watching today! \n\n$AAPL $amzn $fb worth buying if one does not own", "time": 1641500365.0, "sentiment": "Bullish"}, {"id": 424064090, "text": "$LUV Biden get over it. Get to work your #&#39;s are down. $AAPL $MSFT $UAL $L", "time": 1641500364.0, "sentiment": "Bullish"}, {"id": 424063898, "text": "$AAPL", "time": 1641500339.0, "sentiment": ""}, {"id": 424063679, "text": "$AAPL adding at opening!", "time": 1641500304.0, "sentiment": "Bullish"}, {"id": 424063198, "text": "$AAPL bounce off 171.50", "time": 1641500241.0, "sentiment": ""}, {"id": 424062940, "text": "$LCID $BNGO $AAPL My three biggest long term bets.", "time": 1641500202.0, "sentiment": "Bullish"}]