[{"id": 424076196, "text": "$AAPL it&#39;s definitely a strong comeback", "time": 1641501708.0, "sentiment": "Bullish"}, {"id": 424075769, "text": "$AAPL hand sitting day", "time": 1641501670.0, "sentiment": "Bullish"}, {"id": 424074968, "text": "$AAPL &gt;10% of avg daily volume in 9 mins", "time": 1641501590.0, "sentiment": "Bullish"}, {"id": 424074614, "text": "$SPY $AAPL $WMT $UVXY another long $TQQQ winner from after hours $149.08 sold this morning $150.58. You can see the trade alert in my StockTwits feed. Nicely done Finom Group traders!", "time": 1641501555.0, "sentiment": ""}, {"id": 424074553, "text": "$AAPL  I would agree I feel like this has a gap lower to fill", "time": 1641501548.0, "sentiment": ""}, {"id": 424074346, "text": "$AAPL  I retract my effity eff eff. Nice turn around apple! I needed it. Lmao.", "time": 1641501528.0, "sentiment": ""}, {"id": 424074148, "text": "$AAPL will go green to red  and my 172.5 puts will start printing", "time": 1641501509.0, "sentiment": "Bearish"}, {"id": 424074048, "text": "$AAPL WE\u2019RE NOT GONNA TAKE IT!!!!! \ud83d\ude80\ud83d\ude80\ud83d\ude80\ud83d\ude80\ud83d\ude80\ud83d\ude80\ud83d\ude80\ud83d\ude80\ud83d\ude80\ud83d\ude80\ud83d\udcb8\ud83d\udcb8\ud83d\udcb8\ud83d\udcb8\ud83d\udcb8\ud83d\udcb8\ud83d\udcb8\ud83d\udcb8\ud83d\udcb8\ud83d\udcb8\ud83d\udcb8\ud83d\udcb8\ud83d\udd25\ud83d\udd25\ud83d\udd25\ud83d\udd25\ud83d\udd25\ud83d\udd25\ud83d\udd25\ud83d\udd25\ud83d\udd25\ud83d\udd25\ud83d\udd25\ud83d\udd25", "time": 1641501500.0, "sentiment": "Bullish"}, {"id": 424074016, "text": "$AAPL I sold my PUTs will wait to see where the market wants to go", "time": 1641501497.0, "sentiment": ""}, {"id": 424073742, "text": "$AAPL  \ud83c\udf4f Nasdaq, is green.", "time": 1641501471.0, "sentiment": "Bullish"}, {"id": 424073539, "text": "$AAPL Gosh help the market OUR DUMMY PRESIDENT IS RUNNING HIS MOUTH \nHOLD ON TO YOUR WALLETS \nBS incoming", "time": 1641501453.0, "sentiment": "Bullish"}, {"id": 424073230, "text": "$AAPL buying all dips", "time": 1641501424.0, "sentiment": "Bullish"}, {"id": 424073031, "text": "$AAPL", "time": 1641501406.0, "sentiment": "Bullish"}, {"id": 424073026, "text": "$AAPL bull trap", "time": 1641501406.0, "sentiment": ""}, {"id": 424072906, "text": "$AAPL I still stand behind this sentiment", "time": 1641501395.0, "sentiment": ""}, {"id": 424072511, "text": "$AAPL enter my short for a scalp", "time": 1641501359.0, "sentiment": ""}, {"id": 424072251, "text": "$AAPL still holding \ud83e\udd1e\ud83e\uddf8\ud83d\udcb0", "time": 1641501337.0, "sentiment": "Bearish"}, {"id": 424071622, "text": "$MSTR here we go!\ud83e\uddf8\ud83e\udd1e\n\nNews on saylor heart attack very soon.\n\n$BTC.X $ETH.X $MARA $AAPL", "time": 1641501279.0, "sentiment": "Bearish"}, {"id": 424071617, "text": "$AAPL time to\nHead up! Drop from 183 to 173 in 2 days .", "time": 1641501278.0, "sentiment": "Bullish"}, {"id": 424071351, "text": "$AAPL then you realize the interest rate isn\u2019t even that much money &amp; it only pays out once a month \nSignature Here  X___________", "time": 1641501251.0, "sentiment": "Bullish"}, {"id": 424071263, "text": "$GOOG $AAPL  here&#39;s the bounce as predicted... Today it&#39;s safe to say will be a Green Day", "time": 1641501241.0, "sentiment": ""}, {"id": 424071151, "text": "$AAPL 60 Feb $180 strikes loaded", "time": 1641501231.0, "sentiment": ""}, {"id": 424071125, "text": "1.6 Mil $AAPL @ 172.4", "time": 1641501229.0, "sentiment": ""}, {"id": 424070930, "text": "$AAPL 160 eom", "time": 1641501210.0, "sentiment": ""}, {"id": 424070875, "text": "$AAPL Value stock, Google and FB are green this one may go green as well. People leaving growth stocks.", "time": 1641501204.0, "sentiment": ""}, {"id": 424070823, "text": "$AAPL waiting to scalp a put on this pop", "time": 1641501199.0, "sentiment": ""}, {"id": 424070561, "text": "$AAPL Only unarmed Ashley Babbit was killed. She was a Trump supporter - only one dead! The entire \u201criot\u201d was a set-up. They won\u2019t release the footage.", "time": 1641501175.0, "sentiment": "Bearish"}, {"id": 424070488, "text": "Mixed start with big tech still in the red!!! $MFST $AAPL $GOOG $TSLA $AMZN #dailyfreshpicks", "time": 1641501165.0, "sentiment": "Bullish"}, {"id": 424070348, "text": "$AAPL what&#39;s volume again? where can I find my chart seemed to have lost it", "time": 1641501151.0, "sentiment": ""}, {"id": 424070282, "text": "$AAPL in earnings I trust", "time": 1641501144.0, "sentiment": "Bullish"}]