[{"id": 424103375, "text": "$AAPL Buying more eod", "time": 1641503788.0, "sentiment": "Bullish"}, {"id": 424102776, "text": "$SPY much needed hair cut. Hate to say it but it was about time. $AAPL 3 trillion dollar company? Get tf out of here! $TSLA over 1000 per share? Tf? All this fkn crazy valuations needed a reality check. $QQQ $AMZN", "time": 1641503749.0, "sentiment": ""}, {"id": 424102072, "text": "$AAPL  Is Apple&#39;s Stock Overvalued Or Undervalued?\n\nhttps://m.benzinga.com/article/24914940", "time": 1641503705.0, "sentiment": ""}, {"id": 424100509, "text": "$AAPL No mention of Apple on CNBC now that it\u2019s no longer $3T LOL!", "time": 1641503603.0, "sentiment": ""}, {"id": 424100091, "text": "Cramer says tech stocks could bottom one day after Nasdaq&#39;s nosedive - CNBC $QQQ $FNGU $TQQQ $AAPL $NVDA  https://apple.news/AqVsFE91AR8amzO5TssKZvg", "time": 1641503578.0, "sentiment": ""}, {"id": 424100018, "text": "$AAPL I feel like a bear that keeps adding to his short. I just keep buying calls every drop hahaha", "time": 1641503574.0, "sentiment": ""}, {"id": 424099436, "text": "$AAPL looks like it\u2019s breaching 172$ support and then to 167$?!", "time": 1641503538.0, "sentiment": ""}, {"id": 424098833, "text": "$AAPL", "time": 1641503501.0, "sentiment": ""}, {"id": 424098788, "text": "$ERBB $AAPL $MSFT $META $GOOG  \n \nUp yours wall street, buy pot stocks. You hedge fund are the only flukes selling now.", "time": 1641503498.0, "sentiment": "Bullish"}, {"id": 424097458, "text": "$AMZN I think AMZN should bottom close to here, as others like $MSFT $GOOGL $AAPL keep going to their 200 day", "time": 1641503410.0, "sentiment": ""}, {"id": 424097434, "text": "$AAPL Third can&#39;t even follow the NASDAQ. Crock of shit the last 3 days.", "time": 1641503409.0, "sentiment": ""}, {"id": 424097133, "text": "$AAPL $NVDA $AMD the bubble has just busted!", "time": 1641503388.0, "sentiment": ""}, {"id": 424096930, "text": "$SPY $AAPL $MSFT $TSLA $SQ \nBulltard are wrong again. \nDon\u2019t catch a falling knife yet at 2nd day at yearly correction. Worse to come.", "time": 1641503375.0, "sentiment": "Bearish"}, {"id": 424096780, "text": "$AAPL thank you guys for them nice scalps with that  I&#39;m done for the day good luck out there", "time": 1641503367.0, "sentiment": ""}, {"id": 424096524, "text": "$AAPL I think I figured out Biden\u2019s plan. He\u2019s making everything equal by making everyone poor. It\u2019s genius!", "time": 1641503348.0, "sentiment": ""}, {"id": 424095757, "text": "$LCID $AAPL $TSLA $AMZN $RIVN never forget", "time": 1641503302.0, "sentiment": ""}, {"id": 424095194, "text": "Double bottom on $AAPL. Any takers?", "time": 1641503267.0, "sentiment": ""}, {"id": 424095013, "text": "$AAPL the otters at $SEAS must shit gold or something", "time": 1641503256.0, "sentiment": ""}, {"id": 424094788, "text": "$AAPL let&#39;s go bulls", "time": 1641503241.0, "sentiment": "Bullish"}, {"id": 424094701, "text": "$LCID shitty market today - nothing to do with lucid. Great company ! $AAPL , $QQQ , $NVDA , $TSLA - everything in my portfolio is red!", "time": 1641503237.0, "sentiment": "Bullish"}, {"id": 424094343, "text": "$AAPL 167 and if that doesn\u2019t hold 161. Then I\u2019m going long for the reversal. Glta", "time": 1641503215.0, "sentiment": "Bearish"}, {"id": 424093323, "text": "$AAPL $165 would make me load up so much", "time": 1641503146.0, "sentiment": ""}, {"id": 424092539, "text": "$AAPL oh man .. no support until 167$ getting nasty", "time": 1641503092.0, "sentiment": ""}, {"id": 424092537, "text": "$AAPL let&#39;s see how the next  5 min opens before I do another scalp trade bull side.", "time": 1641503092.0, "sentiment": ""}, {"id": 424092321, "text": "$AAPL THE Wallstreet PURGE  $ALGS $BLI $PLTR", "time": 1641503079.0, "sentiment": ""}, {"id": 424092013, "text": "$AAPL $170 puts \ud83d\udd25", "time": 1641503058.0, "sentiment": "Bearish"}, {"id": 424091944, "text": "$AAPL $182.5 Call expires on 01/07/2022 volume 16,583", "time": 1641503054.0, "sentiment": "Bullish"}, {"id": 424091270, "text": "$AAPL lambo!!!!", "time": 1641503004.0, "sentiment": ""}, {"id": 424090050, "text": "$AAPL $$170", "time": 1641502921.0, "sentiment": "Bearish"}, {"id": 424089294, "text": "$SPY $TSLA $AAPL $NVDA  HAHAHAH BURN MARKET BURN!!\n\nBy far the funnest week this year.", "time": 1641502866.0, "sentiment": "Bearish"}]