[{"id": 424038411, "text": "$AAPL Down 3 days in a row. 182.01 | 179.7 | 174.92 | 173.62 |  https://www.sleekoptions.com/sleekscan.aspx?sub1=dscan", "time": 1641495809.0, "sentiment": ""}, {"id": 424037877, "text": "$AAPL target hit \ud83c\udfaf", "time": 1641495708.0, "sentiment": ""}, {"id": 424037049, "text": "$AAPL 160P Exp:19-Jan-24 \u2193  \ud83d\udd25 Total(Day): $171,325 \n#UnusualActivity \n \n \nSign-up free for beta ver.:https://app.jarvisalerts.com \ncharts: courtesy of finviz", "time": 1641495605.0, "sentiment": ""}, {"id": 424036848, "text": "Why Are Tech Stocks Falling? It&#39;s Not Just the Fed.  $TSLA $AAPL $GOOG $NVDA $MSFT \n\nhttps://newsfilter.io/a/b83137d821dad02f718a0b2777aba5f5", "time": 1641495560.0, "sentiment": ""}, {"id": 424036614, "text": "$AAPL gaps lower on many stocks with an oversold 4 hour. Hmm.", "time": 1641495503.0, "sentiment": ""}, {"id": 424036293, "text": "$QCOM $AAPL $AMZN $SPY  everything this market gives you it will take back with in days and hours.  This will continue for 6-12 months.  Bias to the downside", "time": 1641495429.0, "sentiment": ""}, {"id": 424036198, "text": "$COIN better than Sx oh sorry better than $tsla back in 2014. @250 .. just buy and hold !!! You won\u2019t regret. $btc.x $AAPL $GOOG", "time": 1641495404.0, "sentiment": "Bullish"}, {"id": 424035879, "text": "$LABU $AAPL $TSLA", "time": 1641495321.0, "sentiment": ""}, {"id": 424035421, "text": "$AAPL earnings are going to be bombastic. This should go up soon", "time": 1641495216.0, "sentiment": "Bullish"}, {"id": 424035398, "text": "$PLTR the next $AAPL \ud83d\ude80\ud83d\ude80\ud83d\ude80\ud83d\ude80", "time": 1641495212.0, "sentiment": "Bullish"}, {"id": 424035233, "text": "$AAPL way oversold", "time": 1641495164.0, "sentiment": ""}, {"id": 424035207, "text": "$aapl right to resistance and......tbd.  Earnings soon.", "time": 1641495157.0, "sentiment": ""}, {"id": 424035141, "text": "$AMZN 2020 support $3200\n$TSLA 2020 support $900\n$AAPL 2020 support $160\n BULLISH BEAR", "time": 1641495139.0, "sentiment": "Bullish"}, {"id": 424034875, "text": "@WallSt_Quant I was kind of being sarcastic but seeing how the rest of the garbage know out there is performing $AAPL seems to consistently outperform it all. I\u2019ll continue buying more", "time": 1641495068.0, "sentiment": "Bullish"}, {"id": 424034734, "text": "$AAPL save your powder this is dropping a lot more \n\nVERY simple play here for your 401k add and SIT...I repeat ADD and sit...", "time": 1641495029.0, "sentiment": ""}, {"id": 424034151, "text": "$SPY $AAPL $UVXY $QQQ yet is the predominant ignorance proposed by those without a plan to layer into market SALES. You can\u2019t time the market bottoms nor should you try. The layered approach is the savvy approach. It\u2019s why they write articles bout me and nobody has ever heard of her \ud83d\udc47\ud83d\udc47 so yea, kiddo, I\u2019m buying in layers when stocks are on sale as I was selling when stocks were ripping higher. Thanks for the rhetoric and ignorant prose. You do wrong and I\u2019ll stick with right!", "time": 1641494856.0, "sentiment": ""}, {"id": 424034076, "text": "$AAPL Sold 181 a few weeks ago. Tricky trying to figure out when to get back in.", "time": 1641494840.0, "sentiment": ""}, {"id": 424033312, "text": "$AAPL Pullbacks are part of the game guys!! Only crushes options,,,long stock sleep like a baby and BTMFD", "time": 1641494625.0, "sentiment": "Bullish"}, {"id": 424033131, "text": "$AAPL has a Profit Margin of 25.88%. This is amongst the best returns in the industry. https://www.chartmill.com/stock/analyzer/stock/AAPL?view=fundamental-analysis&amp;key=bb853040-a4ac-41c6-b549-d218d2f21b32&amp;utm_source=stocktwits&amp;utm_medium=FA&amp;utm_content=AAPL&amp;utm_campaign=social_tracking", "time": 1641494580.0, "sentiment": ""}, {"id": 424033037, "text": "$BAC treasury going rip banks \ud83c\udfe6 up $SPY  $TSLA $AAPL and shit on tech so $BAC it is", "time": 1641494556.0, "sentiment": "Bullish"}, {"id": 424033013, "text": "$QQQ I took a $6,000 L yesterday when I jumped out of my 1/7 403 Calls position. Thank god I jumped, would have been another $6,000 this morning.  \n \nI moved those funds to $SPY and $AAPL Puts yesterday right around 2:15 and made that money back. Then took it a step further and bought 2 $TSLA 1/14 1080 P\u2019s\u2026 \n \nPoint is\u2026.\u201ddiamond hands\u201d would have fvcked me. Never hurts to get out and salvage what you can for another play.", "time": 1641494549.0, "sentiment": "Bearish"}, {"id": 424032944, "text": "@Cleanenergy_Pro @sethmarcus $SPY $AAPL $VXX $UVXY from 2013 to 2018 SPY moved from 180 to 290.\n\nGood luck.", "time": 1641494534.0, "sentiment": ""}, {"id": 424032196, "text": "@Cleanenergy_Pro @sethmarcus $SPY $AAPL $QQQ $UVXY $VXX since you got banned in your previous account I will remind you in this one that \n\nBTD has never had risk. The same machines that sell the market have to buy the market back when VIX drops.\n\n$UVXY and $VXX are still down over 50% since idiots like you called us out last 6 months non-stop.\n\n$UVXY $VXX will be down over 50% in the next 6 months again.\n\nCan you spot the risk free trade yet???? \n\nShould I draw some crayon lines for you??", "time": 1641494321.0, "sentiment": ""}, {"id": 424031683, "text": "@Cleanenergy_Pro @sethmarcus $SPY $AAPL $UVXY $QQQ and yet @sethmarcus and myself have been 100% accurate longer than you have been alive.", "time": 1641494179.0, "sentiment": ""}, {"id": 424031535, "text": "$AAPL fckin stop dropping.", "time": 1641494138.0, "sentiment": ""}, {"id": 424031329, "text": "$AAPL I\u2019m excited for a good dip so I can buy a ton more\u2026", "time": 1641494082.0, "sentiment": "Bullish"}, {"id": 424030891, "text": "$AAPL Slippery Slope today boys!! Reaching Lower Lows today!", "time": 1641493953.0, "sentiment": "Bearish"}, {"id": 424030127, "text": "Equity Sentiment: $AAPL is the #2 stock that institutions are trading with 120.8K options contracts.\n\nMarket analysis included in screenshot of dashboard from http://insiderfinance.io.", "time": 1641493763.0, "sentiment": ""}, {"id": 424029595, "text": "$AAPL my puts are itm", "time": 1641493611.0, "sentiment": ""}, {"id": 424028939, "text": "$SPY $QQQ $UVXY $AAPL $TWTR   \n \nIf you are gripped with fear over the price action of the day, you are likely to dismiss the probabilities of future returns. Game planning and quantitative data can eliminate the need to chase woeful price action. Up to you to dedicate yourself to investing disciplines. Panic over today&#39;s price or relish in the opportunity of future price returns on capital invested at discount rates. You do you, Ima&#39; do me ;-)", "time": 1641493401.0, "sentiment": ""}]