[{"id": 424050258, "text": "@GoodieGood $amzn $tsla $aapl all I got in this life of sin", "time": 1641498177.0, "sentiment": ""}, {"id": 424049919, "text": "$AAPL right side is bullish on multiple timeframes.  We only like to buy it in 3, 7 or 11 swing at the blue boxes.   Like to watch the $NQ_F at equal leg which can give some sense of timing for larger cap tech for buy areas. Right now it is pulling back and we like to look for the buying opportunity where buyers can enter for a bounce.   #Elliottwave #Trading #stocks", "time": 1641498117.0, "sentiment": ""}, {"id": 424049806, "text": "$msft $AAPL Jefferies analyst Brent Thill raised the firm&#39;s price target on Microsoft to $400 from $375 and keeps a Buy rating on the shares. Despite a &quot;massive 39% outperformance&quot; versus the iShares Expanded Tech-Software Sector ETF in 2021 from Microsoft he continues to see the potential in the stock as valuation provides downside protection, Thill said. However, he notes that revenue deceleration is likely after &quot;phenomenal&quot; 22% year-over-year growth in fiscal Q1 of FY22. \n \nRead more at:  \nhttps://thefly.com/n.php?id=3435851", "time": 1641498097.0, "sentiment": "Bullish"}, {"id": 424049780, "text": "$AAPL 3T for aapl. Wow.", "time": 1641498092.0, "sentiment": ""}, {"id": 424049335, "text": "Goodmorning, Premarket is looking pretty choppy on a lot of big boards, be very patient today when placing option trades. Market makers may chop us on a thursday so that a big move up or down can happen for 0DTE&#39;s tomorrow $SPY $AAPL $AMD", "time": 1641498012.0, "sentiment": ""}, {"id": 424049229, "text": "@StockIII @Cleanenergy_Pro @OldFngGuy @AncientPaths @youngrisktaker @B_1 if you\u2019re scared you\u2019re also not resourced and likely doing the lone wolf trading nonsense that never works. 80% of traders will work themselves out of the market within 2 years, largely by line wolf and unresourced trading. Don\u2019t be a line wolf $UVXY $SPY $QQQ $AAPL $WMT", "time": 1641497993.0, "sentiment": ""}, {"id": 424048907, "text": "$AAPL how is this company valued at 3 TRILLION?!", "time": 1641497933.0, "sentiment": ""}, {"id": 424048866, "text": "$AAPL markets normally trade sideways after such a large correction. It does look like large cap growth is continuing to sell off, while the smaller cap growth is flat.", "time": 1641497925.0, "sentiment": "Bullish"}, {"id": 424048808, "text": "Is Apple&#39;s Stock Overvalued Or Undervalued? $AAPL https://benzinga.com/z/24914940#.Ydbwz3YuOcE.twitter", "time": 1641497913.0, "sentiment": ""}, {"id": 424048706, "text": "@GoodieGood $amzn $tsla $aapl 2021 resistances are new supports. Buddy said I get extra credit if revise my work", "time": 1641497892.0, "sentiment": ""}, {"id": 424048654, "text": "$NVDA Wait til Jensen announces earnings revision, maybe even talks down metaverse pre- Q4 ER, Feb., since it was a sham to speak so much of it in Q3 ER November. A pump job in front of Tutes. Nice.\nMetaworse is YEARS OFF, not even SOFTWARE devved yet , let alone an ecosystem with any profit whatsoever\n\n$QQQ $AAPL", "time": 1641497885.0, "sentiment": ""}, {"id": 424048435, "text": "$AAPL $SPY people are in denial about the fed tapering and its hilarious to read..", "time": 1641497846.0, "sentiment": ""}, {"id": 424048431, "text": "$SPY $AAPL $GOOGL $MSFT $FB rips will be stronger than the dips. Mark this post \ud83e\udd29\ud83d\udc4c\ud83c\udffb", "time": 1641497846.0, "sentiment": "Bullish"}, {"id": 424048036, "text": "$AAPL \n\n2 mil traded hands in PM \u2026\n\nLet\u2019s hope for surprise jump due to oversold BS FUD price action.\n\nFyi, yesterday fed action reflect normal action and it\u2019s no surprise. It\u2019s just media hyping up fake \u201chawkish\u201d tone.\n\nI don\u2019t see such a big changes in FOMC minutes. If you have read the FOMC minutes, you will understand and it\u2019s normal reading and action by all Feds voting in agreement.", "time": 1641497774.0, "sentiment": "Bullish"}, {"id": 424047975, "text": "$AMD $QQQ $SPY $AAPL $TSLA Biden has ten months. No way. Dem majority in House is toast", "time": 1641497763.0, "sentiment": ""}, {"id": 424047617, "text": "$amzn $tsla $aapl 2021 resistances. New supports", "time": 1641497703.0, "sentiment": ""}, {"id": 424047545, "text": "$AMD $QQQ $NVDA $AAPL a major part of why tech stocks have started to selloff is partly due to 10yr T yields rising. But mind you if you were around in late 2018, the stock market took a major dip because treasury yields spiking above 3% meant possible correction. We saw a similar selloff in early 2020 and early 2021 from rising yields. After a few days decline, what did asset managers do? Jump back into the stock market, particularly in techs. For those who are a bit less experienced, let me reassure you, systemic selling by institutions and larger asset managers have not occurred because the volume shows it is relatively low. The problem is lake of liquidity due to buyers. So drop in prices are enhanced when sellers are taking profits. This will be a value play and with a major drop in techs recently, I gut feeling is that asset managers will load into techs prior to Q1 earnings, as we have seen. Manage your risks, but I am bullish here.", "time": 1641497691.0, "sentiment": "Bullish"}, {"id": 424046091, "text": "$AMC $GME $TSLA $AAPL \n\nHOLDING FROM ROMANIA! \ud83c\uddf7\ud83c\uddf4", "time": 1641497449.0, "sentiment": "Bullish"}, {"id": 424044369, "text": "$AAPL $AMZN Hope y\u2019all are ready", "time": 1641497110.0, "sentiment": ""}, {"id": 424044073, "text": "$AAPL $AMD remember one thing taming inflation is more important than market correction for FED. Trade wisely", "time": 1641497044.0, "sentiment": "Bullish"}, {"id": 424043642, "text": "$AAPL I bought 100 shares at 179 :( should I sell", "time": 1641496954.0, "sentiment": ""}, {"id": 424041765, "text": "@sanaa only words with no factual content LMAOO keep hoping buddy  $AAPL  to $170", "time": 1641496529.0, "sentiment": "Bearish"}, {"id": 424041484, "text": "$AAPL so I started a 1/4 sized position yesterday and added another 1/4 position which I expect to see a pop at the open. If we see further pullback I will add more. I said in previous posts I was worried the market was ignoring inflation and rate increases but fundamentals here are still good and now that we see a pullback I\u2019m a buyer with plenty of dry powder.", "time": 1641496463.0, "sentiment": "Bullish"}, {"id": 424040862, "text": "$SPY Just a friendly reminder, the next Fed meeting isn&#39;t until 1/26, so unless they have an emergency one, might not hear anything about a potential taper reversal until 3 weeks from now.  $AAPL $TSLA $NVDA", "time": 1641496327.0, "sentiment": ""}, {"id": 424039933, "text": "$SPY $AAPL $MSFT $NVDA $SQ \nEntering to long term bear market \ud83d\ude35\u200d\ud83d\udcab\n\nFed warns faster rate rises may be needed to tame soaring inflation\n\nMinutes from latest meeting show central bankers gearing up for more aggressive tightening\n https://www.google.com/amp/s/amp.ft.com/content/35766dd4-7da1-4064-9e60-79a714297c5a", "time": 1641496136.0, "sentiment": "Bearish"}, {"id": 424039484, "text": "@GoodieGood $amzn $tsla $aapl all financials recovered quick. So I guess watch financial during fed freak outs.. gotcha it\u2019s on skip", "time": 1641496037.0, "sentiment": ""}, {"id": 424039315, "text": "$AAPL worry knot\u2026\ud83c\udf4fshall grow!", "time": 1641496001.0, "sentiment": "Bullish"}, {"id": 424038774, "text": "$AAPL \ud83d\udc4a\ud83c\udffc\ud83d\udc4a\ud83c\udffc\ud83d\udc4a\ud83c\udffc\ud83c\udf4f\ud83c\udf4f\ud83c\udf4f\ud83c\udf4f\ud83c\udf4f\ud83c\udf4f\ud83d\udc4a\ud83c\udffc\ud83d\udc4a\ud83c\udffc\ud83d\udc4a\ud83c\udffc\ud83d\udc4a\ud83c\udffc\ud83c\udf4f\ud83c\udf4f\ud83c\udf4f\ud83c\udf4f", "time": 1641495895.0, "sentiment": "Bullish"}, {"id": 424038425, "text": "$BTC.X $SPY $AAPL $FB $GGOG Faang stocks is one of major sector where trillions injected to. Now, the fed is taking The Liquidity out \n\nTapering, Rate Increases and Reduction of Balance Sheet to happen simultaneously \u2013 OUCH! \n\nhttps://www.fxstreet.com/analysis/jay-dropped-the-bomb-202201061010", "time": 1641495813.0, "sentiment": "Bearish"}, {"id": 424038422, "text": "$AAPL NEW ARTICLE : My Top Web 3.0 Stocks to Buy and Hold in 2022 https://www.stck.pro/news/AAPL/20976130", "time": 1641495812.0, "sentiment": ""}]