[{"id": 424164377, "text": "$SPY is always held up by $AAPL which is down over 1% now \ud83d\udc40", "time": 1641510033.0, "sentiment": ""}, {"id": 424163966, "text": "$AAPL Classes are being given on", "time": 1641509982.0, "sentiment": ""}, {"id": 424163828, "text": "$AAPL    \ud83c\udf4f The VIX, under 20.", "time": 1641509962.0, "sentiment": ""}, {"id": 424163430, "text": "$AAPL buyer at $150", "time": 1641509911.0, "sentiment": "Bullish"}, {"id": 424163312, "text": "$AAPL touches 169, I&#39;m LOADING Calls! \ud83e\udd14", "time": 1641509895.0, "sentiment": ""}, {"id": 424163032, "text": "@YouDontKnowMe Keep an eye on $AAPL.  It&#39;s lagging today and could ruin everything if they let the sellers break the lows.", "time": 1641509862.0, "sentiment": ""}, {"id": 424162689, "text": "GOLDEN SWEEP OPTION ALERT: $AAPL $175 CALLS Expiring on 01/28/22; Premium: $2.7M; \ud83d\udd34BEARISH More details at https://marketaction.live/cyber-monday-sale/", "time": 1641509817.0, "sentiment": "Bearish"}, {"id": 424162648, "text": "$AAPL Here Comes the Boom! VIX is dropping Hard - Watch a Very Nice Move Here at Noon!", "time": 1641509811.0, "sentiment": "Bullish"}, {"id": 424161592, "text": "$AAPL \n\nDO NOT GET IN NOW!\n\nWAITING FOR $167", "time": 1641509675.0, "sentiment": "Bullish"}, {"id": 424161478, "text": "$AAPL bulls need 175", "time": 1641509658.0, "sentiment": "Bullish"}, {"id": 424161466, "text": "$MSFT $AAPL $FB $AMZN Really had to decide which tech giant should I invest in next at this discount before ER? Choice wasn&#39;t difficult. MSFT it is. AAPL has run too much. AMZN and FB are not in MSFT&#39;s league. MSFT is the best choice", "time": 1641509657.0, "sentiment": "Bullish"}, {"id": 424161001, "text": "$AAPL $182.5 expires on 01/07/2022 volume 36,256", "time": 1641509603.0, "sentiment": "Bullish"}, {"id": 424160580, "text": "$AAPL down $10 from 3T MC pump... I am sure many remember how bearish i was at that pump... let it settle down before next pop..", "time": 1641509548.0, "sentiment": ""}, {"id": 424160547, "text": "$AAPL whats good here?? Why the sell offs", "time": 1641509541.0, "sentiment": ""}, {"id": 424160318, "text": "$AAPL can&#39;t catch a bid here. Go to baba 140 incoming in theaters near you", "time": 1641509512.0, "sentiment": ""}, {"id": 424159373, "text": "$AAPL what a shit start to the year", "time": 1641509395.0, "sentiment": ""}, {"id": 424158497, "text": "$AAPL was analyzed by 48 analysts. The buy consensus is at 83%. So analysts seem to be very confident about $AAPL. https://www.chartmill.com/stock/analyzer/stock/AAPL?view=analyst-ratings&amp;utm_source=stocktwits&amp;utm_medium=ANALYST&amp;utm_content=AAPL&amp;utm_campaign=social_tracking", "time": 1641509280.0, "sentiment": ""}, {"id": 424158192, "text": "$AAPL sold appl puts for a healthy 174K profits.\n\nWas calling at a day. But the meta looks too sexy to avoid.\n\n$FB just placed heavy puts here.\n\nGravity will do the rest.\ud83e\uddf8\ud83e\udd1e\ud83d\udca3\n\nAnyone read the feds report yesterday knows where this  going.\n\nThose free plays wont be free for long.", "time": 1641509243.0, "sentiment": "Bearish"}, {"id": 424158187, "text": "@Traidn more poor people means higher nintendo switch and iphone sales $AAPL $NTDOY", "time": 1641509242.0, "sentiment": ""}, {"id": 424157730, "text": "$NVDA and $AAPL are two stocks you never regret buying pullbacks .", "time": 1641509184.0, "sentiment": "Bullish"}, {"id": 424155028, "text": "$AAPL Just like 2021.. This has started moves to get pinned on Thursday Friday.. Slow Slow Mover..", "time": 1641508846.0, "sentiment": ""}, {"id": 424154982, "text": "$SPY $QQQ $TSLA $AAPL\n\nWOW, how does Jerome do this. Please make the printers stop printing.", "time": 1641508842.0, "sentiment": "Bearish"}, {"id": 424154723, "text": "$AAPL ok time to move up. Intraday looks like bounce", "time": 1641508809.0, "sentiment": "Bullish"}, {"id": 424154489, "text": "$AAPL yellow line is currently the support.", "time": 1641508782.0, "sentiment": ""}, {"id": 424153825, "text": "$AAPL @marina17 @Loconojoko2  FYI - don\u2019t be douche bag because someone is the other side of your trade.", "time": 1641508696.0, "sentiment": ""}, {"id": 424153803, "text": "$AAPL need everyone and their mother to go and help out Oracle today! Thanks", "time": 1641508694.0, "sentiment": "Bullish"}, {"id": 424153155, "text": "$MSFT $AAPL turn to selloff and keep $QQQ RED", "time": 1641508608.0, "sentiment": "Bearish"}, {"id": 424152241, "text": "$AAPL Can somebody please forward this post to that asshole I would really appreciate it he blocked me all I want to do is Ask him if he still collecting the premium on my puts??????! Ha Hah Hah Hah", "time": 1641508485.0, "sentiment": ""}, {"id": 424152093, "text": "$AAPL $4.25 avg on my Feb $180&#39;s. Keep dipp&#39;n", "time": 1641508465.0, "sentiment": ""}, {"id": 424152051, "text": "Unusual Options Activity: $AAPL is the #17 ticker with unusual activity from institutional traders with an average of 12% out of the money, a leading indicator of market movement.\n\nMarket analysis and options contracts included in screenshot of dashboard from http://insiderfinance.io.", "time": 1641508460.0, "sentiment": ""}]