[{"id": 424184561, "text": "$AAPL apple car news \ud83d\udcf0\ud83d\ude80\ud83d\ude80\ud83d\ude80 . This thing will fly.  \ud83d\ude80\ud83d\ude80", "time": 1641512661.0, "sentiment": "Bullish"}, {"id": 424184327, "text": "$AAPL \ud83d\ude80\ud83d\ude80\ud83d\ude80\ud83d\ude80\ud83e\udd11", "time": 1641512633.0, "sentiment": "Bullish"}, {"id": 424183553, "text": "$AAPL it seems the battle for 173.63 by eod will determine the direction", "time": 1641512530.0, "sentiment": ""}, {"id": 424183320, "text": "@LongAnd $AAPL is gonna eat their lunch. People are becoming more and more privacy mind and Apple has control on basically the mobile industry they are gonna put more and more stringent privacy features. Besides who is gonna trust FB with the metaverse??", "time": 1641512496.0, "sentiment": "Bearish"}, {"id": 424183152, "text": "$EAR GOING BACK TO $77 ... CASH ~CAP... 1000% potential\nNOW DOJ TROUBLE GONE! \n$AAPL\n $TSLA\n $AMC", "time": 1641512475.0, "sentiment": "Bullish"}, {"id": 424182980, "text": "$AAPL what direction does appl want to go? Up or down? Come on\u2026", "time": 1641512453.0, "sentiment": ""}, {"id": 424182970, "text": "$AAPL Why is this down so much today?", "time": 1641512452.0, "sentiment": ""}, {"id": 424182664, "text": "$AAPL $TSLA $AMD", "time": 1641512412.0, "sentiment": ""}, {"id": 424182263, "text": "The Metaverse Is Everywhere at CES. Good Luck Defining It.  $AAPL $FB $VUZI $QCOM \n\nhttps://newsfilter.io/a/2136ee311789f178164898b388df3f50", "time": 1641512360.0, "sentiment": ""}, {"id": 424181865, "text": "$EAR Yes, used to STEADILY &gt;$70... CASH ~CAP... 1000% potential\nNOW DOJ TROUBLE GONE! \n$AAPL $TSLA $AMC", "time": 1641512305.0, "sentiment": "Bullish"}, {"id": 424180912, "text": "$SPX $SPY $AAPL $TSLA $AMZN  \n\n               Just another day in 2022", "time": 1641512178.0, "sentiment": ""}, {"id": 424180848, "text": "$SPY $AAPL $TSLA $AMZN $MSFT \n\n$SPY seems to be squeezing out. Price action showing Bulls are trying to build up for a break but hourlies show a string downtrend. \n\nBest if luck to all. Remember don\u2019t fight trend. No trend, no trade.", "time": 1641512169.0, "sentiment": ""}, {"id": 424180184, "text": "$spy $qqq $msft $aapl https://www.youtube.com/watch?v=tDybEAtDbuc&amp;ab_channel=UnlimitedOptionsInvesting", "time": 1641512072.0, "sentiment": ""}, {"id": 424179882, "text": "@George_Devore to be fair $AMZNN is outperforming $AAPL", "time": 1641512033.0, "sentiment": ""}, {"id": 424179328, "text": "$AAPL G Sachs says $142 price target, I think they&#39;re generous but eh \ud83e\udd37\u200d\u2642\ufe0f", "time": 1641511953.0, "sentiment": "Bearish"}, {"id": 424178961, "text": "$AAPL  \ud83c\udf4f Volume surge, 52 Million.  AAPL Tape: \u201cUnder MM Spread lockdown\u201d.  Every Dip Share, quickly scalped.  MM Bid-Matching, Large Blocks Off-Line.  LOD, 172.11.  Price Action, Pretending to Test Support, while \u201cNoontime HFund Shorts Play\u201d.  Patience.", "time": 1641511905.0, "sentiment": "Bullish"}, {"id": 424178709, "text": "$AAPL \n\nLook at one month performance \u2026 \n\nNo wonder it\u2019s consolidation this time\u2026\n\nBefore ER \u2026\n\nAnd look 1 mth and 3 mth chart .. the shift is turning to breakout and buy side momentum.", "time": 1641511871.0, "sentiment": "Bullish"}, {"id": 424178649, "text": "$AAPL load up", "time": 1641511863.0, "sentiment": ""}, {"id": 424178172, "text": "$AAPL Back to $177 next week \ud83d\udcc8\ud83d\udcaa\ud83c\udffd\ud83d\udcb8", "time": 1641511803.0, "sentiment": "Bullish"}, {"id": 424178108, "text": "$MSFT $AMD $NVDA $FB $AAPL  Do tech companies really borrow that much money where a rate hike would affect their bottom line?", "time": 1641511794.0, "sentiment": ""}, {"id": 424177970, "text": "$AAPL down boy", "time": 1641511776.0, "sentiment": ""}, {"id": 424177397, "text": "$AAPL 172.50 breaks and we touch 170 today.", "time": 1641511701.0, "sentiment": "Bearish"}, {"id": 424176820, "text": "$AAPL lfg 183 to 173 drop in 2 days  is massive ! 175+ coming", "time": 1641511622.0, "sentiment": "Bullish"}, {"id": 424176344, "text": "$SPY we should see $AAPL  2% up if spy pump is real. \ud83e\ude78", "time": 1641511561.0, "sentiment": ""}, {"id": 424176117, "text": "$SPY $QQQ $TSLA $AAPL \n\nCRANK THE PRINTERS!!!!!!!\n\n\ud83d\udda8 \ud83d\udcb5 \ud83d\udcb5 \ud83d\udcb5", "time": 1641511531.0, "sentiment": ""}, {"id": 424175307, "text": "$AAPL when $SPY  gets over470, we will boom", "time": 1641511427.0, "sentiment": "Bullish"}, {"id": 424175168, "text": "$AAPL Nasdaq is green ...Will it be closed in green ?", "time": 1641511412.0, "sentiment": "Bullish"}, {"id": 424174364, "text": "$TSLA $AAPL $MSFT Cramer has joined the crowed, offer stands. \nGet ready to put your  cash to work \ud83d\ude09", "time": 1641511310.0, "sentiment": ""}, {"id": 424174128, "text": "$AAPL smell like a penny stock.", "time": 1641511279.0, "sentiment": "Bearish"}, {"id": 424174072, "text": "$AAPL 169 today", "time": 1641511273.0, "sentiment": ""}]