[{"id": 424128813, "text": "$AAPL This POS is only down 3.5 points on the week.  Bulls should be celebrating.  Idiots.  Sell off hasn\u2019t even begun", "time": 1641505910.0, "sentiment": "Bearish"}, {"id": 424128699, "text": "$AAPL In it for ER in two weeks. BALLS DEEP IN  FEB $180 calls", "time": 1641505900.0, "sentiment": "Bullish"}, {"id": 424128310, "text": "$AAPL Aapl basher on next CNBC donkey show", "time": 1641505860.0, "sentiment": "Bullish"}, {"id": 424128280, "text": "$AAPL come on give me a fake pump so I can re enter puts", "time": 1641505857.0, "sentiment": "Bearish"}, {"id": 424128198, "text": "$AAPL overvalued. Buy back in around 165", "time": 1641505848.0, "sentiment": "Bearish"}, {"id": 424127850, "text": "$AAPL need some bullish help at oracle ORCL TODAY! your services are very much appreciated! Thanks!", "time": 1641505811.0, "sentiment": "Bullish"}, {"id": 424127748, "text": "$AAPL come on, Apple", "time": 1641505801.0, "sentiment": "Bullish"}, {"id": 424127680, "text": "$AAPL \ud83d\udcc8\ud83d\udcc8\ud83d\udcc8", "time": 1641505795.0, "sentiment": "Bullish"}, {"id": 424127281, "text": "$AAPL $182.5 Call expires on 01/07/2022volume 30,789", "time": 1641505757.0, "sentiment": "Bullish"}, {"id": 424126762, "text": "$AAPL lagging QQQ bc everyone&#39;s afraid the rally is a p&amp;d. once it stabilizes, aapl will rocket", "time": 1641505706.0, "sentiment": ""}, {"id": 424126419, "text": "$MSTR still an early entry. Dont miss out on a 20-30% profits.\n\nNow u know\ud83e\uddf8\ud83e\udd1e\n\n$AAPL $MARA $BTC.X $ETH.X", "time": 1641505672.0, "sentiment": "Bearish"}, {"id": 424126389, "text": "$AAPL dips like $5 and people think it\u2019s a deal even though it trades well above historical P/E, P/S.", "time": 1641505669.0, "sentiment": ""}, {"id": 424126121, "text": "$BABA $TIGR $FUTU $TSLA $AAPL Why is China stocks green? Because it has crashed and on route to recovery. Enjoy your red days!", "time": 1641505643.0, "sentiment": ""}, {"id": 424125862, "text": "$AAPL .....Not about AAPL.....LETS GO POWELL...LETS GO BRANDON", "time": 1641505620.0, "sentiment": ""}, {"id": 424125819, "text": "$RBLX $AMD $AAPL Tricks are for kids...don&#39;t get fooled today and catch a falling knife\ud83d\udd2a\ud83d\udd2a\ud83d\udd2a", "time": 1641505616.0, "sentiment": ""}, {"id": 424125532, "text": "@GoodieGood $aapl 5% gain via options $tsla 5% gain via options. 1/14 calls should have held but was chicken \ud83d\ude02", "time": 1641505588.0, "sentiment": ""}, {"id": 424123615, "text": "$AAPL bought a put so now it will go back up, I got you guys.", "time": 1641505388.0, "sentiment": ""}, {"id": 424123383, "text": "$AAPL did anyone here short this from the double top near 180? i wanted to go short at 176 but managing too many stocks. time to trim down. the moves on this one are going to be big..", "time": 1641505365.0, "sentiment": ""}, {"id": 424122650, "text": "$aapl $tsla anymore messing around here, these 2 might drag the indexes deeper, not hating, but green volume needs to step up to blow through the MA here in a couple hours", "time": 1641505293.0, "sentiment": ""}, {"id": 424122492, "text": "$MMAT New $AAPL iPhone 14 leaked to have under-screen Face ID and hole-punch design.", "time": 1641505278.0, "sentiment": ""}, {"id": 424122435, "text": "$AAPL grabbing a starter 1/14/22 $180 calls avg 1.05", "time": 1641505274.0, "sentiment": "Bullish"}, {"id": 424122421, "text": "Leaker Says iPhone 14 Pro to Feature Pill-Shaped Camera Cutout With Face ID Under the Display \n \n$AAPL \n \nhttps://www.macrumors.com/2022/01/06/iphone-14-pro-face-id-under-display-rumor/", "time": 1641505273.0, "sentiment": ""}, {"id": 424121428, "text": "$AAPL easy 200 at some point this year", "time": 1641505176.0, "sentiment": "Bullish"}, {"id": 424119857, "text": "$AAPL  \ud83c\udf4f Surge in Volume, on last Dip &amp; Algo Pivot.", "time": 1641505037.0, "sentiment": "Bullish"}, {"id": 424119790, "text": "$AAPL double bottom would have paid. I took $IWM calls instead.", "time": 1641505031.0, "sentiment": ""}, {"id": 424118442, "text": "$SPY This is where every Bear in Wall Steeet will be wrong. In a year Inflation will be 2.5% and by then mega tech will boom: $AAPL $MSFT $AMZN", "time": 1641504913.0, "sentiment": "Bullish"}, {"id": 424118107, "text": "$AAPL \ud83d\ude80\ud83d\ude80\ud83d\udc9a", "time": 1641504887.0, "sentiment": "Bullish"}, {"id": 424118072, "text": "$LCID $BTC.X $TSLA  \ngreat start to 2022.....US is in the tank....way to go Powell....u couldn&#39;t run a menage....seriously without looking at your watch how long have you been studying economics?.....ok lets all run to $AAPL no chance!...holding strong the middle east will bail this bad boy out and sales will grow ex US by internationalization.", "time": 1641504885.0, "sentiment": "Bullish"}, {"id": 424117959, "text": "$SPY $QQQ $UVXY $AAPL $TQQQ \n\nFinom Group traders buying that dip and selling that rip live!!", "time": 1641504878.0, "sentiment": ""}, {"id": 424117527, "text": "$AAPL  Breaking -  Zacks just upgrades NVDA to STRONG BUY..", "time": 1641504845.0, "sentiment": ""}]