[{"id": 424209274, "text": "$AAPL ", "time": 1641515954.0, "sentiment": ""}, {"id": 424209090, "text": "$SPY $QQQ $TSLA $AAPL\n\nTHE PRINTER IS DOWN!!!!", "time": 1641515931.0, "sentiment": ""}, {"id": 424208138, "text": "$AAPL everything else is green .. why this is red \ud83d\ude21", "time": 1641515797.0, "sentiment": ""}, {"id": 424207988, "text": "$F $AAPL $GM   real companies", "time": 1641515779.0, "sentiment": ""}, {"id": 424207187, "text": "$AAPL \n\nThat means less shorts attack .. that\u2019s good grief .. :) \n\nGood thing you can buy and hold \u2026\n\nLFG!!", "time": 1641515672.0, "sentiment": "Bullish"}, {"id": 424207051, "text": "$TSLA $SPY $QQQ $AAPL\n\nSTOP SELLING YOU ANIMALS", "time": 1641515654.0, "sentiment": ""}, {"id": 424206527, "text": "$SPY $AAPL $TSLA $AMZN $MSFT \n\n5m trend break for spy", "time": 1641515584.0, "sentiment": ""}, {"id": 424206395, "text": "$AAPL are we going to see AAPL below $170 today? YES", "time": 1641515565.0, "sentiment": "Bearish"}, {"id": 424204566, "text": "$AAPL Looking for a close around 175. At this point MM&#39;s just shaking shares out of weak hands in this area.", "time": 1641515330.0, "sentiment": ""}, {"id": 424204367, "text": "$AAPL 3 soldiers? They wouldn\u2019t\u2026", "time": 1641515305.0, "sentiment": ""}, {"id": 424204170, "text": "$FB Talk to me DC!\ud83e\udd1e\ud83e\uddf8\ud83d\udcb0\n\nMy PT stands.\n\n$AAPL $TSLA $BTC.X $MARA", "time": 1641515279.0, "sentiment": "Bearish"}, {"id": 424204122, "text": "$EAR LONG-term HOLDING!!!! \n$AAPL $TSLA $AMC", "time": 1641515273.0, "sentiment": "Bullish"}, {"id": 424203621, "text": "$AAPL Just mentioned on CNBC that the fed just said they could raise rates even before March. Way to kick a dog when he&#39;s down.", "time": 1641515210.0, "sentiment": "Bullish"}, {"id": 424203047, "text": "$AAPL can this hit $200 by March 1", "time": 1641515134.0, "sentiment": ""}, {"id": 424202867, "text": "$ESSC MM fighting back to defend $15 strike. If we go over $15 and close over it or near $16, it puts pressure of another 8k calls in the money for MM, means more delta hedge, means higher PPS soon... Get in the gamma squeeze... $AMZN $AAPL $AMD", "time": 1641515111.0, "sentiment": "Bullish"}, {"id": 424202355, "text": "$EAR BEAR KILLER!!!\nSTUPID BEARS\n16.78% % of Shares Held by All Insider\n79.25% % of Shares Held by Institutions\n\nSTEADY ABOVE $70 BEFORE...  so much cash and steadily increasing sales with more products THAN BEFORE... DOJ TROUBLE GONE!  Back to $77...\n$AAPL\n\n \n$TSLA\n\n \n$AMC\n\n ON RED DAY, JOIN THIS MULTI DAY RUNNER!!", "time": 1641515044.0, "sentiment": "Bullish"}, {"id": 424201677, "text": "$AAPL thanks to every stupid greedy bull here at 183\ud83e\udd23\ud83e\udd23\ud83e\udd23\ud83d\udc4f\ud83d\udc4f\ud83d\udc4f..closing position right now...312% profit in a easy play swing", "time": 1641514953.0, "sentiment": ""}, {"id": 424201100, "text": "$AAPL fading this. Longest distance to fall if things continue. As a stock. Love the company though.", "time": 1641514876.0, "sentiment": ""}, {"id": 424200739, "text": "$AAPL up or down?", "time": 1641514826.0, "sentiment": ""}, {"id": 424200538, "text": "$AAPL I am confident we will see new ATH next week", "time": 1641514801.0, "sentiment": ""}, {"id": 424199766, "text": "$AAPL Wekken sie aug Apfel, wekken sie auf!!", "time": 1641514697.0, "sentiment": "Bullish"}, {"id": 424198901, "text": "$AAPL NEW ARTICLE : Apple Might Be Making Case for Equal-Weight ETFs https://www.stck.pro/news/AAPL/20989497", "time": 1641514578.0, "sentiment": ""}, {"id": 424198152, "text": "$AAPL doesn\u2019t want to go below $173. You know what to do", "time": 1641514478.0, "sentiment": ""}, {"id": 424198002, "text": "$QQQ $AAPL $TSLA ALL FUD HAS BEEN PRICED IN FOR MONTHS!!!\n\nBTFD\n\nTech needed too cool off, if you\u2019re holding PUTS your about to get lit up\u2026.", "time": 1641514458.0, "sentiment": "Bullish"}, {"id": 424197851, "text": "$AAPL hit a quick 75% on 175 weekly calls off the 172 bounce", "time": 1641514437.0, "sentiment": ""}, {"id": 424197541, "text": "$AAPL green by close", "time": 1641514392.0, "sentiment": "Bullish"}, {"id": 424197062, "text": "$EAR STUPID BEARS\n16.78% % of Shares Held by All Insider\n79.25% % of Shares Held by Institutions\n\nSTEADY ABOVE $70 BEFORE...  so much cash and steadily increasing sales with more products THAN BEFORE... DOJ TROUBLE GONE!  Back to $77...\n$AAPL\n $TSLA\n $AMC\n ON RED DAY, JOIN THIS MULTI DAY RUNNER!!", "time": 1641514328.0, "sentiment": "Bullish"}, {"id": 424196490, "text": "$AAPL if you are standing in line for hours to get covid tested \u2026u seem to be strong enough to beat it \ud83d\ude02", "time": 1641514250.0, "sentiment": ""}, {"id": 424195991, "text": "$AAPL wants 165s \ud83d\udc40", "time": 1641514179.0, "sentiment": ""}, {"id": 424195836, "text": "$AAPL $167 still in play.", "time": 1641514160.0, "sentiment": ""}]