[{"id": 424174064, "text": "$AAPL yolo 170 over night", "time": 1641511272.0, "sentiment": ""}, {"id": 424173157, "text": "$AAPL Maybe in a few weeks, but I think it will visit $160s. Yearly leaps will be an easy play then.", "time": 1641511159.0, "sentiment": ""}, {"id": 424172982, "text": "@Redwhiteblue I am going to say $AAPL vr headset this year could boost stock, awesome buybacks. People love Apple", "time": 1641511140.0, "sentiment": ""}, {"id": 424172649, "text": "$AAPL seems like many times they tried to get it below $173 but bounced right back up", "time": 1641511098.0, "sentiment": ""}, {"id": 424172278, "text": "$AAPL $186 after ER", "time": 1641511050.0, "sentiment": ""}, {"id": 424171866, "text": "$AAPL need big bull nuts to go buy and hold Oracle! ORCL!", "time": 1641510995.0, "sentiment": "Bullish"}, {"id": 424171807, "text": "$AAPL Same pattern as yesterday?", "time": 1641510986.0, "sentiment": ""}, {"id": 424171510, "text": "$AAPL just bought more", "time": 1641510945.0, "sentiment": "Bullish"}, {"id": 424171033, "text": "$AAPL buyers coming in", "time": 1641510885.0, "sentiment": "Bullish"}, {"id": 424170466, "text": "@TMAC43 For those of us few who know how big business works, we get this. Trouble is, it&#39;s tough to educate the vast majority of the market, who&#39;s ONLY looking for the instant gratification of qualifying BIG NEWS.\n\nFor us few who know how big business works, we can read the actions of a company, and logically deduce their meaning with a HIGH rate of success, utilizing our experience for profit, prior to the qualifying &quot;Big News&quot; event, good or bad.\n\nThat said, Ulrich Kranz DOES NOT just randomly take over Project Titan for $AAPL, and $GOEV DOES NOT just randomly move their ENTIRE HEADQUARTERS to Bentonville Arkansas.\n\nFact is, those two events are some pretty MAJOR news for people like us, ESPECIALLY coming from a startup that&#39;s been on the market for ONLY ONE YEAR under their post SPAC ticker.", "time": 1641510813.0, "sentiment": "Bullish"}, {"id": 424169803, "text": "$AAPL \ud83d\ude1e", "time": 1641510729.0, "sentiment": ""}, {"id": 424169764, "text": "$ETH.X cashed out on ETH yesterday before the dip. Luckiest move I\u2019ve made this year so far. Put initial investment back into savings and the rest went straight into $MMAT and a new toy from $AAPL", "time": 1641510722.0, "sentiment": "Bullish"}, {"id": 424169662, "text": "$AAPL where&#39;s all my bulls!!!!", "time": 1641510708.0, "sentiment": ""}, {"id": 424169369, "text": "$AAPL F&amp;G took off, if AAN would wake up from there slumber we could see QQQ hit 389 today......", "time": 1641510674.0, "sentiment": ""}, {"id": 424169073, "text": "$AAPL is $173 the bottom and good to buy back in?", "time": 1641510635.0, "sentiment": ""}, {"id": 424169012, "text": "$AAPL what you pay for those", "time": 1641510627.0, "sentiment": ""}, {"id": 424168976, "text": "$AAPL that was fast", "time": 1641510624.0, "sentiment": "Bullish"}, {"id": 424168825, "text": "$AAPL sitting on hands\u2026 still", "time": 1641510606.0, "sentiment": "Bullish"}, {"id": 424168636, "text": "$AAPL tomrrow back to 175+ . A bounce .. the bounce , will u accept lower put gains ? So load call on this  dip for earning run up $SPY", "time": 1641510580.0, "sentiment": "Bullish"}, {"id": 424168555, "text": "$AAPL Gonna have a good bounce to the upside when $SPY curls", "time": 1641510569.0, "sentiment": ""}, {"id": 424168546, "text": "$AAPL Make or Break moment !!", "time": 1641510568.0, "sentiment": "Bullish"}, {"id": 424168536, "text": "$AAPL got my $200 calls for Jan 21! Opinions?", "time": 1641510567.0, "sentiment": "Bullish"}, {"id": 424167054, "text": "$EAR 90% FALL MEANS 900% RISE $AAPL $TSLA", "time": 1641510383.0, "sentiment": "Bullish"}, {"id": 424165910, "text": "$AAPL markets green and it comes down More when market bleeds", "time": 1641510234.0, "sentiment": ""}, {"id": 424165817, "text": "Sweep Options Activity: $AAPL is the #2 ticker with sweep activity where institutions are trading options urgently with 39.1K sweep contracts, a leading indicator of market movement.\n\nMarket analysis and options contracts included in screenshot of dashboard from http://insiderfinance.io.", "time": 1641510222.0, "sentiment": ""}, {"id": 424165713, "text": "$AAPL These manipulators will get squeezed big time! Can\u2019t wait!", "time": 1641510208.0, "sentiment": ""}, {"id": 424165109, "text": "$AAPL market green and they\u2019re holding it down. F the shorts and hf\u2019s crooks", "time": 1641510130.0, "sentiment": "Bullish"}, {"id": 424164890, "text": "$AAPL moment of truth, how low can it go..", "time": 1641510104.0, "sentiment": ""}, {"id": 424164769, "text": "$AAPL \n\n1 mth &amp; 3 mth chart has already indicated oversold flag with shifting to buy side.\n\n173 is the strongest support. Upward bound detected! \n\nPT for one week from now is 185 to 189.", "time": 1641510084.0, "sentiment": "Bullish"}, {"id": 424164378, "text": "@Smlgotit TLDR: buy stocks that are profitable with growth such as $TSLA $AAPL $NVDA and sell companies that despite may be good ideas, are not yet profitable. Sell $RIVN $LCID", "time": 1641510033.0, "sentiment": ""}]