[{"id": 424143698, "text": "$AAPL $182.5 Call expires on 01/07/2022 volume 33,555", "time": 1641507467.0, "sentiment": "Bullish"}, {"id": 424143601, "text": "$AMD $NVDA $AAPL $AMZN $SPY \n3 day rule imposed by 8 Major US banks and hedge funds is all over(for this time) with the morning shit show today and from here we going up. Until we have more shit shows. Now time to load up playas!", "time": 1641507458.0, "sentiment": ""}, {"id": 424143421, "text": "$AAPL  \ud83c\udf4f Europe Closing, 10+ Mins.", "time": 1641507439.0, "sentiment": "Bullish"}, {"id": 424143029, "text": "$AMZN  I Hope you took notes yesterday and bought the fcking dip this morning..$3600 on the way. Let\u2019s do this bulls. $AAPL $JD $BABA", "time": 1641507400.0, "sentiment": "Bullish"}, {"id": 424141383, "text": "$AAPL https://zolmax.com/investing/apple-inc-nasdaqaapl-shares-bought-by-brookstone-capital-management/6694520.html", "time": 1641507233.0, "sentiment": ""}, {"id": 424140929, "text": "$AAPL we going downnn", "time": 1641507184.0, "sentiment": "Bearish"}, {"id": 424139856, "text": "$AAPL chance of bull flag chart pattern formation", "time": 1641507066.0, "sentiment": "Bullish"}, {"id": 424138148, "text": "$PYPL so strong green all day means we going to promise land 200+ $SPY $AAPL $NVDA  $SQ", "time": 1641506882.0, "sentiment": "Bullish"}, {"id": 424137982, "text": "$AAPL everything will recover but this POS", "time": 1641506865.0, "sentiment": ""}, {"id": 424137165, "text": "$NVDA it was all in the charts \ud83e\udd37\u200d\u2642\ufe0f \ud83e\udd13 $TSM $AAPL $FB $COST.  \n\nThe support and resistances charted and posted within a $1 \ud83e\udd2f", "time": 1641506771.0, "sentiment": ""}, {"id": 424137126, "text": "$AAPL Everytime I add a call or two the stock drops. Its ok. WE ALL KNOW THIS WILL BE OVER $180 FOR THE EARNINGS.", "time": 1641506768.0, "sentiment": "Bullish"}, {"id": 424136767, "text": "$AAPL \n\nThis stock is 5% away from ATH so this is reasonable drop to allow people to accumulate.\n\nHowever the yesterday action is unacceptable.. so I have to move on because it\u2019s yesterday so we have to focus on making this go higher than 3T and we are looking so hungry to get 4T \n\nLet\u2019s go!", "time": 1641506725.0, "sentiment": "Bullish"}, {"id": 424136541, "text": "$AAPL Leaker says iPhone 14 Pro will feature under-screen Face ID and hole-punch design.", "time": 1641506697.0, "sentiment": "Bullish"}, {"id": 424136446, "text": "$AAPL Even ROKU is up , 95x by the way CROOKS!", "time": 1641506685.0, "sentiment": ""}, {"id": 424136432, "text": "174.40 is resistance for now. Bearish on Daily. $AAPL", "time": 1641506684.0, "sentiment": ""}, {"id": 424135307, "text": "$SPY $TSLA $AAPL #ThrowbackThursday .", "time": 1641506560.0, "sentiment": ""}, {"id": 424134725, "text": "$AAPL   \ud83c\udf4f Europe Closing, in 30 mins.", "time": 1641506496.0, "sentiment": "Bullish"}, {"id": 424134260, "text": "$AAPL, not my usual setup but I reached for it because of liquidity. Small position = small burn.", "time": 1641506448.0, "sentiment": ""}, {"id": 424133745, "text": "$AAPL heading towards $174", "time": 1641506401.0, "sentiment": "Bullish"}, {"id": 424133384, "text": "$W BBBOOOOMMMM!!!! HUGE MOVE UP!! SHORTS HAVE 18 MILLION SHARES TO COVER 11 DAYS TO COVER 26% SHORT INTEREST!!! $AAPL $TSLA Wayfair is about to EXPLODE HIGHER!!!! EVERYONE PILE ON THE SHORTS!!!", "time": 1641506367.0, "sentiment": "Bullish"}, {"id": 424133381, "text": "$MSFT $AAPL for sure they have bottomed!  Msft comfortably above 100 sma \u2026 in the past drawdowns it had also found support at 100 day sma except mar 2020", "time": 1641506367.0, "sentiment": "Bullish"}, {"id": 424132843, "text": "$TSLA $SPY $QQQ $AAPL \n\ndon\u2019t fight the fed \ud83d\ude09", "time": 1641506315.0, "sentiment": ""}, {"id": 424131606, "text": "$AAPL 170 in sight which is still a high valuation. People were cheering last year for 2 trillion and now they are disappointed when it \u201cdrops\u201d to 2.8 trillion. Even at 2.5 it is still a top company.", "time": 1641506192.0, "sentiment": ""}, {"id": 424130678, "text": "$AAPL Added 10 more calls on that dip. TSLA and other Tech moving off their lows", "time": 1641506100.0, "sentiment": ""}, {"id": 424130563, "text": "$AAPL  \u2757\ufe0f\ud83c\udf4f 30 mins ago, Cramer tried to talk down MSFT\u2026saying it was refusing to Bottom, and must go under $300, to put in Bottom.  Only then, would it be ok to Buy Tech.  WallSt hated the Manipulation Call\u2026\u201dtaking MSFT Higher\u201d:  into the green.  AAPL, Double-Bottomed during the Opening Hour.  It appears to be re- testing levels.  But, the European Closing Trade, is now underway.  You know the Drill, the Players.  Europe MUST be put to bed in 45 mins, before WallSt/Mkt shows it\u2019s real Plan for the Day.  Patience.  AAPL is still the Beast that  the Mkt will use,  to lift all Boats to regain Mkt Stability.", "time": 1641506089.0, "sentiment": "Bullish"}, {"id": 424130427, "text": "$AAPL going to go up high\ud83c\udf4f\ud83c\udf4f\ud83c\udf4f\ud83d\udc4a\ud83c\udffc\ud83d\udc4a\ud83c\udffc\ud83d\udc4a\ud83c\udffc\ud83d\udc4a\ud83c\udffc\ud83d\udc4a\ud83c\udffc\ud83d\udc4a\ud83c\udffc\ud83c\udf4f\ud83c\udf4f\u2764\ufe0f\u203c\ufe0f\u2764\ufe0f\u2764\ufe0fpound this harderrrrrr Apple \ud83e\udd32\ud83c\udffb\ud83d\udc4a\ud83c\udffc\ud83d\udc4a\ud83c\udffc\ud83d\udc4a\ud83c\udffc\ud83d\udc4a\ud83c\udffc\ud83c\udf4f\ud83c\udf4f\ud83c\udf4f\u2764\ufe0f\u2764\ufe0f\u2764\ufe0f\u2764\ufe0f\u203c\ufe0f\u203c\ufe0f\u203c\ufe0f\u203c\ufe0f", "time": 1641506075.0, "sentiment": "Bullish"}, {"id": 424129973, "text": "$AAPL going go up\ud83d\udc4a\ud83c\udffc\ud83d\udc4a\ud83c\udffc\ud83d\udc4a\ud83c\udffc\ud83d\udc4a\ud83c\udffc\ud83c\udf4f\ud83c\udf4f\ud83d\udcaa\ud83c\udffb\ud83d\udcaa\ud83c\udffb\ud83d\udcaa\ud83c\udffb\ud83d\udcaa\ud83c\udffb\ud83e\udd32\ud83c\udffb\ud83e\udd32\ud83c\udffb\ud83e\udd32\ud83c\udffb\ud83d\udc4a\ud83c\udffc\ud83d\udc4a\ud83c\udffc\ud83d\udc4a\ud83c\udffc\ud83c\udf4f\ud83c\udf4f\ud83c\udf4f\u2764\ufe0f\u2764\ufe0f\u2764\ufe0f\u2764\ufe0f\u2764\ufe0f", "time": 1641506026.0, "sentiment": "Bullish"}, {"id": 424129822, "text": "$SHIBONK.X $AAPL $AMD $MSFT #WAGMI Stash right here..", "time": 1641506011.0, "sentiment": "Bullish"}, {"id": 424129241, "text": "$AAPL &quot;The hedge fund community dumped tech stocks in the four sessions between Dec. 30 and Tuesday as interest rates spiked. The four-session tech unloading marked the biggest sale in dollar terms in more than 10 years, reaching a record since Goldman Sachs\u2019 prime brokerage started tracking the data.&quot;", "time": 1641505956.0, "sentiment": ""}, {"id": 424129095, "text": "$AAPL Next Earnings Date\n01/26/2022", "time": 1641505941.0, "sentiment": ""}]