[{"id": 424311332, "text": "$AAPL GME up 40% AH on NFT news. Bears better hope Apple pay dont get involved with NFT&#39;s =4 trillion dollar market cap...LOL", "time": 1641528179.0, "sentiment": ""}, {"id": 424309478, "text": "$AAPL 177.5C Exp:07-Jan-22 --  \ud83d\ude80 &lt;R&gt; Total(Day): $125,623 \n$AAPL 185C Exp:16-Sep-22 \u2191  \ud83d\ude80 Total(Day): $36,000 \n$AAPL 185C Exp:28-Jan-22 --  \ud83d\ude80 Total(Day): $39,780 \n#UnusualActivity \n \n \nSign-up free for beta ver.:https://app.jarvisalerts.com \ncharts: courtesy of finviz", "time": 1641528009.0, "sentiment": ""}, {"id": 424309263, "text": "@SpyOptionsDaily For the non-believers.  $AAPL", "time": 1641527988.0, "sentiment": ""}, {"id": 424308546, "text": "$AAPL \ud83d\udcdc SEC Form DEFA14A filed by Apple Inc.\n\nhttps://quantisnow.com/insight/2225464?s=s\n\n45 seconds delayed.", "time": 1641527926.0, "sentiment": ""}, {"id": 424308143, "text": "$AAPL chart looks like an inverted slice of meatloaf, with a possible power drill on the 30 second chart. Tomorrow should setup nicely for a triple ski slope top. Man some of ya\u2019ll and your non sense", "time": 1641527885.0, "sentiment": ""}, {"id": 424307369, "text": "$AAPL $WEED $TLRY $CGC  bye", "time": 1641527811.0, "sentiment": ""}, {"id": 424306839, "text": "$AAPL already down 6% from its recent ATH. That\u2019s enough. Time to get to $3 trillion and never look back.", "time": 1641527753.0, "sentiment": ""}, {"id": 424306438, "text": "@SpyOptionsDaily Bro, you don&#39;t know where $AAPL is right now?  Yeah, I sold for over 100% profit", "time": 1641527713.0, "sentiment": ""}, {"id": 424304028, "text": "$AAPL ", "time": 1641527422.0, "sentiment": ""}, {"id": 424303275, "text": "@TheSilen from what I know $AAPL sits on a huge pile of cash, has solid selling products and beats earnings almost every quarter\u2026.\ud83d\ude44 and with the metaverse a whole new world opens up for products and services. Furthermore rumours about an apple car seem to be no more rumours\u2026.60% slide - not gonna happen!\n\nhttps://finance.yahoo.com/calendar/earnings/", "time": 1641527321.0, "sentiment": "Bullish"}, {"id": 424303265, "text": "$AAPL small fish here but added 2 more shares today. Holding 42 total now with average at 125 per. Slow and steady right?", "time": 1641527320.0, "sentiment": "Bullish"}, {"id": 424303228, "text": "$AAPL \ud83d\udc4d\ud83c\udffd", "time": 1641527315.0, "sentiment": "Bullish"}, {"id": 424303045, "text": "VIDEO: Broad Market Technical Analysis Chart 1/6/2022 $SPY $XLF $QQQ $VIX $AAPL https://www.chartguys.com/daily-market-videos/4099/bulls-stop-the-bleed-for-now", "time": 1641527290.0, "sentiment": ""}, {"id": 424302955, "text": "$AAPL buying 50 shares tonight", "time": 1641527277.0, "sentiment": "Bullish"}, {"id": 424301957, "text": "$AAPL right side is bullish on multiple timeframes.  We only like to buy it in 3, 7 or 11 swing at the blue boxes.   Like to watch the $NQ_F at equal leg which can give some sense of timing for larger cap tech for buy areas. We don\u2019t like to trade it in the middle area right now.   #Elliottwave #Trading #stocks", "time": 1641527149.0, "sentiment": ""}, {"id": 424301806, "text": "$PLTR $AAPL $TSLA $TQQQ  Look I\u2019ll say it louder. BUY SHARES LIKE A MAN AND YOU DONT HAVE TO WORRY ABOUT ALL THIS TALK OF CRASHING AND CORRECTION. Bought shares years ago and just sit back with a stop loss.", "time": 1641527128.0, "sentiment": ""}, {"id": 424301638, "text": "$AAPL time to go downnn", "time": 1641527106.0, "sentiment": "Bearish"}, {"id": 424301447, "text": "$AAPL inverted hammer maybe a start of HL and reversal. Looking for confirmation candle tom.", "time": 1641527083.0, "sentiment": ""}, {"id": 424301361, "text": "$CGC $WEED.CA  still believe this is  $AAPL of marijuana sector. And $TLRY will be pay off my looses. Just government is dragging there feet to legalized.  And we are paying the price.", "time": 1641527075.0, "sentiment": "Bullish"}, {"id": 424299098, "text": "Apple: (1) Amount Previously Paid  https://www.conferencecalltranscripts.com/summary/?id=10297897 $AAPL", "time": 1641526796.0, "sentiment": ""}, {"id": 424298977, "text": "$QQQ $AAPL $TSLA $MSFT $GOOGL  another look for the rookies still holding PUTS screaming FED \ud83d\ude31\ud83d\ude06\ud83d\ude80", "time": 1641526781.0, "sentiment": "Bullish"}, {"id": 424298125, "text": "$AAPL [15s. delayed] filed form DEFA14A on January 06, 16:33:53 https://s.flashalert.me/5UDpz", "time": 1641526672.0, "sentiment": ""}, {"id": 424297510, "text": "Apple Inc. releases salary data. CEO sees compensation rise 568% https://www.conferencecalltranscripts.com/summary/?id=10297856 $AAPL", "time": 1641526601.0, "sentiment": ""}, {"id": 424297302, "text": "5-Day Equity Sentiment Recap: $AAPL is the #1 stock that institutions are trading over rolling 5 day window with 465.3K options contracts.\n\nMarket analysis included in screenshot of dashboard from http://insiderfinance.io.", "time": 1641526576.0, "sentiment": ""}, {"id": 424297157, "text": "$AAPL Form DEFA14A (additional definitive proxy soliciting materials and rule 14(a)(12) material) filed with the SEC \n\nhttps://newsfilter.io/a/faf50a88d427a5a840aeb67b1431e3d1", "time": 1641526555.0, "sentiment": ""}, {"id": 424295464, "text": "$AAPL \ud83d\udcdc SEC Form DEF 14A filed by Apple Inc.\n\nhttps://quantisnow.com/insight/2225404?s=s\n\n45 seconds delayed.", "time": 1641526353.0, "sentiment": ""}, {"id": 424295368, "text": "$AAPL / Apple files form DEF 14A https://fintel.io/sf/us/aapl?utm_source=stocktwits.com&amp;utm_medium=Referral&amp;utm_campaign=filing", "time": 1641526340.0, "sentiment": ""}, {"id": 424295351, "text": "$AAPL AAPL 2022-01-06 Dark Pool &amp; Short Interest Data: \nhttps://www.youtube.com/watch?v=c8zSDug38yk", "time": 1641526338.0, "sentiment": ""}, {"id": 424295317, "text": "$AAPL [15s. delayed] filed form DEF 14A on January 06, 16:30:34 https://s.flashalert.me/4Eohe", "time": 1641526335.0, "sentiment": ""}, {"id": 424295108, "text": "$SPY $AAPL $QQQ $WFC $TSLA \nLIMIT  UP , circuit breakers! futures are going to rip all night\ud83d\udd25\ud83d\udd25 folks  welcome the Revolution,  welcome the good life! I hope everyone loaded up huge on calls  cuz   tomorrow\u2019s gonna be a Friday you\u2019re gonna remember", "time": 1641526309.0, "sentiment": "Bullish"}]