[{"id": 424257386, "text": "$AAPL SAVE US JOEY...", "time": 1641522165.0, "sentiment": ""}, {"id": 424257148, "text": "$SPY $AAPL $TSLA here&#39;s a gem from Druckenmiller.\n\n&quot;Earnings don\u2019t move the overall market; it\u2019s the Federal Reserve Board\u2026 focus on the central banks and focus on the movement of liquidity\u2026 most people in the market are looking for earnings and conventional measures. It\u2019s liquidity that moves markets.&quot;", "time": 1641522133.0, "sentiment": ""}, {"id": 424256904, "text": "$SPY $QQQ $TSLA $AAPL\n\nOOF.. DOWN GOES ANOTHER PRINTER...", "time": 1641522104.0, "sentiment": ""}, {"id": 424256830, "text": "$AAPL \n\nMy own thinking is that they want you to forget about AAPL and make you look else where.\n\nImagine this stock has been stagnant for one month still stuck between 182 to 170 due to heavy short attacks and lots of pushing going on.\n\nI was there for the most of Dec.\n\nMy thinking is that they do that to make people walk away and look outside investing. Then they took opportunity to reap gain when no body is on board.\n\nThat\u2019s dirty game ..\n\nSaw that 140, 150, 160, 170, and 180\n\nI think they want to consolidate earlier before the take off before the ER and rise even higher before the tax seasons.\n\nThe chart looks odd .. they won\u2019t do the same thing as past few years. They are changing the course by picking now, not Feb or March.", "time": 1641522094.0, "sentiment": "Bullish"}, {"id": 424256631, "text": "$AAPL so will this be red for 10 days straight now. Wtf", "time": 1641522069.0, "sentiment": ""}, {"id": 424256384, "text": "$BHG $FCEL About to launch \ud83d\ude80 get out of $AAPL $NVAX", "time": 1641522035.0, "sentiment": ""}, {"id": 424255418, "text": "$AAPL and she hits, stop at previous candle high, .50+ on the same candle in like 8m", "time": 1641521900.0, "sentiment": ""}, {"id": 424254755, "text": "$AAPL damn, gonna break from this $173 hold one way or another. I&#39;m betting UP!", "time": 1641521809.0, "sentiment": "Bullish"}, {"id": 424254600, "text": "$AAPL this pos gonna dump at EOD", "time": 1641521789.0, "sentiment": ""}, {"id": 424254567, "text": "Every friggin time the market starts to recover grim reaper  #SteveLiesman pops up on #CNBC with a Fed quote to bring it back down. \ud83d\ude1e $AAPL", "time": 1641521785.0, "sentiment": "Bullish"}, {"id": 424254468, "text": "$AMD $AAPL $QQQ $NVDA wait still no headline from CNBC that asset managers are selling off on safe stocks and buying up tech again? Look at dow versus nasdaq. They wrote all that crap about how hedge funds are selling off techs by the masses but can\u2019t change their stance when their narrative was incorrect. Amazing. Bullish into tech earnings.", "time": 1641521772.0, "sentiment": "Bullish"}, {"id": 424254357, "text": "$AI $FB $AAPL $RBLX all big into AI and metaverse\n\n$AI big jump coming calling it now", "time": 1641521758.0, "sentiment": "Bullish"}, {"id": 424253214, "text": "$AAPL Looks to me like it has reach the lower line of the well defined uptrend channel.  It better not close lower than this limit\u2026or else \ud83d\udc4e\ud83d\udc47\u2b07\ufe0f\ud83d\udcc9\u2935\ufe0f", "time": 1641521608.0, "sentiment": ""}, {"id": 424252939, "text": "$FSR I can not stop wondering about the PEAR name that they choose for their design oriented  future car. For some reasons, my brain associates it with $AAPL and there are many odd things in common:\n1. APPLE &amp; PEAR  names - both fruits and the closest to each other\n2. Apple uses Foxconn for most of their things, and Fisker uses Foxconn for producing PEAR car\n3. Both Apple and Fisker are in car businesses now\n4. Both Apple and Fisker are very well known for the design aspect \n\nThis ia either (i) some odd coincidence, (ii) Fisker is trying somehow to sound like Apple or (iii) Fisker is collaborating somehow with Apple for their PEAR car and the naming hints it. \n\nWhat do you guys think?", "time": 1641521572.0, "sentiment": "Bullish"}, {"id": 424252932, "text": "$AAPL green before close", "time": 1641521572.0, "sentiment": ""}, {"id": 424252737, "text": "$AAPL let&#39;s go for green", "time": 1641521546.0, "sentiment": ""}, {"id": 424251517, "text": "$AAPL currently short from 173.33", "time": 1641521385.0, "sentiment": ""}, {"id": 424251078, "text": "$AAPL what\u2019s the price target for tomorrow?", "time": 1641521333.0, "sentiment": ""}, {"id": 424250420, "text": "$AAPL green before close!", "time": 1641521250.0, "sentiment": "Bullish"}, {"id": 424249835, "text": "$AAPL gotta respect the low volume pump", "time": 1641521179.0, "sentiment": ""}, {"id": 424249721, "text": "$AAPL new product testing today! apple chart here", "time": 1641521166.0, "sentiment": ""}, {"id": 424249649, "text": "$AAPL Algos.......what a waste of time. Disconnected HFT.", "time": 1641521158.0, "sentiment": ""}, {"id": 424249609, "text": "$AAPL any chance below 170?", "time": 1641521153.0, "sentiment": ""}, {"id": 424249258, "text": "$AAPL this is some computer  high frequency trading shit going on.", "time": 1641521115.0, "sentiment": ""}, {"id": 424249197, "text": "$AAPL big green candle coming soon", "time": 1641521109.0, "sentiment": "Bullish"}, {"id": 424249158, "text": "$AAPL DJIA moving GREEN!", "time": 1641521105.0, "sentiment": ""}, {"id": 424247746, "text": "$AAPL these are the call premies theyre trying to steal", "time": 1641520934.0, "sentiment": ""}, {"id": 424247671, "text": "$AAPL They&#39;re killing the options!!", "time": 1641520926.0, "sentiment": ""}, {"id": 424247505, "text": "$AAPL pig move", "time": 1641520905.0, "sentiment": ""}, {"id": 424247403, "text": "$AAPL Can we get past 173 already? Unbelievable, stuck all day at this level", "time": 1641520894.0, "sentiment": ""}]