[{"id": 424295075, "text": "$AAPL Simulated 175.0 dollar CALLS for Friday&#39;s open on StockOrbit.\n https://apps.apple.com/us/app/stockorbit/id1541560646", "time": 1641526305.0, "sentiment": ""}, {"id": 424295052, "text": "$AAPL Form DEF 14A (other definitive proxy statements) filed with the SEC \n\nhttps://newsfilter.io/a/f38cc33e8c209becb31060d730c1e0c5", "time": 1641526303.0, "sentiment": ""}, {"id": 424294451, "text": "Would like to take a poll....you think $AAPL $HUM will slide lower at the open tomorrow before reversal?", "time": 1641526237.0, "sentiment": ""}, {"id": 424293967, "text": "$QQQ $AAPL $TSLA $MSFT $GOOGL \n\nAnyone see a pattern here?\n\nThe Fed lol, oh my LORD this shit has been priced in for a YEAR!!!\n\nTech just needed to cool off, and it has. Guess what\u2019s next???", "time": 1641526191.0, "sentiment": "Bullish"}, {"id": 424293226, "text": "$AAPL This is how I have been feeling every day this week. Still holding strong and long. Dont have weak hands. \n\nhttps://www.youtube.com/watch?v=bbNsr8zuzI8", "time": 1641526108.0, "sentiment": "Bullish"}, {"id": 424293105, "text": "Waiting on a dip towards 165 to load 190c $AAPL \nJanuary will be a weird trading month very weird in the stock market", "time": 1641526093.0, "sentiment": ""}, {"id": 424292977, "text": "$AAPL \n\nNow going to block all the bears !! They don\u2019t give reason for it to drop .. they just tell me to read books or etc \n\nThat\u2019s bullshit.\n\nI said this is no way this should go down just 5% like that for no reason.. besides Fed small changes to monetary policies.", "time": 1641526080.0, "sentiment": "Bullish"}, {"id": 424292592, "text": "$AAPL are there any catalysts that can push this to $190 over the next month?", "time": 1641526031.0, "sentiment": ""}, {"id": 424292352, "text": "Jan 6 21&#39; Watchlist Recap \ud83d\udccc\n\nB2B 5 Win 1 Fail Days \ud83d\udd25\n\nHighlights:\n$SPY 467 P @ 2.2 -&gt; 2.94 PT3 HIT (+33%) \ud83c\udfaf\n$AAPL 175 C @ 1.3 -&gt; 1.8 PT1 HIT (+38%) \ud83d\udd25\n$LMND 35 P @ .4 -&gt; .95 PT3 HIT (+138%) \ud83c\udfaf \n[Low vol/liquidity here, but trade ran perfectly]\n\nAll Alerts &amp; Watchlists posted on Discord Daily (Patrons) \nLink in Bio \ud83e\uddc0\nFree Lotto Friday Watchlist posted tomorrow", "time": 1641526001.0, "sentiment": ""}, {"id": 424291323, "text": " $QQQ $AAPL $SPY $UVXY  6 total $TQQQ buy the dip and sell the rip scalps. Last dip buy before the close and sale after hours. Buying pullback in AAPL slowly from sales above $180. I caught up to you @B_1 with 6 also ;-) You can trade with me and Finom Group folks! (1/2)", "time": 1641525865.0, "sentiment": ""}, {"id": 424290984, "text": "$AAPL A drag on the entire market, SPY, QQQ, everything\u2026\u2026", "time": 1641525820.0, "sentiment": ""}, {"id": 424290661, "text": "$AMZN  Here is my end of the day analysis:\nFirst congrats \ud83c\udf89\ud83c\udf8a to all of those who bought the Dip this morning. Like Warren Buffet said buy when others are fearful and sell when they are greedy. I see we printed that Long leg Doji. Following AMZN pattern it is usually followed by few bullish days. Check it out. I still believe in my PT $3600 in 2 weeks. Time will tell.. $AAPL $FB $BABA", "time": 1641525780.0, "sentiment": "Bullish"}, {"id": 424290382, "text": "$QQQ $AAPL $SPY $UVXY  6 total $TQQQ buy the dip and sell the rip scalps. Last dip buy before the close and sale after hours. You can trade with me and Finom Group folks! (1/2)", "time": 1641525743.0, "sentiment": ""}, {"id": 424290024, "text": "$AAPL", "time": 1641525702.0, "sentiment": "Bullish"}, {"id": 424289865, "text": "$AAPL haha delusional bulls crying help when this POS is only down 5 points from close Friday / open Monday.  Shove 3 tril up your ass", "time": 1641525680.0, "sentiment": "Bearish"}, {"id": 424289524, "text": "$AAPL if you bought that dip before bell close. You will make money tomorrow!", "time": 1641525645.0, "sentiment": "Bullish"}, {"id": 424289302, "text": "$AAPL wouldn\u2019t be surprised if we test $168.50 tomorrow. Many stoplosses will be fucked", "time": 1641525617.0, "sentiment": "Bearish"}, {"id": 424289019, "text": "$AAPL I DONT GIVE A F WHAT A BEAR HAS TO SAY...THIS WILL BE OVER $180 BEFORE AND AFTER ER. SELL IT IF YOU WANT BEARS. SHORT IT IF YOU WANT BEARS. IT GOES TO $160...I WILL JUST BUY MORE CALLS AND AVG DOWN. BEARS TALKING ABOUT TRADING 46 TIMES CASH...YEAH AND LOOK AT TELSA...LOL", "time": 1641525589.0, "sentiment": ""}, {"id": 424288816, "text": "$AAPL That Trillion dollars sure went fast !!!  What the hell ?!?!?", "time": 1641525566.0, "sentiment": "Bullish"}, {"id": 424288705, "text": "$AAPL loaded aapl puts again at the close. Jan 21 $170", "time": 1641525555.0, "sentiment": "Bearish"}, {"id": 424288132, "text": "$AAPL DWAC!!!!!!", "time": 1641525493.0, "sentiment": ""}, {"id": 424286758, "text": "$AAPL So overvalued! But you&#39;ll see people blindly throwing there cash in here because it is apple and it has always gone up and probably will keep going up or the market will crash.  But compare this stock to the 100&#39;s of growth stocks trading at cash value basically.  This trades at what 46 times it&#39;s cash value and 8-9 revenue.", "time": 1641525348.0, "sentiment": ""}, {"id": 424286664, "text": "$WKEY $TSLA $AAPL", "time": 1641525336.0, "sentiment": ""}, {"id": 424286372, "text": "$AAPL really hoping for a strong bounce from here", "time": 1641525306.0, "sentiment": "Bullish"}, {"id": 424283070, "text": "This is why Hedge Funds use A.I. $AAPL in Downtrend: RSI indicator exits overbought zone. View odds for this and other indicators: https://srnk.us/go/3303680", "time": 1641524953.0, "sentiment": ""}, {"id": 424282514, "text": "$AAPL we need news of tarrifs or Monopoly to significantly drop Apple. Other than that it&#39;s green as usual.", "time": 1641524894.0, "sentiment": "Bullish"}, {"id": 424282484, "text": "$AAPL BULLSHIT BULLSHIT", "time": 1641524892.0, "sentiment": ""}, {"id": 424281922, "text": "$MSFT $AAPL $FB $AMZN Added more msft and fb. Invested in aapl and amzn today. Thanks for the dips. I don&#39;t care what your charts tell you. I also don&#39;t give a crap about fed. All I know is  that when these te h giants drop so big, you add....especially few weeks before earnings. Bring it on shorts!", "time": 1641524842.0, "sentiment": "Bullish"}, {"id": 424281600, "text": "$AAPL nice bounce incoming for tomorrow", "time": 1641524813.0, "sentiment": "Bullish"}, {"id": 424281526, "text": "$AAPL ER report will increase volitility IV will rise. You dont want to be a buyer then. You want to be a seller. Stay ahead of the game", "time": 1641524804.0, "sentiment": ""}]