[{"id": 424281314, "text": "$FUTU Alerted earlier today. Timed the top neatly. \n\nWe banking tomorrow.\n\nCongrats gentlemen. \ud83e\udd1e\ud83e\uddf8\ud83d\udcb0\n\n$AAPL $FB $MARA $BTC.X \n\nDoubters to believers. \ud83e\uddf8\ud83e\udd1e\n\nI don&#39;t respond to dms.", "time": 1641524782.0, "sentiment": "Bearish"}, {"id": 424281025, "text": "$AAPL earning will be terrible, sell everything", "time": 1641524754.0, "sentiment": ""}, {"id": 424280844, "text": "$AAPL Fair Value remains at 30$.", "time": 1641524741.0, "sentiment": "Bearish"}, {"id": 424280841, "text": "$AAPL Closed short. Hesitant on the cover, but there could be a nice relief bounce tomorrow.", "time": 1641524741.0, "sentiment": ""}, {"id": 424280714, "text": "$AAPL THIS BULLSHIT", "time": 1641524729.0, "sentiment": ""}, {"id": 424280036, "text": "$AAPL A lot of key supports level lost today . It might be a wrap for Apple until the Q2 Earnings run up", "time": 1641524671.0, "sentiment": ""}, {"id": 424279842, "text": "$AAPL Bloodbath coming tomorrow. Anyone with a brain is selling. Powell is taking money out the economy started in a few months which means unless you\u2019re short the market your portfolio will get drained as the money supply is drained. Really common sense! \n \nEnjoy!!!", "time": 1641524652.0, "sentiment": ""}, {"id": 424279636, "text": "$AAPL https://stocktwits.com/Venuspre/message/424274488", "time": 1641524629.0, "sentiment": ""}, {"id": 424278981, "text": "$AAPL \n \nWow just fucking $10.00 off from Monday Close of Day.\n\n182.01 on Monday Close of Day to 172.01 today Close of Day.\n\nThat was so steep drop - about 5.5% drop in three days.\n\nWhile all the indications 1st month and 3rd month is alerting oversold .. the seller never stop attacking it .. \n\nTmw .. back the fuck this stock up!", "time": 1641524569.0, "sentiment": "Bullish"}, {"id": 424278557, "text": "$AAPL 3 red days for Apple is unheard of..Tomorrow big bounce IMO.", "time": 1641524529.0, "sentiment": "Bullish"}, {"id": 424278126, "text": "$AAPL TSLA and AAPL earnings on the sam week. This month will be exciting.", "time": 1641524488.0, "sentiment": ""}, {"id": 424277988, "text": "$BTC.X if you\u2019re watching, this is a pending dumpster fire in the short term. Along with $AAPL and $QQQ  and most of the rest of the temporarily overvalued and sheep infested market. \n\nI smell a markets in turmoil episode coming.", "time": 1641524476.0, "sentiment": ""}, {"id": 424277574, "text": "$AAPL \n\nHow is this down more than Ark today?", "time": 1641524438.0, "sentiment": ""}, {"id": 424277551, "text": "$FB been alerted earlier today. Timed the top perfectly. \ud83e\udd1e\ud83d\udcb0\n\nCongrats gentlemen. \n\nTomorrow we feast.\n\n$AAPL $FUTU $MARA $TSLA", "time": 1641524437.0, "sentiment": "Bearish"}, {"id": 424277475, "text": "$AAPL That&#39;s it. If ya didnt sell. Well..........", "time": 1641524429.0, "sentiment": ""}, {"id": 424276712, "text": "$AMD $NVDA $AAPL $AMZN $TSLA \nThey did 3 Red days on Nasdaq and lets pump Tomorrow!", "time": 1641524352.0, "sentiment": ""}, {"id": 424276285, "text": "$AAPL Tomorrow will be green...This is a baby pullback. !", "time": 1641524311.0, "sentiment": "Bullish"}, {"id": 424276192, "text": "$AAPL yesterday I swung calls overnight. Today it\u2019s puts", "time": 1641524302.0, "sentiment": ""}, {"id": 424276170, "text": "$AAPL lovely, as expected.\n\nCongrats gentlemen. \ud83d\udcb0\ud83e\udd1e\n\nClosed my position. \n\n$FB $FUTU $MARA", "time": 1641524300.0, "sentiment": "Bearish"}, {"id": 424276018, "text": "$aapl euphoria at 181 and doom at 172. Smh when i bought puts, i shorted a bunnch after the drop thinking it wont Bend over like Pakistan in 1 day but costly mistake.", "time": 1641524287.0, "sentiment": ""}, {"id": 424275821, "text": "$BB $AAPL \n\n404 Not Found\ud83d\ude02", "time": 1641524267.0, "sentiment": "Bullish"}, {"id": 424275693, "text": "$AAPL so, how many million shares trade in the last second today?", "time": 1641524254.0, "sentiment": "Bullish"}, {"id": 424275240, "text": "$TSLA $AAPL $SPY distribution?", "time": 1641524207.0, "sentiment": ""}, {"id": 424275205, "text": "$AAPL $BA  HOLD BITCHES", "time": 1641524204.0, "sentiment": "Bullish"}, {"id": 424274599, "text": "$SPY if you guys don&#39;t understand macro now is the time to open your textbooks. The Fed is your enemy and is removing liquidity. This means markets will remain volatile and have a downward bias. It doesn&#39;t matter if the company you own is changing the world, the valuation will come down to a reasonable multiple. Nothing is safe when the Fed tilts this hawkish $AAPL $TSLA $QQQ", "time": 1641524139.0, "sentiment": "Bearish"}, {"id": 424274370, "text": "$AAPL puts to hedge your longs look good. $DWAC $BYND $SPY", "time": 1641524117.0, "sentiment": ""}, {"id": 424274220, "text": "$AAPL PE ratio 32.39 --- &gt; 30.61 , not too outrageous for the car and AR And with continued iphone dominance.", "time": 1641524100.0, "sentiment": ""}, {"id": 424274084, "text": "$ES_F $SPY $AAPL $AMZN \n\nCalled it right before it sold off", "time": 1641524084.0, "sentiment": ""}, {"id": 424273930, "text": "$AAPL Ready to gap fill...", "time": 1641524068.0, "sentiment": "Bearish"}, {"id": 424273750, "text": "$AAPL I sold my Walgreens calls to jump into Apple this week on Tuesday \ud83d\ude02 This market is something else", "time": 1641524050.0, "sentiment": ""}]