[{"id": 424230976, "text": "$AAPL I present to you...a heart monitor", "time": 1641518775.0, "sentiment": ""}, {"id": 424230052, "text": "$SPY $QQQ $AAPL $TSLA  \n \nBeing flat isn\u2019t exactly what you want to see following a day like yesterday if you\u2019re trying to enter a long position. Means the majority still isn\u2019t convinced the ride is over\u2026.  \n \n\ud83e\udea4", "time": 1641518654.0, "sentiment": "Bearish"}, {"id": 424229966, "text": "$AAPL RSI and macd tell you everything you need to know here. 165 incoming", "time": 1641518642.0, "sentiment": "Bearish"}, {"id": 424229475, "text": "$AAPL needs to see $SPY curl", "time": 1641518576.0, "sentiment": "Bullish"}, {"id": 424228314, "text": "$AAPL worth at least 3 trillion doghairs", "time": 1641518420.0, "sentiment": ""}, {"id": 424227535, "text": "$ENSC they will own the pain killer market as well as adhd markets of the trials continue to be positive! we need help to keep climbing! $amc $mrna $AAPL", "time": 1641518316.0, "sentiment": "Bullish"}, {"id": 424226507, "text": "$TSLA $SPY $QQQ $AAPL\n\ntheta burn \ud83d\udd25", "time": 1641518183.0, "sentiment": "Bearish"}, {"id": 424226426, "text": "$AAPL \n\nFinish green and tomorrow is the jobs and when they are woefully short the taper tantrum ends.", "time": 1641518172.0, "sentiment": "Bullish"}, {"id": 424224743, "text": "Forgot pov \n\nFor the #woman #fighting #apple ( stock ticker $AAPL ) in #India\n\n#GetEm \n#UsBeautifulWoman\n\n( ps rejected off the 50 day resistance line )", "time": 1641517950.0, "sentiment": "Bearish"}, {"id": 424224567, "text": "$TLRY If u are shorting , do so with full confidence .. Guaranteed you will reap the rewards of your conviction .. But for $TSLA  and $AAPL watch out", "time": 1641517929.0, "sentiment": ""}, {"id": 424224554, "text": "Real. \nFor the #woman #fighting #apple ( stock ticker $AAPL ) in #India\n\n#GetEm \n#UsBeautifulWoman\n\n( ps rejected off the 50 day resistance line )", "time": 1641517928.0, "sentiment": ""}, {"id": 424224432, "text": "For the #woman #fighting #apple ( stock ticker $AAPL ) in #India\n\n#GetEm \n#UsBeautifulWoman\n\n( ps rejected off the 50 day resistance line )", "time": 1641517912.0, "sentiment": "Bearish"}, {"id": 424224259, "text": "$AAPL I sold half my calls for loss y\u2019all, we should be mooning soon. You\u2019re welcome", "time": 1641517891.0, "sentiment": "Bullish"}, {"id": 424223324, "text": "$AAPL does anyone think this will get to 200?", "time": 1641517770.0, "sentiment": ""}, {"id": 424222632, "text": "$AAPL you might go bearish on this because you are bearish on the market and this hasn&#39;t had the +30% haircut that profitless or high multiple tech has had. \n\nIt becomes a contagion play, where you are capturing a macro reversion to the mean vs. a bet on aapl itself collapsing.", "time": 1641517684.0, "sentiment": ""}, {"id": 424222576, "text": "$AAPL Just bought 11 shares!", "time": 1641517677.0, "sentiment": "Bullish"}, {"id": 424222309, "text": "$AAPL chop chop chop all fuckin day", "time": 1641517644.0, "sentiment": ""}, {"id": 424221970, "text": "$AAPL  buy RELI.   Over 70% short interest.  Going to $20.", "time": 1641517602.0, "sentiment": "Bullish"}, {"id": 424221877, "text": "$AAPL although i do feel we close above 174 tomorrow", "time": 1641517590.0, "sentiment": ""}, {"id": 424221684, "text": "$AAPL stairs up elevator down.", "time": 1641517568.0, "sentiment": ""}, {"id": 424221285, "text": "Equity Sentiment: $AAPL is the #2 stock that institutions are trading with 47.0K options contracts.\n\nMarket analysis included in screenshot of dashboard from http://insiderfinance.io.", "time": 1641517518.0, "sentiment": ""}, {"id": 424220436, "text": "$AAPL gonna close green today and open green tm in pre-market", "time": 1641517406.0, "sentiment": "Bullish"}, {"id": 424219875, "text": "$AAPL   \ud83c\udf4f Margin Calls, underway.  Oil Mkts Closing, in 30 mins.", "time": 1641517331.0, "sentiment": "Bullish"}, {"id": 424219792, "text": "$AAPL $MSFT $QCOM something is brewing", "time": 1641517321.0, "sentiment": "Bullish"}, {"id": 424219699, "text": "$EAR DESTINATION $77 AND MORE!!!\n$AAPL $AMC  $LGVN $SPRB", "time": 1641517307.0, "sentiment": "Bullish"}, {"id": 424219083, "text": "$AAPL $AMZN here comes 2:00 pm come back", "time": 1641517226.0, "sentiment": "Bullish"}, {"id": 424218301, "text": "$AAPL Too many stuck longs just looking to cut their losses today, weak hands.", "time": 1641517123.0, "sentiment": ""}, {"id": 424218273, "text": "$AAPL Has anyone had this problem. Go away from you trading station, comeback to it when your stock is rising, touch your mouse and it immediately drop a few cent?", "time": 1641517120.0, "sentiment": ""}, {"id": 424218249, "text": "$AAPL floor here. \ud83e\udd73", "time": 1641517117.0, "sentiment": "Bullish"}, {"id": 424217653, "text": "$AAPL NEW ARTICLE : 10 Warren Buffett Stocks That Belong on Your 2022 Watchlist https://www.stck.pro/news/AAPL/20990758", "time": 1641517039.0, "sentiment": ""}]