[{"id": 424217527, "text": "$AAPL I wanna add more now", "time": 1641517021.0, "sentiment": ""}, {"id": 424217374, "text": "$AAPL idk why people would short this stock instead of others... great company with great revenue!!! sorry bears", "time": 1641517001.0, "sentiment": "Bullish"}, {"id": 424217238, "text": "$AAPL come back darling give us another try at $185", "time": 1641516983.0, "sentiment": "Bullish"}, {"id": 424216979, "text": "$AAPL Will be back in around 160", "time": 1641516946.0, "sentiment": "Bullish"}, {"id": 424216943, "text": "$AAPL good thing I sold at 183", "time": 1641516940.0, "sentiment": "Bullish"}, {"id": 424216849, "text": "$LCID $TSLA $AAPL $qqq here comes the 2pm fade.", "time": 1641516927.0, "sentiment": "Bearish"}, {"id": 424216672, "text": "$AAPL heereeeeeeeeeeee\ud83c\udf4f\ud83c\udf4f\ud83c\udf4f\ud83c\udf4f\ud83c\udf4f\ud83c\udf40\ud83c\udf40\ud83c\udf40\ud83c\udf40\ud83c\udf40\ud83c\udf40\u2764\ud83c\udf4f\ud83c\udf4f\ud83c\udf4f\ud83c\udf4f", "time": 1641516903.0, "sentiment": ""}, {"id": 424216537, "text": "$AAPL Come on. Break on through!", "time": 1641516887.0, "sentiment": ""}, {"id": 424216491, "text": "$AAPL Way overvalued. October through November this was at 150 which makes a little more sense.", "time": 1641516882.0, "sentiment": "Bearish"}, {"id": 424216370, "text": "$AAPL here we go!", "time": 1641516866.0, "sentiment": "Bullish"}, {"id": 424215803, "text": "$AAPL loaded calls here....the slide looks to be over.", "time": 1641516792.0, "sentiment": "Bullish"}, {"id": 424215635, "text": "$AAPL about to pop. Sellers drying up", "time": 1641516768.0, "sentiment": "Bullish"}, {"id": 424215392, "text": "$AAPL Before/ After from this mornings chart. Support levels I&#39;m keeping on watch in case market comes down more. Cheers and gl everyone!", "time": 1641516740.0, "sentiment": "Bullish"}, {"id": 424215113, "text": "$AAPL apples chart today looks like afib\u2026", "time": 1641516703.0, "sentiment": ""}, {"id": 424215106, "text": "$AAPL Give me under $170 once and I&#39;ll be done wit you ;)", "time": 1641516702.0, "sentiment": "Bearish"}, {"id": 424214689, "text": "$AAPL Fomo comingggggggggg\ud83c\udf4f\ud83c\udf4f\ud83c\udf4f\ud83c\udf4f\ud83c\udf4f\ud83c\udf4f\ud83c\udf4f\ud83c\udf4f\ud83c\udf4f\ud83c\udf4f\ud83c\udf4f\ud83c\udf4f\u2764", "time": 1641516644.0, "sentiment": ""}, {"id": 424214510, "text": "Is $aapl about to break out??!!", "time": 1641516621.0, "sentiment": "Bullish"}, {"id": 424214372, "text": "$AAPL was analyzed by 48 analysts. The buy consensus is at 83%. So analysts seem to be very confident about $AAPL. https://www.chartmill.com/stock/quote/AAPL/analyst-ratings?utm_source=stocktwits&amp;utm_medium=ANALYST&amp;utm_content=AAPL&amp;utm_campaign=social_tracking", "time": 1641516600.0, "sentiment": ""}, {"id": 424214322, "text": "$AAPL 20-Jan-23 170 Puts Traded 787 Times for $1.5 Million in Premium. https://tinyurl.com/y9tgluzt", "time": 1641516593.0, "sentiment": ""}, {"id": 424214126, "text": "$SPY $AAPL gonna take us down from here", "time": 1641516570.0, "sentiment": "Bearish"}, {"id": 424213978, "text": "$AAPL needs to break 172.50", "time": 1641516551.0, "sentiment": "Bearish"}, {"id": 424213717, "text": "$AAPL How low does everyone think Apple will go??", "time": 1641516519.0, "sentiment": ""}, {"id": 424213412, "text": "$AAPL needs to break 174", "time": 1641516479.0, "sentiment": "Bullish"}, {"id": 424212858, "text": "$TSLA FOMO will kick in soon $SPY $AAPL $FSR", "time": 1641516414.0, "sentiment": "Bullish"}, {"id": 424212779, "text": "$AAPL $SPY $NFLX $tsla", "time": 1641516402.0, "sentiment": ""}, {"id": 424212770, "text": "$EAR join IN!\n$NTRB $LGVN $ISIG $AAPL \n https://seekingalpha.com/news/3785839-ear-stock-surges-after-disclosing-criminal-probe-is-no-longer-active?utm_medium=referral", "time": 1641516401.0, "sentiment": "Bullish"}, {"id": 424211855, "text": "$AAPL power hour coming stay tuned", "time": 1641516276.0, "sentiment": "Bullish"}, {"id": 424211179, "text": "$AAPL where my bulls at???", "time": 1641516190.0, "sentiment": "Bullish"}, {"id": 424211011, "text": "@miact I have several big positions. $HAL was a huge position i entered in march 2020. $TSLA and $AAPL and $MSFT. $AMD is hands down the most profitable position I ever held. Held it in red for 1.5-2 years. Paid huge.", "time": 1641516171.0, "sentiment": "Bullish"}, {"id": 424210372, "text": "$AMZN $TSLA $SPY $MSFT $AAPL\n\nPowell speaks next week. Take advantage of these opportunities. Another dip to buy.", "time": 1641516091.0, "sentiment": ""}]