[{"id": 424426431, "text": "$SPY $DJIA $QQQ $AAPL $TSLA \n\nWhat a sham the FED and it&#39;s Member Banks are. I never knew the FED pay member banks a 6% dividend, tax-free!\n\nWhy don&#39;t we learn this stuff in high school!!!\n\nhttps://newrepublic.com/article/116913/federal-reserve-dividends-most-outrageous-handout-banks\n\n&quot;The subsidy comes in the form of a 6 percent dividend, paid on stock that over 2,900 banks purchase to participate in the Federal Reserve system. And the Fed has been doing this for the last 100 years. It\u2019s one of the many unknown ways the Fed extends special benefits to Wall Street.&quot;\n\n&quot;But if the 6 percent dividend on capital stock isn\u2019t the Fed\u2019s largest gift, it may be the most brazen\u2014a risk-free entitlement program that has operated in obscurity for 100 years. Most member banks don\u2019t even have to pay corporate taxes on the dividends, unlike most Americans who pay anywhere from 15-20 percent in dividend taxes.&quot;", "time": 1641553643.0, "sentiment": ""}, {"id": 424426300, "text": "If $AAPL forms a double-top, then it may drop to $155.", "time": 1641553603.0, "sentiment": ""}, {"id": 424425439, "text": "$AAPL fell below and our sell trigger and hit a low of $171.64. If we can\u2019t reclaim $173.62 then further selling into $170.28 is possible.", "time": 1641553264.0, "sentiment": ""}, {"id": 424424885, "text": "$AAPL was analyzed by 48 analysts. The buy consensus is at 83%. So analysts seem to be very confident about $AAPL. https://www.chartmill.com/stock/analyzer/stock/AAPL?view=analyst-ratings&amp;utm_source=stocktwits&amp;utm_medium=ANALYST&amp;utm_content=AAPL&amp;utm_campaign=social_tracking", "time": 1641553080.0, "sentiment": ""}, {"id": 424423928, "text": "$AAPL $177.5 tomorrow", "time": 1641552770.0, "sentiment": "Bullish"}, {"id": 424421828, "text": "$AAPL any hope for $190 by end of Feb?", "time": 1641552120.0, "sentiment": ""}, {"id": 424420102, "text": "$SPY $AAPL $NVDA $TSLA $MSFT \n\nKeep compounding. Feed your future.", "time": 1641551655.0, "sentiment": "Bullish"}, {"id": 424419715, "text": "Here&#39;s How Much Apple CEO Tim Cook Took Home In 2021  $AAPL $TSLA $FB \n\nhttps://newsfilter.io/a/d92d3e61fe0fb43eccfa4a254bc89a11", "time": 1641551545.0, "sentiment": ""}, {"id": 424417231, "text": "$AAPL atleast 178$ tomorrow", "time": 1641550879.0, "sentiment": "Bullish"}, {"id": 424416858, "text": "$MANA.X $ONE.X $BTC.X the android leader in the smart phone industry just announced a bullish stake in the metaverse. $AAPL $FB", "time": 1641550781.0, "sentiment": "Bullish"}, {"id": 424416406, "text": "$AAPL https://www.cnbc.com/2022/01/06/apple-ceo-tim-cook-compensation-fy-2021.html https://www.cnbc.com/2022/01/06/apple-ceo-tim-cook-compensation-fy-2021.html", "time": 1641550663.0, "sentiment": "Bullish"}, {"id": 424414558, "text": "$AAPL https://twitter.com/wickedoptions/status/1479303341058441217?s=21", "time": 1641550134.0, "sentiment": "Bearish"}, {"id": 424414522, "text": "@APPLJuice $AAPL - just so ya&#39;ll know, your president - ole slo sleepy creepy joe is resting comfortably after a hard day trying to complete a sentence.  he&#39;ll be back on his feet by noon tomorrow &amp; he promises to finish each &amp; every sentence he started today.  if u have any questions save them for &quot;circle jerk&quot; Jen Psaki.  also, - don&#39;t forget Brandon is halting all your market transactions unless u have received multiple Chinese plague shots, of course the FBI &amp; DOJ will monitor this executive order bullshit &amp; waterboard any violators to the full extent of the law.", "time": 1641550125.0, "sentiment": ""}, {"id": 424410828, "text": "$AAPL Magna International is a best core idea at Evercore on Apple Car/EV halo potential", "time": 1641549174.0, "sentiment": ""}, {"id": 424410687, "text": "$AAPL The first look at how Apple could stylistically design its long-rumored car could come from Ferrari, thanks to a recent partnership between former Apple designers and the Italian sports car maker.", "time": 1641549139.0, "sentiment": ""}, {"id": 424410394, "text": "$AAPL made in China. Profits over people cyber disaster \n https://www.reddit.com/r/Epic_Economics/comments/rxxto2/crypto_crash_multi_month_lows/?utm_source=share&amp;utm_medium=ios_app&amp;utm_name=iossmf", "time": 1641549066.0, "sentiment": "Bearish"}, {"id": 424408950, "text": "$AAPL Bullish in the long term but here I will want to see it consolidate around $170 before I put more money in it. I think there are chances we see it will retest lower 160&#39;s or higher 150&#39;s, which again is not a bad thing before the run to $200. I see $200 by end of Feb or March. Short term sideways or more dip, mid/long term bullish.", "time": 1641548697.0, "sentiment": "Bullish"}, {"id": 424406277, "text": "$AMD $AAPL $MSFT $EMAN Thank god the weekend is near. Gives us a little break b4 the HFs return on Monday with a hard on for retail investors&#39; a$$ \ud83d\ude12", "time": 1641548017.0, "sentiment": "Bullish"}, {"id": 424406156, "text": "$AAPL AAPL 2022-01-06 Dark Pool &amp; Short Interest Data: \nhttps://www.youtube.com/watch?v=c8zSDug38yk", "time": 1641547984.0, "sentiment": ""}, {"id": 424405658, "text": "Equity Sentiment: $AAPL is the #2 stock that institutions are trading with 96.4K options contracts.\n\nMarket analysis included in screenshot of dashboard from http://insiderfinance.io.", "time": 1641547850.0, "sentiment": ""}, {"id": 424404594, "text": "$AAPL excellent research report!\n\nhttps://technologymarketreport.com/Verizons-NEW-Favorite-AR-Gadget/?utm_source=mcnalliemoney&amp;utm_medium=influencer&amp;utm_campaign=vuziz_us", "time": 1641547562.0, "sentiment": "Bullish"}, {"id": 424404386, "text": "$INTC $AAPL $AMD $NVDA talent warfare.", "time": 1641547507.0, "sentiment": ""}, {"id": 424403468, "text": "$AAPL inflation wars\n\nhttps://www.youtube.com/watch?v=_ru--iNroJQ", "time": 1641547245.0, "sentiment": ""}, {"id": 424403095, "text": "$SPY $QQQ $AMZN $AAPL  If any of you crazy beautiful people want to follow me on TradingView... I post a little bit more on there regarding my actually positions https://www.tradingview.com/u/LadyAmalthea12/", "time": 1641547145.0, "sentiment": "Bearish"}, {"id": 424401094, "text": "$AAPL Still early, but decent alg U-Turn. $QQQ at the level as well. Might be a frantic bounce off 380, but note that the first rebound off 380 actually had a gap down before rising. As long as that doesn&#39;t happen, I&#39;m a buyer in the morn and holding the Apple cover.", "time": 1641546596.0, "sentiment": ""}, {"id": 424400897, "text": "$AAPL GLTA don&#39;t bet the house, yada yada. Your money, your decisions, don&#39;t blame other people for your gains or loses.", "time": 1641546541.0, "sentiment": ""}, {"id": 424400361, "text": "$AAPL getting late, tomorrow is another day.  Watch the MMs send this North. GLTA", "time": 1641546394.0, "sentiment": "Bullish"}, {"id": 424399067, "text": "$AAPL Simulated 175.0 dollar CALLS for Friday&#39;s open on StockOrbit.\n https://apps.apple.com/us/app/stockorbit/id1541560646", "time": 1641546047.0, "sentiment": ""}, {"id": 424398146, "text": "$AAPL hope you\u2019re taking advantage of the dip buying opportunity, still accountable for upside  movement", "time": 1641545782.0, "sentiment": ""}, {"id": 424397605, "text": "$AAPL has an average volume of 96264700. This is a good sign as it is always nice to have a liquid stock. https://www.chartmill.com/stock/quote/AAPL/technical-analysis?key=bb853040-a4ac-41c6-b549-d218d2f21b32&amp;utm_source=stocktwits&amp;utm_medium=TA&amp;utm_content=AAPL&amp;utm_campaign=social_tracking", "time": 1641545640.0, "sentiment": ""}]