[{"id": 424397198, "text": "$AAPL Boy when they say the freaks come out at night they were not kidding", "time": 1641545528.0, "sentiment": "Bullish"}, {"id": 424397196, "text": "S&amp;P seasonality along with Fed triple x tightening plans making it difficult to time for day trades. Not jumping in until VIX drops below 18 for my days trades \u2026 sticking with value mega tech core positions and adding on dips. $MSFT  $AAPL $AMZN $FB \u2026 just sitting back watching the price action.", "time": 1641545527.0, "sentiment": "Bullish"}, {"id": 424396286, "text": "$LCID $AAPL $NVDA $SFY $VTI fab 5", "time": 1641545285.0, "sentiment": "Bullish"}, {"id": 424395328, "text": "$AAPL Bears are regretting not getting out tonight\u2026LMAO", "time": 1641545040.0, "sentiment": "Bullish"}, {"id": 424394888, "text": "$AAPL heading  to double digits", "time": 1641544927.0, "sentiment": "Bearish"}, {"id": 424394429, "text": "$AAPL I agree huge Bear trap!!  Bait put out there and suckers flowed in, gonna suck to be you tomorrow Bears LMAO", "time": 1641544798.0, "sentiment": "Bullish"}, {"id": 424393819, "text": "$TDOC JOHNSON AND JOHNSON CEO WHO SUPPORTED TELEDOC for his employees now moved on to $AAPL.   \n \n$AAPL health will be perfect integration with $TDOC  \n \nthey Can buy this company out right with pocket change 150/share", "time": 1641544624.0, "sentiment": "Bullish"}, {"id": 424393772, "text": "$QQQ $AAPL $TSLA $MSFT $GOOGL \n\nRAISE YOUR HANDS, how many of you dumbasses bit on the FEDS BAIT?????", "time": 1641544611.0, "sentiment": "Bullish"}, {"id": 424393699, "text": "@ktran2020 if your long like me it\u2019s always time to buy $AAPL", "time": 1641544588.0, "sentiment": "Bullish"}, {"id": 424393226, "text": "$AAPL  really unbelievable\u2026 CEO salary went up 500% this last year to 100M!!! \n\nThis is getting ridiculous. The institutional folks should be outraged and board shouldn\u2019t allow it.", "time": 1641544457.0, "sentiment": ""}, {"id": 424392913, "text": "$AAPL  \ud83c\udf4f The Apple Shareholder Meeting will be held on March 4.  It will be held Virtually.  Rumor:  an \u201cExciting Announcement\u201d may be made.", "time": 1641544375.0, "sentiment": "Bullish"}, {"id": 424391763, "text": "Neilson Top Total Minutes Viewed - Week of 12/06/21 - 12/12/21 - $NFLX $DIS $AMZN $AAPL", "time": 1641544068.0, "sentiment": ""}, {"id": 424391693, "text": "$AAPL get ready for an other blood bath. its not time to buy yet", "time": 1641544044.0, "sentiment": "Bearish"}, {"id": 424391613, "text": "$AAPL  \ud83c\udf4f\ud83d\ude0e\ud83d\udc4d     \ud83c\udf81 Further Confirmation, Reiteration, that an ER Gift is Coming.", "time": 1641544028.0, "sentiment": ""}, {"id": 424391611, "text": "$AAPL jobs numbers tomorrow it will crash the market", "time": 1641544027.0, "sentiment": ""}, {"id": 424391475, "text": "$AAPL great features dropping", "time": 1641543990.0, "sentiment": ""}, {"id": 424391040, "text": "$AAPL gonna blast tomorrow gonna move with $SPY", "time": 1641543887.0, "sentiment": "Bullish"}, {"id": 424390141, "text": "Unusual Option Alert on $AAPL $2,710,198 call sweep traded with $175.0 strike expiring on 2022-01-28. Via: https://www.stockgrid.io/optionsflowcumulativestats/AAPL", "time": 1641543709.0, "sentiment": ""}, {"id": 424390099, "text": "$AAPL Anyone here been holding Apple a long time?  Anyone sell years ago?", "time": 1641543698.0, "sentiment": ""}, {"id": 424389768, "text": "$QQQ $AAPL $TSLA $MSFT $GOOG \n\nCAN YOU SMELL THE FOMO?", "time": 1641543607.0, "sentiment": "Bullish"}, {"id": 424389605, "text": "$AAPL To me...Cooks performance reward was set with perameters which had to be met. They just &quot;told&quot; you what to expect on the ER report in three weeks.", "time": 1641543564.0, "sentiment": "Bullish"}, {"id": 424389066, "text": "$AAPL I scalp the shit out of this on the daily. It\u2019s fun", "time": 1641543413.0, "sentiment": ""}, {"id": 424388451, "text": "$BYND #1 stock to short 2022 ----------- $NIO $AAPL  $TSLA", "time": 1641543253.0, "sentiment": ""}, {"id": 424388197, "text": "$AAPL gonna gap up in the morning", "time": 1641543186.0, "sentiment": "Bullish"}, {"id": 424387532, "text": "$AAPL Bought more today. Bargain sale. \n\nhttps://www.youtube.com/watch?v=bbNsr8zuzI8", "time": 1641543002.0, "sentiment": "Bullish"}, {"id": 424386772, "text": "$AAPL \n\nTim Cook biggest pay meaning the performance of Apple is going to be very interesting to watch .. let\u2019s pump up!", "time": 1641542801.0, "sentiment": "Bullish"}, {"id": 424384707, "text": "@redingtonb what about $AAPL? $NKE?", "time": 1641542267.0, "sentiment": ""}, {"id": 424384377, "text": "$BTC.X $AAPL $TSLA $AMD \n\nDaily Market Recap for Thursday, 1/6/2022, #Stocks #Bitcoin #Gold, and #Silver\nhttps://youtu.be/FNx5kw1kTHE", "time": 1641542178.0, "sentiment": ""}, {"id": 424384372, "text": "$AAPL I say I 179.99 tomorrow", "time": 1641542176.0, "sentiment": "Bullish"}, {"id": 424384209, "text": "$AAPL PLEASE this is APPLE, analysts for weeks have been saying $200.00  This was a play to drive her low so MMs could buy/steal your shares for cheap.   Bottom Line!  Add while it\u2019s CHEAP!!", "time": 1641542135.0, "sentiment": "Bullish"}]