[{"id": 424484637, "text": "$AAPL Fugly for now but will turn green by open", "time": 1641584465.0, "sentiment": "Bullish"}, {"id": 424484533, "text": "$AAPL I will close out my puts during first 30min of trade. Absolutely killed it this week", "time": 1641584447.0, "sentiment": "Bearish"}, {"id": 424484094, "text": "$AAPL waiting on $130 to load again", "time": 1641584380.0, "sentiment": ""}, {"id": 424483964, "text": "$AAPL haha pre market bag holders. \nNever fails.  Love it", "time": 1641584356.0, "sentiment": "Bearish"}, {"id": 424482938, "text": "$AAPL $qqq $spy   turn red", "time": 1641584169.0, "sentiment": "Bearish"}, {"id": 424482817, "text": "$SPY $AAPL nice failed pump attempt", "time": 1641584146.0, "sentiment": ""}, {"id": 424481862, "text": "$AAPL will get in at 140", "time": 1641583973.0, "sentiment": "Bullish"}, {"id": 424481629, "text": "$AAPL puts will print \ud83c\udfcc\ufe0f\u200d\u2642\ufe0f\ud83d\udd2e", "time": 1641583929.0, "sentiment": "Bearish"}, {"id": 424481534, "text": "$AAPL first move is usually the wrong move \ud83d\udd2e\ud83c\udfcc\ufe0f\u200d\u2642\ufe0f", "time": 1641583910.0, "sentiment": "Bearish"}, {"id": 424481104, "text": "Bull markets will fool many into believing they are great traders or investors \n \nDuring a bear market all the profits will be taken back fast &amp; humble them \n \nEasy market phases are followed by the most difficult ones \n \nLearn about risk management early or learn the hard way later \n \n$spy $aapl $tsla $lcid $sofi", "time": 1641583828.0, "sentiment": ""}, {"id": 424479949, "text": "$AAPL Ahh, that is what the new $200 PT was about.", "time": 1641583580.0, "sentiment": ""}, {"id": 424478909, "text": "$AAPL really struggle trying to understand the bull thesis here. Innovation ended with Jobs. Their phones and computers are not even keeping pace with competition. Other than a split making it cheap for retail.....what exactly justifies this valuation? The only area of strength is the wider availability of different apps but since when we apply major growth factors to tech that doesnt innovate? Tough one for me to even remotely consider buying.", "time": 1641583332.0, "sentiment": ""}, {"id": 424478254, "text": "$AAPL (+0.2% pre) Apple CEO Tim Cook&#39;s compensation rises to nearly $100 million thanks to new stock award - MW\n\nhttp://ooc.bz/l/90392", "time": 1641583181.0, "sentiment": ""}, {"id": 424477658, "text": "$AAPL If you are buying today. Dont until the end of the day. Fridays options expiration", "time": 1641583035.0, "sentiment": ""}, {"id": 424476508, "text": "Apple&#39;s Tim Cook Made Almost $100 Million. But He Did Deliver a $3 Trillion Valuation.  $AAPL $FB $MSFT \n\nhttps://newsfilter.io/a/65694d89572fa8f077d7376bcb9303b8", "time": 1641582753.0, "sentiment": ""}, {"id": 424475881, "text": "$AAPL  \nApple is one of the world&#39;s most profitable businesses, generating over $151 billion a day, which equates to $1,752 every single second. I will  Swim  with this shark  \n        \u201cGet Rich Or Die Poor Trying , to get richer", "time": 1641582611.0, "sentiment": ""}, {"id": 424475507, "text": "$AAPL \u2705\ud83c\udf4f 175 today", "time": 1641582518.0, "sentiment": "Bullish"}, {"id": 424475497, "text": "$AAPL \nTech will not bottom until msft touches 300, aapl 160 and NVDA 250", "time": 1641582514.0, "sentiment": ""}, {"id": 424473243, "text": "$AAPL the best investment yet lol get in when you can", "time": 1641582045.0, "sentiment": "Bullish"}, {"id": 424472955, "text": "$AAPL 177.5C Exp:07-Jan-22 --  \ud83d\ude80 &lt;R&gt; Total(Day): $125,623 \n$AAPL 185C Exp:16-Sep-22 \u2191  \ud83d\ude80 Total(Day): $36,000 \n$AAPL 185C Exp:28-Jan-22 --  \ud83d\ude80 Total(Day): $39,780 \n#UnusualActivity \n \n \nSign-up free for beta ver.:https://app.jarvisalerts.com \ncharts: courtesy of finviz", "time": 1641582006.0, "sentiment": ""}, {"id": 424471190, "text": "$AAPL the end is near", "time": 1641581615.0, "sentiment": ""}, {"id": 424471065, "text": "$AAPL NEW ARTICLE : Apple&#39;s Tim Cook paid over 1,400 times the average worker in 2021 https://www.stck.pro/news/AAPL/21031601", "time": 1641581587.0, "sentiment": ""}, {"id": 424470754, "text": "10-year yield rose on tapering announcement in 2013, but fell through the ACTUAL tapering process in 2014.\n\n$TNX $SPY $QQQ $AAPL $UVXY", "time": 1641581519.0, "sentiment": ""}, {"id": 424470603, "text": "$AAPL ridiculous valuations $TSLA you could buy these both here and when they pull the rug out from under them it could take you 5 years or more just to break even! Delusional bulls", "time": 1641581486.0, "sentiment": "Bearish"}, {"id": 424470559, "text": "$AAPL $AMZN $GOOGL $ARKK Next big move will be away from big tech and into small which is down 50-70% and has much higher PEG numbers.  Big tech won\u2019t have the growth to sustain the Forward P/E \n\nCNBC already starting to push that narrative last night. \n\nSo predictable, it\u2019s the circle of life in the market. \n\nhttps://m.youtube.com/watch?v=uixfXt2M-xs", "time": 1641581477.0, "sentiment": "Bearish"}, {"id": 424470221, "text": "$AAPL was analyzed by 48 analysts. The buy consensus is at 83%. So analysts seem to be very confident about $AAPL. https://www.chartmill.com/stock/analyzer/stock/AAPL?view=analyst-ratings&amp;utm_source=stocktwits&amp;utm_medium=ANALYST&amp;utm_content=AAPL&amp;utm_campaign=social_tracking", "time": 1641581400.0, "sentiment": ""}, {"id": 424468732, "text": "$BB it looks like the new bb 5g phone with keyboard will released as soon as the patents sale is settled by BB $AAPL https://www.onwardmobility.com/blog/contrary-to-popular-belief/", "time": 1641580938.0, "sentiment": "Bullish"}, {"id": 424468640, "text": "$SPY $aapl heading for 140 then 90 and will take this with it IMO good luck", "time": 1641580914.0, "sentiment": "Bullish"}, {"id": 424468228, "text": "$AAPL Relax....holy shit. Yall going off PM with 218k trades. Apple does that in the first 2 seconds of trading at market open", "time": 1641580793.0, "sentiment": ""}, {"id": 424467955, "text": "@GreenAndMean $SPY $AAPL cash flow yields 3x better than 10yr bonds.\n\nI guess only a broke $$ 23 year old with limited education and no $$ value in real life would think AAPL is inflated.\n\nI get it, you are the broke kid gambling and hoping. The market machines will wipe you out and the real $$ world JUST BUYS assets non-stop.\n\nLearn your place kid.", "time": 1641580720.0, "sentiment": ""}]