[{"id": 424466767, "text": "$AAPL took out lows in pre-market. Still say we see a 10% correction from that 3 trillion.", "time": 1641580336.0, "sentiment": ""}, {"id": 424466202, "text": "Equity Sentiment: $AAPL is the #2 stock that institutions are trading with 96.4K options contracts.\n\nMarket analysis included in screenshot of dashboard from http://insiderfinance.io.", "time": 1641580157.0, "sentiment": ""}, {"id": 424465271, "text": "$AAPL 3T. LFG", "time": 1641579835.0, "sentiment": ""}, {"id": 424465207, "text": "$AAPL Needs a nice bounce today or this name is in trouble! Watch for a bounce into that green trend line as a backtest before another drop.\n\nOptionsforecast4u.com", "time": 1641579810.0, "sentiment": ""}, {"id": 424464446, "text": "$AAPL $SPY were green.  Let&#39;s get some momentum here for next week.", "time": 1641579524.0, "sentiment": "Bullish"}, {"id": 424462251, "text": "$TSLA I think Nasdaq 100 future is leverage for $TSLA, $NVDA, $AMD, $AAPL\u2026 if no spike momentum for these stocks. However each beta will affect these stocks volatility. The beta for $TSLA is larger than $AAPL. \ud83d\udc48\u2705", "time": 1641578628.0, "sentiment": "Bullish"}, {"id": 424461740, "text": "$AAPL Simulated 175.0 dollar CALLS for Friday&#39;s open on StockOrbit.\n https://apps.apple.com/us/app/stockorbit/id1541560646", "time": 1641578441.0, "sentiment": ""}, {"id": 424460369, "text": "$AAPL $DIS $AMZN Some folks get it, others don\u2019t\u2026 success isn\u2019t meant for everyone\ud83e\udd37\ud83c\udffc\u200d\u2642\ufe0f", "time": 1641577811.0, "sentiment": ""}, {"id": 424460229, "text": "$AAPL LOL! Short this if you want into Earnings.", "time": 1641577739.0, "sentiment": ""}, {"id": 424460153, "text": "$AAPL I was wondering why the bears were out this morning. LOL! https://www.cnbc.com/2022/01/07/chip-stocks-are-on-the-up-after-samsung-and-stmicro-issue-positive-updates.html", "time": 1641577699.0, "sentiment": "Bullish"}, {"id": 424459777, "text": "$AAPL NEW ARTICLE : Apple Looks Promising Thanks To CEO Cook https://www.stck.pro/news/AAPL/21029800", "time": 1641577507.0, "sentiment": ""}, {"id": 424459688, "text": "$AAPL y&#39;all don&#39;t get your hopes up. Once jobs numbers out that can crash the market again if they are bad", "time": 1641577457.0, "sentiment": ""}, {"id": 424458933, "text": "$AAPL Alrighty, +$7 more to go!!! Lmao. Gl me.", "time": 1641577018.0, "sentiment": ""}, {"id": 424458145, "text": "$TSLA When nasdaq 100 future up you need look at each stock Beta which tells you the stock\u2019s volatility, eg $TSLA +9.976~-9.976%. \ud83d\udcc8\ud83d\udcc8\ud83d\udcc8\n$NVDA, $AAPL, $AMD, $LCID.", "time": 1641576603.0, "sentiment": "Bullish"}, {"id": 424457288, "text": "$TSLA Only look at this index for me. It\u2019s up $TSLA, $AMD, $NVDA, $AAPL, $LCID are going up too. \ud83d\udcc8\ud83d\udcc8\ud83d\udcc8\ud83d\udcc8\ud83d\udcaf\ud83d\udcaf\ud83d\udcaf\ud83d\udcaf", "time": 1641576066.0, "sentiment": "Bullish"}, {"id": 424456827, "text": "$COIN 6,5 Billion cash in hand!! 12% cash. Better than $AAPL on $pe , cash %.", "time": 1641575773.0, "sentiment": "Bullish"}, {"id": 424456624, "text": "$AAPL nothing makes me happier than pre market bag holders \ud83d\ude02\ud83d\ude02", "time": 1641575660.0, "sentiment": "Bearish"}, {"id": 424455058, "text": "$AAPL - Earnings call in two weeks. Steady momentum is detected for Apple against Ultimate\u2026 https://www.macroaxis.com/stocks/Momentum-Indicators/Ultimate-Oscillator/AAPL", "time": 1641574746.0, "sentiment": ""}, {"id": 424454422, "text": "Sweep Options Activity: $AAPL is the #1 ticker with sweep activity where institutions are trading options urgently with 86.1K sweep contracts, a leading indicator of market movement.\n\nMarket analysis and options contracts included in screenshot of dashboard from http://insiderfinance.io.", "time": 1641574284.0, "sentiment": ""}, {"id": 424452767, "text": "$AAPL Oh boy let\u2019s see the tendies today Give me $175 please and $179 on Monday", "time": 1641572910.0, "sentiment": "Bullish"}, {"id": 424450703, "text": "The industry average Profit Margin is 6.11%. $AAPL outperforms 94% of its industry peers. https://www.chartmill.com/stock/quote/AAPL/fundamental-analysis?key=bb853040-a4ac-41c6-b549-d218d2f21b32&amp;utm_source=stocktwits&amp;utm_medium=FA&amp;utm_content=AAPL&amp;utm_campaign=social_tracking", "time": 1641571140.0, "sentiment": ""}, {"id": 424450421, "text": "$SPY  spy doesn&#39;t need a correction it&#39;s an etf and can&#39;t be overbought in a sense it just tracks those in the spy.  Currently 80% of stocks in the market are below 52week ma and oversold. small caps are even worse. \u00a9\ufe0f \n$TSLA $AAPL", "time": 1641570872.0, "sentiment": "Bullish"}, {"id": 424449931, "text": "$SPY If you know you know\ud83d\udcb0\ud83d\udcb0 $TSLA $AAPL", "time": 1641570426.0, "sentiment": "Bullish"}, {"id": 424449852, "text": "$AAPL 180.00 today", "time": 1641570363.0, "sentiment": "Bullish"}, {"id": 424449441, "text": "$RCL $75P 1/7\n$docu $aapl Puts", "time": 1641570001.0, "sentiment": "Bearish"}, {"id": 424448650, "text": "$AAPL NEW ARTICLE : The Dividend Freedom Tribe&#39;s Performance In 2021: Matching And Beating The Market https://www.stck.pro/news/AAPL/21023938", "time": 1641569352.0, "sentiment": ""}, {"id": 424447998, "text": "$AAPL There wont be a reversal again", "time": 1641568773.0, "sentiment": "Bearish"}, {"id": 424447184, "text": "$BABA  $TSLA $AAPL $MSFT $KO  \n \nTo the moon soon! \n \nhttps://www.interactivebrokers.com/mkt/?src=xiaowangY1&amp;url=%2Fcn%2Findex.php%3Ff%3D2359", "time": 1641568074.0, "sentiment": "Bullish"}, {"id": 424446703, "text": "$AAPL Simulated 175.0 dollar CALLS for Friday&#39;s open on StockOrbit.\n https://apps.apple.com/us/app/stockorbit/id1541560646", "time": 1641567643.0, "sentiment": ""}, {"id": 424445380, "text": "$AAPL Down in Germany so far.", "time": 1641566349.0, "sentiment": "Bearish"}]