[{"id": 424500008, "text": "$AAPL \ud83e\udd23\ud83e\udd23\ud83e\udd23\ud83d\udc51\ud83d\udc51\ud83d\udc51\ud83c\udf4e\ud83c\udf4e\ud83d\udd25\ud83d\udd25\ud83c\udf19\ud83c\udf19\ud83c\udf19\u2708\ufe0f\u2708\ufe0f\u2708\ufe0f\ud83d\ude0d\ud83d\udcc8\ud83d\udcc8\ud83d\udef0\ud83d\udef0\ud83d\udef0\ud83d\udef0\ud83d\udef0\ud83d\ude80\ud83d\ude80\ud83d\ude80\ud83d\ude80\ud83c\udf8a\ud83c\udf8a\ud83c\udf8a\ud83d\udca5\ud83d\udca5\ud83d\udca5\ud83d\udc40\ud83e\udd11\u2705\ud83c\udd99\ud83c\udd99\ud83c\udd99\ud83c\udd99\ud83c\udd99\ud83c\udd99\ud83d\ude97\ud83d\ude97\ud83d\ude97\ud83d\ude97\ud83d\ude97\ud83c\udf4e\ud83c\udf4e\ud83c\udf4e\ud83d\udd25\ud83d\udd25\u2708\ufe0f\u2708\ufe0f\ud83d\udc51\ud83d\udc51\ud83d\udc51\ud83d\udef0\ud83d\udc51\ud83c\udf19\ud83c\udf19\ud83c\udf19", "time": 1641586833.0, "sentiment": "Bullish"}, {"id": 424499655, "text": "$AAPL Yep", "time": 1641586784.0, "sentiment": "Bullish"}, {"id": 424499426, "text": "$bynd Swing \ud83d\udca1 \n$60 buy \ud83c\udfaf \n$49 Stop loss\nSell Targets $75-87 Pin bar on the chart + Volume and support on the Weekly $afrm $uber $aapl $bjdx\nCome bank with us \ud83e\udd11", "time": 1641586750.0, "sentiment": "Bullish"}, {"id": 424499289, "text": "$AAPL \ud83e\udd11\ud83d\ude80\ud83d\ude80\ud83d\ude80 should be a good day !!!!", "time": 1641586734.0, "sentiment": "Bullish"}, {"id": 424499203, "text": "$AAPL\nUPDATE: &#39;Apple Fitness+ introduces new ways to motivate people toward their goals with Collections, Time to Run, and more starting January 10&#39; -Apple Newsroom", "time": 1641586723.0, "sentiment": ""}, {"id": 424498906, "text": "@TexasMade $SPY $AAPL $MSFT so &quot;game over&quot; until its not &quot;game over&quot;.\n\nwhat does that even mean, MSFT and AAPL will have a trillion $$ in flows after Some &quot;game over&quot;.", "time": 1641586687.0, "sentiment": ""}, {"id": 424498844, "text": "$AAPL make Tech great again \u2026", "time": 1641586679.0, "sentiment": "Bullish"}, {"id": 424498385, "text": "$SPY $AAPL $SQ $ABNB $MSFT \nRapid rate increase &amp; tapering to fight with inflation\n\nThe Labor Department said Friday that the nation\u2019s unemployment rate fell to a healthy 3.9% from 4.2% in November.\n\nhttps://www.pressherald.com/2022/01/07/u-s-employers-add-199000-jobs-as-unemployment-falls-to-3-9/", "time": 1641586617.0, "sentiment": "Bearish"}, {"id": 424498015, "text": "$AAPL yesterday ran up at open, then fell down $3", "time": 1641586564.0, "sentiment": "Bearish"}, {"id": 424497930, "text": "@F_Turd_Stocktwits Johnson and Johnson provides this service to employees.  Alex G did that while he was there till this month.  He went to Apple.  JNJ CEO going to APPLE as a board member.  Telehealth integration is the goal.  Obvious choice for Tim to purchase a brand name and platform like $TDOC while sharks are circling.  And they are growing.  I say do not miss this opportunity buy out or not.  Will be next $AAPL Innovation and absolute must for household to save time and easy access for most.  Mobile labs can come to you and palpations can be done annually.", "time": 1641586551.0, "sentiment": "Bullish"}, {"id": 424497745, "text": "$AAPL When you are holding part of the best company in the world, and got time to wait, what do you have to worry about? Lie back and enjoy the ride.", "time": 1641586526.0, "sentiment": "Bullish"}, {"id": 424497656, "text": "$AAPL Over $174 today. PM high was $175", "time": 1641586512.0, "sentiment": "Bullish"}, {"id": 424497555, "text": "$AAPL launching &#39;Fitness+&#39; for Watch users on January 10, will feature meditations and running routes", "time": 1641586499.0, "sentiment": ""}, {"id": 424497336, "text": "$AAPL Gonna need you DUMB as bears to take it back down at open so I can add to my calls.", "time": 1641586469.0, "sentiment": ""}, {"id": 424497065, "text": "$SPY $AAPL $ABNB $SQ $WISH \n\ud83d\udc47 Market yesterday &amp; today", "time": 1641586426.0, "sentiment": "Bearish"}, {"id": 424496455, "text": "Sneaky, in Camouflage  https://marketchess.com/2022/01/06/sneaky-in-camouflage $AAPL $MSFT $QQQ $SPY", "time": 1641586341.0, "sentiment": ""}, {"id": 424496088, "text": "$AAPL Let\u2019s go shut these beers 175 today", "time": 1641586289.0, "sentiment": ""}, {"id": 424495935, "text": "$AAPL people reacting to AH and PM prices are idiots.", "time": 1641586268.0, "sentiment": ""}, {"id": 424495864, "text": "Largest CALL OI increases $DT $DVN $ZNGA $IAA $AAPL \n\nhttp://staygreen.blackboxstocks.com/SH4G", "time": 1641586258.0, "sentiment": ""}, {"id": 424495811, "text": "Apple Fitness+ introduces Collections and Time to Run starting January 10 - Apple $AAPL https://www.apple.com/newsroom/2022/01/apple-fitness-plus-introduces-collections-and-time-to-run-starting-january-10/", "time": 1641586251.0, "sentiment": ""}, {"id": 424495703, "text": "$AAPL recommend me an ETF please", "time": 1641586235.0, "sentiment": ""}, {"id": 424495671, "text": "$AAPL 168 next", "time": 1641586230.0, "sentiment": ""}, {"id": 424495470, "text": "$AAPL LOL! Bears", "time": 1641586201.0, "sentiment": "Bullish"}, {"id": 424495050, "text": "$AAPL AAPL 2022-01-06 Dark Pool &amp; Short Interest Data: \nhttps://www.youtube.com/watch?v=c8zSDug38yk", "time": 1641586144.0, "sentiment": ""}, {"id": 424494940, "text": "$BP $CLR $AMZN $AAPL  forward P/E. the lower the better", "time": 1641586129.0, "sentiment": ""}, {"id": 424494227, "text": "$AAPL (+0.2% pre) Apple (AAPL) Expanding Fitness+ With New Running, Workout Update - Bloomberg\n\nhttp://ooc.bz/l/90427", "time": 1641586025.0, "sentiment": ""}, {"id": 424494075, "text": "$AAPL gonna be a good day", "time": 1641586004.0, "sentiment": ""}, {"id": 424493072, "text": "$SPY Bulls buying $AAPL and $MSFT to keep spy up, so funny", "time": 1641585857.0, "sentiment": ""}, {"id": 424493043, "text": "$AAPL fall below 170. next Targets 169 -&gt; 164", "time": 1641585853.0, "sentiment": "Bearish"}, {"id": 424492982, "text": "$AAPL \n\nWe have to accept the Dec report is worst than expected but we will adjust accordingly due to omicron concerns.\n\nThis is new reality for 2022. Tom Lee already expect the choppy ride in 2022 but we have to manage the risks at our own decision and discretion.", "time": 1641585845.0, "sentiment": "Bullish"}]