[{"id": 424492543, "text": "$tlt rates going to 3% $qqq $aapl $tsla $msft buh bye", "time": 1641585782.0, "sentiment": "Bearish"}, {"id": 424492123, "text": "$AAPL Buyback induced pump is over. Easy 20%-25% haircut is not out of the question.", "time": 1641585722.0, "sentiment": "Bearish"}, {"id": 424491991, "text": "$AAPL apple car?", "time": 1641585702.0, "sentiment": ""}, {"id": 424491539, "text": "$AAPL Simulated 175.0 dollar CALLS for Friday&#39;s open on StockOrbit.\n https://apps.apple.com/us/app/stockorbit/id1541560646", "time": 1641585643.0, "sentiment": ""}, {"id": 424490859, "text": "$AAPL you should own the stock when it dropped 30% this is nothing bro!! Do your DD and hold", "time": 1641585544.0, "sentiment": ""}, {"id": 424490678, "text": "$NVDA $AMD $FB $AAPL $MSFT no different then everyone knew rate hikes coming!!!! Just an excuse to drop tech", "time": 1641585509.0, "sentiment": ""}, {"id": 424490541, "text": "$AAPL $TSLA $AMZN Nasdaq will be 2% up today", "time": 1641585484.0, "sentiment": "Bullish"}, {"id": 424490381, "text": "$AAPL scared to hold this over the weekend to be honest", "time": 1641585456.0, "sentiment": "Bullish"}, {"id": 424490379, "text": "$AAPL Just an excuse to tank tech again!!!", "time": 1641585456.0, "sentiment": "Bullish"}, {"id": 424488848, "text": "$AAPL https://youtu.be/BP_tTthUWdo", "time": 1641585190.0, "sentiment": ""}, {"id": 424488366, "text": "$AAPL SHORTS HAVE NOT COVERED SINCE IPO.  A GAMESTOP, CRYPTO WALLET  IN THE MAKING COMPANY, HOOD is CURRENTLY TRADING 50% below its IPO PRICE.\n\n29.03 MILLION SHARES SHORTED IN HOOD (SINCE DEC 15, 2021). HOOD got 7.38 Billion cash at hand UNLIKE many HIGH FLYING companies are in debt.\n\nLONG TERM HOLD UNDERVALUED COMPANY\n\nCRYPTO WALLET is coming any moment now to this Robinhood meme stock (HOOD). Can&#39;t go wrong with this stock!\n\n        $$$$$$ LOCKDOWN is Imminent $$$\n\nA perfect omicron storm is brewing up for RobinHOOD; People gamble when there is lockdown (coming) and when there is nothing to do. RobinHOOD will accelerate its growth during this time.\n\nHOOD is the future epitome retail trading/crypto platform App, just like coke cola is the epitome of soda.\n\nHOOD is a CASH COW  company with 6+ billion, no dilution. No debt.\n\n                    $$$$$$$squeeze is imminent$$$$$", "time": 1641585103.0, "sentiment": "Bullish"}, {"id": 424488223, "text": "@bulentagan The fact is that Gomes is throwing shade at Aehr&#39;s recent record earnings for being overly reliant on revenues from $ON who mind you helped Tesla achieve record-breaking car deliveries in Q4 &#39;21 - as if offering the most cost-effective burn-in solution to customer who is at the forefront of automotive Silicon Carbide chip production is a bad thing. $ON also supplies $F chips, and will also see a huge increase for their EV truck needs.\nThe truth is Aehr also received multiple orders last quarter from silicon photonics customers, a new customer win in China, and recently 5 new customer wins in photonics.\nOh and these little companies called Apple, Intel and ST Micro are also 10% customers of Aehrs $AAPL $INTC $STM", "time": 1641585076.0, "sentiment": ""}, {"id": 424488201, "text": "$AAPL ima island boy \u2026 gofundme", "time": 1641585073.0, "sentiment": ""}, {"id": 424487941, "text": "@thisisarun are you also short aeht as Mark was yesterday? The fact is that Gomes is throwing shade at Aehr&#39;s recent record earnings for being overly reliant on revenues from $ON who mind you helped Tesla achieve record-breaking car deliveries in Q4 &#39;21 - as if offering the most cost-effective burn-in solution to customer who is at the forefront of automotive Silicon Carbide chip production is a bad thing. $ON also supplies $F chips, and will also see a huge increase for their EV truck needs.\nThe truth is Aehr also received multiple orders last quarter from silicon photonics customers, a new customer win in China, and recently 5 new customer wins in photonics.\nOh and these little companies called Apple, Intel and ST Micro are also 10% customers of Aehrs $AAPL $INTC $STM", "time": 1641585026.0, "sentiment": ""}, {"id": 424487656, "text": "$AAPL people dying to see a rotation out of tech. Not gonna happen. back on track next week", "time": 1641584977.0, "sentiment": "Bullish"}, {"id": 424487522, "text": "$AAPL I think this stock very soon 180 up", "time": 1641584954.0, "sentiment": ""}, {"id": 424487306, "text": "$AAPL money n the market is significantly better than cash losing 18% a year to inflation \n\ud83c\udf4f\u2764\ufe0f", "time": 1641584912.0, "sentiment": "Bullish"}, {"id": 424487112, "text": "$AAPL cute sell off. Can we get back on track to 225 (a conservative PT)", "time": 1641584882.0, "sentiment": "Bullish"}, {"id": 424486832, "text": "$AAPL JEROME IDOT POWELL lol. FIRE HIM", "time": 1641584830.0, "sentiment": "Bearish"}, {"id": 424486780, "text": "$AAPL forming a Batman pattern. May see a solid pullback", "time": 1641584821.0, "sentiment": ""}, {"id": 424486443, "text": "$NVDA $AMD $FB $AAPL $MSFT  anyone really expect jobs report was gonna be good? Everyone and their mama knew it was gonna be and. Why are institutions selling off now? I thought it was baked in from the 5% drop on qqq earlier in the week", "time": 1641584765.0, "sentiment": ""}, {"id": 424486325, "text": "$AAPL I guess the market is a crocked and rigged as it can get. Unbelievable manipulation if you adk me.", "time": 1641584749.0, "sentiment": ""}, {"id": 424486281, "text": "$AAPL 170 test today", "time": 1641584737.0, "sentiment": ""}, {"id": 424486197, "text": "$AAPL nice butt", "time": 1641584724.0, "sentiment": ""}, {"id": 424486189, "text": "$AAPL 160$ coming ? Dropping hard. $SPY", "time": 1641584723.0, "sentiment": "Bearish"}, {"id": 424485925, "text": "$AAPL so one help me out here I thought apple \ud83c\udf4e would be an inflation proof stock !!! I know it hit all time highs and it has to breathe but wtf \ud83e\udd2c", "time": 1641584677.0, "sentiment": ""}, {"id": 424485769, "text": "$AAPL Big green spike up immediately followed by massive red . what happened???", "time": 1641584653.0, "sentiment": ""}, {"id": 424485476, "text": "$AAPL right side is bullish on multiple timeframes.  We only like to buy it in 3, 7 or 11 swing at the blue boxes.   Like to watch the $NQ_F at equal leg which can give some sense of timing for larger cap tech for buy areas. We don\u2019t like to trade it in the middle area right now.   #Elliottwave #Trading #stocks", "time": 1641584598.0, "sentiment": ""}, {"id": 424485323, "text": "The Fed has an employment mandate, not a jobs added mandate. All they care about is the unemployment rate dropping to 3.9 Oh no, the poors have jobs, and it might make the stock market sad $SPY $UVXY $AAPL $ARKK", "time": 1641584570.0, "sentiment": ""}, {"id": 424485235, "text": "$AAPL LGB!!", "time": 1641584556.0, "sentiment": "Bullish"}]