[{"id": 424521907, "text": "$AAPL gap to filled \ud83d\ude80\ud83d\ude80\ud83d\ude80 keep moving !! \ud83d\ude80", "time": 1641589140.0, "sentiment": "Bullish"}, {"id": 424521481, "text": "$AAPL Let\u2019s go!", "time": 1641589098.0, "sentiment": "Bullish"}, {"id": 424521388, "text": "$AAPL We&#39;ll get all the way back to ATH&#39;s.....be patient and don&#39;t sell", "time": 1641589090.0, "sentiment": ""}, {"id": 424520983, "text": "$AAPL Earnings 1/27 which will be great! there is now way fed is going to raise rates next 3 month they need more data from omicron wave ! I think we are going to go $180&#39;s again", "time": 1641589050.0, "sentiment": "Bullish"}, {"id": 424520457, "text": "$AAPL \ud83d\ude80\ud83d\ude80\ud83d\ude80\ud83d\ude0e.  \ud83d\ude99 I-Car can\u2019t wait \ud83d\ude80\ud83d\ude80\ud83d\udcb0", "time": 1641589004.0, "sentiment": "Bullish"}, {"id": 424520062, "text": "$AAPL 175 confirms up next week", "time": 1641588964.0, "sentiment": ""}, {"id": 424519252, "text": "$AAPL bulls always with the Pros$$$$$$$$$\ud83c\udf4f\ud83c\udf4f\ud83c\udf4f\ud83c\udf4f\ud83c\udf4f\ud83e\udd32\ud83c\udffb\ud83e\udd32\ud83c\udffb\ud83e\udd32\ud83c\udffb\u2764\ufe0f\u2764\ufe0f\u2764\ufe0f\u2764\ufe0f\u2764\ufe0f\u2764\ufe0f", "time": 1641588890.0, "sentiment": "Bullish"}, {"id": 424518761, "text": "$AAPL was analyzed by 48 analysts. The buy consensus is at 83%. So analysts seem to be very confident about $AAPL. https://www.chartmill.com/stock/analyzer/stock/AAPL?view=analyst-ratings&amp;utm_source=stocktwits&amp;utm_medium=ANALYST&amp;utm_content=AAPL&amp;utm_campaign=social_tracking", "time": 1641588840.0, "sentiment": ""}, {"id": 424518692, "text": "$AAPL price target EOD is 200. I arrived to this price by adding 27 dollars to the current share price, as I am holding OTM calls that expire shortly and I need to sell at a profit before I am liquidated. My wife\u2019s boyfriend will not be happy if that happens again.", "time": 1641588832.0, "sentiment": "Bullish"}, {"id": 424518006, "text": "$wkey $aapl $fb  https://twitter.com/creusmoreira/status/1479459511479848962?s=12", "time": 1641588767.0, "sentiment": ""}, {"id": 424517804, "text": "$AAPL king gap to filled !!!!! \ud83d\ude80\ud83d\ude80\ud83d\ude80\ud83d\ude80\ud83d\ude80\ud83e\udd11\ud83d\udcb0\ud83d\udcb0", "time": 1641588748.0, "sentiment": "Bullish"}, {"id": 424517640, "text": "$GGPI if this stays here why wouldn&#39;t $AAPL just take this out to get global in one shot and kickout $GOOG from the UIUX?", "time": 1641588732.0, "sentiment": "Bullish"}, {"id": 424517592, "text": "$AAPL  \ud83c\udf4f Volume Surging, 12.7 Million.", "time": 1641588727.0, "sentiment": "Bullish"}, {"id": 424517588, "text": "$AAPL with huge cash reserves and record profits AAPL is least effected by interest rate hikes", "time": 1641588727.0, "sentiment": ""}, {"id": 424517259, "text": "$AAPL good luck to everyone trading. I see 200+ in the near future. Apple products are only getting better and better. Typing this on my new iPhone 13 Pro Max.. its nutz", "time": 1641588694.0, "sentiment": "Bullish"}, {"id": 424517200, "text": "$AAPL \u2014 STOCK &amp; OPTION PLAY\nNEED IT TO BREAK OVER: $173.76\nkey indicator for MORE uptrend - $173.89\nconfirmation uptrend - $174.08\nmini breakout - 174.40\nfull breakout - $174.94\nSEMI PARABOLIC - $175.30\nstop loss \u2014 $172.67\nsupport - $172.35. $Apple(AAPL.US)$", "time": 1641588688.0, "sentiment": ""}, {"id": 424517171, "text": "$AAPL coo off to 172.7-173", "time": 1641588684.0, "sentiment": ""}, {"id": 424516881, "text": "@pay88 OK.. let me provide more clarifications for a company that&#39;s easier to understand.. like $AAPL sec fillings from past Q \nright on OS top disclosure&gt;&gt;\n  https://www.otcmarkets.com/filing/html?id=15311311&amp;guid=mkvwkKfyqmCvOth\n&quot;&quot;\naffiliated shares were not included in the MV disclosure \n_________________________________\n\n Solely for purposes of this disclosure, shares of common stock held by executive officers and directors of the Registrant as of such date have been excluded because such persons may be deemed to be affiliates. \n______________\n&quot;&quot;\n16,406,397,000 shares of common stock were issued and outstanding as of October 15, 2021.\nall good!!\n\nFinviz shows Shs Outstand 16.49B https://finviz.com/quote.ashx?t=AAPL&amp;ty=c&amp;ta=1&amp;p=d\n\nJust right numbers here: https://www.otcmarkets.com/stock/AAPL/security\nOutstanding Shares 16,406,397,000 as of 10/15/2021\n\nand all else.. therefor the exec restrictive and everything else was to 2 trillion shares or whatever was not included in the MarketCap display\n\nwhy would idiots from finviz calculate things differently for BB?\nRight!!  morons!!", "time": 1641588654.0, "sentiment": ""}, {"id": 424516822, "text": "$AAPL Lets to go $177.50  Highest options open interest!", "time": 1641588648.0, "sentiment": "Bullish"}, {"id": 424516787, "text": "$AAPL Best few weeks before Earnings.. Buy the damn dip$MSFT", "time": 1641588644.0, "sentiment": ""}, {"id": 424516477, "text": "$AAPL strong but coming into supply zone.", "time": 1641588613.0, "sentiment": ""}, {"id": 424516471, "text": "$MSFT let me get this right. $AAPL and $AMZN only down 2-3% last 5 days but MSFT is down 8% and we legit can\u2019t even rebound a full 1% like them. Pathetic as FUCK", "time": 1641588613.0, "sentiment": ""}, {"id": 424516458, "text": "$AAPL need to break 173,7", "time": 1641588612.0, "sentiment": "Bullish"}, {"id": 424515796, "text": "$MSFT legit pathetic compared to other big tech $aapl $amzn", "time": 1641588547.0, "sentiment": ""}, {"id": 424515043, "text": "$AAPL haha this is epic, so many stupid\nBulls.  This goes red in the next hour or so haha.  Epic", "time": 1641588463.0, "sentiment": "Bearish"}, {"id": 424514251, "text": "$AAPL Well here we go again, market goes crazy and blaming it on the Feds. AAPL fundamentals are still great yet it took a big hit from the crazies. Time to ignore them and sit tight, some very tiny interest rate hikes in the coming year is no reason to sell and buy what?", "time": 1641588391.0, "sentiment": ""}, {"id": 424513831, "text": "$AAPL ooo is a swingie trading coming back to me  in 2022?!?!?", "time": 1641588353.0, "sentiment": ""}, {"id": 424512466, "text": "$AAPL 175?", "time": 1641588238.0, "sentiment": "Bullish"}, {"id": 424511995, "text": "$AAPL Reloaded my $180 Feb calls", "time": 1641588193.0, "sentiment": ""}, {"id": 424511319, "text": "$AAPL nice dip to load for next 2-3 week calls! This dip also good for earnings run up set for 1/27! U know appl should run and retest 180 at least !!", "time": 1641588136.0, "sentiment": "Bullish"}]