[{"id": 424615026, "text": "$AAPL made in China. Disaster. \n https://www.tradingview.com/chart/NAS100/p0QW0Xkm-NAS100-Fallout-Buyer-BEWARE-Growth-at-all-Costs-is-No-More/", "time": 1641599154.0, "sentiment": "Bearish"}, {"id": 424614851, "text": "Is $AAPL buying  \n $LCID ?\ud83d\ude02\ud83e\udd29\ud83d\ude2c", "time": 1641599131.0, "sentiment": ""}, {"id": 424614760, "text": "$LCID $AAPL news. Partnership for Apple Car", "time": 1641599119.0, "sentiment": "Bullish"}, {"id": 424612989, "text": "$SPY $TSLA $AAPL Market making jabronier jabronies", "time": 1641598902.0, "sentiment": ""}, {"id": 424612975, "text": "$AAPL $TSLA $NVDA $FB I just hope we are not in a 40% market correction.", "time": 1641598901.0, "sentiment": ""}, {"id": 424612903, "text": "Discovery Stock Soars After Analyst Upgrade. Why the Stock Could Double.  $T $NFLX $DIS $AMZN $AAPL \n\nhttps://newsfilter.io/a/5d979cd0c7d165ea4869a02e4641934c", "time": 1641598892.0, "sentiment": ""}, {"id": 424612507, "text": "$AAPL are we a go ? Yes if this 5 min candle closes green lol", "time": 1641598842.0, "sentiment": "Bullish"}, {"id": 424611086, "text": "$AAPL \n\nNow going to block all the rubbish bears troll posts even false bullish tag.", "time": 1641598660.0, "sentiment": "Bullish"}, {"id": 424610245, "text": "$AAPL I smell boooty hole", "time": 1641598554.0, "sentiment": ""}, {"id": 424610153, "text": "$AAPL can we get a 170 close or does no one want that", "time": 1641598543.0, "sentiment": ""}, {"id": 424609829, "text": "$AAPL  \ud83c\udf4f Noontime HFund Shorts, attacking the Tape.  Just so disruptive, to Trade Action.", "time": 1641598501.0, "sentiment": "Bullish"}, {"id": 424609429, "text": "$WATT once $AAPL buy out $WATT , you all gonna wish you would&#39;ve loaded up like me! \ud83e\udd11\ud83e\udd11\ud83e\udd11", "time": 1641598453.0, "sentiment": "Bullish"}, {"id": 424608009, "text": "$AAPL won&#39;t go under 172 this time around", "time": 1641598283.0, "sentiment": ""}, {"id": 424607863, "text": "$AAPL time to buyyyyyy", "time": 1641598265.0, "sentiment": ""}, {"id": 424607290, "text": "$GME should be nowhere near $AAPL prices", "time": 1641598198.0, "sentiment": "Bearish"}, {"id": 424605802, "text": "$AAPL Finishing touches on the handle ?", "time": 1641598016.0, "sentiment": "Bullish"}, {"id": 424604825, "text": "$BXRX shorts seem to be doing everything in their power to keep this down. Seems ready to go at any time. I don\u2019t see another penny stock that is better for a squeeze than this one. I mean 6 month extension, conference next week, no offering risk atm, and trading at 52 week lows, with only a 17.6 mil market cap. Unbelievable. Just my Opinons. \nWatching $SPY $AAPL $TSLA $AMZN", "time": 1641597894.0, "sentiment": ""}, {"id": 424604569, "text": "$AAPL nothing is important right now except the 10 y yield ! It&#39;s so simple that it&#39;s so hard \ud83d\ude2b", "time": 1641597862.0, "sentiment": "Bearish"}, {"id": 424604320, "text": "$AAPL it snowed last night &amp; this morning \n#WhereAmI ?", "time": 1641597831.0, "sentiment": "Bullish"}, {"id": 424604216, "text": "$AAPL have you guys seen the 10 Y ? \ud83d\udc4d\ud83d\ude05", "time": 1641597820.0, "sentiment": "Bearish"}, {"id": 424602767, "text": "$VERB i am sorry stocks paint their own reality day to day, for day to day traders. In business it takes time. If i wouldve said 2 weeks ago David Meltzer was going to have an $AAPL tv partnership, u wouldve said no. But he just released it.  its powered by Verb, when that come out. Youll abandon your bear shell profiles. Simple as that. David Meltzer is all about Verb, and i bet Tim loves the idea of shoppable aaple programming", "time": 1641597635.0, "sentiment": ""}, {"id": 424601757, "text": "@mydogabbymoon the only real risk is multiple decline, so pe of 30-32 for Apple is a pretty safe bet imo because everyones ready to buy, most importantly, Apple is ready to buy at that price $aapl", "time": 1641597515.0, "sentiment": ""}, {"id": 424601747, "text": "$SPY Sam ole shit they just keep propping averages by piling into $aapl $msft $googl $fb", "time": 1641597514.0, "sentiment": ""}, {"id": 424601692, "text": "$PTON any update on the $AAPL buyout rumor for Peloton? This would pair well with the Apple Watch and the fitness angle Apple is working towards", "time": 1641597508.0, "sentiment": "Bullish"}, {"id": 424601098, "text": "$AAPL apple on tradingview with our new layout", "time": 1641597439.0, "sentiment": ""}, {"id": 424599521, "text": "$AAPL how long can they scare grandma into paying 800 for a phone because she has &quot;learned&quot; it.  Android better for one twentieth of the price. Ceo raided the company last year", "time": 1641597265.0, "sentiment": "Bearish"}, {"id": 424598449, "text": "S&amp;P 500: Consolidation And A Mild Reaction To The Jobs Data $AAPL $SPX https://talkmarkets.com/content/stocks--equities/sp-500-consolidation-and-a-mild-reaction-to-the-jobs-data?post=340435", "time": 1641597150.0, "sentiment": ""}, {"id": 424598170, "text": "$AAPL \ud83d\udc41\u2764\ufe0f\ud83c\udf4f\ud83d\ude4f", "time": 1641597118.0, "sentiment": "Bullish"}, {"id": 424597924, "text": "@mydogabbymoon yeah, with an inflation thesis? Earnings running up faster than price growth in overall markets with Sp500 pe lower lol. $aapl actually had an upward correction lol from 140 to 165. Now sure we are paying a premium but apple commands a fair evaluation of 30-32.", "time": 1641597092.0, "sentiment": "Bullish"}, {"id": 424596751, "text": "$AAPL my hearts, my dreams.", "time": 1641596966.0, "sentiment": ""}]