[{"id": 424649755, "text": "$LKCO lets go $AAPL", "time": 1641603723.0, "sentiment": "Bullish"}, {"id": 424648795, "text": "$SPY $QQQ $TSLA $AAPL\n\nLooks like another sell off in coming", "time": 1641603596.0, "sentiment": "Bearish"}, {"id": 424648537, "text": "$AAPL theta \ud83d\udd25 \ud83d\udc40", "time": 1641603562.0, "sentiment": ""}, {"id": 424647938, "text": "$AAPL NEW ARTICLE : Apple: Strong Demand Bodes Well for 2022, Says Top Analyst https://www.stck.pro/news/AAPL/21037278", "time": 1641603486.0, "sentiment": ""}, {"id": 424647895, "text": "$AAPL has a Return On Equity of 150.07%. This is amongst the best returns in the industry. https://www.chartmill.com/stock/quote/AAPL/fundamental-analysis?key=bb853040-a4ac-41c6-b549-d218d2f21b32&amp;utm_source=stocktwits&amp;utm_medium=FA&amp;utm_content=AAPL&amp;utm_campaign=social_tracking", "time": 1641603480.0, "sentiment": ""}, {"id": 424647549, "text": "$TSLA $AMD $AAPL $NVDA  this market is...a little ...odd", "time": 1641603437.0, "sentiment": "Bullish"}, {"id": 424645891, "text": "$ALPP \n\nRemember.  We are yet to find out what exactly the prototype work could be being done for $AAPL.  \n\nConsidering the advances in battery technology with Alpine\u2019s technologies, and the drone equipment, it could be anything from an Apple drone to the next generation EV battery in Apple\u2019s own EV which Apple wants on the road soon.  \n\nEither of these would mean that Alpine would have to be tight lipped.  \n\nIf you think you understand this business, I can promise you that there is much more that you and I don\u2019t yet know or understand.  The world of tech operations can be secretive and for valid reasons and this has nothing to do with transparency, however rest assured that transformational PR will be lining up and reviewed and revealed with the time is right.  \n\nYou own a little part of tomorrow.   Just remind yourself of this.", "time": 1641603226.0, "sentiment": "Bullish"}, {"id": 424645263, "text": "$AAPL bubble bursting???", "time": 1641603139.0, "sentiment": ""}, {"id": 424645078, "text": "$AAPL think the market\u2019s ex lax  will kick in for a weekend dump", "time": 1641603114.0, "sentiment": ""}, {"id": 424644762, "text": "$AAPL \n\nSee Buy and Hold and you won\u2019t regret.\n\nStop playing and betting against AAPL. \n\nhttps://www.benzinga.com/node/24906971", "time": 1641603071.0, "sentiment": "Bullish"}, {"id": 424644010, "text": "$TSLA $AAPL $AMZN Ya\u2019ll Rollin?\nHope you enjoyed these plays this week!\nLet\u2019s do it again next week. \nSee our feed and follow if you want our plays sent to you live as we plan them\ud83e\udd11\ud83d\udcc8\n\nhttps://www.instagram.com/reel/CYcGmzWAfwQ/?utm_medium=copy_link", "time": 1641602975.0, "sentiment": ""}, {"id": 424643697, "text": "This weekend is the perfect time for $AAPL to announce $LCID buyout prior to any lockup in the coming weeks. Keep it clean. Question is what premium does $LCID get? I thnk $80 per share is a reasonable number.", "time": 1641602929.0, "sentiment": "Bullish"}, {"id": 424643311, "text": "@PsychoBob  $EMAN ceo  and APS CEO comments regarding synergy \n \n$AAPL $FB $SNE  \n \nhttps://youtu.be/Np_VaA4gnUA", "time": 1641602871.0, "sentiment": "Bullish"}, {"id": 424642462, "text": "$SPY $QQQ $TSLA $AAPL\n\nIn my opinion if the market doesn\u2019t make a lower bottom than the floor could be in today.", "time": 1641602751.0, "sentiment": ""}, {"id": 424642061, "text": "If $TSLA decides to buy $LAC, then I suspect the $LCID $AAPL merged entity to kick the tires at $LTHM to solidify their needs.", "time": 1641602694.0, "sentiment": "Bullish"}, {"id": 424641447, "text": "The last time $VIX was down consecutive days with $SPX also down, the next day the S&amp;P 500\u2026\n\nNuff said?\n\n$UVXY $AAPL $QQQ", "time": 1641602601.0, "sentiment": ""}, {"id": 424638397, "text": "$ALPP \n\nRest assured that when the buying of RCA \u2014 big plans are being conjured up behind the scenes.  The deal with Elecjet and of course the Vayu drone technology.  This is a technology stock you do not want to pass on.  \n\nRemind yourself of just how powerful technology companies can become.  We can but name a few such as the likes of $TSLA $AMZN $AAPL.    \n\nThere is so much more happening at this holding/parent company.   If you are up to date you will know that talks with Elecjet to 7 months in 2021.   There is so much you and I don\u2019t know but will understand all in good time. \n\nTesla is a client of Alpine\u2019s and Alpine is doing g prototype work right now for Apple.   Connect the dots and remains steadfast in your convictions with this equity.  \n\nHappy days.   \n\nLong-term and long term only.", "time": 1641602192.0, "sentiment": "Bullish"}, {"id": 424638152, "text": "$AAPL people will be chasing next week for earnings spike \ud83d\ude06\ud83d\ude06!", "time": 1641602160.0, "sentiment": ""}, {"id": 424637782, "text": "Take advantage of cheap calls. The calls bought yesterday for $aapl at $172.1 is now 40% down at $172.4. This can&#39;t get better. Buy the cheap and solid calls for next week. Play them well. These will return  easily 50% back. \n\n$spy $tsla", "time": 1641602114.0, "sentiment": ""}, {"id": 424637415, "text": "Seems other than F ; Option players MIX ; not too bullish .. GL \n \n$TSLA 1.190m (54% call/46% put) \n$AAPL 989k (58% call/42% put) \n$LCID 582k (59% call/41% put) \n$F 540k (72% call/28% put) \n$NVDA 532k (54% call/46% put)", "time": 1641602066.0, "sentiment": ""}, {"id": 424636050, "text": "$AAPL go up please!", "time": 1641601884.0, "sentiment": "Bullish"}, {"id": 424635877, "text": "$AAPL what&#39;s the close gonna be?", "time": 1641601861.0, "sentiment": ""}, {"id": 424634099, "text": "$AAPL ", "time": 1641601629.0, "sentiment": ""}, {"id": 424633553, "text": "$SPY $QQQ $AAPL \n\nIt\u2019s a Friday and yet idiots on here think mm\u2019s are just gonna allow crazy swings to take place that pay out their daily/weekly gambling plays lol.... get theta burned bitches.\ud83d\udd25", "time": 1641601554.0, "sentiment": ""}, {"id": 424632603, "text": "$AAPL  $200\ud83e\udd11\ud83d\ude80", "time": 1641601421.0, "sentiment": ""}, {"id": 424632271, "text": "$AAPL Apple: Strong Demand Bodes Well for 2022, Says Top Analyst https://www.tipranks.com/news/article/apple-strong-demand-bodes-well-for-2022-says-top-analyst/", "time": 1641601376.0, "sentiment": ""}, {"id": 424631784, "text": "$AAPL Apple call premium is super cheap right now. Load up when you can. Earnings will beat expectations and earnings run should be phenomenal once the noise subsides next week\n\n$spy", "time": 1641601312.0, "sentiment": ""}, {"id": 424631760, "text": "$AAPL checking n on shorters to see how they are positioned\u2026just as pre info for day ending\u2026.\n;)", "time": 1641601308.0, "sentiment": "Bullish"}, {"id": 424631624, "text": "$AAPL higher lows", "time": 1641601292.0, "sentiment": "Bullish"}, {"id": 424630063, "text": "$AAPL NEW ARTICLE : Apple CEO Tim Cook made nearly $100M in 2021 https://www.stck.pro/news/AAPL/21037200", "time": 1641601075.0, "sentiment": ""}]