[{"id": 424686429, "text": "$TSLA $SPY $QQQ $AAPL \n\nSOMEONE FIND ME A PRINTER ASAP!!!\n\n\ud83d\udda8 \ud83d\udcb5 \ud83d\udcb5 \ud83d\udcb5 \ud83d\udcb5 \ud83d\udcb5 \ud83d\udcb5 \ud83d\udcb5 \ud83d\udcb5 \ud83d\udcb5 \ud83d\udda8", "time": 1641608551.0, "sentiment": ""}, {"id": 424686317, "text": "$AAPL WE CALLED EVERY MOVE ON THIS TODAY WITH VIX. YOU NEED TO GET ON MY LEVEL", "time": 1641608535.0, "sentiment": ""}, {"id": 424685894, "text": "$SPY if i am to guess,, $AAPL is getting pumped higer into close just to let it fall at 172.5 strike bringing $SPY with it down to 466, there&#39;s no need for $AAPL to be kept at 173.5 $1 above from 172.5 strike, no way they will pump this to 175", "time": 1641608471.0, "sentiment": ""}, {"id": 424685156, "text": "$tsla gonna bounce from here, cup and handle forming \n\n$spy $aal $aapl", "time": 1641608367.0, "sentiment": "Bullish"}, {"id": 424685102, "text": "$AAPL nasdaq couldnt drag us down !", "time": 1641608359.0, "sentiment": ""}, {"id": 424685035, "text": "$AAPL follows the stops at the level 174.30", "time": 1641608351.0, "sentiment": "Bearish"}, {"id": 424684753, "text": "$AAPL people chasing 175 on Monday \ud83d\ude02\ud83d\ude02 that\u2019s the mentality. Why not load up now", "time": 1641608308.0, "sentiment": ""}, {"id": 424684462, "text": "$AAPL some serious flow there @CheddarFlow  wow! on watch over 175 for me to like it for a swing  - Try FREE 7 days  https://www.cheddarflow.com/?fpr=vegas44", "time": 1641608268.0, "sentiment": "Bullish"}, {"id": 424683892, "text": "$QQQ you guys ever wonder what drives the market price? Is it futures providing direction and then the stock reacts. Or is it the stock providing direction and futures react? Or both ways and each keeps reacting to each other and it\u2019s a never ending cycle. Futures down, sell stock. Stock down, sell futures. Same on the upwards movement. This makes the market so unpredictable and complex. $SPY $TSLA $AAPL", "time": 1641608186.0, "sentiment": ""}, {"id": 424683849, "text": "$AAPL Shorts covering", "time": 1641608182.0, "sentiment": "Bullish"}, {"id": 424683716, "text": "$AAPL looking to invest $1930000 if anyone guarantees 1% profit a day. You can keep 10% of the winnings. Thanks!", "time": 1641608163.0, "sentiment": ""}, {"id": 424683447, "text": "$AAPL squeeze indicator showing orange meaning bears are fucked!", "time": 1641608129.0, "sentiment": "Bullish"}, {"id": 424683174, "text": "$AAPL \n\n1 mth - oversold\n3 mth - oversold\n6 mth - oversold\n1 yr - bottom out and on the track to upward trend\n\n173 is clearest bottom base and is on the trajectory to 200 to 220 the area of overbought territory within 1 to 2  months. \n\nLet\u2019s go!", "time": 1641608093.0, "sentiment": "Bullish"}, {"id": 424682577, "text": "$AAPL $AMZN $GOOG There is really nowhere else for tech stocks to go but up or sideways with 4 hour indicators oversold to historic levels.", "time": 1641608013.0, "sentiment": ""}, {"id": 424682024, "text": "$AAPL that 173.63 is a resistance. Hmmm \ud83e\udd14", "time": 1641607936.0, "sentiment": ""}, {"id": 424681790, "text": "$AAPL holding over the weekend", "time": 1641607903.0, "sentiment": "Bullish"}, {"id": 424681550, "text": "$AAPL this is cooling off I&#39;m not worries holding over weekend", "time": 1641607871.0, "sentiment": "Bullish"}, {"id": 424681295, "text": "$AAPL cup formed now playing the handle down to 172.5 low 172.75 bouncing in that range", "time": 1641607839.0, "sentiment": "Bullish"}, {"id": 424681024, "text": "$AAPL Positioned for record Q earning this month?", "time": 1641607805.0, "sentiment": ""}, {"id": 424680489, "text": "$AAPL what a recovery for a second there I almost wondered if I was wrong.", "time": 1641607731.0, "sentiment": "Bullish"}, {"id": 424680002, "text": "$AAPL  sold my calls too early so it can rip now lol", "time": 1641607672.0, "sentiment": ""}, {"id": 424679501, "text": "$aapl here is a clearer view of the bear trap.", "time": 1641607608.0, "sentiment": "Bullish"}, {"id": 424679061, "text": "$AAPL YALL TRIPPIN HAHAHA", "time": 1641607551.0, "sentiment": "Bullish"}, {"id": 424679001, "text": "$AAPL \ud83c\udd98\ud83d\udc4d\ud83c\udd98", "time": 1641607544.0, "sentiment": "Bullish"}, {"id": 424678063, "text": "$AMZN  I smell a huge rally into the close today providing $3250 support holds strong. $BABA $AAPL", "time": 1641607421.0, "sentiment": "Bullish"}, {"id": 424678034, "text": "$AAPL Aging like fine wine !", "time": 1641607417.0, "sentiment": "Bullish"}, {"id": 424677957, "text": "$AAPL haha stupid bulls don\u2019t realize what short covering is before the bell haha.  So many idiots on here it\u2019s crazy", "time": 1641607407.0, "sentiment": "Bearish"}, {"id": 424677684, "text": "$TSLA Many analysts gave $1200+ rating. Looks like its preparing for a rally! \n\nIf I have a grp of professionals and we pool $5B, one would short it for $1B to scare others and buy cheap with $4B to ride it. Well what Wallstreet whales would do? ;)\n\n$SPY $AAPL $FSR", "time": 1641607370.0, "sentiment": "Bullish"}, {"id": 424677139, "text": "$AAPL Looking good.. oversold on 1h", "time": 1641607300.0, "sentiment": "Bullish"}, {"id": 424677100, "text": "If $AAPL doesn\u2019t fill gaps below after ER this will crash", "time": 1641607294.0, "sentiment": ""}]