[{"id": 424676896, "text": "$AAPL closing 175 ish, next week we\nGo higher for oversold bounce", "time": 1641607270.0, "sentiment": ""}, {"id": 424676319, "text": "$AAPL so, what do you think guys, did the last 20 min action set the tone for the power hour?", "time": 1641607197.0, "sentiment": "Bullish"}, {"id": 424676055, "text": "$AABB $SPY $MSFT $AAPL $TSLA FOMO Friday next week will be huge", "time": 1641607162.0, "sentiment": "Bullish"}, {"id": 424675629, "text": "CITY LABS &quot;TAEGOM LAUNCHES #CLOUD-BASED $KT #GAMEBOX&quot;\n\nhttps://m.stock.naver.com/index.html#/domestic/stock/030200/news/view/018/0005122435\n\n$AAPL $AMZN $SPY $F", "time": 1641607105.0, "sentiment": ""}, {"id": 424675603, "text": "$AAPL rising wedge pattern being formed.... \n\nCan&#39;t wait to buy puts!!!", "time": 1641607103.0, "sentiment": "Bearish"}, {"id": 424675008, "text": "$AAPL NEW ARTICLE : Tech Selloff Highlights Choppy First Week of 2022 https://www.stck.pro/news/AAPL/21038341", "time": 1641607033.0, "sentiment": ""}, {"id": 424674928, "text": "My 2 lovely stock $AAPL $SLS", "time": 1641607024.0, "sentiment": "Bullish"}, {"id": 424674781, "text": "$AAPL price target for next week?", "time": 1641607006.0, "sentiment": "Bullish"}, {"id": 424674770, "text": "$AAPL another short attack got eaten up", "time": 1641607005.0, "sentiment": "Bullish"}, {"id": 424674206, "text": "$AAPL calls are cheap and I feel it\u2019s likely we get a relief rally. Market has been bad, we should see a bounce", "time": 1641606931.0, "sentiment": "Bullish"}, {"id": 424674063, "text": "$AAPL And boom. Bears = Trapped. The red box on the left is Volume at price, those big red rectangles show that most bears opened positions in the 172.65 and below range. Probably lower as they got filled lower.", "time": 1641606914.0, "sentiment": "Bullish"}, {"id": 424673799, "text": "Talking all things stocks and entertainment culture \n$PYPL $BA $AAPL $MSFT $DASH\n\nCheck out https://www.youtube.com/watch?v=kpGLvNmGcRk", "time": 1641606881.0, "sentiment": ""}, {"id": 424673373, "text": "$AAPL Monday you&#39;ll wish you bought below 172", "time": 1641606827.0, "sentiment": "Bullish"}, {"id": 424673024, "text": "$AAPL it\u2019s a trap\u2026", "time": 1641606777.0, "sentiment": "Bearish"}, {"id": 424672967, "text": "$AAPL I grabbed some calls", "time": 1641606769.0, "sentiment": "Bullish"}, {"id": 424672902, "text": "$AAPL PUMP $$$$$$", "time": 1641606761.0, "sentiment": "Bullish"}, {"id": 424672865, "text": "$AAPL here we go!", "time": 1641606755.0, "sentiment": "Bullish"}, {"id": 424672475, "text": "$AAPL it&#39;s going back over 180$", "time": 1641606705.0, "sentiment": ""}, {"id": 424672372, "text": "$AAPL Looks like it made a base..", "time": 1641606688.0, "sentiment": "Bullish"}, {"id": 424672261, "text": "$AAPL grab your discount shares and calls!!!!!", "time": 1641606671.0, "sentiment": "Bullish"}, {"id": 424672249, "text": "$SPY Power hour going to be greener than a booger in a Leprechaun&#39;s nose.  $QQQ $AAPL $TSLA", "time": 1641606670.0, "sentiment": ""}, {"id": 424672234, "text": "@AsiaInvest historically $AAPL has been around 16-18.", "time": 1641606667.0, "sentiment": ""}, {"id": 424672058, "text": "$AAPL 10% above it&#39;s 100 day SMA", "time": 1641606644.0, "sentiment": ""}, {"id": 424671666, "text": "$AAPL 174 LFG!!", "time": 1641606592.0, "sentiment": ""}, {"id": 424671519, "text": "$AAPL we\u2019ll be back over 180 in no time after the panic", "time": 1641606575.0, "sentiment": "Bullish"}, {"id": 424671291, "text": "$AAPL most retail shorts are now red.", "time": 1641606547.0, "sentiment": ""}, {"id": 424670813, "text": "$AAPL vwap defended the bottom side finally  ", "time": 1641606486.0, "sentiment": "Bullish"}, {"id": 424670535, "text": "$AAPL is only up .38c and puts are selling off", "time": 1641606452.0, "sentiment": ""}, {"id": 424669766, "text": "$AAPL 172.60 bounced off it 5 times", "time": 1641606350.0, "sentiment": ""}, {"id": 424668921, "text": "$VERB\n\nWatch headline in a few weeks wouldnt be surprised David Meltzer signed deal w/$AAPL tv with company named David Meltzer Shoppable Programming powered by Verb", "time": 1641606232.0, "sentiment": ""}]