[{"id": 424668830, "text": "$AAPL let it run!", "time": 1641606220.0, "sentiment": "Bullish"}, {"id": 424668458, "text": "$AAPL Insane reaction of market news of possible interest rate increase from nearly zero to a little above zero as usual makes the fund managers look like imbeciles ( AAPL drops $10).  AAPL is a real financial performer with nothing but great real factual sales for 2022. So let&#39;s all selloff AAPL and buy Bonds,  see how that works for you fund managers,  oh excuse me you all want to be addressed as analyst. So analyst how did we go from solid company doing everything right last week to a risky tech company we need to get out of and put money into bonds and maybe utilities today. The world is not coming to an end just because interest rates increase a little over zero.", "time": 1641606171.0, "sentiment": ""}, {"id": 424668395, "text": "$AAPL Bear trap vibes.", "time": 1641606163.0, "sentiment": "Bullish"}, {"id": 424668369, "text": "$AAPL shorts need to cover", "time": 1641606160.0, "sentiment": "Bullish"}, {"id": 424668038, "text": "$AAPL this is the range where the Most selling has occurred today. Heavy buying here can launch a squeeze.", "time": 1641606113.0, "sentiment": "Bullish"}, {"id": 424666328, "text": "$AAPL \n\nToday looks like we have to do alot of run next week.\n\nDon\u2019t worry I am ok with losing it .. I was there during big up and down swing.\n\nStill manage the risk at your own discretion.\n\nLet\u2019s go long bulls\u2026", "time": 1641605868.0, "sentiment": "Bullish"}, {"id": 424665260, "text": "$AAPL  Imagine where we&#39;d be without this phoney selloff....", "time": 1641605718.0, "sentiment": ""}, {"id": 424664349, "text": "$AAPL no momentum today yawn.", "time": 1641605605.0, "sentiment": "Bullish"}, {"id": 424664262, "text": "$AAPL AAPL 2022-01-07 Dark Pool &amp; Short Interest Data: \nhttps://www.youtube.com/watch?v=ZjorM95WyuM", "time": 1641605593.0, "sentiment": ""}, {"id": 424663723, "text": "Will 2022 Be The Year Of Augmented Reality Glasses? https://www.investors.com/news/technology/ces-2022-vendors-promote-smart-glasses/ $VUZI $VZ $QCOM $MSFT $AAPL", "time": 1641605525.0, "sentiment": ""}, {"id": 424661632, "text": "$AAPL when names like $lucid and $spce are up, then you know that the evaluation multiple and Taper isnt the reason thats killing the megacaps lol", "time": 1641605261.0, "sentiment": ""}, {"id": 424661538, "text": "$AAPL we bouncing Monday I feels it", "time": 1641605247.0, "sentiment": ""}, {"id": 424661106, "text": "$AAPL Selloff !!", "time": 1641605188.0, "sentiment": ""}, {"id": 424661018, "text": "$aapl vix still negative and not rising..", "time": 1641605177.0, "sentiment": ""}, {"id": 424659910, "text": "@OnlyLiarsHere can\u2019t argue with that. But the facts don\u2019t seem to matter much anymore, just the what if\u2019s, which is why GME is up. Based on the facts we should not be down $100. Just like the facts should put $AAPL at $300 but neither is happening in the market.", "time": 1641605041.0, "sentiment": ""}, {"id": 424658528, "text": "$AAPL keep holding?!", "time": 1641604869.0, "sentiment": ""}, {"id": 424657998, "text": "$AAPL   \ud83c\udf4f Oil Mkts Closing, in 10 mins.", "time": 1641604804.0, "sentiment": "Bullish"}, {"id": 424657978, "text": "$MSFT this has underperformed $AAPL by 15% in the last two months. What is going on?\nWatch it fire this afternoon or next week.", "time": 1641604800.0, "sentiment": "Bullish"}, {"id": 424656984, "text": "$AAPL Come on Sir Isaac is waiting", "time": 1641604674.0, "sentiment": ""}, {"id": 424656612, "text": "$MSFT patiently waiting for $310!!!! $V $MA $WEN $AAPL swingers heaven!", "time": 1641604624.0, "sentiment": ""}, {"id": 424655755, "text": "@GoodieGood $amzn $aapl $tsla This year is going to be \ud83e\udd29", "time": 1641604509.0, "sentiment": "Bullish"}, {"id": 424654892, "text": "$AAPL trying it\u2019s best not to drop more", "time": 1641604392.0, "sentiment": ""}, {"id": 424653800, "text": "$AAPL dark pool 5M order ?? Anyone ??", "time": 1641604242.0, "sentiment": "Bullish"}, {"id": 424653333, "text": "$AAPL Over 1.13m $AAPL option contracts traded today, 59% call/41% put", "time": 1641604176.0, "sentiment": "Bullish"}, {"id": 424653144, "text": "$AAPL gonna chop its ass sideways till PH today to let theta d**k slap you FOMO PUT buyers.", "time": 1641604151.0, "sentiment": ""}, {"id": 424652814, "text": "$AAPL Forces will keep this below 172.50", "time": 1641604108.0, "sentiment": "Bullish"}, {"id": 424652554, "text": "$AAPL we still above 172 let&#39;s stay above it 175 here we go baby it&#39;s all I want. the bears can take over the movement hit the sell button. until then don&#39;t you touch that dial.", "time": 1641604077.0, "sentiment": "Bullish"}, {"id": 424650440, "text": "$GME Intead of buying this garbage, go and buy quality stocks like $NVDA , $AAPL and $AMD. You might be an Ape, but hopefully evolution will help you to become more intelligent \ud83e\udd23\ud83e\udd23", "time": 1641603808.0, "sentiment": ""}, {"id": 424650210, "text": "Equity Sentiment: $AAPL is the #1 stock that institutions are trading with 46.5K options contracts.\n\nMarket analysis included in screenshot of dashboard from http://insiderfinance.io.", "time": 1641603782.0, "sentiment": ""}, {"id": 424650019, "text": "$AAPL one more leg low to 167 and bounce to 177..", "time": 1641603755.0, "sentiment": ""}]