[{"id": 424705575, "text": "Today&#39;s Top 5 Most Active Report: \n$SQQQ (Vol: 228.51M) \n$F (Vol: 122.05M) \n$AAPL (Vol: 84.18M) \n$MRIN (Vol: 81.34M) \n$LCID (Vol: 79.25M) \n \nAlerts &amp; Technical Analysis via tradethehalt.com", "time": 1641610925.0, "sentiment": "Bullish"}, {"id": 424705552, "text": "$AAPL 180 very soon \ud83d\udc8e", "time": 1641610923.0, "sentiment": "Bullish"}, {"id": 424704385, "text": "$SPY market is in trouble $NVDA $AAPL", "time": 1641610821.0, "sentiment": ""}, {"id": 424703647, "text": "$AAPL: The long term trend is positive and the short term trend is neutral. Lets see where this goes. https://www.chartmill.com/stock/quote/AAPL/technical-analysis?key=bb853040-a4ac-41c6-b549-d218d2f21b32&amp;utm_source=stocktwits&amp;utm_medium=TA&amp;utm_content=AAPL&amp;utm_campaign=social_tracking", "time": 1641610742.0, "sentiment": ""}, {"id": 424703640, "text": "$VERB i dont care if Verb spikes to 50 bc they are working with David Meltzer for shoppable programming &amp; David Meltzer signed a deal with $AAPL .\nMakes no difference to that the revenue for Verb wont be huge at first.\n\nVerb will have the Perfect Loop for any retailer or business wishing to enter Live Streaming shoppable programing. When they get the finance forget it thats when they go full out", "time": 1641610741.0, "sentiment": ""}, {"id": 424703026, "text": "$AAPL Monday", "time": 1641610671.0, "sentiment": ""}, {"id": 424702829, "text": "$AAPL Perfect MMs , How do you start work for MMs and take your own benefits ?", "time": 1641610649.0, "sentiment": ""}, {"id": 424702498, "text": "$AAPL please fight back the short mofo \u2026\n\nThis is fucking ridiculous .. they do that all the time at close of EOD", "time": 1641610614.0, "sentiment": "Bullish"}, {"id": 424702012, "text": "$MSTR 2.5 B decrease from assets on balance sheet. \n\nCarrying ticking bombs here.\n\nWhile debts keep on increasing.\n\nSaylor heart attack is inevitable.\n\n$BTC.X $ETH.X $MARA $AAPL", "time": 1641610560.0, "sentiment": "Bearish"}, {"id": 424701804, "text": "$AAPL WHAT DID I SAY \ud83d\ude02\ud83d\ude02\ud83d\ude02\ud83d\ude02", "time": 1641610534.0, "sentiment": ""}, {"id": 424701704, "text": "$QQQ $Aapl falling?", "time": 1641610522.0, "sentiment": "Bearish"}, {"id": 424701256, "text": "$AAPL here comes a last 5 min dump", "time": 1641610468.0, "sentiment": ""}, {"id": 424701218, "text": "$AABB $TSLA $AAPL $MSFT $GOOG 6 minutes slap it.", "time": 1641610463.0, "sentiment": "Bullish"}, {"id": 424701138, "text": "$VERB $AAPL wants a piece of the pie...\n\nwith Meltzer at the helm of VerbTV, one to two years from now, VerbTV/Market will be integrated into $VZIO $SONY Samsung LG \ud83d\udcfa making it easier for everyone. The possibilities are endless... \n\nVERB the future of E-commerce.  Have a piece of the pie!", "time": 1641610453.0, "sentiment": "Bullish"}, {"id": 424700895, "text": "$AAPL short attack alert .. fight back hard to defend the green territory!", "time": 1641610424.0, "sentiment": "Bullish"}, {"id": 424700512, "text": "$WATT let&#39;s go $AAPL ....we can do this together, you&#39;ll want $WATT technology in your EV&#39;s to separate your electric vehicle from everybody else&#39;s\ud83d\ude01\ud83e\udd70", "time": 1641610381.0, "sentiment": "Bullish"}, {"id": 424699955, "text": "$AAPL 172 is holding very strong going to next week, then we will see if Nasdaq going back up to 1500 or 1480", "time": 1641610314.0, "sentiment": ""}, {"id": 424699895, "text": "$AAPL \n\nIn other words .. we will not fucking give up !! \n\nLet\u2019s March on!", "time": 1641610308.0, "sentiment": "Bullish"}, {"id": 424699508, "text": "$QQQ $SPY $AAPL $TSLA \nThe amount of gray hair I grew  this week is insane", "time": 1641610262.0, "sentiment": "Bullish"}, {"id": 424699095, "text": "$AAPL let&#39;s push this to the high of the day.Go Bulls.", "time": 1641610218.0, "sentiment": ""}, {"id": 424698367, "text": "$AAPL I believe we see 175 Monday.", "time": 1641610138.0, "sentiment": "Bullish"}, {"id": 424697651, "text": "$TSLA $QQQ $AAPL $SPY \n\nWho writes this kind of stuff, this book is garbage, the title says it all.", "time": 1641610051.0, "sentiment": ""}, {"id": 424697647, "text": "Unusual Option Alert on $AAPL $1,071,200 call block traded with $125.0 strike expiring on 2023-01-20. Via: https://www.stockgrid.io/optionsflowcumulativestats/AAPL", "time": 1641610050.0, "sentiment": ""}, {"id": 424697606, "text": "$SPY $IWM $AAPL $RBLX losers of the week", "time": 1641610044.0, "sentiment": ""}, {"id": 424697121, "text": "@autoselect The stock is up because there is an $AAPL buyout rumor circulating", "time": 1641609979.0, "sentiment": "Bullish"}, {"id": 424696905, "text": "Nice $AAPL  \u2705\u2705\ud83c\udf4f\ud83c\udf4f\ud83e\udd42\ud83e\udd42 see you Monday !", "time": 1641609948.0, "sentiment": "Bullish"}, {"id": 424696642, "text": "$AAPL bouncie bouncee", "time": 1641609911.0, "sentiment": "Bullish"}, {"id": 424696430, "text": "$AAPL I ate my calls this week. \ud83d\ude00\ud83e\udd23\ud83e\udd23\ud83e\udd23 I&#39;m still pumped we&#39;re going to end this week on a green note and I am excited for earnings.", "time": 1641609883.0, "sentiment": ""}, {"id": 424696427, "text": "$AAPL we continuously say apple can\u2019t just keep going up yet it does\u2026 this trend ain\u2019t ending anytime soon. I\u2019m saying 200 end of February", "time": 1641609883.0, "sentiment": "Bullish"}, {"id": 424696379, "text": "EVs, TVs, VR, and More: The Big Trends at This Year&#39;s CES  $TM $ACN $NFLX $AAPL $PTON \n\nhttps://newsfilter.io/a/14bb79a6372fbb5a257d9858fbf43bc3", "time": 1641609877.0, "sentiment": ""}]