[{"id": 424766173, "text": "@AlwysHld $AAPL - your brain dead president, ole slo sleepy joe, this week said 2020 will be the best year yet! = 2 yrs &amp; 5 days behind reality?  wait til he hears about Covid", "time": 1641623390.0, "sentiment": ""}, {"id": 424765019, "text": "SweepCast alerted: $AAPL with Unusual Options Activity Alerted on $175 CALL Expiring: 01-14-2022 worth 69K\ud83d\udc02 |\ud83e\udd47 Learn How Unusual Options Helps Gain Insights! \ud83e\udd47", "time": 1641623052.0, "sentiment": ""}, {"id": 424764215, "text": "$AAPL      \ud83c\udf4f Jim Cramer\u2019s Commentary Tonight:  \u2026on this we find agreement.  History, confirms.", "time": 1641622810.0, "sentiment": ""}, {"id": 424762578, "text": "$AAPL holding 200 shares in my IRA and 200 shares in my trading accts. Warned everyone about small cap many months ago. \n\nIRA \ud83d\udc47", "time": 1641622328.0, "sentiment": ""}, {"id": 424761575, "text": "$AAPL  \ud83c\udf4f  Just, so you know.  Jim Cramer Tonight:", "time": 1641622033.0, "sentiment": ""}, {"id": 424761230, "text": "$AAPL \nChina Joe strikes again", "time": 1641621943.0, "sentiment": ""}, {"id": 424760715, "text": "$AAPL reversal buy tha dip", "time": 1641621795.0, "sentiment": "Bullish"}, {"id": 424759702, "text": "@Quitaskinme @smelter obviously it takes investment. What\u2019s called a good deal. If $TSLA or $PWR or $AAPL are trading below projected value, investors swarm like flies to shit. Orbital doesn\u2019t have that type of clear valuation because it isn\u2019t yet profitable. Eliminate the inherent risk and people will take a chance.", "time": 1641621499.0, "sentiment": ""}, {"id": 424759564, "text": "$AAPL  apple stock analysis \n\nhttps://youtu.be/2XxGKpah9zc", "time": 1641621463.0, "sentiment": ""}, {"id": 424758872, "text": "$AAPL", "time": 1641621276.0, "sentiment": "Bullish"}, {"id": 424758776, "text": "$AAPL - if u had a bad day, watch this crazy chit &gt; https://media2.giphy.com/media/Io4FqkTWHlAt091rye/giphy.gif", "time": 1641621253.0, "sentiment": ""}, {"id": 424758547, "text": "$AAPL NEW ARTICLE : Jim Cramer says these 5 &#39;old tech&#39; stocks could have a big year in 2022 https://www.stck.pro/news/AAPL/21042626", "time": 1641621192.0, "sentiment": ""}, {"id": 424758025, "text": "Sweep Options Activity: $AAPL is the #1 ticker with sweep activity where institutions are trading options urgently with 74.1K sweep contracts, a leading indicator of market movement.\n\nMarket analysis and options contracts included in screenshot of dashboard from http://insiderfinance.io.", "time": 1641621054.0, "sentiment": ""}, {"id": 424757364, "text": "$AAPL tomrrow apple will be on my dingaling", "time": 1641620877.0, "sentiment": ""}, {"id": 424756613, "text": "$TSLA $AAPL $NVDA tech either recovers next week or it\u2019s the start of a small correction no one wants to see just yet! Playing options for a swing to the upside and holding these long either way..$gme calls just for fun haha", "time": 1641620682.0, "sentiment": ""}, {"id": 424755603, "text": "$AAPL $SPY $QQQ $ITOT \nWish this guy posted this in 2007", "time": 1641620409.0, "sentiment": ""}, {"id": 424755454, "text": "$AAPL $SPY $QQQ $ITOT \ud83c\udf4f\ud83c\udf4f\ud83c\udf4fThis mammoth has so much money in store that he can overcome anything. Apple is constantly innovating. Yes, Apple unveils its products after the others ... but they are perfect and always better than their rivals. Apple is smart, very smart and structured. It&#39;s a winner in the long run.\ud83c\udf4f\ud83c\udf4f\ud83c\udf4f", "time": 1641620364.0, "sentiment": "Bullish"}, {"id": 424752958, "text": "@MNiss21 @Lynx_ it would make sense for $AAPL to buy, as they\u2019ve really struggled in the streaming race.", "time": 1641619712.0, "sentiment": "Bullish"}, {"id": 424752621, "text": "$AAPL Chart Update: Could bounce of support or become bullish with earnings run. Watchful eye. Neutral positioning at the moment.", "time": 1641619622.0, "sentiment": ""}, {"id": 424750396, "text": "Unusual Options Activity: $AAPL is the #21 ticker with unusual activity from institutional traders with an average of 14% out of the money, a leading indicator of market movement.\n\nMarket analysis and options contracts included in screenshot of dashboard from http://insiderfinance.io.", "time": 1641619040.0, "sentiment": ""}, {"id": 424747444, "text": "$AAPL damn", "time": 1641618305.0, "sentiment": ""}, {"id": 424747437, "text": "$AAPL I wonder how long this stays at this price entering a recession. There are 5 dominoes that when they fall, it will be catastrophic.", "time": 1641618303.0, "sentiment": ""}, {"id": 424746286, "text": "$AAPL: The short term is neutral, but the long term trend is still positive. Not much to worry about for now. https://www.chartmill.com/stock/quote/AAPL/technical-analysis?key=bb853040-a4ac-41c6-b549-d218d2f21b32&amp;utm_source=stocktwits&amp;utm_medium=TA&amp;utm_content=AAPL&amp;utm_campaign=social_tracking", "time": 1641618000.0, "sentiment": ""}, {"id": 424746092, "text": "$AAPL back to yellow.", "time": 1641617953.0, "sentiment": ""}, {"id": 424745342, "text": "$NVDA not surprised on red move but we\u2019re still a top pick among tech. It\u2019s safer here than elsewhere, similar to $AAPL $MSFT", "time": 1641617760.0, "sentiment": "Bullish"}, {"id": 424743692, "text": "$AAPL not a great start to 2022. Can we continue to blame the pandemic?", "time": 1641617357.0, "sentiment": ""}, {"id": 424743494, "text": "$AAPL its going down when market opens trust", "time": 1641617308.0, "sentiment": "Bearish"}, {"id": 424743391, "text": "$AAPL 3T company?", "time": 1641617286.0, "sentiment": ""}, {"id": 424742666, "text": "@DiamondNutz123 I made more than enough to cover my xl loss with $AAPL . I don\u2019t see xl going back to double digits anytime soon and I\u2019m not willing to wait. I rather add to positions that have been going up consistently and poised to continue they run especially in this interest environment", "time": 1641617108.0, "sentiment": ""}, {"id": 424742073, "text": "$AAPL this juggernaut was a FED and Wall St banks darling to park money into to prop up indexes, now banks want refund. Ha?", "time": 1641616952.0, "sentiment": "Bearish"}]