[{"id": 424791402, "text": "$AAPL Simulated 175.0 dollar CALLS for Monday&#39;s open on StockOrbit.\n https://apps.apple.com/us/app/stockorbit/id1541560646", "time": 1641632444.0, "sentiment": ""}, {"id": 424791129, "text": "$AAPL Overhyped shit. Wake the F up", "time": 1641632326.0, "sentiment": "Bearish"}, {"id": 424790934, "text": "$AAPL AAPL MC is worth 3 times the entire silver on the planet muahahahha making some laptops  tablets and some phones that lately peps don&#39;t even buy made in China this will go to shit.", "time": 1641632226.0, "sentiment": "Bearish"}, {"id": 424790663, "text": "$AAPL you\u2019re an idiot. $3 trillion by April 1.", "time": 1641632097.0, "sentiment": ""}, {"id": 424790427, "text": "$AAPL not 3 trillion anymore that was the last time any American company will value at 3 trillion.", "time": 1641631992.0, "sentiment": "Bullish"}, {"id": 424790054, "text": "$AAPL this not looking good next week", "time": 1641631836.0, "sentiment": ""}, {"id": 424789495, "text": "$AAPL I Believe I said too much  \ud83d\ude4f", "time": 1641631615.0, "sentiment": "Bearish"}, {"id": 424787647, "text": "@MissMolly1 @valuationgman \n\nRevenues actually do show it. Enterprise contracts are between $1-10/month per employee w/an average leaning lower than 5, 3,4 bucks per month per employee. \nThe largest pentrations happened during Q3, &amp;Q4 with the signing of shop.com 100-200k reps &amp; Newage ~400k reps  but the  contract they have with verb will allow up to 600k reps. Then do the math. Looking at about $12mm Q4 ftm run rate thats if there isnt any growth.\n\nNo u already lied once about the beta site not being Verb&#39;s and u didnt apologize. Im not here to answer your questions. If u dont apologize for lieing i am going to have to block u.\n\nhttps://www.shoppopup.tv\n\n&amp; 100mmwait a second didnt u lie again saying David Meltzer  was not the executive producer for Verbtv &amp; just signed a contract with $AAPL tv.\n\nHe is going to use verb &amp; make apple tv shoppable. This gonna be big.\n\nSo apologize for lieing or else u r out of here", "time": 1641630807.0, "sentiment": ""}, {"id": 424785702, "text": "Most gaining stocks in the Nasdaq 100 today: $MSFT and $AAPL https://www.chartmill.com/stock/stock-screener?v=3&amp;f=ind_20&amp;s=pt&amp;utm_source=stocktwits&amp;utm_medium=screener&amp;utm_content=Stock_Screener:_top_Nasdaq_100_gainers&amp;utm_campaign=social_tracking", "time": 1641630060.0, "sentiment": ""}, {"id": 424785350, "text": "$AAPL How does 2022 look like for apple? Considering inflation, interest rates hikes, variants etc? Need serious answer. I want to buy more but not sure if I should wait", "time": 1641629911.0, "sentiment": ""}, {"id": 424785269, "text": "I&#39;m sorry $AAPL faithful! I will allow you a relief bounce, before we crash thru the trend line.", "time": 1641629882.0, "sentiment": "Bullish"}, {"id": 424784810, "text": "$AAPL let me see your hand Bulls", "time": 1641629715.0, "sentiment": "Bullish"}, {"id": 424784619, "text": "$AAPL Whatever. Contessa Brewer is sexy AF.", "time": 1641629637.0, "sentiment": "Bullish"}, {"id": 424782921, "text": "$AMD $nvda   $tsla   $aapl   $INTC", "time": 1641628968.0, "sentiment": "Bullish"}, {"id": 424782343, "text": "$spy $aapl https://www.youtube.com/watch?v=5sX81VcUmY4", "time": 1641628769.0, "sentiment": ""}, {"id": 424780224, "text": "$AAPL u idiots wishing \ud83c\udf4f down ..better look at history", "time": 1641627975.0, "sentiment": "Bullish"}, {"id": 424780053, "text": "$QQQ $MSFT $AAPL $SPY  \nSpy and the Q&#39;s are safe", "time": 1641627918.0, "sentiment": ""}, {"id": 424777756, "text": "$AMD $NVDA $msft $AAPL Millions of Americans staying home and spending money on gaming , laptops , apps , movies \ud83c\udf7f \u2026. Hold and you will be rewarded", "time": 1641627109.0, "sentiment": "Bullish"}, {"id": 424777645, "text": "$AAPL \n1 trillion fake-out =\u300bpullback =\u300bbreakout =\u300bretest\n2 trillion fake-out =\u300bpullback =\u300bbreakout =\u300bretest \n3 trillion ? \njuste one difference move become faster every time .", "time": 1641627068.0, "sentiment": ""}, {"id": 424777101, "text": "$QQQ $SPY $AAPL $MSFT \nFor a new investor in a pretty volatile market, where is the best place to put my money. I\u2019m sick of it mostly sitting in the bank. I want something safe but has decent growth potential", "time": 1641626891.0, "sentiment": "Bullish"}, {"id": 424776133, "text": "$TSLA $SPY $QQQ $AAPL", "time": 1641626576.0, "sentiment": ""}, {"id": 424775752, "text": "$AAPL calls are gonna be nice next week!!!", "time": 1641626453.0, "sentiment": "Bullish"}, {"id": 424774299, "text": "Fighting the Fed Is Futile, Investors Conclude. What Comes Next.  $TSLA $CRM $MRNA $AAPL $MSFT \n\nhttps://newsfilter.io/a/ff9807779e7dc356bcbf4a92b44ee0b1", "time": 1641625961.0, "sentiment": ""}, {"id": 424773026, "text": "$AAPL  150 put 1 year expiration?\ud83c\udfb2\ud83d\ude0e", "time": 1641625528.0, "sentiment": ""}, {"id": 424772294, "text": "$AAPL AAPL 2022-01-07 Dark Pool &amp; Short Interest Data: \nhttps://www.youtube.com/watch?v=ZjorM95WyuM", "time": 1641625324.0, "sentiment": ""}, {"id": 424772013, "text": "$AAPL Simulated 175.0 dollar CALLS for Monday&#39;s open on StockOrbit.\n https://apps.apple.com/us/app/stockorbit/id1541560646", "time": 1641625243.0, "sentiment": ""}, {"id": 424768931, "text": "$AAPL come on 220", "time": 1641624265.0, "sentiment": ""}, {"id": 424768749, "text": "$VUZI is AR IP Tech leader\n$AAPL iPhone 13 pro\niPhone 14\niPhone 25? Really?\n- B O R I N G\n\nWe want to be hands free \n\nAR smart glasses please save us from this dated smart phone tech torture\n$QCOM \u201cglasses like this\u201d", "time": 1641624209.0, "sentiment": "Bullish"}, {"id": 424768561, "text": "$AAPL Lets all get $TLRY A look they are trending on every platform  \n \n$6.48 to $10 Price Target Monday-Tuesday", "time": 1641624157.0, "sentiment": "Bullish"}, {"id": 424766197, "text": "$SPOT $IHRT $AAPL $AUUD  Sounds Profitable Newsletter collab w/ Vodacast !!#auddia #vodacast #podcast https://www.reddit.com/r/Auddia/comments/rymdpz/sounds_profitable_newsletter_collab_w_vodacast/?utm_medium=android_app&amp;utm_source=share", "time": 1641623396.0, "sentiment": "Bullish"}]