[{"id": 424715898, "text": "$AAPL calls, calls, calls!", "time": 1641612167.0, "sentiment": "Bullish"}, {"id": 424715723, "text": "$AAPL got a long call for Jan 20 2023 on this one. Need the bleeding to start and stop before December 2022", "time": 1641612140.0, "sentiment": "Bullish"}, {"id": 424715344, "text": "$AAPL This market is simply fucked.", "time": 1641612084.0, "sentiment": ""}, {"id": 424715118, "text": "$AAPL ", "time": 1641612049.0, "sentiment": "Bearish"}, {"id": 424714818, "text": "$BKKT remember when they announced partnerships with $MA and Fiserv on the same day?\n\nCan you imagine if they announce their partnerships with $AAPL and $GME on the same day? \n\nI\u2019d cream my pants so hard", "time": 1641612009.0, "sentiment": ""}, {"id": 424714278, "text": "$SPY $DJIA $QQQ $AAPL $TSLA \n \n2022 should be interesting. \n \nGonna be hard to sustain a FED-sponsored bull market without the FED!", "time": 1641611938.0, "sentiment": ""}, {"id": 424713266, "text": "$SPY  #FAANG     mentioned the massive #XRT PUTs. 31k to 3k Calls..  \n \n market not likely to hold up with the FAANG food fight..  flying mustard stocks is fine.. the flying giant salami&#39;s gonna leave a mark  \n \n$AAPL", "time": 1641611811.0, "sentiment": ""}, {"id": 424711364, "text": "$AAPL I seriously need this to hit $190 by March\u2026", "time": 1641611559.0, "sentiment": ""}, {"id": 424710784, "text": "$AMZN interesting stat:  Amazon spent $43 billion on R&amp;D in 2021, vs $22 billion for $AAPL.  This is roughly twice their operating income.  They choose to prioritize growth and innovation over profits, and it\u2019ll pay off in the long run.  Hang in there.", "time": 1641611486.0, "sentiment": ""}, {"id": 424709992, "text": "$AAPL - sold in pieces throughout the day. some sexy nets. Still bearish but not gonna hold position. Happy with profits.", "time": 1641611398.0, "sentiment": ""}, {"id": 424709674, "text": "That $AAPL supply zone held.", "time": 1641611362.0, "sentiment": ""}, {"id": 424709144, "text": "\ud83c\udf81Daily watchlist recap for Jan 7, 2022!!\ud83c\udf81\nProfit potential per 100 shares is $12,543\n\n$GME $DCT $ABSI $AAPL $ABNB PYPL TSLA\n\n\u2714Follow and turn on notifications for more amazing trade ideas!!\n\n#unitedtraders #teamwork #finance", "time": 1641611302.0, "sentiment": ""}, {"id": 424709126, "text": "$AAPL $SPY $QQQ going to be brutal week next. Lots of volatility too. Have a great weekend. Let\u2019s make money again next week. Play both sides. Would like to see +300% return again.", "time": 1641611300.0, "sentiment": ""}, {"id": 424709109, "text": "$AAPL It\u2019s going to be alright. \ud83c\udf4f\ud83c\udf4f\ud83c\udf4f\ud83c\udf7e\ud83e\udd42", "time": 1641611297.0, "sentiment": "Bullish"}, {"id": 424709106, "text": "$AAPL don\u2019t be surprised when we drop to 165\u2026.", "time": 1641611296.0, "sentiment": "Bearish"}, {"id": 424709042, "text": "$AAPL shame I should\u2019ve waited on getting those 175 calls", "time": 1641611290.0, "sentiment": ""}, {"id": 424708982, "text": "\ud83c\udf81Daily watchlist recap for Jan 7, 2022!!\ud83c\udf81\nProfit potential per 100 shares is $12,543\n\n$GME $DCT $ABSI $AAPL $ABNB PYPL TSLA\n\n\u2714Follow and turn on notifications for more amazing trade ideas!!\n\n#unitedtraders #teamwork #finance", "time": 1641611281.0, "sentiment": ""}, {"id": 424708753, "text": "$AAPL this 175 me walk away happy", "time": 1641611255.0, "sentiment": ""}, {"id": 424708519, "text": "$AAPL Now it&#39;s all green.  Only buys.  Anyone selling AAPL now has got to be a reddit dupe.", "time": 1641611232.0, "sentiment": "Bullish"}, {"id": 424708485, "text": "February 4, 2048: $TSLA overtakes $AAPL as the worlds most valuable company by market cap.  TeslaBot is now a household name with people out and about enjoying retirement life and financial independence as their bot goes to work, cooks, and does chores for them.", "time": 1641611228.0, "sentiment": "Bullish"}, {"id": 424708096, "text": "$AAPL  I warned you guys", "time": 1641611181.0, "sentiment": ""}, {"id": 424708030, "text": "@DeadBeat2 yeah i am playing a diagonal spread. 175c for june and short 177.5c for friday. Gonna keep shorting $5 OTMs each week till ER! $aapl", "time": 1641611175.0, "sentiment": "Bullish"}, {"id": 424708019, "text": "$AAPL I smell a bounce Monday and I\u2019m a bearish mf", "time": 1641611174.0, "sentiment": "Bullish"}, {"id": 424707842, "text": "$AAPL dam. That last bit of vol \ud83d\ude10", "time": 1641611154.0, "sentiment": ""}, {"id": 424707647, "text": "$AAPL Too many bears again on this board!", "time": 1641611130.0, "sentiment": ""}, {"id": 424707399, "text": "$AAPL Shorties are buying back shares at an incredible rate.  gap up on Monday.", "time": 1641611106.0, "sentiment": "Bullish"}, {"id": 424707201, "text": "$BKKT If BTC recovers over the weekend expect sentiment to take us to $7 then Wednesday Gavin will grow some balls and finalize the $AAPL deal so we\u2019ll see $150 by Fri \ud83d\ude02", "time": 1641611082.0, "sentiment": "Bullish"}, {"id": 424706942, "text": "$AAPL \n\nSee I knew the close of EOD - short is always a bitch !!\n\nThis is one of many times they did that .. trying to push this stock into oversold territory.\n\nGood news, it\u2019s still green mofo.\n\nWe need to do that again next week!", "time": 1641611053.0, "sentiment": "Bullish"}, {"id": 424706731, "text": "$AAPL Back in with smart money.", "time": 1641611033.0, "sentiment": "Bullish"}, {"id": 424706114, "text": "@DeadBeat2 nope. Monday \ud83d\ude80 Er run up starts sometimes next week. Loaded 30% position today and will add as the days go by! $aapl lets go! Record quarter, they want your shares cheap. If taper was an issue, $lcid wont be as up as it was today.", "time": 1641610973.0, "sentiment": "Bullish"}]