[{"id": 424741073, "text": "$AAPL killing both call and put", "time": 1641616719.0, "sentiment": ""}, {"id": 424740206, "text": "$AAPL load up", "time": 1641616524.0, "sentiment": "Bullish"}, {"id": 424739109, "text": "By the end of this month, what are the odds of \n$AAPL \u2014&gt; 147 \n$MSFT \u2014&gt; 278 \n$QQQ  \u2014&gt; 352\n$SPY   \u2014&gt; 428", "time": 1641616288.0, "sentiment": "Bearish"}, {"id": 424738797, "text": "$AAPL forget long this POS short only and you will have a sorry to tell how you nailed the ATH on this balloon", "time": 1641616218.0, "sentiment": "Bearish"}, {"id": 424738469, "text": "$AAPL accidently bought calls...", "time": 1641616146.0, "sentiment": ""}, {"id": 424738177, "text": "$SPY First week of 2022 in the can, and we closed with a profit! Check out the weekly trade recap and use the link in Bio for free week trial! https://youtu.be/z7F8RwPCr5M $SPY $SPX $AAPL $TSLA $MSFT", "time": 1641616083.0, "sentiment": "Bullish"}, {"id": 424737917, "text": "$AAPL going down as expected PT 90 EOY", "time": 1641616025.0, "sentiment": "Bearish"}, {"id": 424737179, "text": "$AAPL prob gonna try and retest 171.38 then pump back up to end next week near 175. Just need market to work with it", "time": 1641615879.0, "sentiment": ""}, {"id": 424736431, "text": "@olddognewtricks2 @Valueiskey @olddognewtricks2 same here I was brand new investor last year. I should have just did beginner stocks like $AAPL", "time": 1641615730.0, "sentiment": ""}, {"id": 424735768, "text": "$AAPL I can understand some people being bitter about eating calls this week, I certainly ate enough of them, but the fact is we&#39;re only a few percent from our ath after a crappy news week. I expect we&#39;ll hit a new ath after er, clearly I&#39;m hoping it will be good. We&#39;re in great shape long term. Ignore the monkey bears.", "time": 1641615575.0, "sentiment": "Bullish"}, {"id": 424735687, "text": "$AAPL what\u2019s your price target after earnings?", "time": 1641615554.0, "sentiment": ""}, {"id": 424735564, "text": "@PickAndRoll i respect you for being gentle and i respect your opinion. I just feel that they are pumping on mass adoption. Also, electricity cost is too high, and there are virtually no barriers to entry. A competent govt can set up a better token at a fraction of the cost $aapl $btc.x and without the implicit compulsion to participate in a ponzi and buying the bags of early adopters .", "time": 1641615529.0, "sentiment": ""}, {"id": 424734278, "text": "@ForsakenOne thats my first rule mate! I have $AAPL , $SURF , $DNN and $MNMD \u2026 all red except apple! \ud83d\ude02 have a great weekend and relax!", "time": 1641615277.0, "sentiment": ""}, {"id": 424734049, "text": "@powerprestige @PickAndRoll wanna see my $btc.x purchases @ $600? Lmao. I was dabbling and using this for its initial intended purpose before you hypebeasts came into it to make 10000x returns lmao. I warn my cousins, my family, and others . I had sold at 45k the first time it hit, missed the run to 65k but got a 57% return in equities in the meanwhile. So ya, no regrets. $aapl", "time": 1641615236.0, "sentiment": ""}, {"id": 424732461, "text": "@Strongbagholder Yeah,  $AAPL  I&#39;m 58. Both these companies have been part of my life for 40 years. They&#39;re not going anywhere soon.", "time": 1641614936.0, "sentiment": "Bullish"}, {"id": 424729353, "text": "$AAPL 180C Exp:14-Jan-22 --  \ud83d\ude80 Total(Day): $28,509 \n$AAPL 150P Exp:18-Nov-22 \u2193  \ud83d\udd25 Total(Day): $92,120 \n#UnusualActivity \n \n \nSign-up free for beta ver.:https://app.jarvisalerts.com \ncharts: courtesy of finviz", "time": 1641614408.0, "sentiment": ""}, {"id": 424728258, "text": "$AAPL you don\u2019t know that", "time": 1641614201.0, "sentiment": ""}, {"id": 424727384, "text": "$MSFT $AAPL This seems appropriate.", "time": 1641614036.0, "sentiment": "Bullish"}, {"id": 424727013, "text": "$AAPL \n7.1.2021 \n$131 price with a PE of 35.38\n27th Jan 2021, $145 with a PE of 38.63. Thats an additional 3 Multiple in 10 trading Days. Lowest recorded price of 2021 gave Apple an evaluation of 31.45. Lowest PE recorded was 25x and certainly not ANYWHERE CLOSE to Earnings season. \n\n2022: \nThe price has grown 48% from the march lows CURRENTLY @ 172\nThe PE is only 30.63. To think, that we can perhaps gain even +2 to the  multiple, it represents an advance of 12 dollars almost, setting a PT close to $184. Apple already has had a 7% correction from its ATH, while Ultra growth stocks rallied today. \n\nApple commanded a PE of 25x in Jan 2020, before the printers were turned on. We can all agree Apple has a much better balance sheet since then and is ever closer to new verticals which demand a new valuation multiple. If all else fails, you can play the earnings hype. January always has a high Upper wick for Apple if you go back to past 10 monthly charts, because Apple Earnings rule the show.", "time": 1641613969.0, "sentiment": "Bullish"}, {"id": 424725943, "text": "$brk.b $aapl $bac https://www.youtube.com/watch?v=5sX81VcUmY4", "time": 1641613777.0, "sentiment": ""}, {"id": 424724568, "text": "$AAPL anyone think it can bounce back up past $180 soon?", "time": 1641613527.0, "sentiment": ""}, {"id": 424721969, "text": "$TQQQ it hurt me so much to hold my 150c when it&#39;s down this much , but I really believe next week this should be back at 146-150. In $TSLA $AMZN $AAPL I believe!", "time": 1641613088.0, "sentiment": "Bullish"}, {"id": 424721858, "text": "Wow this is a big change! $AAPL in Downtrend: RSI indicator exits overbought zone. View odds for this and other indicators: https://srnk.us/go/3306011", "time": 1641613069.0, "sentiment": ""}, {"id": 424721809, "text": "$AAPL  \ud83c\udf4f In the \u201cfinal second\u201d of Today\u2019s Close, 7.3 Million AAPL Shares traded to the \u201cBuy Side\u201d.  AH\u2019s Volume is brisk, 3.3 Million+.  Today\u2019s Closing OpEx, was determined by a \u201cVery Large Derivative\u201d Player who was \u201cPositioned Bearish at Multiple Strikes\u201d.   The Player spent a fortune over five days, right up to the Closing minute, to force the needed \u201cExpiration Pin\u201d.  Monday\u2026new day, new trade.  Cheers.", "time": 1641613059.0, "sentiment": "Bullish"}, {"id": 424721207, "text": "5-Day Equity Sentiment Recap: $AAPL is the #1 stock that institutions are trading over rolling 5 day window with 472.8K options contracts.\n\nMarket analysis included in screenshot of dashboard from http://insiderfinance.io.", "time": 1641612970.0, "sentiment": ""}, {"id": 424720929, "text": "$BABA if you&#39;re a bear on BABA because of China risk, I don&#39;t possibly see how you could be bullish on $AAPL at these levels. Lots of China risk there.", "time": 1641612920.0, "sentiment": ""}, {"id": 424720294, "text": "$AAPL some apple action from today with our FibDev indicator in different setups", "time": 1641612822.0, "sentiment": ""}, {"id": 424719652, "text": "$AAPL AAPL 2022-01-07 Dark Pool &amp; Short Interest Data: \nhttps://www.youtube.com/watch?v=ZjorM95WyuM", "time": 1641612729.0, "sentiment": ""}, {"id": 424718657, "text": "$AAPL: up 0.03% (basically flat)\n$MSFT: up 0.02% (basically flat)\n$FB: down 0.2%\n$GOOG: down 0.4%\nNFLX: down 2.3%\nNVDA: down 3.3%\n\n$PLNHF: UP over 4% today.\n\nTakeaway: I do not remember this happening at all in the last couple months of &#39;21. This to me is signaling the beginning of the rotation of money from Large caps to Small caps. We will see what next week brings, but I predict a continuation of this kind of movement.", "time": 1641612590.0, "sentiment": "Bullish"}, {"id": 424717379, "text": "$AAPL $DIS $TSLA Did y\u2019all catch our video on TRIANGLES?\nIt\u2019s a great strategy! Check it out if you didn\u2019t \ud83d\udcfa\ud83d\udcaa\ud83d\udcc8\n\nhttps://www.instagram.com/tv/CYcZnFGNoNG/?utm_medium=copy_link", "time": 1641612390.0, "sentiment": ""}]