[{"id": 424820598, "text": "$FB Mkts are oversold in shorter term time frames, expecting a bounce beginning of next week. Big question is which tickers will bounce the most? Possibly some very oversold growth stocks? Some big tech stocks that have been relatively strong vs the drop in ndx last week such as $aapl $fb, $amzn?", "time": 1641661031.0, "sentiment": ""}, {"id": 424820441, "text": "Sweep Options Activity: $AAPL is the #1 ticker with sweep activity where institutions are trading options urgently with 74.1K sweep contracts, a leading indicator of market movement.\n\nMarket analysis and options contracts included in screenshot of dashboard from http://insiderfinance.io.", "time": 1641660684.0, "sentiment": ""}, {"id": 424820038, "text": "Unusual Options Activity: $AAPL is the #21 ticker with unusual activity from institutional traders with an average of 14% out of the money, a leading indicator of market movement.\n\nMarket analysis and options contracts included in screenshot of dashboard from http://insiderfinance.io.", "time": 1641659789.0, "sentiment": ""}, {"id": 424818337, "text": "$AAPL was analyzed by 48 analysts. The buy consensus is at 83%. So analysts seem to be very confident about $AAPL. https://www.chartmill.com/stock/quote/AAPL/analyst-ratings?utm_source=stocktwits&amp;utm_medium=ANALYST&amp;utm_content=AAPL&amp;utm_campaign=social_tracking", "time": 1641656040.0, "sentiment": ""}, {"id": 424817262, "text": "$AAPL Simulated 175.0 dollar CALLS for Monday&#39;s open on StockOrbit.\n https://apps.apple.com/us/app/stockorbit/id1541560646", "time": 1641654040.0, "sentiment": ""}, {"id": 424817199, "text": "$AAPL https://stocks.apple.com/Aww_k6f7XTfaxwQr5pMat9w", "time": 1641653924.0, "sentiment": ""}, {"id": 424817173, "text": "$SPOT $AAPL $SPY $BTC.X So it\u2019s Saturday night here and I\u2019m doing one of my favourite things: playing 70\u2019s &amp; 80\u2019s music non-stop (loud), dancing with the family and forgetting there\u2019s such a thing as the internet!! You should give it a try!", "time": 1641653857.0, "sentiment": "Bullish"}, {"id": 424815623, "text": "WWII US soldier\u2019s letter finally delivered 76 years after sending in 1945 \n \n\u201cAnd then just his handwriting and everything. It was just so amazing.\u201d \n \n\u201cLove and kisses, Your son Johnny&quot; \n \nRIP \n \nhttps://www.boston25news.com/news/local/wwii-soldiers-letter-germany-finally-delivered-76-years-after-sending/PUHWJ242DBDYNIG74KQLO3PC6Q/ \n \n \n$AAPL $TSLA $SPY $AMD $AMZN", "time": 1641650913.0, "sentiment": "Bullish"}, {"id": 424813915, "text": "$AAPL pumped to play my large caps again next week, whether it\u2019s bullish or bearish \ud83e\udd37\u200d\u2642\ufe0f there discord is about to bank of this one as usual", "time": 1641648103.0, "sentiment": "Bullish"}, {"id": 424812558, "text": "$AAPL  \ud83d\udc3b Listening $SPY", "time": 1641646201.0, "sentiment": ""}, {"id": 424810943, "text": "$NVDA PTs for Monday? Will this sell off continue? If everyone is selling , who is going to buy on Monday ? $AMD $TSLA $AAPL", "time": 1641644455.0, "sentiment": ""}, {"id": 424809678, "text": "$AAPL Simulated 175.0 dollar CALLS for Monday&#39;s open on StockOrbit.\n https://apps.apple.com/us/app/stockorbit/id1541560646", "time": 1641643289.0, "sentiment": ""}, {"id": 424808969, "text": "$AAPL NEW ARTICLE : My Dividend Growth Portfolio 2021 Year In Review https://www.stck.pro/news/AAPL/21046023", "time": 1641642666.0, "sentiment": ""}, {"id": 424807436, "text": "$SPY $AAPL $TSLA here&#39;s another risk curve. As the Fed artificially suppressed rates, investors had to dump cash and go further out in the risk curve to VC, PE, Momentum Growth and Cryptos. It&#39;s already happened, but big money has NOW shifted down the risk curve to Cash, IG Bonds, and Large Cap Value, dumping the ARKK BS crap no profit equities. In other words, holding Cash/UST will have some significance now. countries like Japan, China, Saudi Arabia, etc hold billions of US paper. If the US inflation were to spiral further out of control, what incentive do they have to hold worthless Fiat??", "time": 1641641430.0, "sentiment": ""}, {"id": 424806220, "text": "Bull markets will fool many into believing  they are great traders/investors. During a bear market all the profits will be taken back fast &amp; humble them. Easy market phases are followed by the most difficult ones. Learn about risk management early or learn the hard way later. $TSLA $AAPL $NVDA $SPY $QQQ", "time": 1641640554.0, "sentiment": ""}, {"id": 424805077, "text": "$AAPL AAPL 2022-01-07 Dark Pool &amp; Short Interest Data: \nhttps://www.youtube.com/watch?v=ZjorM95WyuM", "time": 1641639724.0, "sentiment": ""}, {"id": 424803535, "text": "$ADBE At this point nothing surprises me, even $AAPL or $GOOGL or $BRK.A  can go to drains let alone $ADBE, hope it recovers in the coming days.", "time": 1641638733.0, "sentiment": "Bullish"}, {"id": 424803218, "text": "$AAPL who&#39;s been buying the 1/21 $200 calls?", "time": 1641638550.0, "sentiment": "Bullish"}, {"id": 424800394, "text": "$AAPL launching &#39;Fitness+&#39; for Watch users on January 10, will feature meditations and running routes.", "time": 1641636942.0, "sentiment": "Bullish"}, {"id": 424799599, "text": "The industry average ROA is 5.50%. $AAPL outperforms 97% of its industry peers. https://www.chartmill.com/stock/analyzer/stock/AAPL?view=fundamental-analysis&amp;key=bb853040-a4ac-41c6-b549-d218d2f21b32&amp;utm_source=stocktwits&amp;utm_medium=FA&amp;utm_content=AAPL&amp;utm_campaign=social_tracking", "time": 1641636480.0, "sentiment": ""}, {"id": 424799137, "text": "$AAPL apple is now doomed I got back in today. 170 price. range.", "time": 1641636209.0, "sentiment": "Bullish"}, {"id": 424797980, "text": "$AAPL oversold on the four hours, daily buy low 160s . Oversold zones for daily. For the weekly down side.  Might take for a month for uptrend again.", "time": 1641635554.0, "sentiment": ""}, {"id": 424797282, "text": "$MVIS $AAPL this patent which was granted to Apple On Jan 4, 2022. They are using MEMS mirrors.\n\nhttps://patft.uspto.gov/netacgi/nph-Parser?Sect2=PTO1&amp;Sect2=HITOFF&amp;p=1&amp;u=/netahtml/PTO/search-bool.html&amp;r=1&amp;f=G&amp;l=50&amp;d=PALL&amp;RefSrch=yes&amp;Query=PN/11215829", "time": 1641635202.0, "sentiment": "Bullish"}, {"id": 424796803, "text": "$AAPL https://www.youtube.com/watch?v=mr8l6tCI6Lk", "time": 1641634954.0, "sentiment": ""}, {"id": 424796029, "text": "Payback\u2019s a bitch. To those who bought all the calls I shorted this week, tell them The Maverick sends his regards.\n\n$SPY $AAPL $NVDA $QQQ and especially you $TSLA \ud83d\udc3b\ud83d\udc3b\ud83d\udc3b", "time": 1641634603.0, "sentiment": "Bearish"}, {"id": 424794821, "text": "Equity Sentiment: $AAPL is the #1 stock that institutions are trading with 81.5K options contracts.\n\nMarket analysis included in screenshot of dashboard from http://insiderfinance.io.", "time": 1641634027.0, "sentiment": ""}, {"id": 424794722, "text": "$AAPL every time I listen to bears fuckers i lose a lot of money", "time": 1641633985.0, "sentiment": ""}, {"id": 424792671, "text": "$AAPL BTW if you invested 1000 dollars  in Aapl stock back in 1982\nnow you will have  3,740,000 mil the X are already made.", "time": 1641633003.0, "sentiment": "Bearish"}, {"id": 424792467, "text": "@hotkey123 not really overvalued. $aapl is a money printing machine", "time": 1641632911.0, "sentiment": ""}, {"id": 424791723, "text": "$AAPL Respect to Steve Jobs for creating it but at 3T valuation even him will wave out of his grave and tell you that is overvalued RIP.  The lines for the newest  I phone are long gone. we are going to recession... GLTA", "time": 1641632578.0, "sentiment": "Bearish"}]