[{"id": 424841994, "text": "$AAPL \n\nAbout Tim Cook increased compensation package - people want to know how he get increased package.\n\nUsually the shareholder decided that, not Tim Cook himself by proxy voting.\n\nHow does that work? Proxy sent the document of increased compensation  and they do by voting thru proxy.\n\nWho is the largest shareholder in this? It\u2019s of course Warren Buffet.\n\nNow what is going to be secret is ?\n\nShare buyback and dividend increases ..\n\nWho decides that ? Of course, shareholder proxy votes.\n\nI can sense these both share buybacks and dividends will increase this time due to record breaking sales.\n\nThe purpose of these is to dampen the P/E to make it very reasonably valued.\n\nThis is a must buy stock for long term holding due to metaverse and apple car coming soon.\n\nThink long, not short term!", "time": 1641678038.0, "sentiment": "Bullish"}, {"id": 424841778, "text": "$AAPL Cramer sounds like Scooby Doo and shaggy had a baby.", "time": 1641677944.0, "sentiment": ""}, {"id": 424841633, "text": "$AAPL was analyzed by 48 analysts. The buy consensus is at 83%. So analysts seem to be very confident about $AAPL. https://www.chartmill.com/stock/quote/AAPL/analyst-ratings?utm_source=stocktwits&amp;utm_medium=ANALYST&amp;utm_content=AAPL&amp;utm_campaign=social_tracking", "time": 1641677880.0, "sentiment": ""}, {"id": 424841474, "text": "$SPY $TSLA $AAPL $PLTR $GOOG \n \nA lot of crazy people are on the Internet nowadays, but realize all the sane ones are censored", "time": 1641677808.0, "sentiment": ""}, {"id": 424840980, "text": "12 Ways to Tame Your Family\u2019s Screen Time in 20226 min read  $AAPL $ADC $NFLX \n\nhttps://newsfilter.io/a/decf2a34f907a51cfb43956cd59b8ce3", "time": 1641677574.0, "sentiment": ""}, {"id": 424839336, "text": "$AAPL at support or do we flush more? https://youtu.be/yNuFYhjhanA I go over the lines on this video $study", "time": 1641676790.0, "sentiment": "Bullish"}, {"id": 424838345, "text": "$AAPL \n\nIf you want to understand finance analysis.\n\nP/E determine the valuations of the company if it\u2019s overvalued or not.\n\nYou formulate that with current price / annual earning per share\n\nAAPL current price is 172 and the annual EPS is 5.61 which means 1.4 per quarter.\n\nNow formulate that current EPS\n\n172 / 5.61 = 30.65 \n\nThat is currently reasonably valued given they had two criteria\n\n- share buybacks\n- dividends \n\nIf the company decides to increases both, it will attract many investors to buy and accumulate.\n\nThis is good for long and hold.\n\nSo people who say this stock is overvalued is wrong and know nothing about financial terminology.", "time": 1641676312.0, "sentiment": "Bullish"}, {"id": 424834940, "text": "$TSLA $WM $AAPL very solid place to keep money during this inflation nonsense for the next 8 quarters. Just stay out of retail.  In my humble opinion", "time": 1641674548.0, "sentiment": "Bullish"}, {"id": 424834800, "text": "$AAPL calls at open on Monday, back to 3 trillion next week!", "time": 1641674467.0, "sentiment": "Bullish"}, {"id": 424834447, "text": "$AAPL to partner with $PLTR would be big", "time": 1641674277.0, "sentiment": ""}, {"id": 424832390, "text": "$NVDA $AAPL \n\nBeth Kindig: Nvidia will now surpass Apple in 4.5 years as we are 6 months into the original 5 year prediction.\n\nhttps://io-fund.com/throwback-nvidia-will-surpass-apple-valuation-4.5-years", "time": 1641673044.0, "sentiment": ""}, {"id": 424831743, "text": "$AAPL https://www.nasdaq.com/market-activity/stocks/aapl", "time": 1641672634.0, "sentiment": ""}, {"id": 424831587, "text": "$SPY $AAPL $QQQ $IWM Going through my post history\u2026.I saw only one bad call in the last 3 weeks. \ud83e\udd14 (my \u201cbad call\u201d was a short call on VIAC which ended up going up 17% this past week lol) I lost $5.00 \ud83d\ude31 lol\u2026.other than that horrible call I\u2019m like batting .800 on correct predictions. (i\u2019m batting 1000% on what the Fed is doing, check my post history and YouTube videos for confirmation on FED predictions) I just don\u2019t understand why people keep telling me I don\u2019t know what I\u2019m talking about\u2026. And bringing up things that happened months ago when I was an idiot (still am) Just PLEASE check my fucking post history guys before saying I don\u2019t know what I\u2019m talking about.  \ud83e\udd37\u200d\u2642\ufe0f\n\nI said the SPY $480 calls and the AAPL $180 calls would expire worthless based off of objective option data.  AND THEY DID. I don\u2019t watch the news so I don\u2019t know what the fuck they\u2019re all bitching about right now and to be honest with you I don\u2019t care. I\u2019m staying objective always. \ud83e\udd19", "time": 1641672547.0, "sentiment": "Bullish"}, {"id": 424831475, "text": "$AAPL so far a nice 5 waves down off the top to complete wave 1 down. Wave 2 is potentially complete but may also rally into the 38% retracement level before completing on Monday.", "time": 1641672482.0, "sentiment": "Bearish"}, {"id": 424831342, "text": "$AAPL https://www.change.org/p/us-stock-market-manipulation-should-stop-gary-gensler-must-resign?lang=en-US", "time": 1641672407.0, "sentiment": "Bullish"}, {"id": 424830646, "text": "$AAPL Simulated 175.0 dollar CALLS for Monday&#39;s open on StockOrbit.\n https://apps.apple.com/us/app/stockorbit/id1541560646", "time": 1641672042.0, "sentiment": ""}, {"id": 424830487, "text": "$AAPL $SPY theta burned bahahahah", "time": 1641671946.0, "sentiment": ""}, {"id": 424828954, "text": "$BRK.B I wonder how much more $AAPL Berkshire owns from $BRK.B  and apple buying back shares.", "time": 1641670891.0, "sentiment": ""}, {"id": 424828697, "text": "$AAPL why stonks not moving premarket today? Wtf..  I\u2019m trying to trade $SPY", "time": 1641670697.0, "sentiment": ""}, {"id": 424827451, "text": "$SPY $AAPL $AMD No one can guess all 5 baby Bell co. formed from Bell telephone 1985 break-up? \n\nYou guys are SUCH party poopers \n\ud83d\ude02\ud83d\ude05\ud83d\udc4d\n\nSo, they are , drum roll please, \n\n1. ATT\n2. ActionTec\n3. CenturyLink\n4. US West\n\nAnd 5, and you guys are so out of touch!!! ..... \n\nNumber 5 of baby Bells is: AirTouch Communications .\n\nGood job to all those who played along with this little quiz today. \n\nAnd, YES! in order for FREE ENTERPRISE to placate the stock market have it grow, monopolies will need to be broken up.\n\nAmazon heads the list but ALL of the top 5 or 6 propping Nasdaq now need to be broken up \ud83d\udc4d", "time": 1641669795.0, "sentiment": ""}, {"id": 424826460, "text": "$VUZI I\u2019m pleased Barron\u2019s tech writer went to ces , and wrote on metaverse and mentioned some key co\u2019s in their relative strengths .. $fb $aapl $qcom and yes vuzix .. nice! \nEnterprise is a heck of a space to be recognized for imho and you clearly become a leap frog candidate for a Goliath w ability to take on consumer intricacy needs .. bravo vuzix", "time": 1641668983.0, "sentiment": "Bullish"}, {"id": 424825171, "text": "$SPY $QQQ $SOXX $AAPL I&#39;m so good with my clues for the 1980s conglomerate powerhouse, Bell Telephone.\n\nI asked which companies were formed from Bell&#39;s monopolistic break-up in the mid 80s.\n\nThere are FIVE, oh, I just helped you out. \n\nWell. \n\nGo. \n\n*Note: This originated because someone&#39;s speaking now of how FIVE, or so, companies propping the entire nasdaq right now\ud83d\udc4d\n\nThey need to be BROKEN UP, esp. Amazon, for markets to truly open up FREE ENTERPRISE again\ud83d\udc4c\ud83d\udc40", "time": 1641667699.0, "sentiment": ""}, {"id": 424824975, "text": "$AAPL yawn", "time": 1641667514.0, "sentiment": ""}, {"id": 424824049, "text": "Equity Sentiment: $AAPL is the #1 stock that institutions are trading with 81.5K options contracts.\n\nMarket analysis included in screenshot of dashboard from http://insiderfinance.io.", "time": 1641666457.0, "sentiment": ""}, {"id": 424823046, "text": "The End of Car Keys, Passwords and Fumbling With Your Phone at Checkout  $AAPL $GOOG $QRVO \n\nhttps://newsfilter.io/a/bdbe87ccef71079b540035e02b658e7c", "time": 1641665107.0, "sentiment": ""}, {"id": 424823041, "text": "Why Apple\u2019s iMessage Is Winning: Teens Dread the Green Text Bubble  $AAPL $GOOG $PIPR $SBUX \n\nhttps://newsfilter.io/a/d97ad24b549c64969d5c9481c715cf03", "time": 1641665102.0, "sentiment": ""}, {"id": 424822780, "text": "$AAPL Simulated 175.0 dollar CALLS for Monday&#39;s open on StockOrbit.\n https://apps.apple.com/us/app/stockorbit/id1541560646", "time": 1641664847.0, "sentiment": ""}, {"id": 424822044, "text": "$AAPL I\u2019m so nervous. I need this to hit $190 by March 18", "time": 1641663654.0, "sentiment": ""}, {"id": 424821612, "text": "Do you want to trade 24/7 $TSLA  $FB  $GOOGL  $ALPP  $AAPL  and so on then check out\nwww.strikex.com\n\nhttps://twitter.com/Investorfredom/status/1479738611297882114?t=z21ulV-aYUR6qFpswqXtlg&amp;s=19", "time": 1641662859.0, "sentiment": ""}, {"id": 424821483, "text": "$AAPL three thousands of billions\n\nyeah all that money in one place\n\nand its held together by market sentiment\n\ngood", "time": 1641662663.0, "sentiment": ""}]