[{"id": 424908682, "text": "$AAPL stock analysis \n\nhttps://youtu.be/2XxGKpah9zc", "time": 1641703128.0, "sentiment": ""}, {"id": 424908611, "text": "$NVDA $AMD $MSFT $FB $AAPL isn&#39;t er that dictates the price of stock", "time": 1641703095.0, "sentiment": ""}, {"id": 424904092, "text": "$NIO $TSLA $AAPL \n\nFeel free to follow me on Stocktwits for any updates and analysis.  Can also check out my YouTube channel. The link is in my profile. \ud83d\udc4d", "time": 1641701190.0, "sentiment": ""}, {"id": 424902410, "text": "$SPY $AAPL  reverse split then to the Moon ?", "time": 1641700471.0, "sentiment": ""}, {"id": 424902230, "text": "$AAPL anyone think that there will be a period of time I\u2019ll be able to sell these for profit? Or am I just screwed?", "time": 1641700394.0, "sentiment": ""}, {"id": 424901336, "text": "$AAPL mm lodging on calls hedging their positions\u2026shorting this from 180$ to 171$ and before ER this will fill the gap up and shoot up watch!! Second week of the New year makers always are  green..big bounce next week!!", "time": 1641700017.0, "sentiment": "Bullish"}, {"id": 424897156, "text": "$AAPL depending on the overall market would be looking for  it to go above 173.80 in order to enter a bullish position, else around 168 would be a good entry point", "time": 1641698264.0, "sentiment": ""}, {"id": 424893495, "text": "$AAPL Can\u2019t wait to smash Apple again next week!\nYou ready?\n\nhttps://vimeo.com/663767500/1d06f8aea4", "time": 1641696726.0, "sentiment": ""}, {"id": 424892597, "text": "$VERB \nVerb will have every tool under 1 roof for retail &amp; any business that wishes to utilize Shoppable Live Stream for ecommerce &amp;  Brand Awareness\n\nProducts\nCRM &amp; CMS w/Features\nVerblive:1to1,1tofew strmin \nVerbmail: Shop vid/email\nAttribution: Promotion tool\nMarket:Centralized Pltform\nVerbTv:Shoppable content\n\nVerbtv is scheduled to go live as centerpiece inside &quot;Market&quot; their ecommerce site. Producer David Meltzer who recently signed a deal w/$AAPL Tv will be providing content\n\nLast year \nVerb 1st released Verblive\nhttps://youtu.be/lpvFxCdvSjk\n\nThen Verb&#39;s Beta site went up for ui/ux functionality testing\nhttps://www.shoppopup.tv\n\nVerb then signed major dls w/Shop.com &amp; NewAge, exposing Verb to 100&#39;s of 1000&#39;s of new subs\n\nThen released free version of Verbmail\nhttps://youtu.be/wZgoTt605Z0\n\nThe Attribution a promo tool &amp; a way for camera shy promoters to earn commission w/o going on camera\nhttps://youtu.be/bPOAjDbjeQE\n\nThen released demo of the final product &amp; how it will look\n\nhttps://youtu.be/c5xKOK6VhZg", "time": 1641696365.0, "sentiment": ""}, {"id": 424892113, "text": "$AMD $AAPL $AMZN $TSLA James Bullard, the Fed governor who wants the Fed to dump treasuries onto the market, reminds me of former Trump lawyer Michael Cohen. He&#39;ll be humiliated when CPI collapses in 2022\n\nhttps://www.youtube.com/watch?v=iBksGXNwsqk&amp;t=117s", "time": 1641696153.0, "sentiment": "Bullish"}, {"id": 424891593, "text": "$AAPL is currently trading in the upper part of its 52 week range, which is inline with the index. https://www.chartmill.com/stock/analyzer/stock/AAPL?key=bb853040-a4ac-41c6-b549-d218d2f21b32&amp;utm_source=stocktwits&amp;utm_medium=TA&amp;utm_content=AAPL&amp;utm_campaign=social_tracking", "time": 1641695940.0, "sentiment": ""}, {"id": 424891550, "text": "$AABB $BTC.X $ETH.X $AAPL $GOOG AABBG.X Gold backed cryptocurrency coin (mine to token)", "time": 1641695915.0, "sentiment": "Bullish"}, {"id": 424890579, "text": "Most active flow from Friday:\n\n$TSLA - 64% call flow\n$AAPL - 68% call flow\n$NVDA - 66% put flow\n$LCID - 62% call flow\n$BAC - 91% call flow", "time": 1641695532.0, "sentiment": ""}, {"id": 424888490, "text": "$AAPL $DIS $BABA \ud83e\udd37\ud83c\udffc\u200d\u2642\ufe0f\ud83e\udd73", "time": 1641694747.0, "sentiment": ""}, {"id": 424885928, "text": "$AAPL daily looking sick af\ud83e\udd22\ud83e\udd2e", "time": 1641693785.0, "sentiment": "Bearish"}, {"id": 424884726, "text": "$SPY  Gonna go ahead here &amp; bet every $ I\u2019ve made my followers that neither bitcoins, or shitcoins, or Witcoins will affect the S&amp;P500 into $JPM &amp; $AAPL earnings mid to end of month. $BTC.X", "time": 1641693326.0, "sentiment": ""}, {"id": 424882580, "text": "$AAPL Looking for 160 area.", "time": 1641692575.0, "sentiment": "Bearish"}, {"id": 424882347, "text": "&gt; https://www.tomshardware.com/news/amd-ryzen-7000-zen-4-16-core-8-core-cpus\n$AMD \u2197\ufe0f + $XLNX | $AAPL \n$MSFT | $NVDA", "time": 1641692490.0, "sentiment": ""}, {"id": 424882104, "text": "$AAPL $BA $DIS Make STACKING your goal for 2022\u2026 last weeks plays PAID\nYOU ready for next weeks?\ud83d\udcb0\ud83d\udc4a\ud83c\udffc\ud83e\udd11\n\nhttps://www.instagram.com/reel/CYew4mYJSXA/?utm_medium=copy_link", "time": 1641692404.0, "sentiment": ""}, {"id": 424881793, "text": "$AAPL Apple CEO Earns $98.7 million in 2021, Five Times More than 2020 https://www.robinhoodnews.com/apple-ceo-earns-98-7-million-in-2021-five-times-more-than-2020/", "time": 1641692304.0, "sentiment": "Bullish"}, {"id": 424880389, "text": "$SPY $FB $TWTR $GOOG $AAPL  \n \nIt&#39;s both a tragedy and travesty \none&#39;s Constitutional right of the freedom of speech \ndoes not extend to &quot;social&quot; media platforms \ndue to their status as private corporations \nwhile basically having replaced the public forum from the past. \n \nThe government knows this.   \nTouting freedom while giving none. \n \nLet the day of reckoning be harsh.", "time": 1641691827.0, "sentiment": ""}, {"id": 424880286, "text": "What Is Carry Trading? $SVXY $AAPL $SPY $VIX https://talkmarkets.com/content/stocks--equities/what-is-carry-trading?post=340517", "time": 1641691793.0, "sentiment": ""}, {"id": 424878260, "text": "@BBurtoNN @Lifeisfine @Daviderik and next were going to bring up $AAPL entering the automotive industry as a tech company and introduce further speculation on due diligence we call fundamentals. \ud83e\udd14", "time": 1641691093.0, "sentiment": ""}, {"id": 424877789, "text": "@qasamwahid @sparks7 as per your logic any stock which has less profit compared to $AAPL should stay below apple stock price 172.  \ud83d\ude02.  Most of the stocks will fall into this category.\n\nYou need to look at market cap.", "time": 1641690921.0, "sentiment": "Bullish"}, {"id": 424877434, "text": "$AAPL hey do you like U2? I can give you their latest album for free! You want it don\u2019t you? Right? SAY SOMETHING! Ohhh playing hard to get? Tehehe check your iTunes and thank me later \ud83d\ude18", "time": 1641690804.0, "sentiment": ""}, {"id": 424876071, "text": "$NVDA if valuations will start to matter than Nvidia should get cut in half. $AAPL and AMD have a P/Sales around 10, Nvidia&#39;s is 28!! Apple P/E is around 10, Nvidia 84! How and why did Nvidia get up here? I have no clue.", "time": 1641690335.0, "sentiment": "Bearish"}, {"id": 424874633, "text": "$AAPL just stay safe $BHP", "time": 1641689860.0, "sentiment": ""}, {"id": 424874199, "text": "$SPY $AAPL $BAC Just keep buying and holding.  The big drops just mean we get more shares at cheaper prices.", "time": 1641689717.0, "sentiment": ""}, {"id": 424872539, "text": "$AAPL   \ud83c\udf4f Now, that is more like it\u2026credibility restored.", "time": 1641689119.0, "sentiment": ""}, {"id": 424872460, "text": "\u201cNovice traders &amp; investors seem to buy more into the future growth stories than most of the market. 80% of large cap trading is done by institutions, (60% passive 20%+ trend following algos), retail is a much smaller mix. One of many reasons why markets don&#39;t do what most expect.\u201d\n$AMD + $XLNX | $AAPL $TSLA", "time": 1641689092.0, "sentiment": ""}]