[{"id": 425015374, "text": "@EDDOC this is coverage of old news which market already priced in. This was all revealed in the last ER call. Apple is a prime client, gets priority delivery of chips. Its a matter of when not if, the chips supply crisis gets resolved, $aapl will be the earliest beneficiary.", "time": 1641779088.0, "sentiment": "Bullish"}, {"id": 425014949, "text": "$aapl lookie here.\n$btc.x is ripping \ud83d\udc40 \nSo good stocks will benefit. Money printer Apple! \ud83d\udc4d\ud83c\udffb", "time": 1641778907.0, "sentiment": "Bullish"}, {"id": 425014802, "text": "$AAPL  Breakdown alert! Next level of support around 167. If that breaks  more downside to come. Distribution in place.  $spy $QQQ \nhttps://twitter.com/ApesBullsBears/status/1480228995358724104?s=20", "time": 1641778843.0, "sentiment": ""}, {"id": 425014071, "text": "$AAPL What To Expect From Apple&#39;s 2022 Spring Event: New iPhone SE, iMac And More \n\nhttps://newsfilter.io/a/b853ae66b4b41d805ca1be6e2268f64e", "time": 1641778556.0, "sentiment": ""}, {"id": 425013352, "text": "$SPY $DJIA $QQQ $AAPL $TSLA  \n \nNever forget what keeps these markets moving higher. \n \nTake away free money liquidity and down they go.", "time": 1641778281.0, "sentiment": ""}, {"id": 425010895, "text": "$AAPL https://www.macrumors.com/2022/01/09/apple-event-march-or-april-2022-gurman/ \nIphone SE is going to be big seller and will make Apple eco system and service business much much bigger in 2022", "time": 1641777181.0, "sentiment": "Bullish"}, {"id": 425010795, "text": "$DARE BILL GATES will save us like he did to $AAPL\u2026\ud83d\ude80\ud83d\ude80\ud83d\ude80\ud83d\ude80\ud83d\ude80", "time": 1641777135.0, "sentiment": "Bullish"}, {"id": 425010707, "text": "@ghhhhff bill gates will save us like he did to $AAPL \u2026\ud83d\ude80\ud83d\ude80\ud83d\ude80\ud83d\ude80\ud83d\ude80\ud83d\ude80", "time": 1641777091.0, "sentiment": "Bullish"}, {"id": 425010572, "text": "$AAPL coming to rest, then price bounce https://youtu.be/3tCPrTr3dSg", "time": 1641777036.0, "sentiment": ""}, {"id": 425009332, "text": "$SPY $TSLA $AAPL $GME \n\nIt\u2019s a war I tell you. A straight out slugfest to the death in this game. You throw a punch you keep punching until your opponent drops, because if you take a punch, they will keep punching until you drop and they don\u2019t want you getting up again after they take all your money\u2026stay on your toes", "time": 1641776474.0, "sentiment": ""}, {"id": 425008767, "text": "$SPY $AMD $NVDA $AAPL $AMZN \nThis is how these players celebrate now a Goal.", "time": 1641776211.0, "sentiment": ""}, {"id": 425006704, "text": "$AAPL Quarterly chart. It has been a nice run.", "time": 1641775310.0, "sentiment": "Bearish"}, {"id": 425005582, "text": "$AAPL \n\nJust left one of the apple stores after buying a new iPad.  Store was a busy with a line outside.   \n\nMy guess is Apple will be on a strong trend up for quit some time!  \n\nLet\u2019s go!", "time": 1641774812.0, "sentiment": "Bullish"}, {"id": 425005084, "text": "Tarnished Silvergate $SI Also $AAPL https://talkmarkets.com/content/stocks--equities/tarnished-silvergate?post=340578", "time": 1641774610.0, "sentiment": ""}, {"id": 425004667, "text": "$PTON I noticed that Costco is now selling a poor man&#39;s PTON called ProForm. It&#39;s $400.\n\nA PTON bike is what? $3,000?\n\nDefinitely the start of the slow, agonizing death spiral here. \n\nI don&#39;t think PTON will go out of business. No way. They have a small group of hardcore fans. The same fans that probably love $AAPL and $TSLA . \n\nI think either Apple, Google, Amazon, or possibly Netflix will buy them out within 12-24 months. \n\nThe stock will probably drop to $20-$25, management will know it&#39;s done, and sell to Apple, Google, Amazon, or Netflix for $25-$40 per share.", "time": 1641774421.0, "sentiment": ""}, {"id": 425004631, "text": "Sweep Options Activity Weekly Recap: $AAPL is the #1 ticker with sweep activity that institutions traded urgently this week options with 455.5K sweep contracts, a leading indicator of market movement.\n\nMarket analysis and options contracts included in screenshot of dashboard from http://insiderfinance.io.", "time": 1641774403.0, "sentiment": ""}, {"id": 425004353, "text": "@BodyByDave its bullish, Airtags work and then creeps who spend a lot of money will be buying premium airtags instead of some other run off the mill tracker which does the same shit! ER report is gonna be good thanks to the CREEPS $aapl", "time": 1641774286.0, "sentiment": ""}, {"id": 425004082, "text": "@Tooclutch4you  $aapl", "time": 1641774158.0, "sentiment": ""}, {"id": 425003652, "text": "$AAPL is China. \n https://www.reddit.com/r/Epic_Economics/comments/rzxpfr/fastest_inflation_in_four_decades_us10y/?utm_source=share&amp;utm_medium=ios_app&amp;utm_name=iossmf", "time": 1641773966.0, "sentiment": "Bearish"}, {"id": 425003306, "text": "$AAPL, $TSLA, #DNA, @elonmusk, @spacex, @deadstevejobs2 https://micabear.com/2022/01/09/one-thing-tesla-learned-from-apple-%f0%9f%a4%a3%f0%9f%a4%a3%f0%9f%a4%a3/", "time": 1641773806.0, "sentiment": ""}, {"id": 425003032, "text": "$AAPL \n\nDidn\u2019t you know that when the stock is oversold already .. \n\nYou will noticed that puts has shifted already to become more expensive and more discouraging for people to buy puts and will focus on buying calls.\n\nYou see why calls premiums are already very cheap already.\n\nIt\u2019s not just theta ..\n\nThe pattern is already shown big consolidation with big up and down swing to make options very cheap.\n\nNow with oversold territory has been touched for all levels.\n\nYou know what that means .. it has reset to October bottom trend and is on the upward trend to 200 to 210 oversold territory trend.\n\nThis is very bullish indication! Let\u2019s go!!", "time": 1641773678.0, "sentiment": "Bullish"}, {"id": 425001672, "text": "$AAPL AAPL 2022-01-09 Dark Pool &amp; Short Interest Data: \nhttps://www.youtube.com/watch?v=79nffRORSzY", "time": 1641773044.0, "sentiment": ""}, {"id": 425000006, "text": "$AAPL is going 2022 biggest stock of the year!", "time": 1641772288.0, "sentiment": ""}, {"id": 424999692, "text": "$AAPL It&#39;s The Smartphone Owned By Almost 90% Of US Teens: Study \n\nhttps://newsfilter.io/a/f98a3898f24586d8e8b3a882a79ac104", "time": 1641772136.0, "sentiment": ""}, {"id": 424998218, "text": "$AAPL I don\u2019t understand how anyone is bullish rn .. long term sure but short term the weekly is looking ugly .. $164 might be seen this week if Apple doesn\u2019t shoot up and stay up on Monday .. imo", "time": 1641771486.0, "sentiment": ""}, {"id": 424996897, "text": "$AAPL sold 170 calls at the bell. It\u2019s either a good hedge, or I\u2019m trimming my position by 300 shares this week. Either way is good for me, profits in pocket are a beautiful thing in this environment.", "time": 1641770920.0, "sentiment": "Bullish"}, {"id": 424996687, "text": "$AAPL bitty up above 3% Now it means that Apple ER run will resume", "time": 1641770839.0, "sentiment": ""}, {"id": 424996434, "text": "$AAPL always a run up before earnings", "time": 1641770729.0, "sentiment": ""}, {"id": 424996430, "text": "$NVDA $PATH $DKNG $AAPL am going to be doing market analysis and looking at current and scanning for new positions this afternoon. Lmk if you guys want charts for anything (followers have priority :) ) also exciting news coming later today!! Stay tuned $SPY", "time": 1641770728.0, "sentiment": "Bullish"}, {"id": 424995631, "text": "$AAPL  https://micabear.com/2022/01/09/mark-gurman-silly-aapl-analyst-dude-gets-paid-stacks-for-this-research/", "time": 1641770386.0, "sentiment": ""}]