[{"id": 424936409, "text": "$ATOM While the clown shorts will tell you it is impossible Atomera is working with Tesla, I rely on facts not fake BS posted by anonymous clowns on stocktwits.  \n\nFact:  We are working with ST Micro \n\nFact: ST Micro is a direct supplier to $TSLA and $AAPL", "time": 1641716749.0, "sentiment": "Bullish"}, {"id": 424935023, "text": "$AAPL I\u2019m here to say I strongly believe Apple will make or popularize the Blockchain phone \u270d\ud83c\udfff\ud83d\udc8e\ud83e\udd0c\ud83c\udfff", "time": 1641716044.0, "sentiment": "Bullish"}, {"id": 424934674, "text": "$AAPL Perfect time to buy calls for earnings", "time": 1641715848.0, "sentiment": "Bullish"}, {"id": 424934544, "text": "Risk-adjusted landscape for Apple( $AAPL ), Keycorp( $KEY ),\u2026 https://www.macroaxis.com/invest/marketRiskAndReturn?s=AAPL,KEY,ADP,SYK,DHR,PEG,CME,PNW,EQR,FFIN,FCX,CVBF #canada #canadian_equities #CA", "time": 1641715773.0, "sentiment": ""}, {"id": 424934397, "text": "$AAPL The main takeaway from the daily chart is to recognize the blow off top that formed when it broke through the top of the channel on December 7. Wave 4 bounced off the top of the channel and now it bounced off it again on Friday. It&#39;s about to break back into the channel, at which point, expect it to get crushed.", "time": 1641715697.0, "sentiment": "Bearish"}, {"id": 424933584, "text": "$NVDA $TSLA, $AAPL time to test the real fun", "time": 1641715275.0, "sentiment": "Bullish"}, {"id": 424931216, "text": "$AAPL In addition to sanctions on energy and consumer goods, the U.S. and its allies are considering bans on the export to Russia of advanced electronic components, software and related technology that uses American equipment. \n \nThat would mean that Russia\u2019s ability to obtain integrated circuits, and products containing integrated circuits, would be severely restricted, because of the global dominance of U.S. software, technology and equipment in this sector. The impact could extend to aircraft avionics, machine tools, smartphones, game consoles, tablets and televisions. https://www.marketwatch.com/story/biden-offers-carrots-threatens-sticks-with-russia-over-ukraine-01641676844?mod=mw_latestnews", "time": 1641714040.0, "sentiment": ""}, {"id": 424931140, "text": "The industry average Profit Margin is 6.11%. $AAPL outperforms 94% of its industry peers. https://www.chartmill.com/stock/analyzer/stock/AAPL?view=fundamental-analysis&amp;key=bb853040-a4ac-41c6-b549-d218d2f21b32&amp;utm_source=stocktwits&amp;utm_medium=FA&amp;utm_content=AAPL&amp;utm_campaign=social_tracking", "time": 1641714000.0, "sentiment": ""}, {"id": 424929244, "text": "$AAPL $BTC.X $TSLA $SPY  \n\nALPHACRON", "time": 1641713021.0, "sentiment": ""}, {"id": 424929222, "text": "$SPY $AMD $NVDA $AAPL $AMZN \nLook at this Shit. This is how football players celebrate now", "time": 1641713010.0, "sentiment": ""}, {"id": 424929141, "text": "$SPY $AAPL $TSLA $BTC.X  sooooo now we got OMNIDELTA, \u2026..puts", "time": 1641712957.0, "sentiment": "Bearish"}, {"id": 424928582, "text": "@MissMolly1 @valuationgman \n\nYou can say what u want.\nU already got caught lying to everybody.  5 times\nIf u wouldve apologized, but u are just a shill\n\nVerb has 100&#39;s of 1000&#39;s of mlm distributors using verb live doing this\n\nhttps://youtu.be/lpvFxCdvSjk\n\nHad a beta site that looked like a lil $ETSY , open all last year testing ui/ux functionality\n\nhttps://www.shoppopup.tv\n\nWith the final product website being built parallel to it by a different team in private so it wouldnt be copied\n\nhttps://youtu.be/c5xKOK6VhZg\n\nVerb accomplished all of that, over the last year.\nThe start of a sports teams vertical to make their videos shoppable w/the Pittsburgh Penguins\n\nThe collaboration w/David Meltzer to add the power of shoppabilty to his programming, which he just signed a deal w/$AAPL tv, is Verb making that shoppable too? If he is omg 1 dollar stock to 50 dollar stock. U know it &amp; i know it.\n\nWe were a lil early here.\nLive streaming made $JD , $BABA  $PDD soar to record hi&#39;s &amp;  it will do the same for Verb in the u.s", "time": 1641712658.0, "sentiment": ""}, {"id": 424927580, "text": "$MRNA $PFE $AAPL $TSLA man\u2026fking when is this Covid devil going to be over? Alpha, delta, Gama, omi erc. Now omidelta is on way. Then omialpha , alphadelta and so on\u2026. Humanity is doomed. Fk to whoever invested this monster \ud83d\ude21\ud83d\ude24", "time": 1641712195.0, "sentiment": ""}, {"id": 424926584, "text": "$AAPL AAPL 2022-01-07 Dark Pool &amp; Short Interest Data: \nhttps://www.youtube.com/watch?v=ZjorM95WyuM", "time": 1641711724.0, "sentiment": ""}, {"id": 424926206, "text": "$AMD $nvda  $tsla  $aapl   $FB  \n \n \nTHE POWER OF HEADLINES \n \nHeadlines usually lead the way in changing market sentiment. But oftentimes these headlines also serve as indicators for contrarian investing. A study conducted by Paul Montgomery in the early \u201980s found that if an investor followed the direction of the headlines in the stock market, he would usually be right for 30 days after the announcement. However, the direction would be wrong for the subsequent 11 months after the announcement in 80% of cases. As an investor, you would have been right 80% of the time by investing contradictory to the headlines 30 days after the publication for a period of 11 months.", "time": 1641711559.0, "sentiment": "Bullish"}, {"id": 424923666, "text": "$AAPL 64 of 100 charts in 60 minutes and in no particular order.  No notes this week because my goal is not to lead people to any conclusions.  In the end the market will always do what it wants despite our best efforts.  Our job as traders is to place our bets at optimal times, control our risk, and leave the rest up to the trading gods.\n\nRemember to comment and/or like any charts that you want to see again next week.  The charts that get little to no love I&#39;ll have to assume nobody cares about and those tickers will run the risk of being left off of the 100 charts in 60 minutes next week.  So, let&#39;s get the conversation started and have some fun!\n\nSide Note:  Last week I was unable to complete the 100 charts in 60 minutes.  It actually took me 90 minutes.  This week I actually 107 charts to post.  What are the odds I can complete it in 60 minutes???  Place your bets.  LOL", "time": 1641710288.0, "sentiment": ""}, {"id": 424919533, "text": "@amberajax2point0  The  car is not the only technology $LCID is planning on. It their 1st product. Like $AAPL  with the imac...$AMZN started with books. Bottom line is she is talented and that&#39;s what innovative Co&#39;s need.", "time": 1641708326.0, "sentiment": ""}, {"id": 424916788, "text": "$AAPL Let us not forget. The best is yet to come\ud83c\udf4f\ud83d\ude99", "time": 1641707023.0, "sentiment": ""}, {"id": 424916692, "text": "$AAPL \ud83c\udf4f\ud83c\udf4f\ud83c\udf4f", "time": 1641706969.0, "sentiment": "Bullish"}, {"id": 424915784, "text": "$AAPL", "time": 1641706532.0, "sentiment": ""}, {"id": 424915702, "text": "Warren Buffett Moves Up The Top 10 Billionaires List As Berkshire Hathaway Hits All-Time Highs  $TSLA $BRK $MSFT $AMZN $AAPL \n\nhttps://newsfilter.io/a/d95f462bc57acb1afc4df138646e851a", "time": 1641706494.0, "sentiment": ""}, {"id": 424915025, "text": "$AAPL what does this company even do? Easy short", "time": 1641706182.0, "sentiment": "Bearish"}, {"id": 424914671, "text": "$ATOM Does anyone think that it is even slightly odd that the video suggesting an Atomera and $TSLA connection was taken down, no longer available to be viewed? Why would it have been pulled down?\n\nTake that in conjunction with what a long time industry insider, with ties to UofA and formerly $AMAT said to his almost 5k LinkedIn followers. It really does make you wonder. \n\nSTMicro is supplying Telsa and $AAPL   as we know for a fact, and we also know for a fact that Atomera has been working with ST Micro for many years now. I have said said epiphany here is likely going to be spectacular and transformational. Sure continues to be a lot of smoke for no  \ud83d\udd25. \n\nhttps://www.moroccoworldnews.com/2021/07/343433/stmicroelectronics-to-inaugurate-new-tesla-production-line-in-morocco", "time": 1641706021.0, "sentiment": "Bullish"}, {"id": 424913262, "text": "Equity Sentiment Weekly Recap: $AAPL is the #1 stock that institutions traded this week with 507.7K options contracts.\n\nMarket analysis included in screenshot of dashboard from http://insiderfinance.io.", "time": 1641705264.0, "sentiment": ""}, {"id": 424912583, "text": "$AAPL Can Apple Stock Reclaim $3 Trillion And Thrive In 2022?\n\nhttps://www.thestreet.com/apple/stock/can-apple-stock-reclaim-3-trillion-and-thrive-in-2022", "time": 1641704917.0, "sentiment": ""}, {"id": 424912055, "text": "$AMZN  People still haven\u2019t digest how big this news is yet. Watch after the Fed tantrum is over we will all see. $AAPL $MSFT", "time": 1641704672.0, "sentiment": "Bullish"}, {"id": 424910859, "text": "$AAPL", "time": 1641704093.0, "sentiment": "Bullish"}, {"id": 424910502, "text": "$QQQ $AAPL Are Funds really going to sell Apple now with ER and new product introductions coming up?  This could get interesting this week.", "time": 1641703914.0, "sentiment": ""}, {"id": 424909710, "text": "$SPY Hanging with papa Powell this weekend.\n\n$aapl $msft $amd", "time": 1641703559.0, "sentiment": "Bullish"}, {"id": 424909281, "text": "$AAPL I don&#39;t care what the naysayer gurus say , 130 pm today northern nj Apple store peeps waiting outside online to get in, the products and services are terrific!!! Don&#39;t listen to them ,  this company is great !!", "time": 1641703374.0, "sentiment": ""}]