[{"id": 425053557, "text": "$AAPL fucking $mcd has a PE OF 27 lmfao", "time": 1641796004.0, "sentiment": ""}, {"id": 425052494, "text": "@EDDOC are you kidding me. You are the retard here. Firstly, i was very polite, you are just salty that your puts will be fucked.\nSecondly, How the fuck do you know that Timmy hasnt covered it by now? This is a Q4 issue for Apple. Q1 ER on jan 27th , for september to december, where they OVERTOOK FUCKING LOW COST CHINESE OEMS to BE THE MOST SOLD PHONE, isnt blowout to you? $6 TTM EPS come Jan 7th. Especially now that the USD IS CHEAPER LMFAO. Past month $aapl probably made 1.5% additional against USD because its retreating from a Bull run LMAO!", "time": 1641795546.0, "sentiment": "Bullish"}, {"id": 425052481, "text": "$AAPL \n\nHey fellas, check out these 5 stocks targets for this week along with market analysis! Apple being a key one discussed. \n\nhttps://youtu.be/YOS2NRGss9g", "time": 1641795539.0, "sentiment": ""}, {"id": 425052349, "text": "The Piotroski-F score of $AAPL is 7.00. This indicates good health for $AAPL. https://www.chartmill.com/stock/analyzer/stock/AAPL?view=fundamental-analysis&amp;key=bb853040-a4ac-41c6-b549-d218d2f21b32&amp;utm_source=stocktwits&amp;utm_medium=FA&amp;utm_content=AAPL&amp;utm_campaign=social_tracking", "time": 1641795480.0, "sentiment": ""}, {"id": 425051933, "text": "$AAPL - can\u2019t wait until earning report !!", "time": 1641795305.0, "sentiment": "Bullish"}, {"id": 425051921, "text": "$brk.a $aapl called it! $spy $VIX", "time": 1641795301.0, "sentiment": ""}, {"id": 425051549, "text": "$AAPL I need this to be green in the morning so I can get out of my options", "time": 1641795128.0, "sentiment": ""}, {"id": 425051049, "text": "$AAPL  I&#39;m expecting it.", "time": 1641794892.0, "sentiment": ""}, {"id": 425050046, "text": "$aapl so $nyt has a FUCKING 44x evaluation, even after the 10% dickslap it got. Smh.", "time": 1641794481.0, "sentiment": ""}, {"id": 425049542, "text": "$AAPL Odds of 175-180 eow vs continual decline?", "time": 1641794266.0, "sentiment": ""}, {"id": 425049268, "text": "@DeadBeat2 no dude. You missed the greater point i was trying to make. Basically, the current narrative is that the taper will lower evaluation multiples. But $UPS is 100% not a growth stock, and what are they gonna do next that justifies a 30x PE? I am not bashing UPS so it has a lower PE, but $aapl obviously is a much hotter stock, has many new verticals to come and is a larger money printing machine than UPS. apple obviously deserves a better multiple, especially as a Tech company.", "time": 1641794142.0, "sentiment": "Bullish"}, {"id": 425049070, "text": "$AAPL $PYPL $HOOD https://www.bloomberg.com/news/newsletters/2022-01-09/apple-should-develop-checking-accounts-debit-card-stock-trading-tools-ky7mf6sf", "time": 1641794047.0, "sentiment": "Bullish"}, {"id": 425048302, "text": "Invest with an outcome based approach on $AAPL. Accelerate gains by 3.3x and make up to 13.7% (42.4% annualized) on $AAPL through 05/20/2022.\n\nBuy 2 $170 calls\nSell 1 $175 call\nSell 1 $180 call\nSell 1 $180 put\n 5/20/22 expiration\nhttps://o.oliveinvest.com/uoaakh", "time": 1641793685.0, "sentiment": ""}, {"id": 425046743, "text": "$QQQ $AAPL LoL.  Why does apple care if the 10y is at 1.5 or 2?  They are printing money every quarter.  $SPY", "time": 1641793042.0, "sentiment": ""}, {"id": 425045776, "text": "@cR1Pt0 it won\u2019t matter after a year!\nWhat price you bought!\n900 or 1100! \nI bought at 500 price then it jump to 750 then again bought at 714 then fell to 650 and when it jump to 800 I again bought now just in few month it around 1000+ may be will again buy some more!\nTesla and $AAPL  $V  $DIS   is like just buy and forget!!!", "time": 1641792666.0, "sentiment": "Bullish"}, {"id": 425043355, "text": "$SPY $AAPL \n\nFirst block tomorrow\n\n(I\u2019ve been trading this for a while, now I want to own it)", "time": 1641791740.0, "sentiment": ""}, {"id": 425043254, "text": "Equity Sentiment Weekly Recap: $AAPL is the #1 stock that institutions traded this week with 507.7K options contracts.\n\nMarket analysis included in screenshot of dashboard from http://insiderfinance.io.", "time": 1641791695.0, "sentiment": ""}, {"id": 425043178, "text": "$AAPL deep red? You\u2019re full of shit. I hope you lose everything.", "time": 1641791661.0, "sentiment": ""}, {"id": 425042913, "text": "$AAPL I\u2019m blocking Jamminsalmon because he lies on here and he seems generally full of \ud83d\udca9. Thought I\u2019d share.", "time": 1641791556.0, "sentiment": ""}, {"id": 425042623, "text": "$AAPL what are they and where can I find it.", "time": 1641791448.0, "sentiment": ""}, {"id": 425042373, "text": "$AAPL  record breaking earnings should bring the price to 190 a share.", "time": 1641791353.0, "sentiment": "Bullish"}, {"id": 425040694, "text": "$SPY $FB $AAPL $LAC", "time": 1641790702.0, "sentiment": ""}, {"id": 425039345, "text": "$AAPL just dropped a 100k into TD account \u2026 when should I get into this don\u2019t wanna miss dip or buy to soon", "time": 1641790069.0, "sentiment": "Bullish"}, {"id": 425039301, "text": "$LCID $BNGO $AAPL it got very real today. I am trying to enjoy the day but got some news that my grandmother passed today. Love each other and don\u2019t forget to say I love you to your loved ones. Money is temporary and so is life. Enjoy it and always stay happy. I\u2019ll strive to be as caring and loving as she was. Always selfless with a kitchen full of food for us. She had no money and somehow enjoyed life in her very unique way. laugh and enjoy life. Will miss you Nana May your memory be eternal.", "time": 1641790050.0, "sentiment": ""}, {"id": 425038453, "text": "$AAPL who\u2019s catching the dips before earnings?", "time": 1641789653.0, "sentiment": "Bullish"}, {"id": 425038401, "text": "$AAPL curious how earnings will play out!", "time": 1641789630.0, "sentiment": "Bullish"}, {"id": 425036156, "text": "$NVDA $TSLA $AAPL $AMD \n Free discord link in bio!\ud83d\udea8", "time": 1641788595.0, "sentiment": "Bullish"}, {"id": 425034425, "text": "SweepCast alerted: $AAPL with Unusual Options Activity Alerted on $175 CALL Expiring: 01-14-2022 worth 33K\ud83d\udc02 |\ud83e\udd47  The trade has a sentiment of BEARISH | SweepCast.com or Premium Room \u27a1\ufe0f  #daytradingtips", "time": 1641787814.0, "sentiment": ""}, {"id": 425033636, "text": "$IWM $AAPL $MSFT $ATVI", "time": 1641787441.0, "sentiment": ""}, {"id": 425033189, "text": "$AAPL $UPS Has a PE of 29.6, like what? How is Apple expensive at 30.66 then \ud83d\ude02", "time": 1641787239.0, "sentiment": "Bullish"}]