[{"id": 425109306, "text": "$AAPL actually, very oversold now.", "time": 1641833110.0, "sentiment": ""}, {"id": 425108321, "text": "$AAPL BOOM!\ud83c\udf4f\ud83d\udcb0\ud83d\udc4a", "time": 1641832175.0, "sentiment": ""}, {"id": 425107944, "text": "Hi Good morning stocktwits have a great trading day ahead \n\nHere\u2019s my watchlist for the day \n\n$ocgn\n$aapl \n$moln\n$psti \n\nFor more content on stocks and trading do chck my chanel lynk in bayo", "time": 1641831793.0, "sentiment": ""}, {"id": 425107010, "text": "Good morning all, \nWill $AAPL  launch the Apple Car in 2024 ?  \nHow do you see this project on going ?", "time": 1641830806.0, "sentiment": "Bullish"}, {"id": 425106932, "text": "$AAPL Bears, something to think about. \n\nApple chipmaker TSMC notches another quarterly sales record on strong demand https://www.cnbc.com/2022/01/10/apple-chipmaker-tsmc-notches-another-quarterly-sales-record.html?__source=iosappshare%7Ccom.apple.UIKit.activity.CopyToPasteboard", "time": 1641830730.0, "sentiment": ""}, {"id": 425106080, "text": "$AAPL NEW ARTICLE : Apple chipmaker TSMC notches another quarterly sales record on strong demand https://www.stck.pro/news/AAPL/21063399", "time": 1641829866.0, "sentiment": ""}, {"id": 425105967, "text": "$AAPL close around $177.50 this Friday.", "time": 1641829746.0, "sentiment": "Bullish"}, {"id": 425105726, "text": "$AAPL buy dips and go long if anything", "time": 1641829477.0, "sentiment": "Bullish"}, {"id": 425105702, "text": "$AAPL https://youtu.be/Bp56kbGfmXs", "time": 1641829456.0, "sentiment": "Bullish"}, {"id": 425105554, "text": "$AAPL what if apple crushes earnings this month? Could see a break for another ATH", "time": 1641829316.0, "sentiment": "Bullish"}, {"id": 425105073, "text": "$AAPL $200+ https://www.fool.com/investing/2022/01/08/heres-how-apple-stock-can-soar-above-200-in-2022/", "time": 1641828779.0, "sentiment": "Bullish"}, {"id": 425104697, "text": "$AAPL $180", "time": 1641828354.0, "sentiment": "Bullish"}, {"id": 425103927, "text": "$SPY at a certain point in the near future we will have only the big players in the game. Only the big names ($MSFT, $AAPL, $AMZN... Etc) while everyone else will be wiped out. Very unfortunate but this is the end game of capitalism!", "time": 1641827445.0, "sentiment": ""}, {"id": 425103067, "text": "$AAPL", "time": 1641826585.0, "sentiment": "Bullish"}, {"id": 425103015, "text": "$AAPL $170 bottom today?", "time": 1641826517.0, "sentiment": ""}, {"id": 425102953, "text": "$AAPL good old tim apple", "time": 1641826437.0, "sentiment": ""}, {"id": 425102884, "text": "$AAPL slightly up in Frankfurt", "time": 1641826349.0, "sentiment": ""}, {"id": 425102652, "text": "$AAPL what a change of events went from \ud83c\udf4f to \ud83c\udf4e but we been green in many red days! LFG still looking for nice bounce today! \ud83c\udf4f today imo", "time": 1641826053.0, "sentiment": "Bullish"}, {"id": 425102195, "text": "$AAPL Futures in free fall tech I&#39;d down 0.35% from a green pisition of 0.35% not looking good.", "time": 1641825469.0, "sentiment": "Bearish"}, {"id": 425102039, "text": "$AAPL best we can hope for us flat today markets getting spooked about some new bullshit. Fingers crossed it\u2019s just a tree shake. Might be worth grabbing some near the money short calls", "time": 1641825290.0, "sentiment": ""}, {"id": 425101804, "text": "$AAPL trillions made in China. \ud83d\udca9\n https://www.reddit.com/r/Epic_Economics/comments/s0f4t2/government_bond_yield_surge_us2y_us5y_us10y_for/?utm_source=share&amp;utm_medium=ios_app&amp;utm_name=iossmf", "time": 1641824951.0, "sentiment": "Bearish"}, {"id": 425101778, "text": "$AAPL Futures sure now red. Massive drop from the Green position. Looks lkje another shit day ahead", "time": 1641824913.0, "sentiment": ""}, {"id": 425101075, "text": "$AAPL the US10y is gonna sink this", "time": 1641823933.0, "sentiment": "Bearish"}, {"id": 425100055, "text": "$SPY if fut can keep the momentum, even when theres a dip at the open, i believe all fang tech will push it higher. $TSLA $AAPL $AMZN $TQQQ", "time": 1641822594.0, "sentiment": "Bullish"}, {"id": 425099672, "text": "$AAPL Apple", "time": 1641822121.0, "sentiment": ""}, {"id": 425099508, "text": "$AAPL What\u2019s the EOY prediction for this?", "time": 1641821869.0, "sentiment": ""}, {"id": 425099317, "text": "$TSLA $GOOGL $PYPL $AMZN $AAPL Hope it stays green the whole Monday.", "time": 1641821639.0, "sentiment": "Bullish"}, {"id": 425097608, "text": "$AAPL AAPL 2022-01-09 Dark Pool &amp; Short Interest Data: \nhttps://www.youtube.com/watch?v=79nffRORSzY", "time": 1641819843.0, "sentiment": ""}, {"id": 425095919, "text": "$AAPL https://youtu.be/L37svHi_riM", "time": 1641818266.0, "sentiment": ""}, {"id": 425095675, "text": "$AAPL outperformer on red days. Lets see what happens on a potential green day! \nNote:- yields can still ruin the party but ER run is strong too. Gl", "time": 1641818075.0, "sentiment": ""}]