[{"id": 425095430, "text": "$AAPL we have took profits from Apple.\n\nhttps://tradebotsinc.com/?p=4864", "time": 1641817834.0, "sentiment": ""}, {"id": 425094792, "text": "$AAPL seems like the 1 am bear is up and done. 3 point difference lmao.", "time": 1641817266.0, "sentiment": ""}, {"id": 425094716, "text": "$AAPL p3nis", "time": 1641817207.0, "sentiment": ""}, {"id": 425094217, "text": "@DeadBeat2 \ud83d\ude80 $aapl revisits or makes a new ath in sept and jan", "time": 1641816727.0, "sentiment": "Bullish"}, {"id": 425093917, "text": "$AAPL fomo about to happen with aapl tomorrow and futures are green!!", "time": 1641816500.0, "sentiment": "Bullish"}, {"id": 425093504, "text": "@DeadBeat2 @Luluhuang1 foxconn needs to do better for its workers in India. $aapl agrees", "time": 1641816225.0, "sentiment": ""}, {"id": 425093438, "text": "Apple Rivals Microsoft, Blackberry, Nokia Laughed At iPhone, Shrugged It Off And Flung It To The Ground As Steve Jobs Lifted The Curtains \u2014 15 Years Later, Here We Are  $AAPL $BB $NOK $TSLA \n\nhttps://newsfilter.io/a/20927dc03ceafdc4e56bdb5868809fe6", "time": 1641816179.0, "sentiment": ""}, {"id": 425093349, "text": "$AAPL told yall it put in a double bottom. Nothing but net. 1 am bear action pending tho.", "time": 1641816100.0, "sentiment": "Bullish"}, {"id": 425092722, "text": "$IIVI $TSLA $AAPL $AMZN https://www.fool.com/investing/2021/01/18/how-to-invest-in-5g-cloud-computing-autonomous-ele/", "time": 1641815603.0, "sentiment": ""}, {"id": 425092405, "text": "$AAPL was analyzed by 49 analysts. The buy consensus is at 84%. So analysts seem to be very confident about $AAPL. https://www.chartmill.com/stock/analyzer/stock/AAPL?view=analyst-ratings&amp;utm_source=stocktwits&amp;utm_medium=ANALYST&amp;utm_content=AAPL&amp;utm_campaign=social_tracking", "time": 1641815340.0, "sentiment": ""}, {"id": 425091813, "text": "$AAPL \ud83c\udf4f\ud83d\udc4d\ud83d\udc4d", "time": 1641814858.0, "sentiment": "Bullish"}, {"id": 425090994, "text": "watchlist 01-10-2022\n $VRM  - on watch for long term \n\n$aapl-Apple Could Reinvent Money Management, Take on PayPal and \n\n$OCGN -Ocugen Announced Partner Bharat Biotech&#39;s COVAXIN Booster Dose Study Demonstrated Robust Immune Responses and Long-Term Safety; Participants Receiving Booster Dose Six months after Second Dose Saw &gt;10-Fold Increase Across Alpha, Beta, Delta and Delta Plus Variants in Neutralizing Titers vs \n\n$RKT -Rocket Companies Experiencing Massive Growth, Expanding New Business Platforms Ahead Of Fed Interest Rate \n\n$PYPL - PayPal Explores Launch of Own Stablecoin in Crypto Push&#39; - Bloomberg", "time": 1641814231.0, "sentiment": ""}, {"id": 425090663, "text": "$SPY $QQQ $TSLA $AAPL an absolute clown and bag holder creating more bag holders. Guaranteed these will be slashed in half in 2022", "time": 1641813969.0, "sentiment": ""}, {"id": 425089984, "text": "$AAPL This thing is going to explode to $190. Watch for Apple Car PR\u2019s. $4T market cap easy. I would also load up on $GOEV as Apple could take them over as prior noise has been there, and Apple gets the whole skateboard/undercarriage and patents and gets caught up to other players in one acquisition.\n\nCarey on!", "time": 1641813487.0, "sentiment": "Bullish"}, {"id": 425089580, "text": "$AAPL GREEN FUTURES = GREEN CANDLES TOMORROW!! \ud83c\udf4f\ud83c\udf4f\ud83c\udf4f\ud83c\udf4f\ud83c\udf4f\ud83c\udf4f\ud83c\udf4f\ud83c\udf4f\ud83c\udf4f\ud83c\udf4f\ud83c\udf4f", "time": 1641813148.0, "sentiment": "Bullish"}, {"id": 425089297, "text": "$AAPL Apple manufacturing facility in southern India will reopen on Wednesday. Let&#39;s see this thing go back to 180 EOW !", "time": 1641812955.0, "sentiment": "Bullish"}, {"id": 425088360, "text": "$AAPL ohh fck move coming for bear", "time": 1641812300.0, "sentiment": ""}, {"id": 425087977, "text": "$AAPL $TSLA $SPY MARKETS WILL BE PUMPED AROUND BIDEN ANNIVERSARY and ER for one last time before \u2026 the inevitable.", "time": 1641812035.0, "sentiment": ""}, {"id": 425086528, "text": "$AAPL I know many technical analysts are anticipating a sell-off after another new ATH, but this company has SO much going for it. #ownitdonttradeit", "time": 1641811131.0, "sentiment": ""}, {"id": 425086459, "text": "$AAPL $SPY $QQQ interesting week coming. Going to be volatile. Let\u2019s make lots of money from both sides.", "time": 1641811090.0, "sentiment": ""}, {"id": 425086265, "text": "$SPY $QQQ $TSLA $AAPL \nBEARS WHAT HAPPENED TO THE CRASH ???!\nFive hours ago when futures opened and were down .4  percent, u said limit down circuit breakers ??!! Now futures ALL GREEN and nasdaq getting a pump and let me guess your response \u201cFUTures don\u2019t MATtter, red by morning?!\u201d \ud83d\ude02\ud83d\ude02\ud83d\ude02\nFUTURES UPDATE FOR THE SHORTS  \ud83d\udc47\ud83d\udc47", "time": 1641810966.0, "sentiment": "Bullish"}, {"id": 425086134, "text": "$AAPL $CRM  $MSFT $GOOG $QQQ Here\u2019s something to ponder, what if inflationary forces ease soon as the supply chain bottle necks improve?  Would that become a big head fake for papa J?  He would then calm down his easing stance and techs would fly again", "time": 1641810896.0, "sentiment": ""}, {"id": 425085146, "text": "$AAPL Foxconn India iPhone plant to reopen on Jan 12 -govt officials.", "time": 1641810316.0, "sentiment": "Bullish"}, {"id": 425083941, "text": "$AAPL To the moon \ud83c\udf4f\ud83d\ude80\ud83d\ude80\ud83d\ude80", "time": 1641809642.0, "sentiment": "Bullish"}, {"id": 425082093, "text": "$AMC $AAPL this clown is 100% serious too \ud83d\ude02\ud83d\ude02\ud83d\ude02 FOH", "time": 1641808609.0, "sentiment": ""}, {"id": 425080941, "text": "$AAPL\nTarget $200 \n https://pulse2.com/apple-stock-nasdaq-aapl-200-price-target-reiterated-from-evercore/", "time": 1641808009.0, "sentiment": "Bullish"}, {"id": 425080819, "text": "$AAPL ***Remember- just over 2 weeks until knockout earnings numbers\u2026", "time": 1641807961.0, "sentiment": ""}, {"id": 425077535, "text": "$AMC $AAPL Your next line should be, \u201cI\u2019m here all week.\u201d \ud83d\ude02", "time": 1641806422.0, "sentiment": ""}, {"id": 425077230, "text": "$AMC $AAPL", "time": 1641806271.0, "sentiment": ""}, {"id": 425076903, "text": "$AMC everyone one is concerned about AMC dedt...have you seen the debt $AAPL has? 136b", "time": 1641806119.0, "sentiment": ""}]