[{"id": 425075166, "text": "$AAPL | Foxconn iPhone Manufacturing Plant In Southern India To Reopen On January 12 - RTRS", "time": 1641805284.0, "sentiment": ""}, {"id": 425074169, "text": "\ud83d\udc8eDaily Watchlist\ud83d\udc8e \n\n$LCID Over $43\ud83d\udcc8 \n\n$AAPL Over 173.10\ud83d\udcc8 \n\n$BABA Over 130.21\ud83d\udcc8\n\nGood Luck, Follow the link for alerts and livestream\u2019s\ud83d\udc8e", "time": 1641804814.0, "sentiment": "Bullish"}, {"id": 425073524, "text": "$amzn 3200\n$googl $2700\n$tsla $980\n$msft $300\n$aapl $170\n\nPuts in case of possible pullback.", "time": 1641804515.0, "sentiment": ""}, {"id": 425073427, "text": "$AAPL dovewoodcapital.com", "time": 1641804463.0, "sentiment": "Bullish"}, {"id": 425073124, "text": "$AAPL 175-177 please and thank you kindly", "time": 1641804321.0, "sentiment": ""}, {"id": 425072657, "text": "$amzn $3200\n$googl $2700\n$tsla $975\n$aapl $169\n$msft", "time": 1641804127.0, "sentiment": ""}, {"id": 425071635, "text": "$AAPL $NVDA $SPY $DKNG $TSLA Hey everyone! So I wanted to just update everyone that moving in this year I will start posting my plays (exact entries and exits) on this app called tradeexchange! I am going to be posting exact entries and exits on Madria Stock Swings. Essentially you will be able to get the exact entries and exits on there (basically me trading for you legally haha)! I am doing a New Year special of $5 a month. Shortly I will be increasing the price  :-)  \n \nIf you want to support me, please follow me on there. Any questions and such - feel free to message me on here!  \n \nI hope to see you guys there! Thanks again for supporting me for the last year and a half as we continue to grow! Getting more and more clutch each time!", "time": 1641803646.0, "sentiment": "Bullish"}, {"id": 425069609, "text": "$AAPL has a Return On Assets of 26.97%. This is amongst the best returns in the industry. https://www.chartmill.com/stock/quote/AAPL/fundamental-analysis?key=bb853040-a4ac-41c6-b549-d218d2f21b32&amp;utm_source=stocktwits&amp;utm_medium=FA&amp;utm_content=AAPL&amp;utm_campaign=social_tracking", "time": 1641802800.0, "sentiment": ""}, {"id": 425068185, "text": "https://youtube.com/watch?v=IBBANiV8LBE&amp;feature=share\nHolding $googl and $fb hopefully big tech carry a bit next week $aapl $msft", "time": 1641802185.0, "sentiment": ""}, {"id": 425068023, "text": "$AAPL Tech 100 futures are popping. Should be a big day for $AAPL tomorrow. Calls will be printing $$$$", "time": 1641802106.0, "sentiment": "Bullish"}, {"id": 425063057, "text": "$AAPL let it dump  they keep diluting shareholders with splits", "time": 1641800110.0, "sentiment": "Bearish"}, {"id": 425062838, "text": "$amzn $3350\n$googl $2850\n$tsla $1100\n$msft $325\n$aapl $177\n\nBullish calls if no more pullback. Puts if so.", "time": 1641800018.0, "sentiment": ""}, {"id": 425062821, "text": "$AAPL trade idea\nLooking at a continued decline to $168 area target next!\nEntry break $171 ill play the $170 PUTS 1/14/22\nEntry break $174.29, ill jump in calls! \nTargets and entry&#39;s marked on chart! \n\nhttps://share.trendspider.com/chart/AAPL/1136780ef5z", "time": 1641800011.0, "sentiment": ""}, {"id": 425062713, "text": "$AAPL ugh looking red tomorrow", "time": 1641799971.0, "sentiment": ""}, {"id": 425060359, "text": "$QQQ, $AAPL  , $LCID - my favorite stocks In my portfolio !! A true winner!", "time": 1641798950.0, "sentiment": "Bullish"}, {"id": 425060162, "text": "$AAPL     \ud83c\udf4f\ud83d\ude0e", "time": 1641798869.0, "sentiment": ""}, {"id": 425059045, "text": "Episode 17 is out \ud83d\udd25\n\nTracking unusual options order flow:\n\nWe are seeing the financial sector is starting to heat up! Let&#39;s check the flow data and break down some technical analysis on $MS, $LCID, and $AAPL\n\nVideo: youtu.be/oXqAP_PvGY0", "time": 1641798392.0, "sentiment": ""}, {"id": 425058576, "text": "$AAPL \nAAPL above $173.72 for a potential run up.\nAAPL below $170.6 for a potential drop.\nHistory has shown this is a key level for AAPL.\n#scalp", "time": 1641798198.0, "sentiment": ""}, {"id": 425058395, "text": "$AAPL AAPL 2022-01-09 Dark Pool &amp; Short Interest Data: \nhttps://www.youtube.com/watch?v=79nffRORSzY", "time": 1641798124.0, "sentiment": ""}, {"id": 425057946, "text": "$TSLA $SPY $QQQ $AAPL\n\nPutin &amp; Xi bought puts!!!!\ud83d\ude31\ud83d\udcc9\ud83e\ude78", "time": 1641797938.0, "sentiment": "Bearish"}, {"id": 425057786, "text": "$AAPL \n\nNext Record $192", "time": 1641797875.0, "sentiment": "Bullish"}, {"id": 425057267, "text": "$AAPL PT90", "time": 1641797636.0, "sentiment": "Bearish"}, {"id": 425057067, "text": "$AAPL $161, 140, 123", "time": 1641797550.0, "sentiment": "Bearish"}, {"id": 425055638, "text": "Also, it\u2019s up almost 20% in just the last 3 months while only up less than 1% in the last month. Another 3-5% pullback now to then secure $180 past earnings seems like a healthy move with $AAPL", "time": 1641796931.0, "sentiment": "Bullish"}, {"id": 425055555, "text": "$AAPL nas futes put in a double bottom. Ofc this could go to shit when the 1 am bear wakes up but who knows.", "time": 1641796897.0, "sentiment": "Bullish"}, {"id": 425055528, "text": "$AAPL please open down so I can load up on some calls!", "time": 1641796883.0, "sentiment": "Bullish"}, {"id": 425055253, "text": "$AAPL calls at open babyyyyy", "time": 1641796759.0, "sentiment": "Bullish"}, {"id": 425055180, "text": "$AAPL Last time it crossed down the 10 SMA we had a quick reversal, the depth of this second time crossing that same SMA could behave differently. Long term bullish but cautious with puts short term", "time": 1641796728.0, "sentiment": "Bearish"}, {"id": 425053820, "text": "$AAPL we hungry fomo from Friday tomorrow", "time": 1641796120.0, "sentiment": ""}, {"id": 425053758, "text": "$AAPL what\u2019s going on with the futures?", "time": 1641796087.0, "sentiment": ""}]