[{"id": 425190096, "text": "$NVDA $SPY $AAPL okay so overall I\u2019m bearish and the reason is I can\u2019t see the fed/powell saying anything worth reversing the market. $NVDA if it\u2019s gonna reverse it\u2019s gonna reverse today. I think bears are getting to euphoric and greedy.", "time": 1641848977.0, "sentiment": ""}, {"id": 425189665, "text": "$AAPL \n\nThe result of short attack will do:\n\nThey are trying to push the algo to oversold territory in 1 mth and 3 mth chart.\n\nFk the puts and bear shorts!", "time": 1641848939.0, "sentiment": "Bullish"}, {"id": 425189031, "text": "$AAPL watch AAPL close green \ud83d\ude1d", "time": 1641848886.0, "sentiment": "Bullish"}, {"id": 425188714, "text": "$AAPL \ud83c\udf4e \ud83d\udcaa intraday meals", "time": 1641848857.0, "sentiment": ""}, {"id": 425188341, "text": "$AAPL \ud83c\udf4f", "time": 1641848824.0, "sentiment": ""}, {"id": 425187559, "text": "$AAPL broke back into primary channel. confirms blow off is complete. crashing...", "time": 1641848758.0, "sentiment": "Bearish"}, {"id": 425187364, "text": "$AAPL \n\nYou can see why short attack purpose ?\n\nYou can see how MACD has been badly disrupted \n\nThe curve has been dented instead of smooth curve flow.\n\nThat\u2019s why shorting terrorism has to stop!", "time": 1641848741.0, "sentiment": "Bullish"}, {"id": 425186692, "text": "$AAPL \n\nI need a monster truck bounce right here", "time": 1641848683.0, "sentiment": ""}, {"id": 425186648, "text": "$AAPL Got my AAPL calls here", "time": 1641848680.0, "sentiment": "Bullish"}, {"id": 425186247, "text": "$GOOG $AAPL $AMZN $TSLA $QQQ  The bigger the drop the bigger the bounce. Market is spring loaded right now", "time": 1641848648.0, "sentiment": "Bullish"}, {"id": 425186051, "text": "@OptionsQueenTrader you should. Earnings run! $aapl", "time": 1641848631.0, "sentiment": "Bullish"}, {"id": 425185838, "text": "$NVDA $AAPL $PLTR Nasdaq already 10% off of recent high.", "time": 1641848615.0, "sentiment": ""}, {"id": 425185611, "text": "$AAPL $TSM has a record Revenue,and its Apple biggest Client ...APPLE  ER gonna be phenomenal Just be patient!!", "time": 1641848594.0, "sentiment": "Bullish"}, {"id": 425185503, "text": "This is amazing! What do you think? $AAPL in Downtrend: RSI indicator exits overbought zone. View odds for this and other indicators: https://srnk.us/go/3313098", "time": 1641848585.0, "sentiment": ""}, {"id": 425185263, "text": "$AAPL looks like reloading zone again", "time": 1641848564.0, "sentiment": "Bullish"}, {"id": 425185094, "text": "$AAPL No mention of Apple on CNBC LOL!", "time": 1641848548.0, "sentiment": ""}, {"id": 425184521, "text": "$AAPL really needs to break 172 for any meaningful rally . Bears winning for sure.", "time": 1641848496.0, "sentiment": ""}, {"id": 425183995, "text": "$AAPL why this pos is going on rates hike news . Other than Apple what is the best place to invest ?", "time": 1641848451.0, "sentiment": ""}, {"id": 425183629, "text": "@YabaDabaBOOM @man_of_steeI @DOABadLuck @_Ziggy_ @PurpleReign8 @FTV @Doomerstonks @rustystonkelford @SheLikesWhenIShortTheVIX @PELK  \n \n$SPY S&amp;P 495 %0 2021 \n \n$TSLA $AAPL $NVDA GOOGL $MSFT  \n \n \n#BadBreadh has consequences...", "time": 1641848422.0, "sentiment": ""}, {"id": 425182962, "text": "$AAPL Waiting for $171+", "time": 1641848369.0, "sentiment": ""}, {"id": 425182789, "text": "$AAPL Buying short term puts to ride out the dip. Also buying puts for after ER, since this stock always drops after ER, good or bad, before it climbs higher.", "time": 1641848355.0, "sentiment": ""}, {"id": 425182745, "text": "$AAPL NEW ARTICLE : Apple Analyst Explains Why Cupertino Is Tracking Ahead Of Expectations In December Quarter https://www.stck.pro/news/AAPL/21073003", "time": 1641848352.0, "sentiment": ""}, {"id": 425182744, "text": "$AAPL Awesome day .... yeah baby, 10:am ... more selling", "time": 1641848352.0, "sentiment": ""}, {"id": 425182591, "text": "$AAPL adding, you can&#39;t lose with apple", "time": 1641848339.0, "sentiment": "Bullish"}, {"id": 425182567, "text": "$AAPL \u2264$168.74 =  Get short, else avoid session", "time": 1641848336.0, "sentiment": "Bearish"}, {"id": 425182513, "text": "Current Positions\nLong $AAON\n\nWhy I #borrowed 400% from the #banks to go long #HVAC #AAON here\n\nhttps://www.macroaxis.com/invest/story/AAON/23124676/Aaon-exotic-insider-transaction-detected\n\nTickers should note my move\n#Bitcoin #VIX says #staydown #HuckleBerry $UVXY $TVIX $TSLA $AAPL", "time": 1641848332.0, "sentiment": "Bullish"}, {"id": 425182447, "text": "$SPY crash kind of day\n Everything getting oversold on shorter time frames. A good bounce coming imo. $TQQQ calls $NVDA $AAPL holding up $ARKK", "time": 1641848327.0, "sentiment": ""}, {"id": 425182113, "text": "$NVDA $AAPL $GOOGL $SOFI $TTCF buying the dip - more to come but slowly building up my positions :) \n\nThen just throw your phone away and check back in 2 months \ud83d\ude0b \ud83e\udd23", "time": 1641848298.0, "sentiment": "Bullish"}, {"id": 425182105, "text": "$AAPL Market acting insanely to the Feds future interest rise.  The proposed rise from almost nothing now to maybe 1.5% mated with almost nothing increase on Bond yields is laughable compared to Tech firms especially AAPL returns. Why always do we have this knee jerk reaction by all the major fund managers?  It&#39;s about fundamentals and they don&#39;t add up as a reason for this selloff.", "time": 1641848297.0, "sentiment": ""}, {"id": 425182006, "text": "$AAPL \n\nIt\u2019s not bull trap .. it\u2019s short attack !! \n\nTrying to push further downward trend momentum.\n\nWarning - don\u2019t do it otherwise you will see crazy upward trend !!", "time": 1641848289.0, "sentiment": "Bullish"}]