[{"id": 425181991, "text": "$AMZN $AAPL $TSLA $SPY $QQQ Time to back up the truck and buy.", "time": 1641848287.0, "sentiment": "Bullish"}, {"id": 425181735, "text": "$SPY $aapl $nvda $tsla \n\nThe lowest these can go is $0 \ud83d\ude02", "time": 1641848264.0, "sentiment": "Bearish"}, {"id": 425180209, "text": "$AAPL \n\nShort attack alert .. !!\n\nThey want to disrupt .. the algo !!", "time": 1641848126.0, "sentiment": "Bullish"}, {"id": 425180153, "text": "$AAPL bull trap rip", "time": 1641848121.0, "sentiment": ""}, {"id": 425180040, "text": "$AAPL look out below... ", "time": 1641848110.0, "sentiment": "Bearish"}, {"id": 425179916, "text": "$AAPL was analyzed by 49 analysts. The buy consensus is at 84%. So analysts seem to be very confident about $AAPL. https://www.chartmill.com/stock/quote/AAPL/analyst-ratings?utm_source=stocktwits&amp;utm_medium=ANALYST&amp;utm_content=AAPL&amp;utm_campaign=social_tracking", "time": 1641848100.0, "sentiment": ""}, {"id": 425179645, "text": "$AAPL It\u2019s only January, the year just started. Relax. Stock is up $40 in the last 12 months.\n\nStock goes down from ATH, and these emotional earthlings automatically think stock is going to crash. No it will not crash. Business hasn\u2019t changed. Those long are secured.", "time": 1641848076.0, "sentiment": "Bullish"}, {"id": 425179444, "text": "SweepCast alerted: $AAPL with Unusual Options Activity Alerted on $175 CALL Expiring: 01-14-2022 worth 69K\ud83d\udc02 |\ud83e\udd47  The trade has a sentiment of NEUTRAL | SweepCast.com or Premium Room \u27a1\ufe0f  #daytradingtips", "time": 1641848055.0, "sentiment": ""}, {"id": 425179268, "text": "$AAPL come on now stop it", "time": 1641848041.0, "sentiment": "Bullish"}, {"id": 425178878, "text": "$AAPL \nShort attack alert!", "time": 1641848006.0, "sentiment": "Bullish"}, {"id": 425178721, "text": "$AAPL what a fake out damn", "time": 1641847994.0, "sentiment": ""}, {"id": 425178665, "text": "$AAPL  \ud83c\udf4f Watch your Stops, or lose them.", "time": 1641847989.0, "sentiment": "Bullish"}, {"id": 425178660, "text": "$aapl dropped the least in Pm obvious choice", "time": 1641847988.0, "sentiment": "Bullish"}, {"id": 425178281, "text": "@hoyasaxa1978 how are you playing the wednesday CPI numbers which we all know are gonna be bad ? is the market gonna care before earnings ? I am thinking of increasing hedge $aapl", "time": 1641847954.0, "sentiment": ""}, {"id": 425177797, "text": "$AAPL $AMZN $TSLA $QQQ $MSFT Nasdaq very oversold. Huge bounce coming. Will close up 1% today. 2% tomorrow", "time": 1641847911.0, "sentiment": "Bullish"}, {"id": 425177721, "text": "$AAPL  \ud83c\udf4f TINA.", "time": 1641847905.0, "sentiment": "Bullish"}, {"id": 425177678, "text": "$AAPL ayt. if this closes green its gonna be the biggest bullish candle wrt the positioning of the same, because its a gap down candle.", "time": 1641847902.0, "sentiment": "Bullish"}, {"id": 425177445, "text": "$AAPL", "time": 1641847882.0, "sentiment": "Bullish"}, {"id": 425177429, "text": "$AAPL $180 by eow don\u2019t call it a comeback!!!", "time": 1641847881.0, "sentiment": "Bullish"}, {"id": 425177390, "text": "$AABB $BRK.A $TSLA $AAPL $AABBG.X AU BOOM TOWN! 2022", "time": 1641847878.0, "sentiment": "Bullish"}, {"id": 425177207, "text": "$AAPL   \ud83c\udf4f Volume surge, 15.7 Million.", "time": 1641847863.0, "sentiment": "Bullish"}, {"id": 425177027, "text": "Above 170.83 breaks $AAPL hogher for a day trade.", "time": 1641847846.0, "sentiment": ""}, {"id": 425176623, "text": "$UVXY funny lil $AAPL thinks its going to run lol", "time": 1641847812.0, "sentiment": "Bullish"}, {"id": 425176555, "text": "$AAPL Below 170", "time": 1641847806.0, "sentiment": "Bearish"}, {"id": 425176422, "text": "$AAPL", "time": 1641847795.0, "sentiment": "Bearish"}, {"id": 425175660, "text": "$AAPL 180 next week? Remember past chart , when it drop 10-15$ in 3-4 days from the highs  it runs", "time": 1641847729.0, "sentiment": "Bullish"}, {"id": 425175493, "text": "$AAPL bought sone more. Long", "time": 1641847715.0, "sentiment": "Bullish"}, {"id": 425175463, "text": "$AAPL - Below the 8/21-day MA = Bears in full control", "time": 1641847713.0, "sentiment": "Bearish"}, {"id": 425175344, "text": "$AAPL ", "time": 1641847703.0, "sentiment": ""}, {"id": 425175318, "text": "$AAPL still a great dip to buy going into record earnings!", "time": 1641847701.0, "sentiment": ""}]