[{"id": 425146872, "text": "$FB $AAPL which is a good charting tool ? Trading view?", "time": 1641844481.0, "sentiment": ""}, {"id": 425146709, "text": "$AAPL 154 soon", "time": 1641844450.0, "sentiment": ""}, {"id": 425146523, "text": "$AAPL \n\nMcDonald\u2019s location in Altamont, Ill., about 90 miles northeast of St. Louis, is giving away Apple \ufffc iPhones to new hires. A sign in the restaurant\u2019s window reads: \u201cNow Hiring. Free iPhone.\u201d MarketWatch.com", "time": 1641844419.0, "sentiment": ""}, {"id": 425146075, "text": "$AAPL wow can\u2019t believe i can see apple down almost 2 percent pre market", "time": 1641844341.0, "sentiment": ""}, {"id": 425145892, "text": "$AAPL the amount of uneducated people here is problematic", "time": 1641844309.0, "sentiment": "Bearish"}, {"id": 425145642, "text": "$AAPL \ud83d\udc40", "time": 1641844264.0, "sentiment": "Bearish"}, {"id": 425145020, "text": "$AAPL NEW ARTICLE : How to Beat the S&amp;P 500 in 2022 https://www.stck.pro/news/AAPL/21069999", "time": 1641844154.0, "sentiment": ""}, {"id": 425144938, "text": "$AAPL what brave souls will be buying the open?", "time": 1641844140.0, "sentiment": ""}, {"id": 425144816, "text": "$BTC.X this is not good for any asset class. I don\u2019t own this but not good for my stocks either. Be aware of what\u2019s happening. This isn\u2019t just HF games this is legit deflation we are going to see\nWhy else would cash strapped companies like $AAPL $BRK.A $BRK.B be of the few thriving?\ud83d\udc40", "time": 1641844120.0, "sentiment": ""}, {"id": 425144490, "text": "$AAPL this is seriously messed up. No reason for such a drop.", "time": 1641844066.0, "sentiment": ""}, {"id": 425143896, "text": "$AAPL Biden economy sucks ass .", "time": 1641843965.0, "sentiment": ""}, {"id": 425143849, "text": "$AAPL the bigger they are, the harder CNBC pumps it as a safe haven, the dumber the money that enters. \n\nI love this company, but the stock at the moment at 3T makes no sense amongst this tape.", "time": 1641843957.0, "sentiment": "Bearish"}, {"id": 425143778, "text": "$AAPL 50% off by year end", "time": 1641843944.0, "sentiment": "Bearish"}, {"id": 425143376, "text": "$BHG Company also reaffirmed its remaining 2022 guidance, with an updated Revenue expectation at the high-end of the previously provided guidance range of $6.3 \u2013 $6.5 billion.\nOne of the most undervalued stock on the market now. Tech is dangerous these days. $AMD $AAPL $LCID", "time": 1641843873.0, "sentiment": ""}, {"id": 425143286, "text": "$AAPL \u201chow long until $4trillion?\u201d Run.", "time": 1641843857.0, "sentiment": ""}, {"id": 425142641, "text": "$SPY $MSFT $AAPL $GOOG $AMZN generals are starting to fall. Shiit", "time": 1641843736.0, "sentiment": "Bearish"}, {"id": 425142309, "text": "$AAPL low of the year is in", "time": 1641843681.0, "sentiment": "Bullish"}, {"id": 425142014, "text": "$AAPL Typical first weeks of a january than earnings come market jumps and $AAPL up $10 is a day.  Don\u2019t let market n cnbc lie to you. The big boys are buying", "time": 1641843625.0, "sentiment": "Bullish"}, {"id": 425141899, "text": "FREE introduction to #Versal #ACAP, its powerful #AI Engines, and how to accelerate applications from Cloud to Edge using #Vitis unified software platform. \nThree FREE weekly one-day workshops starting 18 January 9.00-17.00 CET. \nRegister: bit.ly/3t66rXI #AdaptiveComputing\n$AMD \u2197\ufe0f + $XLNX \n$AAPL $MSFT $TSLA", "time": 1641843606.0, "sentiment": ""}, {"id": 425141869, "text": "$AAPL \n\nSo far\n\nDec \na lot of analysts called for 200 PT\n\nJan \nApple broke 3T mark\n\nToday\nTSMC recorded highest sales ever broken. Apple is potential one of them.\n\nAnother analyst saw large Apple Card (Credit Sales) expanded.\n\nI guess the market are ignoring good news. They are spreading fear for cheap stock for people to buy.\n\nJust be patient.\n\nA lot of Jan and Feb options are fucked up.\n\nJust learn to be patient .. the options will pop up wow good money in.", "time": 1641843598.0, "sentiment": "Bullish"}, {"id": 425141234, "text": "$AAPL nice", "time": 1641843492.0, "sentiment": "Bearish"}, {"id": 425140865, "text": "$AAPL look at TSM(Taiwan Semi) up and Apple down pre market , that makes sense right ?? These algos written by Wall Street criminals need to be checked out fast!", "time": 1641843431.0, "sentiment": ""}, {"id": 425140737, "text": "$AAPL how the fck this is -2 down in pre market wtf we dropping like 10 in trading hours or what", "time": 1641843407.0, "sentiment": ""}, {"id": 425140377, "text": "$AAPL Apple Inc. (NASDAQ: AAPL) had sought Japanese auto parts maker Sanden\u2019s help two years ago for high-performance components related to the Apple Car project, Nikkei Asia reported Monday.", "time": 1641843335.0, "sentiment": "Bullish"}, {"id": 425139535, "text": "$CRSP $AAPL $MSFT BLOOD BATH IS YET TO COME FOLKS!!!", "time": 1641843190.0, "sentiment": "Bearish"}, {"id": 425138269, "text": "$AAPL y\u2019all hear that?   It\u2019s called a bell ring.  The markets ultimate king  hitting the $3T mark was it.  \ud83d\udd3b\ud83e\ude78", "time": 1641842996.0, "sentiment": "Bearish"}, {"id": 425137750, "text": "$AAPL $TSM $SMH \n\nhttps://fxaudit.com/tsmc-reports-a-record-5-6-billion-revenues-in-december/", "time": 1641842892.0, "sentiment": ""}, {"id": 425137168, "text": "@petersrq a lot of people said that when it was in the low 100 range. After all of the stock splits and it still continues to climb, id say that buying and holding is nothing but a solid simple strategy with $AAPL IMO", "time": 1641842782.0, "sentiment": "Bullish"}, {"id": 425137014, "text": "$AAPL wtf man", "time": 1641842752.0, "sentiment": ""}, {"id": 425136536, "text": "$AAPL $AMZN $TSLA Options Greeks, Mean Reversion, Spreads, and other ways to BEAT the MARKET discussed in this episode of WNW\u2026 plus a whole lot more!\nMake sure you like and subscribe so you get all of our drops!\n\nhttps://youtu.be/0AW-EzMDy70", "time": 1641842654.0, "sentiment": ""}]