[{"id": 425135968, "text": "$AAPL Apple Sought Japanese Auto Parts Maker&amp;#8217;s Help For Apple Car Project: Report https://t.co/3lwVQfcBHQ", "time": 1641842540.0, "sentiment": ""}, {"id": 425135889, "text": "$KT AI ROBOT AD HELPING SMALL BUSINESSES SURPASS 10 MILLION VIEWS ON YOUTUBE\n\nhttps://m.stock.naver.com/index.html#/domestic/stock/030200/news/view/011/0004005917\n\n$GOOG $AMZN $SPY $AAPL", "time": 1641842523.0, "sentiment": ""}, {"id": 425135840, "text": "$AAPL uh oh what happened??", "time": 1641842512.0, "sentiment": "Bearish"}, {"id": 425135723, "text": "$AAPL 150 easy when market correct", "time": 1641842485.0, "sentiment": ""}, {"id": 425135417, "text": "$AAPL \nWarn you guys again: tech won\u2019t bottom until aapl 160, msft 300 and NVDA 250", "time": 1641842427.0, "sentiment": ""}, {"id": 425134895, "text": "170.87 is a key level for $AAPL. Watching 170 for over/under level today.", "time": 1641842322.0, "sentiment": ""}, {"id": 425134774, "text": "$AAPL in your opinion, should I sell these today? Or give them some more time?", "time": 1641842298.0, "sentiment": ""}, {"id": 425134599, "text": "$AAPL rates seem like an excuse to bring everything down.  Would even a 3% ten year really kill every tech company? Historically, those are still very low rates.", "time": 1641842263.0, "sentiment": ""}, {"id": 425134510, "text": "$AAPL Good time to add more shares, wonder where they will be when they release the apple glasses or the car???", "time": 1641842242.0, "sentiment": "Bullish"}, {"id": 425133671, "text": "$AAPL Great buying opportunity. One thing we know for sure is Apple will always be strong. Buy the dip.", "time": 1641842061.0, "sentiment": ""}, {"id": 425133420, "text": "$AAPL hopefully this week drops enough so I can snag more leaps", "time": 1641842004.0, "sentiment": "Bullish"}, {"id": 425132987, "text": "$AAPL ok, I&#39;m thinking I&#39;m just going to watch movies all day and ignore the market.", "time": 1641841909.0, "sentiment": ""}, {"id": 425132881, "text": "$AAPL $160 by Jan. 21. Then we go to $140 and $123 by late February", "time": 1641841888.0, "sentiment": "Bearish"}, {"id": 425132591, "text": "$AAPL sigh", "time": 1641841822.0, "sentiment": ""}, {"id": 425132585, "text": "$AAPL ", "time": 1641841820.0, "sentiment": ""}, {"id": 425132528, "text": "$AAPL This has to be computer/algo selling , the stores are packed 130 Saturday afternoon , peeps waiting online to get into stores , the products and services demand is huge", "time": 1641841809.0, "sentiment": ""}, {"id": 425130776, "text": "$AAPL Come on 220", "time": 1641841439.0, "sentiment": ""}, {"id": 425130405, "text": "$AAPL I really need this to run to $180 again. PLEASE", "time": 1641841376.0, "sentiment": ""}, {"id": 425130044, "text": "$SPY Remember, Calls on open for the gap close. $AAPL $PLTR", "time": 1641841314.0, "sentiment": ""}, {"id": 425129857, "text": "$AAPL Slingshot 170.04 500 shares . DT only", "time": 1641841286.0, "sentiment": ""}, {"id": 425129080, "text": "$AAPL 180C Exp:14-Jan-22 --  \ud83d\ude80 Total(Day): $28,509 \n$AAPL 150P Exp:18-Nov-22 \u2193  \ud83d\udd25 Total(Day): $92,120 \n#UnusualActivity \n \n \nSign-up free for beta ver.:https://app.jarvisalerts.com \ncharts: courtesy of finviz", "time": 1641841207.0, "sentiment": ""}, {"id": 425128681, "text": "$AAPL may fall to 168.75. Looking for the 200 sma to hold and we should see a bounce into an earnings run up.", "time": 1641841115.0, "sentiment": ""}, {"id": 425128192, "text": "$AAPL \n\nWhat can we do with strong sales quarter !!\n\nThis article came during PM ..\n\nI guess we need to be more patient !! \n\nWe will hit 191 very hard!", "time": 1641840993.0, "sentiment": "Bullish"}, {"id": 425127806, "text": "$AAPL", "time": 1641840888.0, "sentiment": ""}, {"id": 425127628, "text": "Apple $AAPL: Monthly Apple Credit Card Suggests a Strong Upcoming Quarter - KeyBanc https://www.streetinsider.com/Analyst+Comments/Apple+%28AAPL%29%3A+Monthly+Apple+Credit+Card+Suggests+a+Strong+Upcoming+Quarter+-+KeyBanc/19439480.html", "time": 1641840842.0, "sentiment": ""}, {"id": 425127620, "text": "Looking at the yearly performance, $AAPL did better than 88% of all other stocks. https://www.chartmill.com/stock/quote/AAPL/technical-analysis?key=bb853040-a4ac-41c6-b549-d218d2f21b32&amp;utm_source=stocktwits&amp;utm_medium=TA&amp;utm_content=AAPL&amp;utm_campaign=social_tracking", "time": 1641840840.0, "sentiment": ""}, {"id": 425127342, "text": "$AAPL havent had a circuit breaker since June 2020. Today would be a good day MM.", "time": 1641840773.0, "sentiment": "Bearish"}, {"id": 425126525, "text": "$AAPL why are all bulls such winey pussies.  Always bitching and crying.  Especially all these newbies.  Every day their taking one by one to the wood shed and chopping em up.  It\u2019s beautiful, hope it continues", "time": 1641840560.0, "sentiment": "Bearish"}, {"id": 425126107, "text": "$AAPL when this Starts to dive really watch out for $QQQ", "time": 1641840448.0, "sentiment": ""}, {"id": 425125535, "text": "$AAPL sorry boys I tried swing trading again and cursed you all", "time": 1641840302.0, "sentiment": ""}]