[{"id": 425205411, "text": "@Conman1992 even then, you are in the green lol. Its not friday yet either. Itm puts being exercised gets fronted by the broker because they know its a profitable deal. Get some experience please $aapl", "time": 1641850345.0, "sentiment": ""}, {"id": 425205166, "text": "$AAPL  \ud83c\udf4f Opening Algo, off.", "time": 1641850322.0, "sentiment": "Bullish"}, {"id": 425205107, "text": "$AAPL $AMZN $DIS Have you seen our LEAPS episode? Be sure to watch it!\nLike and Subscribe for all of our valuable content. Enjoy \n\nhttps://youtu.be/gIH6TsXJs-c", "time": 1641850317.0, "sentiment": "Bullish"}, {"id": 425205014, "text": "$AAPL J-powell talking tomorrow. I\u2019m seeing a drop", "time": 1641850306.0, "sentiment": "Bearish"}, {"id": 425204682, "text": "$AAPL near support level of 168.12 if it breaks that we in for some pain. Should bounce around there", "time": 1641850274.0, "sentiment": ""}, {"id": 425204627, "text": "$AAPL \n\nGive me a face ripping reversal to $180.", "time": 1641850268.0, "sentiment": ""}, {"id": 425204226, "text": "$AAPL These are the times where our LEAP strategies pay us historically well!", "time": 1641850228.0, "sentiment": "Bullish"}, {"id": 425204001, "text": "$AAPL already 8% of its recent ATH", "time": 1641850207.0, "sentiment": ""}, {"id": 425203988, "text": "$AAPL \n\n5 day trend already very very oversold territory.", "time": 1641850206.0, "sentiment": "Bullish"}, {"id": 425203835, "text": "$AAPL what\u2019s funny is people are happy it\u2019s falling because they have puts. What most people don\u2019t understand is you have to shell out fuck ton more cash when they exercise them. Have fun with your margin calls!! \ud83d\ude02\ud83d\ude02\ud83d\ude02", "time": 1641850195.0, "sentiment": ""}, {"id": 425203332, "text": "$NFLX $NVDA and $TSLA have so much more to fall it makes $AAPL look ridiculously cheap.", "time": 1641850149.0, "sentiment": ""}, {"id": 425203306, "text": "$AAPL Good entry?", "time": 1641850147.0, "sentiment": "Bullish"}, {"id": 425202635, "text": "$AAPL", "time": 1641850086.0, "sentiment": ""}, {"id": 425202499, "text": "$AAPL $SPY \ud83d\udc40 watch it here", "time": 1641850074.0, "sentiment": "Bullish"}, {"id": 425202479, "text": "$AAPL ohh wow \ud83d\ude32\ud83d\ude33", "time": 1641850073.0, "sentiment": ""}, {"id": 425201381, "text": "$AAPL - Major supply here, stay short.. \n\u2264$168.74", "time": 1641849972.0, "sentiment": "Bearish"}, {"id": 425201047, "text": "$AAPL target zone", "time": 1641849940.0, "sentiment": "Bearish"}, {"id": 425200948, "text": "There has not been a green candle since that 3trln party. $AAPL", "time": 1641849933.0, "sentiment": ""}, {"id": 425200837, "text": "$AAPL failed company.  No innovation", "time": 1641849923.0, "sentiment": "Bearish"}, {"id": 425200815, "text": "$AAPL https://youth-investment-group.com/2021/12/14/apple-stock-forecast-for-2022-will-aapl-hit-210/?amp", "time": 1641849921.0, "sentiment": ""}, {"id": 425200531, "text": "$nio, $tsla, $msft, $AAPL One of those ultra red days that just have to admire its brutality. Nothing to do here, just don&#39;t sell at a loss. Its going to be a rough ride for the forseeable future", "time": 1641849898.0, "sentiment": "Bullish"}, {"id": 425200389, "text": "$AAPL     \ud83c\udf4fKeyBanc reiterates it\u2019s PT:  $191.", "time": 1641849884.0, "sentiment": ""}, {"id": 425199351, "text": "Apple Analyst Explains Why Cupertino Is Tracking Ahead Of Expectations In December Quarter $AAPL https://www.benzinga.com/analyst-ratings/analyst-color/22/01/24970849/apple-analyst-explains-why-cupertino-is-tracking-ahead-of-expectations-in-december-#.YdxPFxvGZnY.twitter", "time": 1641849788.0, "sentiment": ""}, {"id": 425198759, "text": "$AAPL short it don&#39;t loose your money", "time": 1641849736.0, "sentiment": "Bearish"}, {"id": 425198456, "text": "That 10% correction is just below. $AAPL", "time": 1641849713.0, "sentiment": ""}, {"id": 425198359, "text": "$LCID perfect fit for $AAPL car. Trading last couple days like institutional buyers know a buyout eminent.", "time": 1641849703.0, "sentiment": "Bullish"}, {"id": 425198056, "text": "$AAPL - Stay short, bottom about to fall out.. \n\u2264$168.74", "time": 1641849679.0, "sentiment": "Bearish"}, {"id": 425197953, "text": "$AAPL Short \ud83d\ude0e\ud83d\udc4d", "time": 1641849670.0, "sentiment": "Bearish"}, {"id": 425197891, "text": "$AAPL \n\nDamn fucking algo \n\nLook at MACD at one day chart.. it\u2019s flat with neg momentum\u2026 After back to back short attack.\n\nYes it\u2019s fucking algo that triggered fear ..\n\nNow all US index in neg territory! \n\nBe patient !!", "time": 1641849665.0, "sentiment": "Bullish"}, {"id": 425197602, "text": "$AAPL \ud83e\udd37\ud83c\udffb\u200d\u2642\ufe0f\ud83e\udd37\ud83c\udffb\u200d\u2642\ufe0f", "time": 1641849639.0, "sentiment": ""}]