[{"id": 425156128, "text": "$AAPL Going down to bollinger band and likely sideways into earnings.", "time": 1641845811.0, "sentiment": ""}, {"id": 425155362, "text": "$AAPL Anywhere close to 160 and im closing my puts", "time": 1641845705.0, "sentiment": "Bearish"}, {"id": 425155247, "text": "$AAPL 4 rate hikes coming in 22\u2019 per JPM so I\u2019m gonna park my money here because tech is GREAT with inflation \ud83e\udd21", "time": 1641845689.0, "sentiment": "Bearish"}, {"id": 425155054, "text": "$AAPL Think this is going to $165.33. 50 SMA daily 90 day chart", "time": 1641845664.0, "sentiment": ""}, {"id": 425155039, "text": "$DSP truly bottomed out. $TSLA $AAPL $BABA $MSFT", "time": 1641845662.0, "sentiment": "Bullish"}, {"id": 425154392, "text": "$AAPL", "time": 1641845574.0, "sentiment": ""}, {"id": 425154387, "text": "$SPY $AAPL $SQ $ABNB $PLTR \nBig Crash on Jan 11. \n\nhttps://www.bloomberg.com/news/articles/2022-01-04/powell-s-confirmation-hearing-for-second-term-set-for-jan-11", "time": 1641845573.0, "sentiment": "Bearish"}, {"id": 425153390, "text": "$AAPL a magnet gap down to 165", "time": 1641845431.0, "sentiment": "Bearish"}, {"id": 425152722, "text": "$AAPL AAPL 2022-01-09 Dark Pool &amp; Short Interest Data: \nhttps://www.youtube.com/watch?v=79nffRORSzY", "time": 1641845344.0, "sentiment": ""}, {"id": 425152294, "text": "$AAPL \u201cHow did you go bankrupt?\u201d Bill asked. \u201cTwo ways,\u201d Mike said. \u201cGradually, then suddenly.\u201d \n\n- E. Hemingway, The Sun Also Rises", "time": 1641845287.0, "sentiment": ""}, {"id": 425152285, "text": "$AAPL 3trillion market cap was the biggest #bagholder event of all time \nSignature Here   X_________________", "time": 1641845285.0, "sentiment": "Bearish"}, {"id": 425152263, "text": "$AAPL so what\u2019s the bottom here hopefully a drop to 150 then spike to 200 lol", "time": 1641845282.0, "sentiment": ""}, {"id": 425152218, "text": "$AAPL has reportedly rejected the idea of a &quot;metaverse&quot;", "time": 1641845276.0, "sentiment": ""}, {"id": 425152144, "text": "$AAPL has reportedly rejected the idea of a &quot;metaverse&quot;", "time": 1641845267.0, "sentiment": ""}, {"id": 425151459, "text": "$AAPL 180 by end of week", "time": 1641845177.0, "sentiment": "Bullish"}, {"id": 425151379, "text": "$AAPL\n\nIt\u2019s algo based fear gas triggered very strong volatility !!\n\nWe can\u2019t do anything and just let it ride ..\n\nGood thing buy and hold that\u2019s only we can do!", "time": 1641845167.0, "sentiment": "Bullish"}, {"id": 425150649, "text": "$AAPL $TSLA blocked", "time": 1641845059.0, "sentiment": ""}, {"id": 425150453, "text": "$AAPL  Apple chipmaker TSMC notches another quarterly sales record on strong demand (CNBC)", "time": 1641845028.0, "sentiment": "Bullish"}, {"id": 425150447, "text": "$AAPL ", "time": 1641845027.0, "sentiment": "Bullish"}, {"id": 425150067, "text": "$AAPL the buy mode light is flashing", "time": 1641844971.0, "sentiment": "Bullish"}, {"id": 425148750, "text": "$AAPL $TSLA \nThose 900P will be up double today from last price of 6.00 \nAAPL looking for 159 here by Wednesday", "time": 1641844800.0, "sentiment": ""}, {"id": 425147833, "text": "$TSLA $AAPL Calls are toast thanks to the weekend premium burn and today&#39;s downward move. NEVER HOLD OPTIONS OVER THE WEEKEND. Take your gain or  you L and move on before the close on Friday with options", "time": 1641844643.0, "sentiment": ""}, {"id": 425147698, "text": "$AAPL Just being algo dropped down\u2026bringing ask to bid and small share laddering", "time": 1641844620.0, "sentiment": ""}, {"id": 425147661, "text": "$AAPL before ER 160$ and after ER 140$?!", "time": 1641844613.0, "sentiment": ""}, {"id": 425147654, "text": "$AAPL STOP FUCKING FALLING. EVERY TIME I CHECK ITS DOWN ANOTHER 20 CENTS.", "time": 1641844612.0, "sentiment": ""}, {"id": 425147596, "text": "$AAPL 167$ probably reversal", "time": 1641844602.0, "sentiment": ""}, {"id": 425147529, "text": "$AAPL \n\nThis bullshit", "time": 1641844592.0, "sentiment": ""}, {"id": 425147462, "text": "$AAPL ...", "time": 1641844579.0, "sentiment": ""}, {"id": 425147338, "text": "$AAPL 164 or 158 is the question? \ud83e\udd37\ud83c\udffb", "time": 1641844557.0, "sentiment": "Bullish"}, {"id": 425146938, "text": "$AAPL it when down 3 day over 10 dollars", "time": 1641844491.0, "sentiment": ""}]