[{"id": 425166283, "text": "$AAPL bit of a sell off across the board though so far quality getting bought. If you are not in quality will be slow", "time": 1641846950.0, "sentiment": "Bullish"}, {"id": 425166130, "text": "$AAPL fucking $SCHW is Lagging behind $YHOO prices", "time": 1641846936.0, "sentiment": ""}, {"id": 425165189, "text": "$TSLA $AAPL $MSFT $AMZN stop voting blue", "time": 1641846852.0, "sentiment": ""}, {"id": 425165097, "text": "$AAPL over reaction?", "time": 1641846842.0, "sentiment": ""}, {"id": 425165006, "text": "$AAPL 160 puts. I know it\u2019s kinda against Warriors.", "time": 1641846834.0, "sentiment": ""}, {"id": 425163927, "text": "$AAPL what is happening this is madness", "time": 1641846724.0, "sentiment": ""}, {"id": 425163887, "text": "$MSTR Thats still one of the easiest shorts play.\n\nStill an early entry dont miss out. Don&#39;t be afraid to short.\n\nAdjusted PTs\n\n1st 420\n\n2nd 350\n\nAbandoned baby 1m chart.\ud83e\udd1e\ud83e\uddf8\n\n$BTC.X $ETH.X $MARA $AAPL", "time": 1641846721.0, "sentiment": "Bearish"}, {"id": 425163756, "text": "$AAPL store was as packed as you could want it to be during the pandemic this weekend. Picked up a pair of 13 pros with no delays or hassle. This is firing on all 16.8 billion cylinders.", "time": 1641846705.0, "sentiment": "Bullish"}, {"id": 425163526, "text": "$aapl YAAAAS LOWER BOLLINGER BAND YOU TELL EM KING", "time": 1641846678.0, "sentiment": "Bullish"}, {"id": 425163429, "text": "Thinking about trading options or stock in BioMarin Pharmaceutical, Dell Technologies, Apple, ConocoPhillips, or Kroger?  $AAPL $BMRN $COP $DELL $KR \n\nhttps://newsfilter.io/a/dde92f52ce4b801b07517c7b3a348b7b", "time": 1641846666.0, "sentiment": ""}, {"id": 425163297, "text": "$AAPL been green for n my portfolio for years never sell apple \ud83c\udf4f it\u2019s golden. Maybe you should buy some on thins dip.. Dipshit", "time": 1641846650.0, "sentiment": ""}, {"id": 425162328, "text": "$AAPL garbage! China in bed with apple! Boycott them!", "time": 1641846532.0, "sentiment": ""}, {"id": 425161866, "text": "$AAPL \n\nFolks ..\n\nYou don\u2019t need to reason to play with fear ..\n\nJust ignore it .. keep in your mind .. play wisely, buy and hold for long time. \n\nYou won\u2019t feel scared at all because you have plenty of time to catch up fast.\n\nYes I saw the Jan and Feb options are already disaster. Good thing I already moved earlier to very very long dates. \n\nWhy? They want you to avoid buying before the earning release.\n\nPlus they want to post loss so that they can report loss for tax purpose in 2022 to pay minimal tax.\n\nThis is fairly normal and no need to reason with spreading or bragging.\n\nThis shows pattern that last year March dumping has moved to Jan dumping. This time we will see bigger rally on Feb and March.", "time": 1641846477.0, "sentiment": "Bullish"}, {"id": 425161802, "text": "$AAPL if you are buying above $123 period! You are dumb", "time": 1641846471.0, "sentiment": "Bearish"}, {"id": 425160787, "text": "$AAPL all this mess is because off that oldie motherfucker.", "time": 1641846363.0, "sentiment": ""}, {"id": 425160610, "text": "$AAPL Down the pike there will be labor and manufacturing issues with CHINA- will force them to move or source elsewhere! Boycott- Gov intervention?", "time": 1641846347.0, "sentiment": ""}, {"id": 425160526, "text": "Bull markets will fool many into believing  they are great traders/investors. During a bear market all the profits will be taken back fast &amp; humble them. Easy market phases are followed by the most difficult ones. Learn about risk management early or learn the hard way later.  $TSLA $AAPL $NVDA $SPY $QQQ", "time": 1641846337.0, "sentiment": "Bearish"}, {"id": 425160291, "text": "$QQQ is once again under pressure, but this is where multiple timeframe analysis is extremely important, as I covered on my channel. Zoom out to the weekly chart and you can clearly see the 30 &amp; 50 EMA serve as clear support in the strong uptrend. $SPY $DIA $AAPL $MSFT", "time": 1641846312.0, "sentiment": ""}, {"id": 425159781, "text": "$AAPL fair value is $70. I\u2019ll wait", "time": 1641846252.0, "sentiment": ""}, {"id": 425159527, "text": "January 10, 2022\n$SPY $462 to $464. Over $464 to $465-$466-$466.70. Below $462 to $460-$459.5\n \n$AAPL $169 to $170. Over $170 to $171. Below $169 to $168-$167.70\n \n$BA $212.50 to $215.50. Over $215.50 to $217-$218. Below $212 to $210-$209.5\n \n$NVDA $265 to $270. Over $270 to $275. Below $265 to $260\n \n$AMD $127 to $130. Over $130 to $132. Below $127 to $125", "time": 1641846222.0, "sentiment": ""}, {"id": 425158640, "text": "$UVXY $AAPL $TSLA $SPY \ud83d\ude05", "time": 1641846121.0, "sentiment": ""}, {"id": 425158517, "text": "$QQQ $SPY $BX $AAPL $NVDA \n\nThe best approach is to look for the opportunity in the disaster, rather than dwell too much on what has already occurred \ud83d\udc8e\ud83e\udd11\u2615\ufe0f", "time": 1641846108.0, "sentiment": "Bullish"}, {"id": 425158422, "text": "$AAPL it will bounce back. Unless your trading weekly puts. It only makes sense to buy calls. They aren\u2019t going anywhere", "time": 1641846096.0, "sentiment": "Bullish"}, {"id": 425158412, "text": "$AAPL can&#39;t wait for the apple headset unveil.", "time": 1641846095.0, "sentiment": "Bullish"}, {"id": 425158389, "text": "$AAPL it is much better to have my money in the market rather than in cash losing 15 to 30%\nAnd what idiot invests n bonds ..treasuries at 1 to 2%\nAin\u2019t happening\u2026market is safe for me\nCreative companies shall gain value", "time": 1641846093.0, "sentiment": "Bullish"}, {"id": 425158039, "text": "What weird time for Bernstein to upgrade $AAPL price tgt from 130 to 170, the week before ER and a month since the Apple Car news very strange", "time": 1641846050.0, "sentiment": ""}, {"id": 425157629, "text": "$SPY  $TSLA  $AAPL  $NIO  $LCID  drops in premarket\ud83d\udcc9\ud83d\udcc9\ud83d\udcc9", "time": 1641846000.0, "sentiment": ""}, {"id": 425157134, "text": "$AAPL My entire watchlist is redder than Santa. Except banks wtf", "time": 1641845942.0, "sentiment": ""}, {"id": 425156897, "text": "$AAPL from 182 to 169 in no time based on BS! Wow Wall St and media CROOKS!", "time": 1641845912.0, "sentiment": ""}, {"id": 425156129, "text": "$AAPL at the lower bol band on the daily Has never really gone below it.. So its kinda spooky", "time": 1641845811.0, "sentiment": ""}]