[{"id": 425215426, "text": "@Stock__Twists @AllJackedUp @Uncle_Covid @Jamz83 @ShantP21 @Rucer517 @Oliwood @denseanddumb @grifmaster @M_89  \n \nYes it&#39;s been true since the summer and has gotten worse in Dec after the pump fake in small caps in November. \n \nI call it #BadBreadth ... means we have ROTTEN TEETH IN THE $SPY $QQQ  \n \nLook at the #McClellan Summation of $COMPQ ... about to be as bad as Mar 2020  \n \nThink $AAPL $TSLA can offset this if they rugpull?", "time": 1641851302.0, "sentiment": ""}, {"id": 425215062, "text": "$AAPL welcome to bidens market", "time": 1641851265.0, "sentiment": "Bullish"}, {"id": 425214836, "text": "$AAPL its simple math. If tesla can be $20 up from its daily low, then we can totally see $188 anytime since apple too can bounce $20 UP /s", "time": 1641851244.0, "sentiment": ""}, {"id": 425214320, "text": "$AAPL OR ... the last long out ....", "time": 1641851194.0, "sentiment": ""}, {"id": 425214237, "text": "$AAPL $MSFT $NVDA CRASH ALL YEAR", "time": 1641851186.0, "sentiment": "Bearish"}, {"id": 425214186, "text": "$AAPL f***ing fed!", "time": 1641851182.0, "sentiment": ""}, {"id": 425213924, "text": "$AAPL NAS at 200 day MA , buying should start any minute", "time": 1641851158.0, "sentiment": ""}, {"id": 425213784, "text": "$AAPL SHORTS HAVE NOT COVERED SINCE IPO. A GAMESTOP, CRYPTO WALLET  IN THE MAKING COMPANY, HOOD is CURRENTLY TRADING 50% below its IPO PRICE.\n\n29.03+ MILLION SHARES SHORTED IN HOOD (SINCE DEC 15, 2021). HOOD got 7.38  Billion cash at hand UNLIKE many HIGH FLYING companies are in debt.\n\nLONG TERM HOLD UNDERVALUED COMPANY\n\nCRYPTO WALLET is coming any moment now to this Robinhood meme stock (HOOD). Can&#39;t go wrong with this stock!\n\n        $$$$$$ LOCKDOWN is Imminent $$$\n\nA perfect omicron storm is brewing up for RobinHOOD; People gamble when there is lockdown (coming) and when there is nothing to do. RobinHOOD will accelerate its growth during this time.\n\nHOOD is the future epitome retail trading/crypto platform App, just like coke cola is the epitome of soda.\n\nHOOD is a CASH COW  company with 7+ billion, no dilution. No debt.\n \n                               \n                                    $$SQUEEZE is imminent$___", "time": 1641851143.0, "sentiment": "Bullish"}, {"id": 425213454, "text": "$AAPL while you dumb bulls buying, my $TECS is up 20% since New Years.", "time": 1641851111.0, "sentiment": ""}, {"id": 425213304, "text": "$AAPL \n\nI guess it\u2019s algo want to make this stock very very oversold territory to allow people to accumulate for cheap stock and look like 168 is max ..\n\nYou can\u2019t go that very very deep oversold like that ..\n\nApple already have very strong cash base and good sales record.\n\nCan\u2019t go that deep .. !", "time": 1641851099.0, "sentiment": "Bullish"}, {"id": 425213140, "text": "$aapl swing calls for February", "time": 1641851084.0, "sentiment": ""}, {"id": 425213049, "text": "$AAPL 9% correction from all time highs. Cmon now. Just buy it", "time": 1641851076.0, "sentiment": "Bullish"}, {"id": 425212626, "text": "$TSLA $AAPL my bet is both these miss ER", "time": 1641851037.0, "sentiment": "Bearish"}, {"id": 425212011, "text": "$AAPL this crash is thanks to Trump... i hate him", "time": 1641850981.0, "sentiment": ""}, {"id": 425210681, "text": "$AAPL 250 billion  \ud83d\udcb5  cap is wiped in less than a week . Wow", "time": 1641850859.0, "sentiment": "Bearish"}, {"id": 425210473, "text": "$MSFT $AAPL  $FB yessss inflation fears. Die out some more", "time": 1641850839.0, "sentiment": "Bearish"}, {"id": 425210307, "text": "$AAPL taking 169 too can Ease a lot of pain as apparently a lot of new shorts entered at 168.8", "time": 1641850825.0, "sentiment": ""}, {"id": 425210239, "text": "$AAPL Anyone buying calls for Feb or March ?", "time": 1641850818.0, "sentiment": "Bullish"}, {"id": 425210177, "text": "$AAPL $AAPL $AMZN $RIVN $SOFI $PLTR shorts go to H3LL", "time": 1641850814.0, "sentiment": ""}, {"id": 425209615, "text": "$AAPL what\u2019s the narrative going into the end of 2022 for apple? Was looking to start a huge position but seems a lot of people are bearish?", "time": 1641850759.0, "sentiment": ""}, {"id": 425209443, "text": "$AAPL Did not short more when it went to 3 trillion because it was too obvious.", "time": 1641850742.0, "sentiment": "Bearish"}, {"id": 425208257, "text": "$SPY $GOOGL and $AAPL \n\nFirst blocks \u2705 \n\nAdding more in March", "time": 1641850624.0, "sentiment": ""}, {"id": 425208176, "text": "$AAPL", "time": 1641850616.0, "sentiment": "Bearish"}, {"id": 425208165, "text": "$AAPL seriously, why is it still selling off?", "time": 1641850615.0, "sentiment": ""}, {"id": 425206922, "text": "$AAPL - Indicators for short trade far outweigh going long.. \n- Price below 8/21-day MA \n- Price below Opening Range \n- Price below prior session low (Short term resistance)", "time": 1641850494.0, "sentiment": "Bearish"}, {"id": 425206683, "text": "$DIDI $AAPL $BABA $BIDU \nDIDI is trading at  2016 valuation when apple invested 1B....\ndo your research...", "time": 1641850470.0, "sentiment": ""}, {"id": 425206163, "text": "$AAPL indicators working nicely on AAPL today, up and down", "time": 1641850416.0, "sentiment": ""}, {"id": 425206055, "text": "$SOFI $COIN $APPS $UPWK this app is full of shit fuckers slime balls fucking bots scams spam you name it. You think your 10-100 fucking shares is going to make a difference if you sell Bc you got scared you read some shit bot comments or a troll fuck the Fed and joe Biden fucking tanking everything besides $AAPL at 3 Fucking trillion dollars bet you brain dead idiots say invest in that yea at $3T where the shit is that going no where else to grow or fucking Amazon which has done nothing for over a year. Grow some fucking balls get off the app stop trading buy a goddamn index fund if you can\u2019t stand a little tank in your portfolio", "time": 1641850405.0, "sentiment": "Bullish"}, {"id": 425206032, "text": "Bloomberg [Rumor]: $AAPL is expected to host its first major event of this year sometime in March or April - expected iPhone SE (2) 5G launch.\n\nIt will be powered by the Apple A15 processor along w/ 3GB of RAM - Same design as the 2020 model w/ a 4.7&quot; screen. \n\nThere could also be a Plus variant that will pack 4GB of RAM w/ a 5.7&quot; or 6.1&quot; screen. \n\nFurther, major update will come in 2024 when iPhone SE (3) adopts XR/11 style.\n\nJP Morgan claims that the upcoming iPhone SE could lure nearly 1.4B low to mid-range Android phone users as well as about 300M older iPhone model users.\n\nFYI, Jan 9 was the 15th anniversary since Apple CEO Steve Jobs stood on stage at the Macworld Expo in San Francisco, California &amp; gave the world its first look at the iPhone. &quot;An iPod, a phone and internet communicator. An iPod, a phone, are you getting it?&quot;\n\nhttps://mashable.com/article/first-iphone-keynote-15-year-anniversary", "time": 1641850403.0, "sentiment": ""}, {"id": 425205827, "text": "$AAPL Trying to decide if I want to put an order in at 50 DMA at $165", "time": 1641850382.0, "sentiment": ""}]