[{"id": 425231639, "text": "$AMZN  buy the fcking Dip. This was a Bear trap. Let\u2019s kick their balls\u2026 $AAPL $FB", "time": 1641852966.0, "sentiment": "Bullish"}, {"id": 425231455, "text": "$AAPL as i said earlier, cup forming. but fridays cup was shorted to hell so idk", "time": 1641852948.0, "sentiment": ""}, {"id": 425231282, "text": "$AAPL $191 price target \ud83d\udcb5 \ud83c\udfaf \n\nhttps://www.benzinga.com/analyst-ratings/analyst-color/22/01/24970849/apple-analyst-explains-why-cupertino-is-tracking-ahead-of-expectations-in-december-", "time": 1641852930.0, "sentiment": "Bullish"}, {"id": 425231017, "text": "$AAPL curling", "time": 1641852902.0, "sentiment": ""}, {"id": 425231015, "text": "$AAPL \ud83c\udf4f\ud83c\udf4f\ud83c\udf4f\ud83c\udf4f\ud83c\udf4f\ud83c\udf4f\ud83c\udf4f\ud83c\udf4f\ud83e\udd32\ud83c\udffb\ud83e\udd32\ud83c\udffb\ud83e\udd32\ud83c\udffb\ud83e\udd32\ud83c\udffb\ud83e\udd32\ud83c\udffb\ud83e\udd32\ud83c\udffb\u2764\ufe0f\u2764\ufe0f\u2764\ufe0f\u2764\ufe0f\u203c\ufe0f\u203c\ufe0f\u203c\ufe0f\u203c\ufe0f\u203c\ufe0f", "time": 1641852902.0, "sentiment": "Bullish"}, {"id": 425230669, "text": "@SeeJay brah, why isnt Biden fixing supply chain crisis, focusing more on the chips legislation and FIXING COVID lmfao. Emissions increased this year you goof. $aapl $spy $dwac $fb", "time": 1641852865.0, "sentiment": ""}, {"id": 425230654, "text": "$AAPL tomrrow we will run to 175ish, last week it drop and today more drop,  so bears congratulations and lock your put gains and go bullish.  Buy low, already drop. Time to load up , don\u2019t short while is already down \ud83e\udd23", "time": 1641852864.0, "sentiment": "Bullish"}, {"id": 425230244, "text": "$AAPL watch it end up green today!!!!", "time": 1641852821.0, "sentiment": ""}, {"id": 425230088, "text": "@Prat_ $aapl cant be selling 140 mill iphones a day. Thats a $140 bill revenue from iphone alone, per annum. Assuming an asp of $1k \nI love apple and its big but the baby thing i dispute thats all. Apple is close tho. But i think Indian muslims alone have more babies than that per annum lmfao", "time": 1641852803.0, "sentiment": ""}, {"id": 425229991, "text": "$AAPL, $AMZN, $IWM, $LQD, $TSLA - Top delta impact", "time": 1641852790.0, "sentiment": ""}, {"id": 425229471, "text": "$QCOM Need to see $AAPL and $AMZN turn then you will a ST bottom here on QCOM", "time": 1641852729.0, "sentiment": ""}, {"id": 425229250, "text": "$AAPL \n\nNow P/E is 29.94 Under that price ..\n\nThis is very oversold and undervalued already.\n\nThis is warning trigger that the big price jump will occur very soon!", "time": 1641852704.0, "sentiment": "Bullish"}, {"id": 425229248, "text": "$AAPL lol I called the bounce exactly where it happened \ud83d\ude02. Now let\u2019s see if this can retake 170", "time": 1641852704.0, "sentiment": ""}, {"id": 425228548, "text": "@mgent07 like I said. I\u2019d be just as mad as you if I was in this POS. Bag holding a fraud company and bag holding $AAPL is not the same \ud83d\ude02\ud83e\udd23 \n\nJust a reminder for you below \ud83d\ude09", "time": 1641852627.0, "sentiment": ""}, {"id": 425228510, "text": "$AAPL $172 coming", "time": 1641852623.0, "sentiment": "Bullish"}, {"id": 425228193, "text": "$AAPL supports", "time": 1641852585.0, "sentiment": ""}, {"id": 425228042, "text": "$AAPL   \ud83c\udf4f European Closing Trade, underway.  You know the drill.  Need to put Europe to bed 20 mins, and see if we get a Mkt pivot.  Patience.", "time": 1641852568.0, "sentiment": "Bullish"}, {"id": 425228012, "text": "$DWAC see, Trump is forever green. Even stellar companies like $aapl are getting fucked under Brandon", "time": 1641852565.0, "sentiment": ""}, {"id": 425228003, "text": "$TQQQ what a fuck*ed up market scam by big fishes and government \u2026$qqq $spy just a fuck*ing illusions $AAPL $MSFT", "time": 1641852564.0, "sentiment": "Bearish"}, {"id": 425227928, "text": "$AAPL load the dip", "time": 1641852556.0, "sentiment": "Bullish"}, {"id": 425227087, "text": "That is an incredible stat $AAPL", "time": 1641852464.0, "sentiment": ""}, {"id": 425227062, "text": "$AAPL looks like the blue chips are getting what small and mid caps have been since Biden took office. Bidens plans is to bankrupt as many Americans as possible.", "time": 1641852461.0, "sentiment": ""}, {"id": 425226736, "text": "$AAPL smash it!", "time": 1641852424.0, "sentiment": ""}, {"id": 425226532, "text": "$AAPL any reason ?", "time": 1641852401.0, "sentiment": ""}, {"id": 425226412, "text": "$AAPL if you are short and green , cover it.", "time": 1641852388.0, "sentiment": ""}, {"id": 425226244, "text": "$AAPL I\u2019ve been buying and holding since 2010, seen all this before, yawn", "time": 1641852369.0, "sentiment": ""}, {"id": 425226036, "text": "$AAPL I don\u2019t know what to do. I\u2019m going to lose all my money. \ud83d\ude1e", "time": 1641852345.0, "sentiment": ""}, {"id": 425225821, "text": "$AAPL oh cmon now dont underperform the dow and spy. Beat em, go green !", "time": 1641852324.0, "sentiment": "Bullish"}, {"id": 425224512, "text": "$aapl 140 then 120", "time": 1641852186.0, "sentiment": "Bearish"}, {"id": 425224409, "text": "While $AAPL and $TSLA are rats on a sinking ship here is my $AAON breaking up through resistance", "time": 1641852174.0, "sentiment": "Bullish"}]