[{"id": 425270318, "text": "$AAPL - Technicals are bearish, stay short.. \n- Price below 8/21-day MA    \n- Price below Opening Range    \n- Price below prior session low (Short term resistance)", "time": 1641857984.0, "sentiment": "Bearish"}, {"id": 425268533, "text": "$AAPL it\u2019s almost like we\u2019ve seen this again and again and. ..", "time": 1641857752.0, "sentiment": "Bullish"}, {"id": 425266636, "text": "$TLRY for those asking about my puts count.\ud83e\uddf8\ud83e\udd1e\n\nI dont respond to dms.\n\n$AAPL $TSLA $MARA", "time": 1641857492.0, "sentiment": "Bearish"}, {"id": 425266440, "text": "$ROKU $AAPL is down more than Roku today, how crazy", "time": 1641857464.0, "sentiment": "Bullish"}, {"id": 425266356, "text": "$AAPL index just hit correction.", "time": 1641857452.0, "sentiment": "Bearish"}, {"id": 425266099, "text": "$AAPL 175 very soon (nice dip)", "time": 1641857421.0, "sentiment": "Bullish"}, {"id": 425265747, "text": "$AAPL Looks like no chance to add more of this unless a real crash happens.", "time": 1641857373.0, "sentiment": "Bullish"}, {"id": 425265534, "text": "$AAPL these tech stocks are due for a huge reversal after running up this past 2 years! My target is $151 by end of week\ud83d\udcb8\ud83d\udcb8! Bulls will get crushed", "time": 1641857345.0, "sentiment": "Bearish"}, {"id": 425264970, "text": "Top Bullish Flow (a/o12:27pmEST): $AAPL $AMZN $ISRG $SHOP $NVDA", "time": 1641857270.0, "sentiment": ""}, {"id": 425264632, "text": "$QQQ  $ARKK  $MSFT  $AAPL     Busting Dot com 2", "time": 1641857225.0, "sentiment": ""}, {"id": 425264397, "text": "$AAPL a long way to go. Not buying your cars, have a $TSLA already.", "time": 1641857192.0, "sentiment": ""}, {"id": 425263041, "text": "$AAPL now in for another scalp\nBought $WYNN calls too", "time": 1641856993.0, "sentiment": ""}, {"id": 425262786, "text": "$AAPL - taking a chance on a reversal from here , 172-174 . Glta !!", "time": 1641856956.0, "sentiment": "Bullish"}, {"id": 425262235, "text": "$XELA Roll Tide Roll! $AAPL $LCID $ABNB", "time": 1641856873.0, "sentiment": "Bullish"}, {"id": 425261803, "text": "$AAPL keeping this in mind as a candidate to buy leaps on.", "time": 1641856811.0, "sentiment": "Bullish"}, {"id": 425261493, "text": "$AAPL - Avoid long trade, going lower.. \n- Price below 8/21-day MA   \n- Price below Opening Range   \n- Price below prior session low (Short term resistance)", "time": 1641856765.0, "sentiment": "Bearish"}, {"id": 425260406, "text": "$AAPL What would be a good price to start a position for long term, yes I know current price don\u2019t matter if holding long term but would still like to get in on a better price, any chance this hits $150-160?", "time": 1641856603.0, "sentiment": "Bullish"}, {"id": 425260050, "text": "$AAPL yikes. $150 ?", "time": 1641856551.0, "sentiment": "Bearish"}, {"id": 425260006, "text": "$AAPL $FB $TSLA $ NVDA $AMZN What the f..k is happening in the US? Nothing going right?", "time": 1641856544.0, "sentiment": ""}, {"id": 425259345, "text": "$AAPL they say this crap when it drop last time then we back at all time highs lol.. now drop again and same story? Watch we run back all times high again  , load this dip", "time": 1641856449.0, "sentiment": "Bullish"}, {"id": 425259168, "text": "$AAPL \n\nRemember it\u2019s algo .. you can see why it doesn\u2019t make sense but it\u2019s system that trigger to make you to feel fearful.\n\nDon\u2019t feel fearful. All the trend shows oversold so the algo will take care of itself and will trigger big upward spike anytime!", "time": 1641856422.0, "sentiment": "Bullish"}, {"id": 425259051, "text": "$AAPL NEW ARTICLE : Plexo&#39;s Lo Toney says these tech stocks will grow despite market volatility https://www.stck.pro/news/AAPL/21078777", "time": 1641856403.0, "sentiment": ""}, {"id": 425259043, "text": "$AAPL possible market correction detected here. I will be adding in small amounts until this is over. Easy money back to $180 and above. Alway be prepared for these correction days.", "time": 1641856402.0, "sentiment": ""}, {"id": 425258659, "text": "$AAPL $QQQ $DJIA END OF BULL RUN!", "time": 1641856345.0, "sentiment": "Bearish"}, {"id": 425258137, "text": "$AAPL ", "time": 1641856268.0, "sentiment": ""}, {"id": 425257496, "text": "$SPY $AAPL $PYPL $MSFT $TSLA \n\u25aa\ufe0f Fed Chairman Jerome Powell will discuss the Fed\u2019s performance on Tuesday when he testifies to the Senate Banking Committee \n\u25aa\ufe0f Fed\u2019s challenge taming inflation will come into focus as economists expect the government to report that consumer price inflation index soared above a 7% annual rate\n\u25aa\ufe0f Goldman predicts the Fed will hike rates four times this year, more than previously expected\n\nhttps://www.cnbc.com/2022/01/10/goldman-predicts-the-fed-while-hike-rates-four-times-this-year-more-than-previously-expected.html", "time": 1641856180.0, "sentiment": "Bearish"}, {"id": 425256626, "text": "$AAPL chuckling bears beware;)", "time": 1641856050.0, "sentiment": "Bullish"}, {"id": 425256451, "text": "$AAPL Dont make sense selling here", "time": 1641856027.0, "sentiment": ""}, {"id": 425256182, "text": "$AAPL $TSLA $BABA $DIDI. .LET&#39;S GO BRANDON \ud83c\udfaf\ud83c\udfaf", "time": 1641855990.0, "sentiment": ""}, {"id": 425254960, "text": "$AAPL - Stay short, ideal conditions: \n- Price below 8/21-day MA  \n- Price below Opening Range  \n- Price below prior session low (Short term resistance)", "time": 1641855817.0, "sentiment": "Bearish"}]