[{"id": 425281515, "text": "$AAPL Price action screems man....ip.....u.....la.......tion", "time": 1641859405.0, "sentiment": ""}, {"id": 425280710, "text": "$AAPL", "time": 1641859297.0, "sentiment": ""}, {"id": 425280703, "text": "$AAPL covering into close get this green", "time": 1641859296.0, "sentiment": "Bullish"}, {"id": 425280333, "text": "$AAPL *APPLE SAYS APP STORE HAS GENERATED $260B IN ITS HISTORY  \n \nDIMON: CONSUMERS ARE SPENDING 25% MORE THAN THEY WERE PRE-COVID", "time": 1641859252.0, "sentiment": "Bullish"}, {"id": 425279139, "text": "\u27a3 APPLE SAYS APP STORE HAS GENERATED $260B IN ITS HISTORY $AAPL", "time": 1641859093.0, "sentiment": ""}, {"id": 425278313, "text": "$AAPL \n\nShort attack alert !!", "time": 1641858984.0, "sentiment": ""}, {"id": 425277720, "text": "$AAPL can we plz do 175+ lol", "time": 1641858911.0, "sentiment": "Bullish"}, {"id": 425277541, "text": "$AAPL damn they forced that so much it gapped up. Lol \nTech could be selling off bad soon", "time": 1641858891.0, "sentiment": ""}, {"id": 425277261, "text": "$AAPL overvalued big tech stocks are currently dragging down the overall tech market. The real gems for big upswing are among the small(er) caps atm.", "time": 1641858855.0, "sentiment": ""}, {"id": 425276618, "text": "$AAPL we need TRUMP back", "time": 1641858780.0, "sentiment": "Bullish"}, {"id": 425276469, "text": "$MSFT $AAPL twas the year 1999\u2026", "time": 1641858762.0, "sentiment": ""}, {"id": 425276445, "text": "$AAPL Out...taking my small gain. Will re-enter before close", "time": 1641858758.0, "sentiment": ""}, {"id": 425275875, "text": "$msft $qqq $aapl $spy msft looks like a great bargain!! \ud83d\udd25", "time": 1641858688.0, "sentiment": "Bullish"}, {"id": 425275845, "text": "$AAPL Big W on the daily", "time": 1641858683.0, "sentiment": ""}, {"id": 425275752, "text": "$QQQ $SPY $TSLA $AAPL $AMZN I would concur. https://www.cnbc.com/2022/01/10/jpmorgans-top-strategist-kolanovic-says-buy-the-dip-markets-can-handle-higher-yields.html", "time": 1641858672.0, "sentiment": ""}, {"id": 425274699, "text": "$AAPL taking up crypto perhaps. Maybe NFTs. Wgaf. \ud83e\udd23\u2620\ufe0f\n https://youtu.be/19RsvJexn6Q", "time": 1641858542.0, "sentiment": "Bearish"}, {"id": 425274499, "text": "$spy $qqq $tsla $aapl $msft not a good idea to be short heading into Powell.  Powell will acknowledge COVID risk \ud83d\udd25", "time": 1641858516.0, "sentiment": "Bullish"}, {"id": 425274279, "text": "$AAPL \n\nIf you look at the oversold trend that occurred on Sept, the price was 138. This is very triggering point where the price begins to rise up to 182. \n\n$44.00 gain from $138 oversold area.\n\nIt looks sure to posed another 30 to 40 dollars gain in 1 to 3 months til it reached overbought area.\n\nLet\u2019s go!", "time": 1641858489.0, "sentiment": "Bullish"}, {"id": 425273960, "text": "$AAPL Indicies recovering a bit", "time": 1641858446.0, "sentiment": "Bullish"}, {"id": 425273806, "text": "The Battle of January 14th commences \ud83d\udcaa\ud83c\udffd Bears deliver the initial attack. Will bulls recover? $GME $AMC $TSLA $AAPL $SPY", "time": 1641858428.0, "sentiment": ""}, {"id": 425273684, "text": "$FB NO. It has nothing to do with this current administration. This tech rout is happening out of thin air. $AAPL $NFLX and others are now bad companies. Look at your 401. Sorry need to blame someone, right?", "time": 1641858413.0, "sentiment": ""}, {"id": 425273489, "text": "$AAPL suspecting a 167 bounce and a 162 bottom", "time": 1641858391.0, "sentiment": ""}, {"id": 425273452, "text": "$AAPL we closing over $170?  \ud83d\ude01", "time": 1641858386.0, "sentiment": ""}, {"id": 425272277, "text": "$AAPL Looks like they are running it up. Needs to stay over $170", "time": 1641858237.0, "sentiment": "Bullish"}, {"id": 425271563, "text": "$AAPL some green candles...", "time": 1641858145.0, "sentiment": "Bullish"}, {"id": 425271355, "text": "$AAPL \ud83d\udfe2\ud83d\udfe2\ud83d\udfe2This mammoth has so much money in store that he can overcome anything. Apple is constantly innovating, Yes, Apple unveils its products after the others\u2026. but they are perfect and always better than their rivals. Apple is smart, \nvery smart and structured. It&#39;s a winner In the long run.\ud83d\udfe2\ud83d\udfe2\ud83d\udfe2", "time": 1641858120.0, "sentiment": "Bullish"}, {"id": 425271308, "text": "$AAPL guess what stocks tend to revert to their means\u2026", "time": 1641858114.0, "sentiment": "Bullish"}, {"id": 425271085, "text": "$AMD Potentially Big Crash In AMD \nPotential Big Crash in $QQQ $SPY $AAPL", "time": 1641858085.0, "sentiment": "Bearish"}, {"id": 425271029, "text": "$AAPL $170 call credit spreads for next week. Take away the bulls $$", "time": 1641858077.0, "sentiment": "Bearish"}, {"id": 425270406, "text": "$spy $qqq $tsla $aapl $msft short covering ahead of Powell any time now \ud83d\udd25\ud83d\ude80", "time": 1641857996.0, "sentiment": "Bullish"}]