[{"id": 425243907, "text": "$AAPL - Stay short, heavy supply..", "time": 1641854345.0, "sentiment": "Bearish"}, {"id": 425243383, "text": "$AAPL $NVDA $ADBE time to add back \ud83c\udf4e?\ud83d\ude0b", "time": 1641854281.0, "sentiment": ""}, {"id": 425242973, "text": "$MSFT $AAPL $NVDA Great past few session to accumulate these babies...", "time": 1641854230.0, "sentiment": "Bullish"}, {"id": 425242724, "text": "$AAPL $NVDA bot some calls. I hoping for a fed pump before meeting. Let\u2019s go for a reversal!", "time": 1641854200.0, "sentiment": ""}, {"id": 425242302, "text": "$AAPL In it for ER here Feb $170 calls loaded", "time": 1641854150.0, "sentiment": "Bullish"}, {"id": 425241915, "text": "$TSLA $AMZN $AAPL $COST $LULU bears \ud83d\udc3b winning 2022 so far. One good bull trap for the bulls and that was all she wrote LOL. But it\u2019s whatever lol let all these stocks hit 52 week lows. \ud83d\ude80 \ud83d\ude80 back up then \ud83d\ude2e\u200d\ud83d\udca8", "time": 1641854108.0, "sentiment": "Bearish"}, {"id": 425241858, "text": "$AAPL dont let bears win", "time": 1641854102.0, "sentiment": "Bullish"}, {"id": 425241330, "text": "$AAPL snagging calls under 168", "time": 1641854040.0, "sentiment": ""}, {"id": 425241230, "text": "$AAPL Some people just got it\u2026", "time": 1641854026.0, "sentiment": ""}, {"id": 425241050, "text": "$AAPL BUY BUY BUY.  You F\u2019in chumps!  As a bear I\u2019ll concern myself once this passes $172, till then it\u2019s all blood", "time": 1641854008.0, "sentiment": "Bearish"}, {"id": 425240939, "text": "$AAPL One week ago third became the or and only $3T company. Then followed 4 days of horrible red. Today one week later we are horrible red again, could the next 4 days be green, new ATH and a $3T company reborn once again???", "time": 1641853995.0, "sentiment": "Bullish"}, {"id": 425240675, "text": "$AAPL and back down again. COME ON", "time": 1641853964.0, "sentiment": ""}, {"id": 425240540, "text": "$AAPL next leg gets us to within $1.10 green- then it gets fun", "time": 1641853950.0, "sentiment": "Bullish"}, {"id": 425239081, "text": "$AAPL   \ud83c\udf4fEurope is Closing, now.  Nasdaq, has improved a bit\u2026-249", "time": 1641853791.0, "sentiment": "Bullish"}, {"id": 425239045, "text": "$AAPL earnings Jan 27 don\u2019t be left behind!!!", "time": 1641853787.0, "sentiment": "Bullish"}, {"id": 425238715, "text": "$AAPL bounce back inbound \ud83d\ude80", "time": 1641853748.0, "sentiment": "Bullish"}, {"id": 425238604, "text": "$AAPL\n\n5 day, 1 mth, 3 mth, 6 mth trend - very strong oversold territory meaning very strong buy push to 195 to 215\nPT (area of overbought territory)\n\nWill expect to rise within 30 to 35 % from oversold territory.", "time": 1641853736.0, "sentiment": "Bullish"}, {"id": 425237664, "text": "$AAPL give me 173 right now!", "time": 1641853630.0, "sentiment": "Bullish"}, {"id": 425237041, "text": "$AAPL don\u2019t let emotions unrelated to the market, mark you as an idiot. Stick to the fundamentals and the market movements as they come.", "time": 1641853557.0, "sentiment": ""}, {"id": 425236634, "text": "$AAPL let\u2019s close green today bulls", "time": 1641853516.0, "sentiment": ""}, {"id": 425236523, "text": "$AAPL going up catch me if you can\ud83c\udf4f\ud83c\udf4f\ud83c\udf4f\ud83c\udf4f\ud83c\udf4f\ud83e\udd32\ud83c\udffb\ud83e\udd32\ud83c\udffb\u2764\ufe0f\u2764\ufe0f\u2764\ufe0f\u2764\ufe0f\u2764\ufe0f\u2764\ufe0f\u2764\ufe0f\u2764\ufe0f\ud83c\udf89\ud83c\udf89\ud83c\udf89\ud83c\udf89\u2764\ufe0f\ud83c\udf4f\ud83c\udf4f\ud83c\udf4f\ud83c\udf4f", "time": 1641853503.0, "sentiment": ""}, {"id": 425235997, "text": "$AAPL the drop was over done in 2 weeks. Expect 175-180s by next week or even tomrrow", "time": 1641853445.0, "sentiment": "Bullish"}, {"id": 425235710, "text": "$SPY Four green candles and look at the excitement in here?!?! Don&#39;t be like a puppy and piss on the couch. $QQQ $AAPL", "time": 1641853413.0, "sentiment": ""}, {"id": 425235324, "text": "$AAPL cup&amp;handle forming?", "time": 1641853369.0, "sentiment": "Bullish"}, {"id": 425233939, "text": "$AAPL \n\nOversold Territory Alert in effect!", "time": 1641853213.0, "sentiment": "Bullish"}, {"id": 425233693, "text": "$AAPL \ud83d\udc3b \ud83e\udea4", "time": 1641853186.0, "sentiment": "Bullish"}, {"id": 425233584, "text": "$AAPL   \ud83c\udf4f Europe Closing, in 10 mins.", "time": 1641853174.0, "sentiment": "Bullish"}, {"id": 425233406, "text": "$AAPL \ud83d\ude80\ud83d\ude80\ud83d\ude80\ud83d\ude80\ud83d\ude80\ud83d\ude80\ud83d\ude80\ud83d\ude80\ud83d\ude80\ud83d\udcb5\ud83d\udcb5\ud83d\udcb5\ud83d\udcb5\ud83d\udcb5\ud83d\udcb5\ud83d\udcb5\ud83d\udcb5\ud83d\udcb5\ud83d\udcb5\ud83d\udcb5\ud83d\udcb8\ud83d\udcb8\ud83d\udcb8\ud83d\udcb8\ud83d\udcb8\ud83d\udcb8\ud83d\udcb8\ud83d\udcb8\ud83d\udcb8\ud83d\udcb8\ud83d\udcb8\ud83d\udcb8", "time": 1641853156.0, "sentiment": "Bullish"}, {"id": 425232808, "text": "$AAPL wants $172 today", "time": 1641853093.0, "sentiment": "Bullish"}, {"id": 425232437, "text": "$AAPL", "time": 1641853052.0, "sentiment": "Bullish"}]