[{"id": 425224262, "text": "$AAPL Who is gonna sign my petition to KILL the upper bollinger band @ 169 ?", "time": 1641852157.0, "sentiment": ""}, {"id": 425224223, "text": "$SPY $DIA $AAPL $MSFT", "time": 1641852152.0, "sentiment": "Bearish"}, {"id": 425224156, "text": "$AAPL still big drop but compared to Nasdaq we are ok", "time": 1641852147.0, "sentiment": "Bullish"}, {"id": 425223926, "text": "$AAPL #TradeIdea-1 [Jan-28 167.5 Puts] at $4.11 \n  https://sleekoptions.com/st.aspx?ald=5b6e8893-321e-429b-8e95-2b710e1b73f6", "time": 1641852127.0, "sentiment": ""}, {"id": 425223584, "text": "$AAPL \n\nThe oversold chart will result in very big V trend, not U trend.\n\nJUST BIG V trend within one week.\n\nThat is very dangerous upward trend to 190 to 200 prior to ER result as overbought territory!", "time": 1641852093.0, "sentiment": ""}, {"id": 425223410, "text": "Sorry folks but $PLTR is going to $5 this year.. long term is a winner but the entire market will get a huge haircut. 50-70% PEs are doubled and tripled less two years. $AAPL $FB $AMZN $TSLA  it\u2019s not normal what happened less 18 months. If you don\u2019t see it is because you started investing at this period of time. I sold 2/3 of all my positions. Sitting in the sidelines", "time": 1641852075.0, "sentiment": ""}, {"id": 425223259, "text": "$AAPL Long @ 168.91 Target 171.00 Stop Loss 167.00 Bulls lets support now or never", "time": 1641852059.0, "sentiment": "Bullish"}, {"id": 425223229, "text": "$AAPL NEW ARTICLE : It&#39;s A Bear Market, No Wait, It&#39;s A Bull Market https://www.stck.pro/news/AAPL/21075746", "time": 1641852055.0, "sentiment": ""}, {"id": 425222860, "text": "$AAPL her butt kinda low, hold her butt up and she will pop. Unless u homo and u let the butt go.. she drop. But as I say her butt is low, hold her strong and ramp in deep and she will feel the pain and she go ouch.. then she pop \ud83d\ude02", "time": 1641852018.0, "sentiment": "Bullish"}, {"id": 425222529, "text": "$AAPL not eliminating that this will drop further but load up on call to sell tm. 170pt for 2.95-3", "time": 1641851984.0, "sentiment": ""}, {"id": 425221772, "text": "$EMAN thanks to the military contracts &amp;  rumors with $AAPL &amp; $FB among others, eMagin\u2019s stock will hit double digits in the not too distant future.", "time": 1641851905.0, "sentiment": "Bullish"}, {"id": 425221711, "text": "$AAPL guh.....", "time": 1641851900.0, "sentiment": ""}, {"id": 425221470, "text": "$AAPL CALL me crazy but I\u2019m loaded up on CALLS!", "time": 1641851879.0, "sentiment": "Bullish"}, {"id": 425220886, "text": "$AAPL short on every fucking pump and don\u2019t cover until below $125 next month!!! Puts and call credit spreads.", "time": 1641851817.0, "sentiment": "Bearish"}, {"id": 425220600, "text": "$AAPL Tim Apple said go Brandon to his board of directors. And he miss Trumpy", "time": 1641851790.0, "sentiment": ""}, {"id": 425219876, "text": "$AAPL ER is 1/27 \nBest believe they will CRUSH it", "time": 1641851717.0, "sentiment": "Bullish"}, {"id": 425219530, "text": "$AAPL  \n \nTRENDLINE BROKEN! \n \nIMMEDIATE BUY AAPL", "time": 1641851686.0, "sentiment": ""}, {"id": 425219373, "text": "$AAPL \n\nLets rip faces off", "time": 1641851670.0, "sentiment": ""}, {"id": 425219245, "text": "$aapl Another cup and handle forming ? XD Last one got shorted to hell.", "time": 1641851658.0, "sentiment": ""}, {"id": 425218514, "text": "$AAPL break and hold of $169.04 = test of vwap. long fight ahead.", "time": 1641851589.0, "sentiment": ""}, {"id": 425218423, "text": "$AAPL your absolutely retarded to think this stock is going to crash\u2026. There is absolutely stupid money in apple. This shit isn\u2019t going to tank. 20+ years of outstanding performance. I guarantee this stock is more than double in 8 years\u2026", "time": 1641851581.0, "sentiment": "Bullish"}, {"id": 425218030, "text": "$AAPL \n\n5 day trend very very oversold\n1 mth trend very oversold\n3 mth trend very oversold\n6 mth trend very oversold\n1 yr trend heading to oversold.\n\nAlgo based is out of control!\n\nThis is going to push this stock to 190 to 200 very fast in less than one week!", "time": 1641851544.0, "sentiment": "Bullish"}, {"id": 425217984, "text": "$AAPL come on Apple, that\u2019s enough, I need my $175 on the 14th\ud83d\ude01", "time": 1641851539.0, "sentiment": "Bullish"}, {"id": 425217467, "text": "$AAPL and it was...", "time": 1641851490.0, "sentiment": ""}, {"id": 425217387, "text": "$SPY my 455 Puts hit looking for 454 we should be bullish here $AAPL is hold above 168 \n$FB may see 310 and below", "time": 1641851482.0, "sentiment": ""}, {"id": 425216287, "text": "$aapl they keep doubling down on their short smh", "time": 1641851379.0, "sentiment": ""}, {"id": 425216276, "text": "$AAPL make money either way. Puts are up 66%, and LEAPs are still up 122%. Stay disciplined and stick to your individual plans. Take emotion out of it as much as humanly possible.", "time": 1641851378.0, "sentiment": "Bullish"}, {"id": 425215879, "text": "$AAPL \u2026 there\u2019s not even any bad news\u2026.which tells me this is being manipulated \u2026. Something big may be coming down the pipe in the next few days", "time": 1641851342.0, "sentiment": ""}, {"id": 425215492, "text": "$AAPL 11-Feb-22 170 Calls Traded 2,498 times for $1.5 Million in premium. https://tinyurl.com/y2gbtald", "time": 1641851307.0, "sentiment": ""}, {"id": 425215484, "text": "$SPY $AAPL weeb sheep still buying 185$ calls, what we call complete retardation", "time": 1641851306.0, "sentiment": "Bearish"}]