[{"id": 425300630, "text": "$AAPL BIDEN IS A PUPPET OF THE MARXISTS !!", "time": 1641861951.0, "sentiment": ""}, {"id": 425300384, "text": "$AAPL still can\u2019t list holding long term!! Just enjoy the discount \ud83d\ude03..", "time": 1641861920.0, "sentiment": ""}, {"id": 425300025, "text": "$AAPL hmmmm", "time": 1641861873.0, "sentiment": "Bullish"}, {"id": 425299601, "text": "$AAPL What\u2019s with the insane bullish flow? Was there any news", "time": 1641861814.0, "sentiment": "Bullish"}, {"id": 425299583, "text": "$AAPL give me 173!!!", "time": 1641861813.0, "sentiment": "Bullish"}, {"id": 425299284, "text": "$aapl apple said it paid devs SIXTY fucking BILLION dollars YIKES!", "time": 1641861770.0, "sentiment": "Bullish"}, {"id": 425299135, "text": "$BHG (ignoring splits) Apple $AAPL crashed from a $6.47 peak in May of 2008 to $2.95 in November 2008.", "time": 1641861750.0, "sentiment": "Bullish"}, {"id": 425298868, "text": "$aapl kinda regretting not adding truth be told, but thats human nature i guess", "time": 1641861715.0, "sentiment": ""}, {"id": 425298792, "text": "$AAPL when there\u2019s blood and fear, there is opportunity", "time": 1641861704.0, "sentiment": "Bullish"}, {"id": 425298523, "text": "$AAPL now thats a double u.........", "time": 1641861668.0, "sentiment": ""}, {"id": 425298181, "text": "$AAPL ", "time": 1641861621.0, "sentiment": "Bearish"}, {"id": 425297924, "text": "$AAPL all these  appl Calls ! \ud83d\ude02 let me guess virtual glass releasing sooner then expected? Appl car?", "time": 1641861584.0, "sentiment": "Bullish"}, {"id": 425297897, "text": "$AAPL made a killing last time this thing fell. Loaded 100 182.5 calls for January 21st. Going to make a killing again", "time": 1641861580.0, "sentiment": ""}, {"id": 425297364, "text": "$AAPL if Biden gets hit by a bus this could easily hit $180 this week", "time": 1641861506.0, "sentiment": "Bullish"}, {"id": 425296911, "text": "$AAPL this is an insane bull trap.", "time": 1641861445.0, "sentiment": ""}, {"id": 425296772, "text": "$SPY $AAPL The bullish flow on apple is insane right now \ud83e\udd2f", "time": 1641861426.0, "sentiment": ""}, {"id": 425296724, "text": "Fact : $AAPL App Store has made over $260 billion in its history", "time": 1641861420.0, "sentiment": ""}, {"id": 425296596, "text": "$AAPL it doesn\u2019t bottomed yet. 2 major gaps to fill below.", "time": 1641861403.0, "sentiment": "Bearish"}, {"id": 425296475, "text": "$AAPL is fed talking tomorrow?", "time": 1641861385.0, "sentiment": ""}, {"id": 425296405, "text": "$AAPL \n\nNow the 5 days, 1 mth, 3 mth, 6 mth shows that the trend is about to exit oversold territory heading to overbought territory with expected 30 to 40 dollars price upward!\n\nLet\u2019s go!\n\nThis is very bullish push!", "time": 1641861375.0, "sentiment": "Bullish"}, {"id": 425296393, "text": "$AAPL iccm \ud83d\ude07", "time": 1641861374.0, "sentiment": "Bullish"}, {"id": 425295977, "text": "$DSP buy bottom of cookieless advertisement. 60$ pT 41$ BoA PT $AAPL $TTD $TSLA $BABA", "time": 1641861317.0, "sentiment": "Bullish"}, {"id": 425294605, "text": "$AAPL Jan 21st 170$ Call", "time": 1641861135.0, "sentiment": "Bullish"}, {"id": 425294567, "text": "$AAPL - 172-174 would be nice eod !! Glta !", "time": 1641861131.0, "sentiment": ""}, {"id": 425294390, "text": "$TSLA $msft $aapl $amzn. Amzn 3230; aapl 172.5, msft 315; tesla 1040 close today \ud83d\udd25\ud83d\udd25\ud83d\udd25\ud83d\udd25", "time": 1641861106.0, "sentiment": "Bullish"}, {"id": 425294378, "text": "$AAPL 180 calls tearing me a new asshole but I\u2019m #bullish I\u2019ll just sleep on my stomach", "time": 1641861105.0, "sentiment": "Bullish"}, {"id": 425293357, "text": "There is that 170.83 line in $AAPL", "time": 1641860964.0, "sentiment": ""}, {"id": 425292950, "text": "$AAPL fed talks again tomorrow?", "time": 1641860907.0, "sentiment": ""}, {"id": 425291835, "text": "$AMD \u2197\ufe0f + TSLA \ud83e\udd11\n\u201cFrom our roundtable with @LisaSu, we discussed where RDNA2 is going. Aside from laptops, console, discrete graphics, and enterprise, there&#39;s also embedded and automotive. Lisa confirmed that @Tesla is now using @AMD in the 3 and Y, alongside the S and X.\n&gt;trib.al/7Q87QkB\n\n+ $XLNX  |  $AAPL", "time": 1641860778.0, "sentiment": ""}, {"id": 425291690, "text": "$AAPL nice gains on calls. Congrats who caught the bottom td. Double congrats who covered puts and switched to call at the bottom. More profits to come  @OptionsPlayers", "time": 1641860760.0, "sentiment": "Bullish"}]