[{"id": 425342472, "text": "$AAPL Etrade platform trippin out. Got a 168.83 ask and the chart telling me 170.53", "time": 1641867766.0, "sentiment": ""}, {"id": 425342127, "text": "$AAPL If IG only travel the NASDAQ I would be happy today.", "time": 1641867717.0, "sentiment": ""}, {"id": 425342100, "text": "$AAPL", "time": 1641867711.0, "sentiment": ""}, {"id": 425342098, "text": "$SPY $TSLA $AAPL $FSR \n\nDeltacron on its way \u2026", "time": 1641867711.0, "sentiment": "Bullish"}, {"id": 425342062, "text": "$AAPL creates wealth for other people in the APP STORE\n\nCREATING WEALTH = MORE VALUE", "time": 1641867707.0, "sentiment": ""}, {"id": 425341730, "text": "$AAPL boing?", "time": 1641867657.0, "sentiment": ""}, {"id": 425341119, "text": "$AAPL so when\u2019s that car coming out?", "time": 1641867568.0, "sentiment": "Bearish"}, {"id": 425341012, "text": "$AAPL NEW ARTICLE : FB, AMZN, NVDA, AAPL, COIN: Why Are Tech Stocks Down Today? https://www.stck.pro/news/AAPL/21086356", "time": 1641867553.0, "sentiment": ""}, {"id": 425340814, "text": "@0xDEADBEEF @PELK @Spydemic $SPY yield is the ONLY metric that the wealth world uses. \n  \nPE is useless, 99% of the time PE is higher than the average and those who use PE have failed to build wealth in life. \n \nJust think $AMZN PE has never been low and its been one of the best investments ever. \n \nJust think $AAPL PE was sub 10 for 3 years and Wall St sold fear around the PE being too low. \n \nPE is 100% useless. if you use it you are probably broke.", "time": 1641867526.0, "sentiment": ""}, {"id": 425340178, "text": "$AAPL come on Apple BANKRUPT THESE SHORTS!!", "time": 1641867438.0, "sentiment": "Bullish"}, {"id": 425340145, "text": "$AAPL let\u2019s close flat. I\u2019d call that a win!!", "time": 1641867434.0, "sentiment": "Bullish"}, {"id": 425339957, "text": "$AAPL maybe this week will be in sell off mode  and next week the stocks will climb/jump up again", "time": 1641867409.0, "sentiment": "Bearish"}, {"id": 425339865, "text": "$AAPL What a shity last 75 minutes hope the last 45 are better.", "time": 1641867394.0, "sentiment": ""}, {"id": 425339594, "text": "$AAPL short attack alert still in effect .. watch out", "time": 1641867359.0, "sentiment": "Bullish"}, {"id": 425338919, "text": "$AABB $TSLA $AAPL $MSFT $AMZN Going to be an amazing week! 26 pairs now!", "time": 1641867269.0, "sentiment": "Bullish"}, {"id": 425338650, "text": "$AAPL Apple needs to put out an announcement that send this skyrocketing north and F\u2019s all these shorts!!!", "time": 1641867230.0, "sentiment": "Bullish"}, {"id": 425338600, "text": "$BA $BTC.X $XL $RIDE $AAPL https://twitter.com/AlbertoFNeumann/status/1480631655975038986", "time": 1641867222.0, "sentiment": "Bullish"}, {"id": 425337131, "text": "$AAPL Its almost at rock bottom $167-169. Maybe tomorrow is best to enter. If you\u2019re holding, you still good. Hold on for one more day!!", "time": 1641867006.0, "sentiment": "Bearish"}, {"id": 425336668, "text": "$AAPL come on now", "time": 1641866939.0, "sentiment": "Bullish"}, {"id": 425336578, "text": "Some top tech sector flow coming in above ask:\n\n$AMD - $2.7M put sweep\n$NVDA - $2M call sweep\n$AAPL - $928K call sweep", "time": 1641866925.0, "sentiment": ""}, {"id": 425335765, "text": "$AAPL $160. $140, $123. You lose bulls", "time": 1641866808.0, "sentiment": "Bearish"}, {"id": 425335341, "text": "$FB, $AMZN, $NVDA, $AAPL, $COIN: Why Are Tech Stocks Down Today? https://investorplace.com/2022/01/fb-amzn-nvda-aapl-coin-why-are-tech-stocks-down-today/", "time": 1641866748.0, "sentiment": ""}, {"id": 425331218, "text": "$TSLA $SPY $FB $AAPL WE ARE GETTING A TASTE OF HOW REAL\nMARKETS WILL LOOK LIKE. It has been one way for last 2 yrs and false interpretation by newbie experts . I cannot wait 1st rate increase and then 2nd.. to have a REAL market. Not 20% up every other day/week.", "time": 1641866162.0, "sentiment": ""}, {"id": 425330447, "text": "$AAPL POOF your rally is gone!", "time": 1641866049.0, "sentiment": "Bearish"}, {"id": 425330060, "text": "$AMD mhmm $SNIPF $AAPL", "time": 1641865992.0, "sentiment": "Bullish"}, {"id": 425329566, "text": "$SPY $TSLA $RCL $DAL $AAPL yuggge bull trap. We are at denial phase &quot;Complacency&quot;", "time": 1641865922.0, "sentiment": ""}, {"id": 425329069, "text": "$AAPL probably go down to $140 to piss you off", "time": 1641865847.0, "sentiment": ""}, {"id": 425329026, "text": "$AAPL guys. No brainer along with all non speculative tech.", "time": 1641865842.0, "sentiment": "Bullish"}, {"id": 425328980, "text": "$AAPL forming the shoulder now on 5-min chart. Going back down to $168-169 ranger", "time": 1641865835.0, "sentiment": "Bearish"}, {"id": 425328591, "text": "$SPY Uber is going to keep losing customers because they won&#39;t pay their drivers $AAPL $UBER $QQQ", "time": 1641865776.0, "sentiment": ""}]