[{"id": 425328096, "text": "$AAPL \n\nLets get a face ripper to $180.  Piss some folks off", "time": 1641865703.0, "sentiment": ""}, {"id": 425327084, "text": "$FB $AAPL $SPY Power hour going to be interesting", "time": 1641865550.0, "sentiment": ""}, {"id": 425326709, "text": "$AMD $AAPL $MSFT $NET Tom Lee says tech sell off is overdone", "time": 1641865497.0, "sentiment": "Bullish"}, {"id": 425326674, "text": "$AAPL \n\nPlease watch the short attack ..\n\nRemember this is still oversold stock \u2026 always buy the dip til it will overshoot upward anytime.", "time": 1641865492.0, "sentiment": "Bullish"}, {"id": 425326597, "text": "$SPY $AAPL looks like a bull trap to me.", "time": 1641865481.0, "sentiment": "Bearish"}, {"id": 425326307, "text": "$AAPL scoop it up while you can buy cheap", "time": 1641865440.0, "sentiment": "Bullish"}, {"id": 425325916, "text": "$ATVI Stuck at a bargain basement price, surprised $NVDA, $AAPL, $MSFT, $NFLX or another major player hasn\u2019t acquired $ATVI.", "time": 1641865388.0, "sentiment": "Bullish"}, {"id": 425325298, "text": "$AAPL 180 in no time! New models, he\u2019ll, we could have an EXTREMELY legendary earnings come Jan 27 against all odds! They know what they\u2019re doing!", "time": 1641865303.0, "sentiment": "Bullish"}, {"id": 425325094, "text": "That 170.83 is a magnet on $AAPL", "time": 1641865277.0, "sentiment": ""}, {"id": 425324940, "text": "@BigBod $TSLA PE ratio 333 $AAPL PE ratio 30 - the fall of Tesla will be much steeper! it\u2019s Wallstreets darling and hopelessly overpriced. I\u2019d never buy it at those levels and so far not much competition, but this will change in the years to come and so will the share price!\ud83d\ude09\ud83d\udcc9", "time": 1641865255.0, "sentiment": ""}, {"id": 425324825, "text": "$AAPL", "time": 1641865240.0, "sentiment": "Bullish"}, {"id": 425324816, "text": "$AAPL 180", "time": 1641865239.0, "sentiment": "Bullish"}, {"id": 425324394, "text": "  #Metaverse $META $FB $AAPL $ROKU  \n \nSeparately on Monday, Apple (AAPL) said that it has paid developers more than $260 billion since the invention of the App Store in 20078, up from $200 billion it reported last year. Additionally, it said it has more than 745 million paid subscriptions, while the App Store had a set a record for digital goods and services sales in 2021, aided by double digit revenue growth from App Store between Christmas Eve and New Year\u2019s Eve. \n \nThe Apple (AAPL) headset could have the same computing power as a Mac and would be independent of an iPhone, which would be a change from the first version of the Apple Watch. \n \nAlthough Apple&#39;s (AAPL) AR/VR headset could be unveiled in the second half of this year, the tech giant is already working on the second-version of the device, which could be unveiled as soon as 2024. \n \nhttps://seekingalpha.com/news/3786774-apples-upcoming-arvr-headset-designed-for-shorter-sessions-not-an-all-day-device", "time": 1641865184.0, "sentiment": ""}, {"id": 425324109, "text": "$AAPL NEW ARTICLE : When is the next Apple event? The iPhone SE 3 could be coming soon https://www.stck.pro/news/AAPL/21084609", "time": 1641865146.0, "sentiment": ""}, {"id": 425324045, "text": " #Metaverse $META $FB $AAPL $ROKU  \n \nApple is widely expected to launch an AR/VR headset later this year, but it&#39;s not expected to be tied to the metaverse, as it is likely to be used for shorter sessions of gaming and content consumption, Bloomberg reports. \n \nAccording to Bloomberg reporter Mark Gurman, Apple&#39;s (AAPL) headwear, which could be released in the second-half of the year, is likely to be used for \u201cbursts of gaming, communication, and content consumption.\u201d \n \nUnlike Meta Platforms and others, which have focused on the metaverse, Gurman said he was &quot;told pretty directly that the idea of a completely virtual world where users can escape to \u2014 like they can in Meta Platforms/Facebook\u2019s vision of the future \u2014 is off limits from Apple.\u201d \n \nThe world&#39;s largest company, at just under $3 trillion in market cap, has been giving some of its top engineers working on AR up to $180,000 in stock options to keep them from defecting to competitors, such as Meta&#39;s Facebook.", "time": 1641865133.0, "sentiment": ""}, {"id": 425324016, "text": "$AAPL WHY CAN&#39;T THIS THING GOES GREENNNN ALREADY????", "time": 1641865130.0, "sentiment": ""}, {"id": 425323570, "text": "$AAPL ARE YOU SERIOUSLY GOING TO FUCKING UNDERPERFORM THE MARKETS ???", "time": 1641865067.0, "sentiment": ""}, {"id": 425323427, "text": "Not sure I\u2019ve ever seen a daily turnaround like this before. My mind is blown $SPY $TSLA $AAPL", "time": 1641865052.0, "sentiment": ""}, {"id": 425322581, "text": "$AAPL \nHi I\u2019m looking to invest 2k in somewhere for 4-5 years and was told by a few people that apple could potentially be a good option. Any suggestions?", "time": 1641864943.0, "sentiment": "Bullish"}, {"id": 425322350, "text": "$AAPL", "time": 1641864916.0, "sentiment": "Bullish"}, {"id": 425321533, "text": "$DSP will run 100% pm soon $TSLA $AAPL $TTD $PUBM", "time": 1641864804.0, "sentiment": "Bullish"}, {"id": 425320732, "text": "$AAPL call sweep $200s lol", "time": 1641864700.0, "sentiment": ""}, {"id": 425320717, "text": "$AAPL i think next leg up is coming. Need the ema20 above sma200", "time": 1641864698.0, "sentiment": "Bullish"}, {"id": 425320160, "text": "$AAPL Today majority of the shorting / selling happened @ 169. So todays shorts should be underwater. Now we need to get yesterdays shorts @ 172. Hopefully they had the infinite wisdom to close at 168.2 today.", "time": 1641864621.0, "sentiment": "Bullish"}, {"id": 425320038, "text": "$AAPL why they are still keeping it down .. time to 175$ and 180$ by weekend", "time": 1641864606.0, "sentiment": ""}, {"id": 425320034, "text": "$AAPL eyeing the 21 EMA around 174. Let\u2019s get back there!!", "time": 1641864606.0, "sentiment": "Bullish"}, {"id": 425319909, "text": "$AAPL stupid Tesla is green but we\u2019re not. Bullshit. Can\u2019t stand that stock.", "time": 1641864589.0, "sentiment": ""}, {"id": 425319700, "text": "$AAPL new demand zone officially formed", "time": 1641864561.0, "sentiment": ""}, {"id": 425319518, "text": "$AAPL $TSLA $AMD $NVDA - Recovery time and lets end in GRREEN!", "time": 1641864533.0, "sentiment": "Bullish"}, {"id": 425319394, "text": "$aapl a close above 172.2 is all that matters tbh. It bounced off the bol band, never really goes below it, had a good multi $ bounce from the lows, and i d say a close above $171 will give it some legs for Earnings.", "time": 1641864517.0, "sentiment": "Bullish"}]