[{"id": 425385996, "text": "$AAPL today &amp; tomorrow don&#39;t matter as CPI figures out on Wednesday.", "time": 1641873649.0, "sentiment": "Bullish"}, {"id": 425385913, "text": "$HIMX If Himax gets tied to even one big name $AAPL $GOOG $MSFT $FB directly for their next-gen AR glasses the stock will skyrocket", "time": 1641873634.0, "sentiment": ""}, {"id": 425385785, "text": "$AAPL 160P Exp:21-Oct-22 --  \ud83d\udd25 Total(Day): $25,700 \n#UnusualActivity \n \n \nSign-up free for beta ver.:https://app.jarvisalerts.com \ncharts: courtesy of finviz", "time": 1641873614.0, "sentiment": ""}, {"id": 425385756, "text": "$AAPL 180C Exp:21-Jan-22 --  \ud83d\ude80 Total(Day): $28,050 \n$AAPL 180C Exp:18-Feb-22 \u2191\u2191  \ud83d\ude80 Total(Day): $28,800 \n$AAPL 120P Exp:19-Jan-24 \u2193  \ud83d\udd25 Total(Day): $27,300 \n#UnusualActivity \n \n \nSign-up free for beta ver.:https://app.jarvisalerts.com \ncharts: courtesy of finviz", "time": 1641873611.0, "sentiment": ""}, {"id": 425385719, "text": "$AAPL 172.5C Exp:14-Jan-22 --  \ud83d\ude80 &lt;R&gt; Total(Day): $227,774 \n$AAPL 175C Exp:14-Jan-22 --  \ud83d\ude80 &lt;R&gt; Total(Day): $280,119 \n$AAPL 177.5C Exp:14-Jan-22 \u2191  \ud83d\ude80 Total(Day): $46,500 \n#UnusualActivity \n \n \nSign-up free for beta ver.:https://app.jarvisalerts.com \ncharts: courtesy of finviz", "time": 1641873607.0, "sentiment": ""}, {"id": 425385286, "text": "$AAPL The only ones more mad about not buying today\u2019s dip are those who sold at today\u2019s lows. Oh and bears, I guess. \ud83d\ude02", "time": 1641873525.0, "sentiment": ""}, {"id": 425385177, "text": "Road to $3 trillion $AAPL", "time": 1641873507.0, "sentiment": ""}, {"id": 425384707, "text": "$QQQ $AAPL $TSLA $VIX $SPY  Bears don&#39;t learn$IRNT", "time": 1641873421.0, "sentiment": ""}, {"id": 425384347, "text": "$AAPL  to the bears \ud83d\ude1c\ud83d\ude02", "time": 1641873355.0, "sentiment": "Bullish"}, {"id": 425384147, "text": "$QQQ $AAPL $TSLA $AMD You see what im seeing boys. Let&#39;s give bears a second thought about keeping shorts overnight.", "time": 1641873316.0, "sentiment": "Bullish"}, {"id": 425383845, "text": "$AAPL  4:53 PM, EST \n \n$172.54 \n+$0.35 (0.20%) \n \nBid  ARCX \n172.48 x 1 \nAsk  ARCX \n172.57 x 5 \n \nVolume \n104,518,609", "time": 1641873267.0, "sentiment": "Bullish"}, {"id": 425383430, "text": "$RH got in at 475 today long hold $BAC $GS $AAPL", "time": 1641873196.0, "sentiment": "Bullish"}, {"id": 425383426, "text": "$AAPL and there you have it positive articles flow in, now on TD AMERITRADE\u2026", "time": 1641873195.0, "sentiment": "Bullish"}, {"id": 425383407, "text": "$SPY $FB $AAPL $LAC \nBullish hammer coming out of a downtrend", "time": 1641873192.0, "sentiment": "Bullish"}, {"id": 425383098, "text": "$AAPL AAPL has hit bottom, $168.17. This took 5 days. Now AAPL is retracing back to $182.94. I wonder how long that will take.", "time": 1641873136.0, "sentiment": "Bullish"}, {"id": 425382354, "text": "$SPY $AAPL and $TSLA had nearly $100 Billion swings in 4 hours.  Completely rational.", "time": 1641873013.0, "sentiment": ""}, {"id": 425382273, "text": "$AAPL the last big one day gain \ud83c\udf4f made was $25.00 bucks!!  CAN IT HAPPEN AGAIN??", "time": 1641873000.0, "sentiment": "Bullish"}, {"id": 425381962, "text": "$AAPL bulls always win at the end of the day believe it!!", "time": 1641872952.0, "sentiment": "Bullish"}, {"id": 425381944, "text": "$AAPL heck of a lot of buying going on AH, shorts are F\u2019d", "time": 1641872948.0, "sentiment": "Bullish"}, {"id": 425381540, "text": "$AAPL | Apple In Serious Talks With MLB To Broadcast Games - NYP https://nypost.com/2022/01/10/apple-in-serious-talks-with-mlb-to-broadcast-games/", "time": 1641872885.0, "sentiment": ""}, {"id": 425381124, "text": "$AAPL $QQQ $AMD $TSLA I\u2019ve been saying that all along. There have always been higher interest rates and tech has kicked ass. We\u2019ve been living in a fantasy land for almost two years. I\u2019ve had mortgage rates of 16%. We are just getting back to normal. By the way, value stocks can\u2019t thrive without tech.", "time": 1641872814.0, "sentiment": ""}, {"id": 425380638, "text": "$AAPL watch the big boys take all profits and open 169 tomorrow.", "time": 1641872730.0, "sentiment": ""}, {"id": 425380217, "text": "$AAPL", "time": 1641872656.0, "sentiment": "Bullish"}, {"id": 425380115, "text": "$AAPL $QQQ $AMD $TSLA Who cares about Fed rate-hikes. Over the last 3 decades of hiking rates period, Tech still outperforms. Now is the perfect time to BUY THE DIP ! All this sell-off is just panic selling and pricing in 4 rate hikes and balance sheet this year. This means any worse news about inflation, market already priced in. On the other hand, if CPI is below expected, market will rally like no tomorrow. Market swings fast just like today. People that sell at dips, well don&#39;t expect to ride any gains lol.", "time": 1641872639.0, "sentiment": "Bullish"}, {"id": 425378623, "text": "$AAPL and she continues to rise AH, again Gap north tomorrow", "time": 1641872384.0, "sentiment": "Bullish"}, {"id": 425377288, "text": "5-Day Equity Sentiment Recap: $AAPL is the #1 stock that institutions are trading over rolling 5 day window with 480.7K options contracts.\n\nMarket analysis included in screenshot of dashboard from http://insiderfinance.io.", "time": 1641872165.0, "sentiment": ""}, {"id": 425376613, "text": "$AAPL $VIX  $SPY  $TSLA  and just like that, everyone&#39;s bullish again", "time": 1641872064.0, "sentiment": "Bearish"}, {"id": 425376583, "text": "$AAPL bulls can thank Jamie dimon for today.  Tomorrows another story.", "time": 1641872059.0, "sentiment": "Bearish"}, {"id": 425376418, "text": "$AAPL $F  \n \nWill Apple be eventually using the vast Ford manufacturing Platforms for its future car/suv/truck plans?? \n \nFord Rumor mill? \n \nApple should just buy it for $33.00 and build all EV&#39;s and merge planes with Farley.", "time": 1641872036.0, "sentiment": "Bullish"}, {"id": 425375369, "text": "$AAPL after all the shorting over the last several days, the inevitable SQUEEZE is going to be so much FUN!!", "time": 1641871887.0, "sentiment": "Bullish"}]