[{"id": 425361785, "text": "$AAPL $SPY $TSLA $MSFT $NVDA HOLY SMOKES crazy bounce plays today! killed AAPL/SPY bounce on those dips", "time": 1641870167.0, "sentiment": ""}, {"id": 425361698, "text": "$MSFT $AAPL $FB $AMZN today marks the bottom\u2026 and rotation back to stable tech\u2026 its distribution time in cyclicals and financials \u2026 they have topped! Check their charts for 2018-2019\n\nMade good some on msft day trade! Love this stock!", "time": 1641870158.0, "sentiment": "Bullish"}, {"id": 425361690, "text": "$AAPL $300 in 2024", "time": 1641870157.0, "sentiment": "Bullish"}, {"id": 425361433, "text": "$AAPL YOUNG BLOOD STRIKES BACK!", "time": 1641870131.0, "sentiment": "Bullish"}, {"id": 425361064, "text": "$AAPL Lets get $180 before earnings \ud83d\udc40", "time": 1641870099.0, "sentiment": "Bullish"}, {"id": 425360967, "text": "$AAPL we close green \ud83d\ude02! Who\u2019s the noob that short/puts while stocks was already down?! Always load up when stock drop..", "time": 1641870091.0, "sentiment": "Bullish"}, {"id": 425360857, "text": "$AAPL ready for 200 \u2705\u2705\ud83c\udf4f\ud83c\udf4f patience", "time": 1641870082.0, "sentiment": "Bullish"}, {"id": 425360849, "text": "Block and PayPal - Ostensibly Bottomed &gt; https://tinyurl.com/5n6fd7xt\n\n$SQ $PYPL $COIN $AAPL #stocks #Block #PayPal #Coinbase #Affirm #Venmo #CashApp #investing #crypto #Apple #blockchain", "time": 1641870080.0, "sentiment": ""}, {"id": 425360805, "text": "$AAPL let\u2019s go!! Way to bounce back!! \ud83e\udd24\ud83e\udd24\ud83e\udd11\ud83e\udd11\ud83d\udcaa\ud83c\udffd\ud83d\udc4a\ud83c\udffc", "time": 1641870076.0, "sentiment": "Bullish"}, {"id": 425360715, "text": "$AAPL \n\nTold you - you don\u2019t need to be fearful ..\n\nSee this is very very impressive push!", "time": 1641870069.0, "sentiment": "Bullish"}, {"id": 425360388, "text": "$AAPL Wow! What a way to end the day. See you all tomorrow.", "time": 1641870041.0, "sentiment": "Bullish"}, {"id": 425360348, "text": "$AAPL See you at 175", "time": 1641870038.0, "sentiment": "Bullish"}, {"id": 425360326, "text": "$AAPL lol should have held my calls for 30\nExtra minutes what a finish!! Tomorrow 175", "time": 1641870037.0, "sentiment": "Bullish"}, {"id": 425360134, "text": "$AAPL it\u2019s fair to say that this week should be good for aapl", "time": 1641870021.0, "sentiment": ""}, {"id": 425360096, "text": "$AAPL $240 this year?", "time": 1641870016.0, "sentiment": ""}, {"id": 425360090, "text": "$AAPL  thanks bears", "time": 1641870015.0, "sentiment": "Bullish"}, {"id": 425359959, "text": "$AAPL 173.50 next level baby!! BTFD!", "time": 1641870004.0, "sentiment": ""}, {"id": 425359815, "text": "$AAPL \n\nRipping faces baby", "time": 1641869991.0, "sentiment": "Bullish"}, {"id": 425359780, "text": "$AAPL cover while you can, tomorrow a ripper", "time": 1641869987.0, "sentiment": "Bullish"}, {"id": 425359738, "text": "$AAPL wow thought it was gonna close red and tomorrow green. It proved me wrong damn", "time": 1641869983.0, "sentiment": "Bullish"}, {"id": 425359715, "text": "$AAPL bullish AF", "time": 1641869980.0, "sentiment": "Bullish"}, {"id": 425359697, "text": "$AAPL THERE IS A GOD AND HE LISTENS TO MY PRAYERS WOOOO", "time": 1641869978.0, "sentiment": "Bullish"}, {"id": 425359680, "text": "$AAPL The goal is 185", "time": 1641869977.0, "sentiment": "Bullish"}, {"id": 425359670, "text": "$AAPL good job apple!", "time": 1641869976.0, "sentiment": "Bullish"}, {"id": 425359642, "text": "$AAPL ", "time": 1641869973.0, "sentiment": "Bullish"}, {"id": 425359636, "text": "$AAPL $MSFT $GOOG Green on the day!!\nAlong with $QQQ. An amazing reversal that not a lot of people expected.", "time": 1641869973.0, "sentiment": ""}, {"id": 425359581, "text": "$AAPL   \ud83c\udf4f\ud83d\ude0e\ud83d\udc4d", "time": 1641869967.0, "sentiment": "Bullish"}, {"id": 425359556, "text": "$AAPL wow major rug pull on bears today\u2026paper hands got scammed big time today", "time": 1641869964.0, "sentiment": ""}, {"id": 425359529, "text": "$AAPL ok close now", "time": 1641869961.0, "sentiment": ""}, {"id": 425359501, "text": "$AAPL GREEEEEEEEEEN", "time": 1641869959.0, "sentiment": "Bullish"}]