[{"id": 425359362, "text": "@Reese14 @AlwysHld $AAPL - and if u have another bad day  &gt;  https://charts.stocktwits.com/production/original_424761857.gif", "time": 1641869945.0, "sentiment": ""}, {"id": 425359297, "text": "$TSLA $SPY $QQQ $AAPL \n\nSeeing a lot of pumpers celebrating across the board to me this is a BIG red flag especially right before powell speaks tomorrow, this looks like distribution before the dump. Added puts before the close.", "time": 1641869937.0, "sentiment": "Bearish"}, {"id": 425359186, "text": "$AAPL Green baby Green BOOM", "time": 1641869924.0, "sentiment": "Bullish"}, {"id": 425358779, "text": "$AAPL has an average volume of 96877000. This is a good sign as it is always nice to have a liquid stock. https://www.chartmill.com/stock/quote/AAPL/technical-analysis?key=bb853040-a4ac-41c6-b549-d218d2f21b32&amp;utm_source=stocktwits&amp;utm_medium=TA&amp;utm_content=AAPL&amp;utm_campaign=social_tracking", "time": 1641869880.0, "sentiment": ""}, {"id": 425358561, "text": "$AAPL green by close", "time": 1641869859.0, "sentiment": "Bullish"}, {"id": 425358356, "text": "$AAPL entire day was a buying opportunity", "time": 1641869836.0, "sentiment": ""}, {"id": 425358204, "text": "$AAPL holy sh!t, we&#39;re going to finish green!", "time": 1641869820.0, "sentiment": "Bullish"}, {"id": 425358047, "text": "$AAPL   \ud83c\udf4f \u201c\ud83d\udc10\u201d.", "time": 1641869805.0, "sentiment": "Bullish"}, {"id": 425357835, "text": "$AAPL \n\nLets crack skulls baby!!!", "time": 1641869785.0, "sentiment": ""}, {"id": 425357646, "text": "$AAPL boo ya jim", "time": 1641869766.0, "sentiment": "Bullish"}, {"id": 425357397, "text": "$AAPL over 172 this goes crazy", "time": 1641869741.0, "sentiment": ""}, {"id": 425357317, "text": "$AAPL muahahaha", "time": 1641869734.0, "sentiment": ""}, {"id": 425357281, "text": "$AAPL MONSTER CANDLE I WAS RIGHT HAAAAAAAAAA", "time": 1641869730.0, "sentiment": "Bullish"}, {"id": 425357011, "text": "$AAPL looks like she really wants to go GREEN!", "time": 1641869703.0, "sentiment": "Bullish"}, {"id": 425356640, "text": "$aapl the $167.5 puts i shorted are now 2% cheaper compared to yesterday lmaoooo, even with a 60 cent drop.", "time": 1641869660.0, "sentiment": "Bullish"}, {"id": 425356517, "text": "$AAPL Yet another day of market insanity before this returns back up to where it surely belongs, circa $180, at least.", "time": 1641869644.0, "sentiment": "Bullish"}, {"id": 425356002, "text": "$AAPL will the senate confirm Powell for another 4 years tomorrow during the confirmation hearings", "time": 1641869584.0, "sentiment": "Bullish"}, {"id": 425355916, "text": "$AAPL loaded 25 more 182.5 calls on that afternoon dip. Thanks shorties", "time": 1641869574.0, "sentiment": ""}, {"id": 425355879, "text": "$AAPL 165 tomorrow", "time": 1641869571.0, "sentiment": ""}, {"id": 425354811, "text": "Top Bullish Flow Today : \n\n$TSLA $AAPL $AFRM $MSFT $VIX \n\n\ud83e\udd16\ud83d\udcc8", "time": 1641869447.0, "sentiment": "Bullish"}, {"id": 425354595, "text": "$AAPL omg was about to re add. Well i am relieved tho it went right back up", "time": 1641869420.0, "sentiment": ""}, {"id": 425354471, "text": "$AAPL ER is it set for Jan 27", "time": 1641869407.0, "sentiment": ""}, {"id": 425353915, "text": "Top Bearish Flow Today : \n\n$AMD $AAPL $TSLA $NVDA $AMZN", "time": 1641869337.0, "sentiment": ""}, {"id": 425353896, "text": "Shorts got burned today!! $SPY $AAPL $TSLA", "time": 1641869335.0, "sentiment": ""}, {"id": 425353571, "text": "$XLV The sector should be bouncing this week in three waves before more downside happens. Here is the latest 1 Hour chart to members at https://elliottwave-forecast.com/, shwoing the idea. #elliottwave #trading $AAPL $AMZN $FB", "time": 1641869294.0, "sentiment": ""}, {"id": 425353555, "text": "$AAPL let\u2019s go baby", "time": 1641869292.0, "sentiment": "Bullish"}, {"id": 425353018, "text": "$AAPL added calls. said fuck it.", "time": 1641869227.0, "sentiment": "Bullish"}, {"id": 425352340, "text": "$AAPL  $200\ud83d\ude80\ud83e\udd11", "time": 1641869151.0, "sentiment": ""}, {"id": 425352319, "text": "$DSP no fake penny trash pump. Check analyst PTs. Cookie less ad tech. Bottom is in. $AAPL $PUBM $TTD", "time": 1641869148.0, "sentiment": "Bullish"}, {"id": 425351472, "text": "$AAPL macd and stochasticSlow cross!  Expect a run higher tomrrow , watch and learn bears ! Don\u2019t say I didn\u2019t warn u..", "time": 1641869039.0, "sentiment": "Bullish"}]