[{"id": 425306163, "text": "$AAPL this run is out of gas", "time": 1641862693.0, "sentiment": "Bearish"}, {"id": 425306115, "text": "$AAPL anyone think will have a green day tomorrow?", "time": 1641862686.0, "sentiment": ""}, {"id": 425306024, "text": "$AAPL Bought more at $169.", "time": 1641862673.0, "sentiment": "Bullish"}, {"id": 425305890, "text": "$AAPL       \ud83c\udf4f\ud83d\ude0e   Better\u2026.", "time": 1641862657.0, "sentiment": ""}, {"id": 425305800, "text": "$AAPL bull trap", "time": 1641862646.0, "sentiment": "Bearish"}, {"id": 425305696, "text": "$QQQ $SPY $AAPL $MSFT $GOOGL", "time": 1641862632.0, "sentiment": "Bullish"}, {"id": 425305597, "text": "The industry average Profit Margin is 6.11%. $AAPL outperforms 94% of its industry peers. https://www.chartmill.com/stock/analyzer/stock/AAPL?view=fundamental-analysis&amp;key=bb853040-a4ac-41c6-b549-d218d2f21b32&amp;utm_source=stocktwits&amp;utm_medium=FA&amp;utm_content=AAPL&amp;utm_campaign=social_tracking", "time": 1641862620.0, "sentiment": ""}, {"id": 425305569, "text": "$AAPL I want 180 eow \ud83d\ude18\ud83e\udd11\ud83d\ude80", "time": 1641862617.0, "sentiment": ""}, {"id": 425305100, "text": "$TSLA What&#39;s this about elon wanting out $AAPL", "time": 1641862553.0, "sentiment": ""}, {"id": 425304933, "text": "$AAPL on CNBC reports one Analysts already said APPLE ER Gonna be stellar as demand for all iPhone and its services were Grand !!\nIf you need to read it, check it out on CNBC PRO first page!!", "time": 1641862530.0, "sentiment": "Bullish"}, {"id": 425304889, "text": "$AAPL what time fed speech?", "time": 1641862523.0, "sentiment": ""}, {"id": 425304416, "text": "$AAPL jeeeeeeeez", "time": 1641862463.0, "sentiment": "Bullish"}, {"id": 425304077, "text": "$AAPL cdc says anyone who short big tech will get 2 extra jabs!!  Stop it.", "time": 1641862423.0, "sentiment": "Bullish"}, {"id": 425304058, "text": "$AAPL \n\nNow the puts are losing even more due to algo triggered buy side til it&#39;s overbought at PT 210 \n\nThis is looking good for call side.\n\nLet&#39;s go!", "time": 1641862420.0, "sentiment": "Bullish"}, {"id": 425303950, "text": "$AAPL after we break 172 we go to 175-180 quick", "time": 1641862407.0, "sentiment": "Bullish"}, {"id": 425303471, "text": "$AAPL This thing is a monster", "time": 1641862347.0, "sentiment": "Bullish"}, {"id": 425303388, "text": "$AAPL next break over 171.72", "time": 1641862335.0, "sentiment": ""}, {"id": 425303329, "text": "$AAPL Boss\u2026with my $500 purchase \ud83e\udd23", "time": 1641862326.0, "sentiment": "Bullish"}, {"id": 425303230, "text": "They Don&#39;t Always Ring a Bell at the Top $AAPL Also $QQQ $NDX $VIX $VXN https://talkmarkets.com/content/stocks--equities/they-dont-always-ring-a-bell-at-the-top?post=340731", "time": 1641862314.0, "sentiment": ""}, {"id": 425302950, "text": "$AAPL it\u2019s about go green! I triple down this morning!!", "time": 1641862275.0, "sentiment": "Bullish"}, {"id": 425302847, "text": "$AAPL CAlls up 50% . Thank you sellers", "time": 1641862262.0, "sentiment": "Bullish"}, {"id": 425302393, "text": "$AAPL 20-May-22 170 Puts Traded 9,999 Times for $11.8 Million in Premium. https://tinyurl.com/y5onp9oo", "time": 1641862202.0, "sentiment": ""}, {"id": 425302265, "text": "$AAPL Kolanovic and co must have went long just before he put that statement out. This is going to run up the markets for days.", "time": 1641862184.0, "sentiment": ""}, {"id": 425302066, "text": "$AAPL omg almost 80% gain on calls, go green dammit", "time": 1641862157.0, "sentiment": ""}, {"id": 425302001, "text": "$AAPL Big Tech stocks will benefit from metaverse and crypto but Apple least likely to grow, analyst says https://www.cnbc.com/2022/01/10/metaverse-crypto-and-quantum-will-benefit-big-tech-analyst-says.html?__source=iosappshare%7Ccom.apple.UIKit.activity.CopyToPasteboard\n\ud83e\udd23\ud83e\udd23\ud83e\udd23\ud83e\udd23\ud83e\udd23\ud83e\udd23\ud83e\udd23\ud83d\ude97\ud83d\ude97\ud83d\ude97\ud83d\ude97\ud83d\ude97\ud83d\udef0\ud83d\udef0\ud83d\udef0\ud83d\udef0\ud83d\udef0\ud83c\udf4e\ud83c\udf4e\ud83c\udf4ewhat an idiot", "time": 1641862147.0, "sentiment": "Bullish"}, {"id": 425301852, "text": "$SPY when big money is selling atm $aapl $qqq puts and buying otm $aapl $qqq calls you know what time it is", "time": 1641862128.0, "sentiment": "Bullish"}, {"id": 425301719, "text": "Break above 170.83. Be careful on ths short side. $AAPL", "time": 1641862107.0, "sentiment": ""}, {"id": 425301654, "text": "$AAPL  \ud83c\udf4f  WallSt/Mkt Exchanges with their \u201cVolatility Correcting Algos\u201d, can \u201ccontrol trade action\u201d, but only to a point.  \u201cSudden Bursts in Volume Buying, can trump a Volatile Algo\u201d.  There exist, a \u201cnarrow period of trade action timing\u201d, between when a \u201cMkt bottom is determined &amp; when a Mkt recovery commences\u201d.  That \u201cnarrow window\u201d, has given way to the expression, \u201cyou can\u2019t time the Mkt\u201d.  But, as we all know\u2026WallSt has figured out how to get around this:  WallSt, \u201cPositions ahead of the Mkt Bottom\u201d.  Today, WallSt is nervous.  Tomorrow, Fed Chr Powell will be testifying before Congress.  Might Powell \u201ccalm the Mkts\u201d?  WallSt has positioned this period of \u201cMkt Revaluation\u201d, on very Hawkish Fed Policy.  What if Powell, softens the narrative?  WallSt, will want to be positioned for a positive Mkt Response.  Quietly, today\u2026they are Buying Best of Breed.  AAPL\u2026.", "time": 1641862098.0, "sentiment": "Bullish"}, {"id": 425301316, "text": "$AAPL NEW ARTICLE : Options Traders Circle Apple Stock After Market-Cap Milestone https://www.stck.pro/news/AAPL/21082210", "time": 1641862049.0, "sentiment": ""}, {"id": 425300657, "text": "$AAPL panic selling in the morning, regret in the afternoon. Nothing\u2019s changed here. What say you?", "time": 1641861955.0, "sentiment": "Bullish"}]