[{"id": 425407914, "text": "$AAPL https://www.bloomberg.com/news/articles/2022-01-10/bottom-fishers-save-nasdaq-from-five-day-rout-in-frantic-close", "time": 1641878337.0, "sentiment": "Bullish"}, {"id": 425407643, "text": "$AAPL \ud83d\udd25\ud83d\udd25\ud83d\udd25\ud83d\udd25\ud83d\udd25\ud83d\udd25\ud83d\udd25\ud83d\udd25\ud83d\udd25\n\nhttps://www.bloomberg.com/news/articles/2022-01-10/bottom-fishers-save-nasdaq-from-five-day-rout-in-frantic-close", "time": 1641878268.0, "sentiment": "Bullish"}, {"id": 425407506, "text": "$AAPL reviewing our new indicator on the 1 hour chart, looking for same candle reversals. got 2 winners today.", "time": 1641878231.0, "sentiment": ""}, {"id": 425407215, "text": "$AAPL Ready for a bullish week!\n\nhttps://www.bloomberg.com/news/articles/2022-01-10/bottom-fishers-save-nasdaq-from-five-day-rout-in-frantic-close", "time": 1641878161.0, "sentiment": "Bullish"}, {"id": 425407077, "text": "$AAPL reversal time \ud83d\ude08 \n\nhttps://www.wsj.com/amp/articles/global-stock-markets-dow-update-01-10-2022-11641804091", "time": 1641878127.0, "sentiment": "Bullish"}, {"id": 425406889, "text": "$AAPL the majority of family friends and coworkers I know are all lifetime Apple users, and earnings are going to beat expectations, this is a buy and hold opportunity", "time": 1641878077.0, "sentiment": "Bullish"}, {"id": 425406696, "text": "$AAPL https://www.benzinga.com/node/24981236", "time": 1641878027.0, "sentiment": "Bullish"}, {"id": 425404296, "text": "$AMD $NVDA $AAPL $MSFT $SPY SO no one thinking this was just a dead cat bounce, and once Powell starts yacking it&#39;ll tank again ?", "time": 1641877450.0, "sentiment": ""}, {"id": 425404076, "text": "$AAPL wrong answers only: Let\u2019s guess what the earning reaction will be for AAPL", "time": 1641877392.0, "sentiment": ""}, {"id": 425403907, "text": "Watching my stocks go back up a little bit at the end of the end after an ass whooping for a whole week straight. $AMZN $AAPL $TSLA $BTC.X $DOGE.X", "time": 1641877350.0, "sentiment": "Bullish"}, {"id": 425403777, "text": "$AAPL was analyzed by 49 analysts. The buy consensus is at 84%. So analysts seem to be very confident about $AAPL. https://www.chartmill.com/stock/analyzer/stock/AAPL?view=analyst-ratings&amp;utm_source=stocktwits&amp;utm_medium=ANALYST&amp;utm_content=AAPL&amp;utm_campaign=social_tracking", "time": 1641877320.0, "sentiment": ""}, {"id": 425402756, "text": "@XTCgoblin agreed, I\u2019m seeing under 400 by March as a very strong possibility if we can\u2019t stay above 400 by the end of this month. But plenty of volatility between now and then as bears try to get the upper hand. I\u2019m keeping an eye on a mix individual companies in nasdaq to try and gauge sentiment. We have a lot of the main players like $MSFT, $AAPL, and $FB that are  at the upper range of the trend or that have broken out of their trend and are now clearly trying to move back down into them. I think many are seeing \u201cdiscounts\u201d on tech stocks because of how high they were but price doesn\u2019t really matter, it\u2019s just a number. Price is just a representation of sentiment. Sentiments eventually forget about ATHs.", "time": 1641877074.0, "sentiment": ""}, {"id": 425402469, "text": "$AAPL how many parents out there have bought your kid/kids iPhone, iPad\u2019s?  In just that segment, Apple secured multigenerational users.", "time": 1641877003.0, "sentiment": "Bullish"}, {"id": 425402151, "text": "$AAPL  Jan 25th \ud83d\ude80\ud83d\ude0e", "time": 1641876926.0, "sentiment": ""}, {"id": 425401686, "text": "$AAPL which way do we break out? \n\ud83e\uddd0 \ud83d\udd75\ufe0f\u200d\u2642\ufe0f", "time": 1641876812.0, "sentiment": ""}, {"id": 425401223, "text": "$AAPL APPLE INC 4 PM Close $172.19 \n \n5:45 PM \nBid  XNMS \n172.53 x 3 \nAsk  ARCX \n172.56 x 5 \n \nVolume \n106,628,482", "time": 1641876693.0, "sentiment": "Bullish"}, {"id": 425401206, "text": "$AAPL so net income before taxes in 2020 was 67 billion. Also 2019-15 income before taxes averaged out about the same. Why was net income nearly double in 2021, is it an outlier?", "time": 1641876690.0, "sentiment": ""}, {"id": 425400873, "text": "$AAPL NEW ARTICLE : Apple: Huge Moat, but Valuation Leaves Little Upside https://www.stck.pro/news/AAPL/21092209", "time": 1641876611.0, "sentiment": ""}, {"id": 425400752, "text": "$AAPL are you going back to green days now?", "time": 1641876586.0, "sentiment": ""}, {"id": 425400155, "text": "$AAPL        \ud83c\udf4f\u201d\ud83d\udc10\u201d", "time": 1641876450.0, "sentiment": ""}, {"id": 425400077, "text": "$AAPL bulls saying they feel bad for bears that didn\u2019t cover\u2026 bulls I really am worried you all if you didn\u2019t take this gift and cover while you could. Good luck all", "time": 1641876431.0, "sentiment": ""}, {"id": 425400043, "text": "$AAPL Realization setting in for perma bears. Moving forward. Always temp bear, perma bull.", "time": 1641876425.0, "sentiment": "Bullish"}, {"id": 425399546, "text": "$AAPL        \ud83c\udf4f MLB\u2026.", "time": 1641876316.0, "sentiment": ""}, {"id": 425397885, "text": "$TQQQ $SPY $AAPL $PYPL $UVXY   \n \nFinom Group trade alerts YTD and back to July 2021 updated. https://1drv.ms/x/s!Aj3zbNeZWtzPZ4N6DtMsvnE7Ujs?e=BDqFeq", "time": 1641875965.0, "sentiment": ""}, {"id": 425397846, "text": "@ArnAnderson I figured. Heck even $aapl would benefit - at this price offering even 40% above current close at $49/PS would only be $28B - chump change for many companies.", "time": 1641875958.0, "sentiment": ""}, {"id": 425397837, "text": "$AAPL how many shorts are greedy enough to hold overnight and kiss their profits goodbye??? Tides are a turning\u2019", "time": 1641875955.0, "sentiment": "Bullish"}, {"id": 425397229, "text": "$AAPL it went negative 1.35% for a second", "time": 1641875819.0, "sentiment": ""}, {"id": 425397183, "text": "$AAPL da fuck just happened lmao", "time": 1641875808.0, "sentiment": ""}, {"id": 425397011, "text": "$NVDA $AAPL $MU $AFRM $SPY \nThe gap up tomorrow is gunna wreck a lot of accounts.\n\nThanks for playing.", "time": 1641875768.0, "sentiment": "Bullish"}, {"id": 425396456, "text": "$DSP needham 60$ Bank of America 40$ pt. Cookieless advertisement. 500 million mc. 200ml+ revenue. Little debt. $AAPL $TSLA $QQQ", "time": 1641875644.0, "sentiment": "Bullish"}]