[{"id": 425374538, "text": "$AAPL back up we go. $190 soon", "time": 1641871774.0, "sentiment": ""}, {"id": 425374269, "text": "@Average_Down_Joe like saying buy $cpq when $AAPL was off its highs. No one will beat $NVDA anyone. Cars, Metaverse, AI, GPU and Crypto. They conquered all. Maybe they will BO $INTC but too small of a chance", "time": 1641871735.0, "sentiment": ""}, {"id": 425374192, "text": "$AAPL It&#39;s incredible how AAPL went up in spite of the millions of shorted shares. UNBELIEVABLE!!!", "time": 1641871722.0, "sentiment": "Bullish"}, {"id": 425374002, "text": "$AAPL \n\n1 mth chart - oversold has just exited and heading towards to uptrend momentum \n\n3 mth chart - oversold has begun to bottom out and is about to exit heading towards to uptrend momentum\n\n6 mth chart - it\u2019s oversold and is about to bottom out and is about to exit tmw.\n\n1 yr chart it\u2019s about to bottom on positive trend meaning rally will ensue prior to ER date\n\nRemember this is algo based so have no fear !! \n\nLet\u2019s go for green!", "time": 1641871695.0, "sentiment": "Bullish"}, {"id": 425373604, "text": "$AAPL Apple implies it generated record revenue from the App Store during 2021    https://www.cnbc.com/2022/01/10/apple-implies-it-generated-record-revenue-from-app-store-during-2021-.html", "time": 1641871633.0, "sentiment": ""}, {"id": 425373599, "text": "$AAPL haha you donks missed the dip \ud83e\udd23\ud83e\udd23\ud83e\udd23\ud83d\udcc8\ud83d\udef0\ud83d\ude97\ud83d\ude97\ud83d\ude97\ud83d\udef0\ud83c\udd99\ud83c\udd99\u2705\u2705\ud83d\udca5\ud83d\udca5\ud83d\udc51\ud83d\udc51\ud83d\udd25\ud83d\udd25\ud83d\udd25\ud83c\udf4e\ud83c\udf4e\ud83c\udf4e\ud83c\udf19\ud83c\udf19\ud83c\udf19\ud83d\ude97\ud83d\ude97\ud83d\ude97\ud83d\udef0\ud83d\udef0\ud83d\udef0\ud83d\udcc8\ud83d\udcc8\ud83d\udcc8\ud83c\udf8a\ud83c\udf8a", "time": 1641871632.0, "sentiment": "Bullish"}, {"id": 425373226, "text": "$AAPL AAPL ....but a very nice reversal this afternoon (172.19). And continuing in AH (172.34). \nBodes well for tomorrow. \nI&#39;m looking for at least $182 near term. Maybe $185-190 into ER on the 27th. \nThen, if a good report for the holiday quarter as I expect, possibly $200. \nLot of &quot;ifs&quot; there.. \n \nMG \n \nhttps://stockcharts.com/h-sc/ui?s=AAPL", "time": 1641871576.0, "sentiment": "Bullish"}, {"id": 425373163, "text": "$INTC DAYUM Apple losing its head talent to now intel $AAPL $AMD", "time": 1641871566.0, "sentiment": "Bullish"}, {"id": 425372591, "text": "$AAPL   \ud83c\udf4f Volume, is back.  Massive surge in Volume into the Close, 103.8 Million AAPL Traded on the Day.  In the \u201cfinal second\u201d of the Close, 10.4 Million AAPL Shares trade to the \u201cBuy Side\u201d.  AfterHours Trade is brisk, 3.6 Million Shares traded.", "time": 1641871478.0, "sentiment": ""}, {"id": 425371980, "text": "$SPY $DJIA $QQQ $TSLA $AAPL \n \nFED says it&#39;s gonna raise rates and reduce size of it&#39;s balance sheet in 2022.", "time": 1641871396.0, "sentiment": ""}, {"id": 425371648, "text": "$AAPL my covered calls still finished the day very green, the rest of the week could get bloody", "time": 1641871351.0, "sentiment": "Bearish"}, {"id": 425371258, "text": "$AAPL what a rollercoaster day that was ending up green \ud83e\udd17", "time": 1641871294.0, "sentiment": "Bullish"}, {"id": 425370823, "text": "$SPY $DJIA $QQQ $AAPL $TSLA  \n \nof course!", "time": 1641871233.0, "sentiment": ""}, {"id": 425370342, "text": "Most Traded Contracts \n\n$AAPL 14 January $170 Call\n$AAPL 14 January $175 Call\n$AAPL 14 January $172.50 Call\n$AAPL January $170 Call\n$AFRM February $85 Call\n$AFRM February $95 Call\n$TSLA 14 January $1100 Call\n$AAPL 14 January $170 Put\n$AAPL 14 January $177.50 Call", "time": 1641871176.0, "sentiment": ""}, {"id": 425369591, "text": "$AAPL with the size of  the bounce, today&#39;s low was likely wave (1)", "time": 1641871078.0, "sentiment": "Bearish"}, {"id": 425369389, "text": "$AAPL S&amp;P like dip 55 points tomorrow", "time": 1641871050.0, "sentiment": "Bearish"}, {"id": 425368848, "text": "$AAPL 173 open let\u2019s get it boys and girls", "time": 1641870980.0, "sentiment": "Bullish"}, {"id": 425368436, "text": "$AAPL still waitin for 120 like", "time": 1641870929.0, "sentiment": "Bullish"}, {"id": 425368420, "text": "$AAPL IPhone best product I ever owned besides my car", "time": 1641870927.0, "sentiment": "Bullish"}, {"id": 425367884, "text": "$AAPL moose knuckle my puts are toasted", "time": 1641870863.0, "sentiment": ""}, {"id": 425367566, "text": "$AAPL Bull trap?", "time": 1641870820.0, "sentiment": ""}, {"id": 425367356, "text": "$QQQ $SPY $VIX $AAPL $TSLA  \n \nBreaking, \n \nBears after making +500% on puts and losing -600% because they&#39;re degenerate fuckwits who don&#39;t take profits... are once again rushing into 0 probability puts in the hopes of bankruptcy.", "time": 1641870796.0, "sentiment": "Bullish"}, {"id": 425367039, "text": "$AAPL $NVDA $DKNG $SOFI $TTCF prime entries on all swings time to fly folks :) \n\nIf any dips will add more win win situation \n\nFollow for alerts :)", "time": 1641870756.0, "sentiment": "Bullish"}, {"id": 425366887, "text": "$AAPL hope the bears covered today\u2026tomorrow we ride", "time": 1641870740.0, "sentiment": "Bullish"}, {"id": 425366799, "text": "@StokTraitor same. Congrats to longs. $znga $aapl. Trade of a lifetime if anyone had calls.", "time": 1641870730.0, "sentiment": ""}, {"id": 425366420, "text": "$AAPL squeeze to $180.00. Correction over", "time": 1641870684.0, "sentiment": "Bullish"}, {"id": 425366203, "text": "$aapl short squeeze in play. Bear thesis is based on CPI numbers but i am afraid could be priced in. PT - $175 eow. $176 intraweek MAYBE. Unsustainable. $175 close this week means we retest $180+ for ER Run.", "time": 1641870654.0, "sentiment": "Bullish"}, {"id": 425365606, "text": "$AAPL he has his confirmation hearing coming up.  He was renominated by Biden.", "time": 1641870582.0, "sentiment": ""}, {"id": 425365477, "text": "$AAPL 200$ soon", "time": 1641870566.0, "sentiment": "Bullish"}, {"id": 425365144, "text": "$TSLA $msft $aapl $amzn \u2014 right on the money \ud83d\udd25", "time": 1641870528.0, "sentiment": ""}]