[{"id": 425365124, "text": "$AAPL $AMZN $TSLA Our 712 in chat get it\u2026\nWe try to help folks but some refuse free education and experience\u2026. Oh well\ud83e\udd37\ud83c\udffc\u200d\u2642\ufe0f\ud83e\udd23\nIt\u2019s good comedy at least", "time": 1641870525.0, "sentiment": ""}, {"id": 425364859, "text": "$CIDM $SQ $AAPL $NVEI can anyone confirm if J Powell is indeed stepping down Jan 17th?  I need to spend my cash piles before that goes mainstream if it&#39;s real.  My buddy says he&#39;s stepping down but I can&#39;t find any legitimate sources", "time": 1641870493.0, "sentiment": ""}, {"id": 425364797, "text": "$AAPL Was the only bull here at 116 in March. I lost sight of the truth when i started shorting, but being bullish on apple is the only true way to make money.", "time": 1641870487.0, "sentiment": "Bullish"}, {"id": 425364738, "text": "$AAPL wise people sold today", "time": 1641870480.0, "sentiment": "Bearish"}, {"id": 425364723, "text": "$AAPL Imagine tomorrow they announce an Apple car, fk tsla in the ass, send SPY to 500", "time": 1641870478.0, "sentiment": ""}, {"id": 425364703, "text": "$AAPL think they have suckered enough shorts, now SQUEEZE \u2018EM HARD!!", "time": 1641870476.0, "sentiment": ""}, {"id": 425364587, "text": "$AAPL BZ: Top 10 WallStreetBets Mentions for January 10, 2022 Since 9:30 AM Open: GME, TSLA, TLRY, PLTR, AMC, NVDA, LCID, MSFT, AAPL, HOOD", "time": 1641870462.0, "sentiment": ""}, {"id": 425364534, "text": "$AAPL (Delayed) Trading Jan 21 $170 Calls.  Noted gap filling today at $168. Expecting a positive run to $175 or higher pre-earnings.", "time": 1641870457.0, "sentiment": "Bullish"}, {"id": 425364286, "text": "$AAPL What a come back!", "time": 1641870430.0, "sentiment": "Bullish"}, {"id": 425364248, "text": "$AAPL  Bears bought more puts today right? \ud83d\ude02", "time": 1641870425.0, "sentiment": ""}, {"id": 425363724, "text": "$AAPL come on Apple positive news, nows is the time put news out now or early am a F the short interest!", "time": 1641870367.0, "sentiment": "Bullish"}, {"id": 425363653, "text": "$AAPL Hey bears, don\u2019t go away mad! \nJust go away!", "time": 1641870358.0, "sentiment": "Bullish"}, {"id": 425363478, "text": "$AAPL green like a Granny Smith apple!! Don\u2019t quit!", "time": 1641870343.0, "sentiment": "Bullish"}, {"id": 425363462, "text": "$AAPL   For the win!", "time": 1641870341.0, "sentiment": "Bullish"}, {"id": 425363264, "text": "$AAPL \ud83c\udf4f\ud83c\udf4f\ud83c\udf4f\ud83c\udf4f\ud83c\udf4f", "time": 1641870315.0, "sentiment": "Bullish"}, {"id": 425363250, "text": "$AAPL How bout them apples?", "time": 1641870314.0, "sentiment": "Bullish"}, {"id": 425363245, "text": "$SPY $NVDA $AAPL tomorrow there will be blood on the street!!", "time": 1641870313.0, "sentiment": "Bearish"}, {"id": 425363217, "text": "$AAPL  Apple Analyst Explains Why Cupertino Is Tracking Ahead Of Expectations In December Quarter\n\nhttps://www.benzinga.com/analyst-ratings/analyst-color/22/01/24970849/apple-analyst-explains-why-cupertino-is-tracking-ahead-of-expectations-in-december-", "time": 1641870311.0, "sentiment": ""}, {"id": 425363062, "text": "$AMD Unbelievable $AAPL", "time": 1641870299.0, "sentiment": ""}, {"id": 425363024, "text": "$PLTR $AAPL $TQQQ  Da f$$k is going on? I went to being 5% down in my portfolio today to .13% up.", "time": 1641870295.0, "sentiment": ""}, {"id": 425362775, "text": "$AMD $TSLA $AAPL $QQQ This is probably one of the biggest intraday price swings. If you sold in the morning oof...", "time": 1641870266.0, "sentiment": ""}, {"id": 425362766, "text": "$AAPL 170 calls 230 to 375. Solid win.", "time": 1641870265.0, "sentiment": ""}, {"id": 425362727, "text": "$AAPL \ud83c\udf4f\ud83d\udfe2\ud83c\udf4f", "time": 1641870262.0, "sentiment": "Bullish"}, {"id": 425362386, "text": "$AAPL", "time": 1641870226.0, "sentiment": "Bullish"}, {"id": 425362034, "text": "$AAPL got 20 180 calls lotto", "time": 1641870190.0, "sentiment": ""}, {"id": 425361965, "text": "$AAPL $TSLA swings.. smell money tomorrow..", "time": 1641870185.0, "sentiment": "Bullish"}, {"id": 425361913, "text": "$aapl opened the day 3% in the red. closing 1.5% in the green, with a 2 cent move. I love spreads.", "time": 1641870179.0, "sentiment": "Bullish"}, {"id": 425361901, "text": "$AAPL that 172 was borken to 168 low and come back green OMG", "time": 1641870177.0, "sentiment": ""}, {"id": 425361886, "text": "$AAPL Gap north tomorrow ahead of rocketing toward $200.00", "time": 1641870175.0, "sentiment": "Bullish"}, {"id": 425361839, "text": "$AAPL easy gonna open green tm", "time": 1641870172.0, "sentiment": "Bullish"}]