[{"id": 425456297, "text": "$AAPL $AMZN $TSLA Message me if you want access to this session on Triangles-\nIt paid us well today!\n\nhttps://www.instagram.com/tv/CYcZnFGNoNG/?utm_medium=copy_link", "time": 1641892437.0, "sentiment": ""}, {"id": 425456282, "text": "$AAPL look at that beautiful 3 month chart \ud83e\udd29", "time": 1641892431.0, "sentiment": "Bullish"}, {"id": 425456271, "text": "$LCID $TSLA $NVDA $AAPL $MSFT \n\ud83d\ude00", "time": 1641892426.0, "sentiment": "Bullish"}, {"id": 425456184, "text": "$AAPL $180+ loading", "time": 1641892395.0, "sentiment": "Bullish"}, {"id": 425454931, "text": "$AAPL has a Return On Assets of 26.97%. This is amongst the best returns in the industry. https://www.chartmill.com/stock/quote/AAPL/fundamental-analysis?key=bb853040-a4ac-41c6-b549-d218d2f21b32&amp;utm_source=stocktwits&amp;utm_medium=FA&amp;utm_content=AAPL&amp;utm_campaign=social_tracking", "time": 1641891960.0, "sentiment": ""}, {"id": 425454374, "text": "$AAPL no more Dip drum now on?", "time": 1641891755.0, "sentiment": ""}, {"id": 425454246, "text": "$AAPL anybody miss me?", "time": 1641891717.0, "sentiment": ""}, {"id": 425453374, "text": "Please, no more bleeding when I wake up tomorrow. I can\u2019t take anymore.  $AMZN $AAPL $BTC.X $DOGE.X $TSLA", "time": 1641891439.0, "sentiment": "Bullish"}, {"id": 425452286, "text": "$SPY $AAPL $TSLA $BTC.X  \n \nA rare find &gt;&gt;&gt;&gt; Dem/Socialist with a sense of humor. A very rare find these days.   \n \nhttps://www.youtube.com/watch?v=HHmGKrd95ik&amp;ab_channel=TheDailyShowwithTrevorNoah", "time": 1641891084.0, "sentiment": ""}, {"id": 425452060, "text": "$AAPL $TGGI ;", "time": 1641891007.0, "sentiment": "Bullish"}, {"id": 425451302, "text": "$TSLA \n1400 by earnings!! Lesssgoooo!! \ud83d\ude80\ud83d\ude80\n$AAPL  $LCID $QQQ $SPY", "time": 1641890774.0, "sentiment": "Bullish"}, {"id": 425449766, "text": "$AAPL 180+ this week!!!!!!", "time": 1641890280.0, "sentiment": "Bullish"}, {"id": 425449540, "text": "$AAPL Bottom here at $168-$170. Watch for a continued bounce from this area.", "time": 1641890202.0, "sentiment": ""}, {"id": 425449070, "text": "$AAPL this and Microsoft have the best statistics (other than BVPSG)", "time": 1641890053.0, "sentiment": ""}, {"id": 425449004, "text": "$AAPL, $T here goes on http://www.stocksequity.com/active-stocks/top-rsi-trades-for-the-day-apple-inc-nasdaqaapl-att-inc-nyset/", "time": 1641890036.0, "sentiment": ""}, {"id": 425447959, "text": "$AAPL woow fut..looking good bought some call at spy at opening 466 and bought some calls 175 aapl..cashing tomorrow", "time": 1641889717.0, "sentiment": "Bullish"}, {"id": 425447597, "text": "$PHE is the future! $AAPL $NVDA", "time": 1641889596.0, "sentiment": "Bullish"}, {"id": 425447221, "text": "$AAPL uh oh. All aboard!", "time": 1641889469.0, "sentiment": "Bullish"}, {"id": 425446282, "text": "$AAPL $TGGI", "time": 1641889174.0, "sentiment": "Bullish"}, {"id": 425445933, "text": "@TGGINew2TheFame $AAPL \nNEXT", "time": 1641889055.0, "sentiment": "Bullish"}, {"id": 425444787, "text": "$AAPL ", "time": 1641888700.0, "sentiment": ""}, {"id": 425443883, "text": "$AAPL AAPL 2022-01-10 Largest Trades Data: \nhttps://www.youtube.com/watch?v=TnaeLWqt1e0", "time": 1641888389.0, "sentiment": ""}, {"id": 425443596, "text": "$ADGI too many red days on wholw markwt with Biden president.... Trump was the best president in the 40 years $AAPL $AMZN $AAL $DAL", "time": 1641888290.0, "sentiment": "Bullish"}, {"id": 425443339, "text": ";) \n \n$AAPL $TSLA $SPY $AMD $AMZN", "time": 1641888205.0, "sentiment": ""}, {"id": 425443218, "text": ":) \n \n$AAPL $TSLA $SPY $AMD $AMZN", "time": 1641888157.0, "sentiment": "Bullish"}, {"id": 425442356, "text": "SweepCast alerted: $AAPL with Unusual Options Activity Alerted on $172.5 CALL Expiring: 01-14-2022 worth 48K\ud83d\udc02 |\ud83e\udd47  The trade has a sentiment of BULLISH | SweepCast.com or Premium Room \u27a1\ufe0f  #daytradingtips", "time": 1641887888.0, "sentiment": ""}, {"id": 425441794, "text": "$AAPL fck beqrs and fck ultra bears", "time": 1641887703.0, "sentiment": "Bullish"}, {"id": 425441698, "text": "$AAPL a nice play to have in the bag", "time": 1641887674.0, "sentiment": "Bullish"}, {"id": 425441259, "text": "$AAPL... $175", "time": 1641887538.0, "sentiment": "Bullish"}, {"id": 425440958, "text": "$AMD $nvda  $intc   $tsla   $Aapl \nhttps://seekingalpha.com/article/4478841-amd-ces-2022-shows-why-its-just-getting-started?messageid=2800&amp;utm_campaign=4478841&amp;utm_medium=email&amp;utm_source=seeking_alpha&amp;utm_term=RTA+Article+Smart", "time": 1641887436.0, "sentiment": "Bullish"}]