[{"id": 425486624, "text": "$AAPL at this rate we can expect to open $175+", "time": 1641914741.0, "sentiment": "Bullish"}, {"id": 425486476, "text": "$AAPL https://www.nasdaq.com/articles/apple-supplier-foxconns-chennai-plant-to-reopen", "time": 1641914600.0, "sentiment": "Bullish"}, {"id": 425486064, "text": "$AAPL \ud83d\udc8e", "time": 1641914164.0, "sentiment": "Bullish"}, {"id": 425485739, "text": "$AAPL", "time": 1641913802.0, "sentiment": "Bullish"}, {"id": 425485556, "text": ":)  Why sit in your boring house when you can stay toasty in the warm dishy thing, soak up some rays and (bonus) disrupt the human&#39;s internet? \n \n$AAPL $TSLA $SPY $AMD $AMZN", "time": 1641913600.0, "sentiment": "Bullish"}, {"id": 425484313, "text": "$AAPL entering the alternate / virtual reality market \ud83d\udcaf\ud83d\udcaf\ud83d\udcaf\n\nhttps://www.benzinga.com/node/24986814", "time": 1641912030.0, "sentiment": "Bullish"}, {"id": 425484197, "text": "$AAPL lots of IPads and Computer on order soon \u2026Apple will\nBe busy", "time": 1641911858.0, "sentiment": "Bullish"}, {"id": 425484125, "text": "$AAPL AR + VR capabilities quite possibly this year \u2b50\ufe0f\u2b50\ufe0f\u2b50\ufe0f\u2b50\ufe0f\u2b50\ufe0f", "time": 1641911763.0, "sentiment": "Bullish"}, {"id": 425484037, "text": "$AAPL Why It Matters: There is speculation that Apple could release a mixed-reality headset as early as this year!!!\n\nhttps://www.benzinga.com/node/24986814", "time": 1641911630.0, "sentiment": "Bullish"}, {"id": 425483952, "text": "$AAPL back to $180 we go", "time": 1641911505.0, "sentiment": "Bullish"}, {"id": 425483271, "text": "$AAPL looking like a healthy back test of the 50 dma.", "time": 1641910522.0, "sentiment": "Bullish"}, {"id": 425483123, "text": "$DASH $LCID $NVDA $BABA $AAPL Posted Sunday for monday did yall see the 3000%+ move DASH did? Lot is going on \nAll rocked / how we knew the most profitable options plays the night before stay connected and subscribe \u270c\ufe0f", "time": 1641910294.0, "sentiment": "Bullish"}, {"id": 425481377, "text": "$SPY $QQQ $TSLA $AAPL The only ones winning are our crooked politicians &amp; 1% . \ud83d\ude2c", "time": 1641907947.0, "sentiment": ""}, {"id": 425481180, "text": "&quot; $MSFT  isn\u2019t the only company facing Meta\u2019s growing appetite for talent. Apple Inc. $AAPL  is also losing employees to Meta, according to former Microsoft employees who have moved to Meta and LinkedIn profiles of former Apple employees.&quot;", "time": 1641907696.0, "sentiment": "Bullish"}, {"id": 425481119, "text": "$AAPL upside swing https://buff.ly/34G2e2H #APPLE", "time": 1641907628.0, "sentiment": ""}, {"id": 425480010, "text": "$TLRY $UBER $AAPL $TSLA so what happens if we get poor bank earnings? Horrible sneaky market. Bear disguised as a bull. What the fuck kind of chart is below? Only bank earnings have kept the monopoly stocks up which ultimately have held up the indexes. Let see what happens when FAAng start to drop.", "time": 1641906212.0, "sentiment": "Bearish"}, {"id": 425479903, "text": "$XELA have major plans w/ IDP (Intelligent Document Processing), DrySign, DM (Digital Mailroom) and Open Box will be the Digital Premise for the future! Its just a matter of TIME! No other company can match Exela&#39;s plan!  *******Stock on the rise!******* \nPERFECT OPPORTUNITY FOR \n$TSLA $MSFT $AMZN $AAPL", "time": 1641906081.0, "sentiment": "Bullish"}, {"id": 425479345, "text": "$XELA Big move in XELA is soon. \nCheck out twitter discussions: \nhttps://twitter.com/search?q=xela%20stock&amp;src=typeahead_click \n$MSFT $AAPL $AMZN $TSLA \n \ntps://twitter.com/search?q=xela%20stock&amp;src=typeahead_cl$Mi", "time": 1641905525.0, "sentiment": "Bullish"}, {"id": 425478932, "text": "$AAPL anyone else waiting for this to hit 165", "time": 1641905069.0, "sentiment": ""}, {"id": 425477911, "text": "$AAPL sold from resistance rejection at $173.62 and continued to selloff below $170.28 support giving us a low of $168.17. \n\nCalls over $174 for continuation.", "time": 1641903946.0, "sentiment": ""}, {"id": 425477584, "text": "@SmartAggression I keep my plan simple.  I don\u2019t overthink it. $QQQ $AAPL $BNTX $SPY $TSLA", "time": 1641903616.0, "sentiment": ""}, {"id": 425477082, "text": "$AAPL Apple is solid, but I cashed out a quarter of my $AAPL and swung it over to an amazing oil company- Enerplus Corporation $ERF  If anybody is looking for a great Oil stock, check this one out. Up 17% over the past 3 weeks. It is a 10 out of 10!", "time": 1641903141.0, "sentiment": "Bullish"}, {"id": 425476805, "text": "$AAPL Booked some gain here today ! 2/3rd position .. still in . Less Go !", "time": 1641902884.0, "sentiment": ""}, {"id": 425475845, "text": "$SPY $QQQ $TSLA $AAPL \u201dEconomy is booming, demand is through the roof\u201d yeah no shit I haven\u2019t seen a box of strawberries on the shelves for 3 months of course I\u2019m dying for some strawberries. All lies. Economy is shit. They keep the supplies scarce on purpose because if everything were back to normal you might see how little money the average person really has and is willing to spend.", "time": 1641902074.0, "sentiment": ""}, {"id": 425475648, "text": "$AAPL $FB Apple&#39;s Approach To Metaverse Could Involve Keeping Users Away From It \n\nhttps://newsfilter.io/a/037bd7fab9bce158425644bc5b152782", "time": 1641901930.0, "sentiment": ""}, {"id": 425475363, "text": "$AAPL what are we feeling for tmrw? Will the market recover tmrw", "time": 1641901703.0, "sentiment": ""}, {"id": 425475122, "text": "$AAPL ..... insomnia..... I&#39;ll probably fall asleep when the market opens....grrr", "time": 1641901506.0, "sentiment": ""}, {"id": 425474951, "text": "$AAPL Alerted lots of plays and made good gains today!\ud83d\udcb0 come join the free discord team to talk stocks and come join to bank with the team!\ud83d\udea8\ud83d\udcb0 link in bio", "time": 1641901391.0, "sentiment": ""}, {"id": 425474319, "text": "$AAPL https://nypost.com/2022/01/10/apple-in-serious-talks-with-mlb-to-broadcast-games/", "time": 1641900950.0, "sentiment": ""}, {"id": 425473929, "text": "$AAPL $TSLA $QQQ 2021 record high App Store developer revenue for apple. Watch out bears for a ripe tomorrow \ud83d\udc40.  Just like when tesla delivered record deliveries.", "time": 1641900715.0, "sentiment": "Bullish"}]