[{"id": 425472881, "text": "$AAPL \u2764\ufe0f", "time": 1641900021.0, "sentiment": "Bullish"}, {"id": 425472505, "text": "$TSLA $AAPL $FB $GOOGL   Very important information for retail. Watch how tech is going to rocket once MM pocket cheap shares.", "time": 1641899767.0, "sentiment": "Bullish"}, {"id": 425471736, "text": "$AAPL is one of the better performing stocks in the Technology Hardware, Storage &amp; Peripherals industry. https://www.chartmill.com/stock/analyzer/stock/AAPL?key=bb853040-a4ac-41c6-b549-d218d2f21b32&amp;utm_source=stocktwits&amp;utm_medium=TA&amp;utm_content=AAPL&amp;utm_campaign=social_tracking", "time": 1641899340.0, "sentiment": ""}, {"id": 425471609, "text": "$SPY $QQQ $AMD $AAPL Look at the recent decline in Stonks . \nWill Inflation Cause A Stock Market Crash In 2022? Yup it is quite possible from the Fed", "time": 1641899266.0, "sentiment": ""}, {"id": 425470309, "text": "$AAPL", "time": 1641898517.0, "sentiment": ""}, {"id": 425470104, "text": "$AAPL 180 comes back with a 320 pt. Mid 2024.", "time": 1641898410.0, "sentiment": ""}, {"id": 425468971, "text": "$AAPL they will have a record earnings. Record breaking. Stock Will go down. But eventually it goes back up and next thing u know it\u2019s all time highs. This is the way\ud83d\udc4d\ud83d\udc4d\ud83d\udc4d\ud83d\udc4d\ud83d\udc4d\ud83d\udc4d\ud83d\udc4d\ud83d\udc4d\ud83d\udc4d\ud83d\udc4d\ud83d\udc4d\ud83d\udc4d", "time": 1641897782.0, "sentiment": "Bullish"}, {"id": 425468219, "text": "$AAPL $I\u2019ll cover @ $123.00", "time": 1641897402.0, "sentiment": "Bearish"}, {"id": 425468048, "text": "$AAPL AAPL 2022-01-10 Largest Trades Data: \nhttps://www.youtube.com/watch?v=TnaeLWqt1e0", "time": 1641897323.0, "sentiment": ""}, {"id": 425467412, "text": "$AAPL they have so much cash on hand. All they do is buy back shares to keep this company above all the rest", "time": 1641897043.0, "sentiment": "Bullish"}, {"id": 425467112, "text": "$AAPL idiot", "time": 1641896905.0, "sentiment": ""}, {"id": 425467016, "text": "Apple 170 strike puts see very heavy trading in opening seconds. $AAPL.\nhttps://shopstyle.it/l/bCMmP", "time": 1641896856.0, "sentiment": ""}, {"id": 425466960, "text": "Apple says it has paid $260B to app developers since 2008 launch. $AAPL.\nhttps://shopstyle.it/l/bCMmP", "time": 1641896828.0, "sentiment": ""}, {"id": 425466747, "text": "$AAPL $160 next week, then $140, then 120. 1 year lows coming by March.", "time": 1641896725.0, "sentiment": "Bearish"}, {"id": 425466683, "text": "Apple in talks to broadcast MLB gams next season. $AAPL.\nhttps://shopstyle.it/l/bCMmP", "time": 1641896699.0, "sentiment": ""}, {"id": 425466649, "text": "$AAPL $CAPL $MSFT $SHLX  \nRunning with the Bulls!", "time": 1641896682.0, "sentiment": ""}, {"id": 425466613, "text": "$AAPL back to 180 go apple go", "time": 1641896664.0, "sentiment": "Bullish"}, {"id": 425466381, "text": "Uber shuts down Apple Watch app. $UBER ; $AAPL.\nhttps://shopstyle.it/l/bCMmP", "time": 1641896540.0, "sentiment": ""}, {"id": 425462894, "text": "$AAPL $200", "time": 1641894936.0, "sentiment": "Bullish"}, {"id": 425461623, "text": "$SPY can $AAPL become a 10T dollar company\n\nThat\u2019s the real question", "time": 1641894414.0, "sentiment": ""}, {"id": 425460918, "text": "$AAPL  hold your hand   Until round two -Federal Reserve Chairmen in the hot seat  January 11 @ 10AM Jay  Powel need few  Republican vote to be re-nomination: , too far right will up set republican go to for left  will  up set the market he will be walking a tight rope", "time": 1641894134.0, "sentiment": ""}, {"id": 425460488, "text": "$TSLA $AAPL  If you thought this was the sell off\u2026you are a newbie trader\ud83d\ude06\ud83d\ude06\ud83d\ude06\ud83d\ude06\ud83d\ude06\ud83e\udd23\ud83e\udd23", "time": 1641893962.0, "sentiment": "Bearish"}, {"id": 425459094, "text": "$AAPL hmm, not sure how to feel. I have 2 brokerages: one with 360 aapl shares. I sold $180 covered calls expiring Jan 14. My other account has about 20k in March 18 $180 aapl calls. I really want it to run past $180 but also don\u2019t want to lose my shares. \ud83d\ude1e I shouldn\u2019t have bought these calls. I think I\u2019m going to lose my ass on them", "time": 1641893432.0, "sentiment": ""}, {"id": 425458662, "text": "$AAPL been in this since the early days. Gotta love the run.", "time": 1641893284.0, "sentiment": "Bullish"}, {"id": 425458493, "text": "Equity Sentiment: $AAPL is the #1 stock that institutions are trading with 130.7K options contracts.\n\nMarket analysis included in screenshot of dashboard from http://insiderfinance.io.", "time": 1641893226.0, "sentiment": ""}, {"id": 425457813, "text": "$AAPL \ud83d\udcfa\ud83d\udcc8\nhttps://www.instagram.com/reel/CYew4mYJSXA/?utm_medium=copy_link", "time": 1641892987.0, "sentiment": ""}, {"id": 425457618, "text": "$AAPL $TGGI -", "time": 1641892911.0, "sentiment": "Bullish"}, {"id": 425456927, "text": "$RIDE $WKHS This is just speculation but based on my personal DD that I have performed including talking to a trustworthy source at Apple I am convinced (speculating) that FOXCONN will be building  the Apple Car at Lordstown Motors Plant in the near future.   $AAPL", "time": 1641892656.0, "sentiment": "Bullish"}, {"id": 425456716, "text": "$SPY $AAPL We have the tools to cancel all recessions until the end of time itself", "time": 1641892579.0, "sentiment": "Bullish"}, {"id": 425456675, "text": "$AAPL Well, as you can imagine, we KILLED IT \ud83e\udd11", "time": 1641892564.0, "sentiment": ""}]