[{"id": 425440401, "text": "$AAPL RSI curl and MACD ready to cross. Watch how it trades into the MAs!", "time": 1641887260.0, "sentiment": ""}, {"id": 425440037, "text": "$AMRS $RNLX $AAPL $INTC  \nYou heard it here first: (second if you read my sources and didn&#39;t have the world&#39;s best Taco Monday ever) \n \nSt. Marko says HODL and buy the dip \nhttps://www.cnbc.com/2022/01/10/jpmorgans-top-strategist-kolanovic-says-buy-the-dip-markets-can-handle-higher-yields.html", "time": 1641887140.0, "sentiment": "Bullish"}, {"id": 425439743, "text": "$QQQ $AAPL $TSLA $AMD The 10 year Treasury yield seems to cap at 1.8 and have rotated down 0.51%. Bank stocks have rallied for a while. Time for big techs to shine !", "time": 1641887051.0, "sentiment": "Bullish"}, {"id": 425439439, "text": "$AAPL I thought we were seeing 160?", "time": 1641886950.0, "sentiment": ""}, {"id": 425438964, "text": "$AAPL thing is, we have such a strong investor base keeping up to date with the latest evolution of products and new technologies! We\u2019re talking about tapping into new industries, revolutionary things from a single company. ANDDDDDD EARNINGS IS COMING UP SOON!!!", "time": 1641886803.0, "sentiment": "Bullish"}, {"id": 425438953, "text": "$AAPL Cup forming. Two huge candles at the end. Calls go\u2026", "time": 1641886800.0, "sentiment": "Bullish"}, {"id": 425438751, "text": "$SPY How will the referees call the game when they are getting paid by both teams? $AAPL $QQQ", "time": 1641886741.0, "sentiment": ""}, {"id": 425438536, "text": "$AAPL gapping down tomorrow could wipe out the calls.", "time": 1641886674.0, "sentiment": "Bearish"}, {"id": 425438473, "text": "$SPY $AAPL", "time": 1641886660.0, "sentiment": ""}, {"id": 425438420, "text": "$AAPL shorts are super angry today", "time": 1641886640.0, "sentiment": "Bullish"}, {"id": 425438326, "text": "$AAPL $180+ by eow calling it", "time": 1641886607.0, "sentiment": "Bullish"}, {"id": 425438076, "text": "$AAPL  \n\ud83c\udf4f\n1) Excellent Close At 4Pm. \nThe last 10 minutes between 3:50 to 3:59Pm. \nVolume Intraday 97.8M. \n+0.02 +0.01%.  Extra Ordinary From NASDAQ-400 Points. \n\n2)Excellent Close at 7:59Pm. \nVolume 6.560M. \n+$071 +0.41%. \n\nDifference Vs Nasdaq ZERO. \nVERY STRONG TODAY.  \nSOON $192.", "time": 1641886528.0, "sentiment": "Bullish"}, {"id": 425438051, "text": "$DSP bullish $TTD $PUBM $SNAP $AAPL", "time": 1641886517.0, "sentiment": "Bullish"}, {"id": 425436952, "text": "$AAPL blocked", "time": 1641886175.0, "sentiment": ""}, {"id": 425436119, "text": "$AAPL great company. Stock could use a rest after years of parabolic rise", "time": 1641885887.0, "sentiment": "Bearish"}, {"id": 425433741, "text": "Unusual Option Alert on $AAPL $5,273,100 call block traded with $170.0 strike expiring on 2022-02-18. Via: https://www.stockgrid.io/optionsflowcumulativestats/AAPL", "time": 1641885224.0, "sentiment": ""}, {"id": 425433280, "text": "$AAPL Can somone explain the double outflow but positive results. Market obviously isn&#39;t based on supply and demand anymore. It&#39;s a casino run by the feds", "time": 1641885087.0, "sentiment": ""}, {"id": 425431508, "text": "$AAPL was analyzed by 49 analysts. The buy consensus is at 84%. So analysts seem to be very confident about $AAPL. https://www.chartmill.com/stock/quote/AAPL/analyst-ratings?utm_source=stocktwits&amp;utm_medium=ANALYST&amp;utm_content=AAPL&amp;utm_campaign=social_tracking", "time": 1641884580.0, "sentiment": ""}, {"id": 425431378, "text": "$AAPL night all tomorrow is definitely looking up! \ud83d\ude03\ud83d\ude03\ud83d\ude03", "time": 1641884539.0, "sentiment": "Bullish"}, {"id": 425431338, "text": "$AAPL very strong close tomorrow should be a interesting day i see it touching 175+ n maybe ending the day 174.20ish \ud83c\udf4f \ud83d\ude80", "time": 1641884531.0, "sentiment": "Bullish"}, {"id": 425430663, "text": "$SPY $AAPL \ud83d\udc4c", "time": 1641884344.0, "sentiment": ""}, {"id": 425430594, "text": "$AAPL  \ud83c\udf4f Note:  The VIX, at Today\u2019s Close, was under \u201c20\u201d.  Under \u201c20\u201d, is good news.  Keep your eyes on the VIX.  It is WallSt\u2019s \u201cfavorite tool\u201d to Algo manipulate.  Bulls love the number 17\u2026but, will take under 20!", "time": 1641884328.0, "sentiment": "Bullish"}, {"id": 425430483, "text": "$AAPL oh tomorrow will be interesting. Have a good night everyone!", "time": 1641884298.0, "sentiment": "Bearish"}, {"id": 425430264, "text": "$AAPL this could be up 3-5 dollars  tomorrow", "time": 1641884238.0, "sentiment": "Bullish"}, {"id": 425430014, "text": "$AAPL made in China Stonk\n https://www.reddit.com/r/Epic_Economics/comments/s0ztj4/dip_buyers_got_caught_nas100_to_continue_selloff/?utm_source=share&amp;utm_medium=ios_app&amp;utm_name=iossmf", "time": 1641884161.0, "sentiment": "Bearish"}, {"id": 425429808, "text": "$AAPL time to close your short\u2026already up 60c on the close\u2026it\u2019s an indicator folks", "time": 1641884108.0, "sentiment": "Bullish"}, {"id": 425429347, "text": "$AAPL AH close up a dollar or more\u2026.\ud83d\ude00", "time": 1641883978.0, "sentiment": "Bullish"}, {"id": 425429073, "text": "@hoyasaxa1978 $AAPL north", "time": 1641883895.0, "sentiment": "Bullish"}, {"id": 425428712, "text": "$AAPL  \ud83c\udf4f Wayyyy early\u2026but, Future\u2019s  Indicies, just turned Green.  Let\u2019s see how the \u201cOvernight\u201d goes.", "time": 1641883796.0, "sentiment": "Bullish"}, {"id": 425428554, "text": "Bullish investment portfolio: Apple( $AAPL ), NetApp(\u2026 https://www.macroaxis.com/invest/marketCorrelation?s=AAPL,NTAP,HAL,CHK,FHN,MRO,DVN,STX,THC,SYY,EXPD,GT #correlations #stocks #stockratings", "time": 1641883749.0, "sentiment": ""}]