[{"id": 425428306, "text": "Option Idea highlights Today:\n\n$SPY 462c 1020%\n$SPY 455p 175%\n$INTC 55c 110%\n$TSLA 1150c 85%\n$BMY 56c 60%\n@MommasOptions \n$AAPL 177.5c 90%", "time": 1641883674.0, "sentiment": ""}, {"id": 425427966, "text": "$AAPL At today\u2019s low there was a confluence of many indicators that pointed to at least a temporary bottom and at best to cycle bottom. \nNothing is sure but it looks like we might start up move from here.", "time": 1641883579.0, "sentiment": ""}, {"id": 425427658, "text": "$AAPL $MSFT $QQQ $SPY not going to be easy\u2026 roller coaster today. But it confirmed that fear is out there... \ud83e\udd1e\nSooner or later it wil get there \ud83e\udd1e", "time": 1641883504.0, "sentiment": ""}, {"id": 425427583, "text": "$AAPL 80 puts Oct 2022 anyone?", "time": 1641883483.0, "sentiment": "Bullish"}, {"id": 425427343, "text": "$AAPL generated record revenue from their App Store in 2021", "time": 1641883418.0, "sentiment": ""}, {"id": 425426756, "text": "Why $AAPL dont buy $ASML to become a dominant in high technologies company?", "time": 1641883273.0, "sentiment": ""}, {"id": 425426664, "text": "$AAPL $F $TWNK was up 10% on the day, ended the day $-4.00 lmao what a day.", "time": 1641883244.0, "sentiment": ""}, {"id": 425426286, "text": "$AAPL preach", "time": 1641883147.0, "sentiment": ""}, {"id": 425425989, "text": "$AAPL Around 168 proved to be a good entry for an intraday trade today", "time": 1641883072.0, "sentiment": ""}, {"id": 425424965, "text": "$QQQ $SPY $TSLA $AMZN $AAPL Jpow going to say, we pumped too much need to raise rates now!!! \n\nIn other news, a local grocery store Nob Hill is closing a store as employees reported. Parent company Raleys have not answered. More jobs lost....\ud83d\ude15", "time": 1641882790.0, "sentiment": "Bearish"}, {"id": 425424708, "text": "$CLOV Holy hell this is a buy, investors freaked out over a MCR of 102% when it it 94% normalized? So many mature insurers run MCR above 100%. MCR should go back to 94% after Q1. Should have a profitable year this year. Will probably have a book value above it&#39;s current share price end of 2023. Let&#39;s see $AAPL $TSLA or $MSFT get a BV anywhere near their current market cap in the next decade or ever.", "time": 1641882731.0, "sentiment": "Bullish"}, {"id": 425423962, "text": "$AAPL  best post of the day!!!!!", "time": 1641882534.0, "sentiment": ""}, {"id": 425423464, "text": "$AAPL ", "time": 1641882396.0, "sentiment": ""}, {"id": 425423259, "text": "$AAPL", "time": 1641882336.0, "sentiment": "Bearish"}, {"id": 425423111, "text": "$AAPL wow, mms trying to bait some more folks\u2026sad", "time": 1641882300.0, "sentiment": "Bullish"}, {"id": 425422922, "text": "Most active flow today\n\n$TSLA - 72% call flow\n$AAPL - 70% call flow\n$AMD - 60% put flow\n$NVDA - 62% call flow\n\n#optionsflow", "time": 1641882242.0, "sentiment": ""}, {"id": 425422569, "text": "$AAPL we open 175$ and push 180$ by Friday..tomorrow will be green!!", "time": 1641882145.0, "sentiment": "Bullish"}, {"id": 425422225, "text": "$SPY $QQQ $BTC.X $AAPL Bears died a slow and painful death today.  They should have gotten vaccinated.", "time": 1641882053.0, "sentiment": ""}, {"id": 425421995, "text": "$AAPL POWELL tries to keep his job tomorrow and he\u2019s hoping for a Senate Confirmation.  Rates will go up in March, that\u2019s almost a gimi not a reason at this time to bail or hold a short.  SMH", "time": 1641881996.0, "sentiment": "Bullish"}, {"id": 425421360, "text": "$AAPL and tomorrow we rally. Sorry bears, you have overstayed your welcome. \ud83d\udc4a\ud83d\udc3b", "time": 1641881820.0, "sentiment": ""}, {"id": 425420461, "text": "$SPY $UVXY $AAPL $PYPL $SBUX \n\nFrom inside Finom Group trading room today\u2026", "time": 1641881581.0, "sentiment": ""}, {"id": 425420264, "text": "Shorts covered .. might of caused a bounce in broader market with buying back\u2026 now Fed mtg on Wed will determine either a greater fall or stabilization. Let\u2019s see \n\n\ud83d\udea8 $SPY $QQQ $DIA $BTC.X $AAPL", "time": 1641881535.0, "sentiment": ""}, {"id": 425419449, "text": "$AAPL hmmm can we get to $1.00 north of the close and another dolla in the am??  Indicator hour is on\u2026", "time": 1641881310.0, "sentiment": "Bullish"}, {"id": 425419447, "text": "$AAPL Seeing Two Possibilities. Either this is the reversal or just a dead-cat bounce. $175.10 reclaim is key pivot. https://share.trendspider.com/chart/AAPL/404229cta0v", "time": 1641881309.0, "sentiment": ""}, {"id": 425419109, "text": "$AABB Global Merchants accepting $AABBG.X can do so through $AAPL app store and $GOOG $GOOGL play. $AABBG.X Merchats accepting Gold are now on 5 continents including Australia! $AABBG.X is THE FIRST TO MARKET Global Gold currency system! 2022 BOOM TOWN", "time": 1641881213.0, "sentiment": "Bullish"}, {"id": 425418498, "text": "$AAPL was curious post from WSB tonight:  Fuck TSLA. AAPL 10% move this week. Back to three trilly &amp; beyond", "time": 1641881047.0, "sentiment": "Bullish"}, {"id": 425418357, "text": "$AAPL gap up tomorrow @ open wouldnt be surprised if we open @174-175 dip then rip \ud83c\udf4f  \ud83d\ude80", "time": 1641881003.0, "sentiment": "Bullish"}, {"id": 425418096, "text": "@dynasty2059 exactly! definitely the people who trade spy, I stopped trading stocks as much last year and don\u2019t plan to much at all anymore mostly spy only and maybe it\u2019s top weighted holdings like $AAPL but I\u2019d rather invest in stocks and trade spy.", "time": 1641880937.0, "sentiment": ""}, {"id": 425417706, "text": "$QQQ $TSLA $AMD $AAPL Funny how the market took a U-turn when Goldman Sachs said they &quot;see&quot; a possible 4 rate hikes this year. Everyone knows predictions from banks are half true most of the time. That&#39;s how they play the retail investors with weak hearts and then buy the dip. Unless FED confirms it during meetings, anything released in between is just FUD. A well played move", "time": 1641880828.0, "sentiment": "Bullish"}, {"id": 425417555, "text": "$SPY $TSLA $FB $AAPL \n\nLots of plays made money today!\ud83d\udcb0\nCome join the free discord team and bank with us! Link in bio!\ud83d\udcb8\ud83d\udcb0\ud83d\udd25", "time": 1641880790.0, "sentiment": ""}]