[{"id": 425491905, "text": "$TSLA $AAPL \ud83d\udda8\ud83d\udda8\ud83d\udcb5\ud83d\udcb5\ud83d\udcb5\ud83d\udcb5\ud83d\udcb5\ud83d\udcb5\ud83d\udcb5", "time": 1641919990.0, "sentiment": "Bullish"}, {"id": 425491788, "text": "Sweep Options Activity: $AAPL is the #1 ticker with sweep activity where institutions are trading options urgently with 92.3K sweep contracts, a leading indicator of market movement.\n\nMarket analysis and options contracts included in screenshot of dashboard from http://insiderfinance.io.", "time": 1641919886.0, "sentiment": ""}, {"id": 425491769, "text": "$AAPL \nBest phone \nBest products \ud83d\ude80\ud83d\ude80\ud83d\ude80\ud83d\ude80", "time": 1641919871.0, "sentiment": "Bullish"}, {"id": 425491726, "text": "$AAPL blocked", "time": 1641919825.0, "sentiment": ""}, {"id": 425491205, "text": "GM Teams Up With Goldman Sachs For Digital-Friendly Credit Card  $GM $GS $AAPL $COF \n\nhttps://newsfilter.io/a/c22fdde1065b199202bd845284f7b00a", "time": 1641919332.0, "sentiment": ""}, {"id": 425491059, "text": "Unusual Options Activity: $AAPL is the #23 ticker with unusual activity from institutional traders with an average of 14% out of the money, a leading indicator of market movement.\n\nMarket analysis and options contracts included in screenshot of dashboard from http://insiderfinance.io.", "time": 1641919189.0, "sentiment": ""}, {"id": 425491032, "text": "$SPY  $QQQ $AAPL", "time": 1641919158.0, "sentiment": ""}, {"id": 425490525, "text": "$AAPL great job bulls! Pay close attention to movement after 10-11am when Powell speaks. If anything is said confirming multiple hikes this year then we might see crazy movement today. Until then enjoy the bull run!", "time": 1641918623.0, "sentiment": "Bearish"}, {"id": 425490376, "text": "$AAPL back to ATH", "time": 1641918476.0, "sentiment": "Bullish"}, {"id": 425490060, "text": "$AAPL what an epic month this will be for bulls!!!!!!!!", "time": 1641918124.0, "sentiment": "Bullish"}, {"id": 425489942, "text": "$AAPL I say the day, but we will have an amazing earnings report Jan 27", "time": 1641917995.0, "sentiment": "Bullish"}, {"id": 425489909, "text": "$AAPL saddle up bulls today\u2019s the day we rally \ud83d\udcaf\ud83d\udcaf\ud83d\udcaf\ud83d\udcaf\ud83d\udcaf\ud83d\udcaf", "time": 1641917958.0, "sentiment": "Bullish"}, {"id": 425489834, "text": "$AAPL was analyzed by 49 analysts. The buy consensus is at 84%. So analysts seem to be very confident about $AAPL. https://www.chartmill.com/stock/analyzer/stock/AAPL?view=analyst-ratings&amp;utm_source=stocktwits&amp;utm_medium=ANALYST&amp;utm_content=AAPL&amp;utm_campaign=social_tracking", "time": 1641917880.0, "sentiment": ""}, {"id": 425489667, "text": "$AAPL looking at orders\u2026 looking at a $175-$177 open price", "time": 1641917716.0, "sentiment": "Bullish"}, {"id": 425489291, "text": "$AAPL what supply chain problem? \ud83d\ude02 \ud83d\udcb8\ud83d\udcb8\ud83d\udcb8\ud83d\udcb8\ud83d\udcb8\n\nhttps://www.nasdaq.com/articles/apple-supplier-foxconns-chennai-plant-to-reopen", "time": 1641917341.0, "sentiment": "Bullish"}, {"id": 425489114, "text": "$AAPL $210 Price \ud83c\udfaf", "time": 1641917167.0, "sentiment": ""}, {"id": 425489086, "text": "$AAPL \ud83d\udcaf", "time": 1641917140.0, "sentiment": ""}, {"id": 425489072, "text": "$AAPL \ud83c\udfed \ud83d\udcb0", "time": 1641917123.0, "sentiment": ""}, {"id": 425488960, "text": "$AAPL AAPL 2022-01-10 Largest Trades Data: \nhttps://www.youtube.com/watch?v=TnaeLWqt1e0", "time": 1641917009.0, "sentiment": ""}, {"id": 425488563, "text": "$AAPL just a reminder \ud83d\ude80", "time": 1641916625.0, "sentiment": ""}, {"id": 425488419, "text": "$AAPL Big run today\ud83d\ude80\n\n$177\ud83d\udd25", "time": 1641916506.0, "sentiment": ""}, {"id": 425488081, "text": "$AAPL $AMD", "time": 1641916211.0, "sentiment": "Bullish"}, {"id": 425488043, "text": "$AAPL + $TSLA Booming once again \ud83c\udf4f \ud83c\udf43 \ud83d\udd0b \ud83d\ude97", "time": 1641916177.0, "sentiment": "Bullish"}, {"id": 425487971, "text": "$AAPL at this rate we\u2019re opening around $175+", "time": 1641916099.0, "sentiment": "Bullish"}, {"id": 425487778, "text": "$AAPL shares always recover. Best way to park your money", "time": 1641915879.0, "sentiment": "Bullish"}, {"id": 425487732, "text": "$AAPL \ud83c\udf4f", "time": 1641915843.0, "sentiment": "Bullish"}, {"id": 425487266, "text": "$AAPL ticker is lagging $AAPL is up 0.77% in PM.", "time": 1641915349.0, "sentiment": "Bullish"}, {"id": 425487026, "text": "$AAPL Best stock of all in my opinion. Apple equals wealth. \ud83d\udcb8", "time": 1641915122.0, "sentiment": "Bullish"}, {"id": 425486846, "text": "$AAPL futures bright green", "time": 1641914951.0, "sentiment": "Bullish"}, {"id": 425486652, "text": "$AAPL we will tank after the speech", "time": 1641914763.0, "sentiment": ""}]