[{"id": 425416675, "text": "$AAPL  change .63 vs .80 come on\u2026.lol", "time": 1641880549.0, "sentiment": ""}, {"id": 425415517, "text": "Sweep Options Activity: $AAPL is the #1 ticker with sweep activity where institutions are trading options urgently with 92.3K sweep contracts, a leading indicator of market movement.\n\nMarket analysis and options contracts included in screenshot of dashboard from http://insiderfinance.io.", "time": 1641880253.0, "sentiment": ""}, {"id": 425415165, "text": "$AAPL watch out tomorrow - it might be a runner on double digit growth projections", "time": 1641880161.0, "sentiment": ""}, {"id": 425415089, "text": "$AAPL Imagine trying to make your money shorting this \ud83e\udd23\ud83e\udd23 I\u2019d rather take that money and play blackjack", "time": 1641880142.0, "sentiment": "Bullish"}, {"id": 425414628, "text": "$AAPL $172.19 Close \n \nAH 6:43 PM \nBid  ARCX \n172.63 x 2 \nAsk  ARCX \n172.70 x 2 \nVolume \n106,686,753 \n \nKeeps getting stronger in AH. Shorts being smart  covering", "time": 1641880014.0, "sentiment": "Bullish"}, {"id": 425414602, "text": "$AAPL big buyer just pulled 172.63 buy? Here we go.", "time": 1641880007.0, "sentiment": "Bearish"}, {"id": 425413486, "text": "$AAPL omg look at the spreads the mm\u2019s are putting out there, can anyone say mm manipulation", "time": 1641879721.0, "sentiment": "Bullish"}, {"id": 425412937, "text": "$AAPL ha ha ha ...gotta laugh... \ud83d\udc3b and \ud83d\udc02...", "time": 1641879580.0, "sentiment": ""}, {"id": 425412637, "text": "$TSLA $AAPL $NVDA $AMD $BTC.X yes", "time": 1641879509.0, "sentiment": "Bullish"}, {"id": 425412497, "text": "$AAPL keep trying, that was amusing.", "time": 1641879470.0, "sentiment": "Bullish"}, {"id": 425412335, "text": "$AAPL is 169.50 a good entry? I purchase 20 stocks", "time": 1641879424.0, "sentiment": "Bullish"}, {"id": 425411545, "text": "$AAPL less than an hour and a half to cover, this should be fun to watch", "time": 1641879242.0, "sentiment": "Bullish"}, {"id": 425411419, "text": "$AAPL     \ud83c\udf4f JPM, has just issued a \u201cRare Buy the Dip Call\u201d.  https://www.google.com/amp/s/finance.yahoo.com/amphtml/news/buy-dip-wall-street-sell-225916976.html", "time": 1641879211.0, "sentiment": ""}, {"id": 425411128, "text": "$AAPL $TSLA $FB $BTC.X  $SPY these Clowns \ud83e\udd21 should sell Course on Investing.", "time": 1641879135.0, "sentiment": ""}, {"id": 425411000, "text": "$AAPL is the crash over now?", "time": 1641879107.0, "sentiment": ""}, {"id": 425410945, "text": "$AAPL NEW ARTICLE : The Top Semiconductor Stocks of 2021 https://www.stck.pro/news/AAPL/21095372", "time": 1641879091.0, "sentiment": ""}, {"id": 425410836, "text": "$AAPL short this pig.  OTCX next month", "time": 1641879066.0, "sentiment": "Bearish"}, {"id": 425410685, "text": "$AAPL lol who\u2019s the idiot that just sold at $160.00?  Haha", "time": 1641879028.0, "sentiment": ""}, {"id": 425410630, "text": "$AAPL lol every media source out there is pushing this price! Hedges sucking in retail to limit the rug pull drop. No worries I got time\u2026 \ud83d\ude01", "time": 1641879012.0, "sentiment": "Bearish"}, {"id": 425410090, "text": "$AAPL $TSLA  Got 18.5% cash left to buy aapl but dmn stk won\u2019t cooperate, might be putting into tsla? \ud83e\udd14", "time": 1641878884.0, "sentiment": "Bullish"}, {"id": 425409982, "text": "$SNAP screw snap it has no form of money making or products ! Unlike $AAPL we got App Store, phones, iPad , a lot technology, even streaming , soon Aapl car and vr glasses!! So screw snap, join Aapl !!!", "time": 1641878859.0, "sentiment": "Bullish"}, {"id": 425409795, "text": "$AAPL Jan 10, 2022,05:53pm EST \nMLB In Serious Talks With Apple To Stream Mid-Week Games \nMaury Brown \nMaury BrownSenior Contributor \nSportsMoney \n2020 Natl Sportswriter Of The Year Nominee, BBWAA, MLB, Motorsports  \nThis should take APPLE to $200 \nThe Grand Slam!", "time": 1641878808.0, "sentiment": "Bullish"}, {"id": 425409535, "text": "$AAPL \ud83d\ude02\ud83e\udd23\ud83d\ude05", "time": 1641878738.0, "sentiment": ""}, {"id": 425409451, "text": "$AAPL go BABY go!!! North just like I said.  Gap~n~go!!!", "time": 1641878720.0, "sentiment": "Bullish"}, {"id": 425409407, "text": "$AAPL  \ud83c\udf4f \u2757\ufe0fAlert:  ST Ticker, lagging.  Share Price Upticking:  172.86 Ask/Bid 172.78.", "time": 1641878711.0, "sentiment": "Bullish"}, {"id": 425409316, "text": "Unusual Options Activity: $AAPL is the #23 ticker with unusual activity from institutional traders with an average of 14% out of the money, a leading indicator of market movement.\n\nMarket analysis and options contracts included in screenshot of dashboard from http://insiderfinance.io.", "time": 1641878688.0, "sentiment": ""}, {"id": 425409151, "text": "@redrosecapital @cheezygroovin I would wait till 384-387 if momentum continues. Definitely will look to short the top of this channel on QQQ for any big caps that follow it. Maybe $AAPL or $TSLA", "time": 1641878648.0, "sentiment": ""}, {"id": 425409138, "text": "$AAPL these 125 jan 21st 182.5 calls I bought today on the dip look like money baby!", "time": 1641878645.0, "sentiment": ""}, {"id": 425408953, "text": "$AAPL 175 tomorrow", "time": 1641878601.0, "sentiment": ""}, {"id": 425407968, "text": "$AAPL could kick myself for not adding more earlier today, was stuck in a meeting\u2026ugh", "time": 1641878350.0, "sentiment": "Bullish"}]