[{"id": 425529440, "text": "$AAPL omg it went red for a split second apples going out of business guys. Sell sell sell. Muahahah lol you bears sound that stupid", "time": 1641931662.0, "sentiment": ""}, {"id": 425529381, "text": "$AAPL this is still oversold .. just remind you this morning PM at 4 am it was 1.80 up so it will go 1.80 anyways ..\n\nThis PM wants to unmasked when everyone was asleep or just checked around 6 am.\n\nIt\u2019s just algo plus Fed Chairman renomination hearing today .. there won\u2019t be any changes because Jerome will still be confirmed again anyways with Senate with some opposition.\n\nWe will be fine anyways!", "time": 1641931651.0, "sentiment": "Bullish"}, {"id": 425529314, "text": "$AAPL sizing up to be a pretty shitty day after all..", "time": 1641931638.0, "sentiment": ""}, {"id": 425528887, "text": "HERE&#39;S WHY YOU SHOULD INVEST IN APPLE THIS 2022!\n\nIn today\u2019s video, we\u2019re going to look at apple\u2019s stocks and is it worth buying this 2022. And be sure to stick around until the end of the video on how to win 1 Etherium.\n\nApple&#39;s (NASDAQ:AAPL) stock is up nearly 40% year to date, handily topping the S&amp;P 500&#39;s return of 28%. But as demand for the iPhone 13 wanes and the company&#39;s market capitalization climbs higher, whether to hold onto Apple stock or sell in the new year is a tough decision for investors.   \n$AAPL \nhttps://youtu.be/dnmAVwk0yCY", "time": 1641931567.0, "sentiment": ""}, {"id": 425528822, "text": "$AAPL Market fucked and official red. Another shifty day. Can&#39;t get any momentum with anything. Just downward.", "time": 1641931556.0, "sentiment": "Bearish"}, {"id": 425528665, "text": "$SPY $AAPL $NVDA when JPM says buy that\u2019s when you sell and run!", "time": 1641931527.0, "sentiment": "Bearish"}, {"id": 425528609, "text": "$AAPL the Dow isn\u2019t getting crushed the NASDAQ has been. Let\u2019s stop comparing apples and oranges", "time": 1641931517.0, "sentiment": "Bullish"}, {"id": 425528274, "text": "@nytrader60 \n\n$RIDE  and Foxconn will be answer for $AAPL", "time": 1641931466.0, "sentiment": "Bullish"}, {"id": 425527972, "text": "$AAPL what happened we were up a lot this morning??", "time": 1641931416.0, "sentiment": "Bullish"}, {"id": 425527699, "text": "$AAPL Calls should burn at open!! There will be a lot of selling\ud83d\udcb8\ud83d\udcb8", "time": 1641931368.0, "sentiment": "Bearish"}, {"id": 425526529, "text": "$TQQQ $AAPL $PLTR We call that the ole premarket okie doke.", "time": 1641931207.0, "sentiment": ""}, {"id": 425526426, "text": "Largest PUT OI increases $ZNGA $AFL $PLTR $SNAP $AAPL  \n \nhttp://staygreen.blackboxstocks.com/SH4G", "time": 1641931190.0, "sentiment": ""}, {"id": 425526163, "text": "$AAPL Back Market, an online marketplace that sells refurbished iPhones and other electronic devices, has raised funding\nthat boosts its valuation to $5.7 billion, leapfrogging what it was worth less than a year ago, according to the company\nand its investors.", "time": 1641931137.0, "sentiment": "Bullish"}, {"id": 425525890, "text": "$AAPL put your money here. And it will skyrocket. Here is my proof if you need to have seeing to believing.", "time": 1641931081.0, "sentiment": "Bullish"}, {"id": 425525836, "text": "\ud83d\udc8eDaily Watchlist\ud83d\udc8e \n \n$AMD over 135\ud83d\udcc8 under 132\ud83d\udcc9 \n \n$AAPL over 173.76\ud83d\udcc8 under 171.15\ud83d\udcc9 \n \n$NVDAover 276.28\ud83d\udcc8 under 270.03\ud83d\udcc9", "time": 1641931068.0, "sentiment": ""}, {"id": 425525679, "text": "Largest CALL OI decreases $AFRM $ZNGA $CCJ $LVS $AAPL  \n \nhttp://staygreen.blackboxstocks.com/SH4G", "time": 1641931036.0, "sentiment": ""}, {"id": 425524972, "text": "$AAPL Nomination  day: Jay Powell today at 10  AM  guys do not fight the Fed when the federal reserve chairman talk  market listen\n\nhttps://www.banking.senate.gov/hearings", "time": 1641930898.0, "sentiment": ""}, {"id": 425524907, "text": "Largest CALL OI increases $CCJ $AAPL $PLTR $ZNGA $AFRM  \n \nhttp://staygreen.blackboxstocks.com/SH4G", "time": 1641930884.0, "sentiment": ""}, {"id": 425524366, "text": "$TSLA $AAPL $LCID $GGPI", "time": 1641930771.0, "sentiment": "Bullish"}, {"id": 425523046, "text": "$AAPL ER is on 1/27. Queue the slow bleed until around 1/31", "time": 1641930511.0, "sentiment": "Bearish"}, {"id": 425522887, "text": "$AAPL well let\u2019s see if the group can profit from apple once again, we like to play it every morning. Usually pays \ud83d\udcb0\ud83d\udcb0 join the discord for more plays like this!", "time": 1641930482.0, "sentiment": "Bullish"}, {"id": 425522765, "text": "$AAPL is China\n https://www.reddit.com/r/Epic_Economics/comments/s1d8nk/markets_flat_vix_goes_green_prepare_for_mayhem/?utm_source=share&amp;utm_medium=ios_app&amp;utm_name=iossmf", "time": 1641930457.0, "sentiment": "Bearish"}, {"id": 425522642, "text": "$AAPL https://finance.yahoo.com/news/apple-plans-allow-alternative-payment-053206028.html", "time": 1641930431.0, "sentiment": "Bullish"}, {"id": 425522597, "text": "$AAPL Futures started red. Went down 0.4% then went big green nearly 1% and now flat and about to go red.\n\nTech is the future, and to keep USA great you need to invest in the future. So come on people get a grip and let the market rip. Be the patriot that is expected.", "time": 1641930424.0, "sentiment": ""}, {"id": 425522481, "text": "Jamf Holding helping over 60,000 active customers with Apple. $JAMF ; $AAPL.\nhttps://shopstyle.it/l/bCMmP", "time": 1641930400.0, "sentiment": ""}, {"id": 425521932, "text": "$AAPL let\u2019s go to $168!! You know you have to start selling once the big investment banks like JPM start talking about buying tech \ud83e\udd21\ud83e\udd21", "time": 1641930290.0, "sentiment": "Bearish"}, {"id": 425521374, "text": "$MSFT $GOOGL $AAPL $FB  what does this mean? I am unfamiliar with Algoflow.", "time": 1641930169.0, "sentiment": ""}, {"id": 425521089, "text": "$AAPL I&#39;m fairly new to flipping options. Historically I&#39;m  just a buy stock and never touch it again type of investor.  I&#39;ve had a good bit of luck buying options that were far out when I thought the sp was too low but I want to get heavy in weekly options. Anyone have any good reading material to suggest?", "time": 1641930109.0, "sentiment": ""}, {"id": 425521081, "text": "$AAPL 200 soon", "time": 1641930107.0, "sentiment": "Bullish"}, {"id": 425520973, "text": "$AAPL NASDAQ futures down, down, down and more likely red begote open.", "time": 1641930084.0, "sentiment": "Bearish"}]