[{"id": 425520755, "text": "$AAPL dumping\u2026", "time": 1641930038.0, "sentiment": "Bearish"}, {"id": 425520696, "text": "$SPY Check the news $SNIPF \ud83d\ude80 $AAPL", "time": 1641930026.0, "sentiment": "Bullish"}, {"id": 425519661, "text": "$AAPL $MSFT $GOOGL $FB Tech #AlgoFlow  \nhttps://twitter.com/DANGSTRAT/status/1480895595799793666?s=20", "time": 1641929801.0, "sentiment": ""}, {"id": 425516640, "text": "Top Flow for Yesterday \ud83d\ude32: $AAPL with a single PUT Trade for total premium worth $948.2K Ranking #12 Yesterday | This was a TRADE trade.  | Visit SweepCast.com or Join our Premium Room For Access!", "time": 1641929172.0, "sentiment": ""}, {"id": 425516113, "text": "@JJfor3 @Buzzw0rthy Gao Fei Wang is CEO of $WB and also sits on board of DD.  Zhang was on the board at Weibo also.  I&#39;m guessing their was a potential conflict or simply task overload with Zhang on both boards; or Wang and Zhang both of Weibo sitting on DD board &quot;too much stroke&quot; of Weibo influence?  That may have ruffled the feathers of $AAPL and Tencent Directors.", "time": 1641929049.0, "sentiment": "Bullish"}, {"id": 425515906, "text": "$LCID I\u2019ve been investing my entire life. I\u2019ve never seen such a promising and diverse investment as $LCID yes I have  $AAPL stock and it\u2019s done very well but I believe that $LCID can hit that $1T MC within the next 6-8 years. That would make it a top 5 investment in the market and also the most potential for gains. Hold strong", "time": 1641928989.0, "sentiment": "Bullish"}, {"id": 425514821, "text": "$AMD \u2197\ufe0f + $XLNX is a winner all day every day!\n#BTFD ALWAYS AND OFTEN.. \u270c\ud83c\udffc\nLonger and Stronger!\n\n$AAPL | $MSFT | $TSLA", "time": 1641928725.0, "sentiment": ""}, {"id": 425512593, "text": "&gt; https://chng.it/DmsT9w6dhC\n$AMD \u2197\ufe0f + $XLNX | $AAPL | $TSLA | $BTC.x", "time": 1641928150.0, "sentiment": ""}, {"id": 425512111, "text": "$AAPL Berkshire holds roughly 908 million Apple shares (based on the company&#39;s third-quarter 10-Q). The stake is valued at $151 billion.", "time": 1641928023.0, "sentiment": ""}, {"id": 425511940, "text": "$AAPL AAPL 2022-01-10 Largest Trades Data: \nhttps://www.youtube.com/watch?v=TnaeLWqt1e0", "time": 1641927987.0, "sentiment": ""}, {"id": 425510604, "text": "$AAPL some fund just unloaded pre market between $173-$173.60", "time": 1641927690.0, "sentiment": "Bearish"}, {"id": 425510334, "text": "$AAPL push for a 2%open and I\u2019ll dump\nMy calls!!! Come on a baby!!! We got this!!!", "time": 1641927650.0, "sentiment": "Bullish"}, {"id": 425510063, "text": "$AAPL 160P Exp:21-Oct-22 --  \ud83d\udd25 Total(Day): $25,700 \n#UnusualActivity \n \n \nSign-up free for beta ver.:https://app.jarvisalerts.com \ncharts: courtesy of finviz", "time": 1641927614.0, "sentiment": ""}, {"id": 425509998, "text": "$AAPL 180C Exp:21-Jan-22 --  \ud83d\ude80 Total(Day): $28,050 \n$AAPL 180C Exp:18-Feb-22 \u2191\u2191  \ud83d\ude80 Total(Day): $28,800 \n$AAPL 120P Exp:19-Jan-24 \u2193  \ud83d\udd25 Total(Day): $27,300 \n#UnusualActivity \n \n \nSign-up free for beta ver.:https://app.jarvisalerts.com \ncharts: courtesy of finviz", "time": 1641927610.0, "sentiment": ""}, {"id": 425509962, "text": "$AAPL 172.5C Exp:14-Jan-22 --  \ud83d\ude80 &lt;R&gt; Total(Day): $227,774 \n$AAPL 175C Exp:14-Jan-22 --  \ud83d\ude80 &lt;R&gt; Total(Day): $280,119 \n$AAPL 177.5C Exp:14-Jan-22 \u2191  \ud83d\ude80 Total(Day): $46,500 \n#UnusualActivity \n \n \nSign-up free for beta ver.:https://app.jarvisalerts.com \ncharts: courtesy of finviz", "time": 1641927606.0, "sentiment": ""}, {"id": 425509548, "text": "$AAPL Be careful today\u2026 \nWe teach many things at OP.. we don\u2019t just send kick ass alert plays that play- it\u2019s much more than that! See what our members say (ask them yourself on IG) then take advantage of your free month and STACK!\n** link where the testimonials below testimonials are and where you can find the real people that made them - https://www.instagram.com/reel/CYew4mYJSXA/?utm_medium=copy_link", "time": 1641927498.0, "sentiment": ""}, {"id": 425509376, "text": "$TSLA \n1400 by end of Jan! Period!! $LCID $QQQ $SPY $AAPL", "time": 1641927453.0, "sentiment": "Bullish"}, {"id": 425509224, "text": "$DSP \ud83d\udc2e\ud83d\udc2e\ud83d\udc2e\ud83d\udc2e $TSLA $AAPL $ZOOM", "time": 1641927421.0, "sentiment": "Bullish"}, {"id": 425508173, "text": "$AAPL is one of the better performing stocks in the Technology Hardware, Storage &amp; Peripherals industry. https://www.chartmill.com/stock/quote/AAPL/technical-analysis?key=bb853040-a4ac-41c6-b549-d218d2f21b32&amp;utm_source=stocktwits&amp;utm_medium=TA&amp;utm_content=AAPL&amp;utm_campaign=social_tracking", "time": 1641927180.0, "sentiment": ""}, {"id": 425508066, "text": "$AAPL all these appl car engineer that left .. who cares when we got $TSLA  engineer to come in https://appleinsider.com/articles/21/11/05/apple-hires-former-tesla-engineer-to-bolster-its-self-driving-car-project/amp/", "time": 1641927150.0, "sentiment": "Bullish"}, {"id": 425507195, "text": "$AAPL is now a good time to buy my first AAPL shares??", "time": 1641926930.0, "sentiment": "Bullish"}, {"id": 425506865, "text": "$AAPL https://appleinsider.com/articles/21/11/05/apple-hires-former-tesla-engineer-to-bolster-its-self-driving-car-project/amp/", "time": 1641926830.0, "sentiment": ""}, {"id": 425506468, "text": "$PLUG Power newest band of bears \ud83d\udc3b will disappear in a second as soon as municipality\u2019s start SK PLUG Power ECOSYSTEMS!!! \n \nNET ZERO CITY BELOW \u2b07\ufe0f!!!  $mrna $tsla $nvda $aapl \u201d100 BAGGERS BELOW\u201d!!!  Whole CITY running on GREEN HYDROGEN", "time": 1641926696.0, "sentiment": ""}, {"id": 425506365, "text": "$AAPL We passed 1600 signatures on our petition for an accurate share count for AMC and GME.  This helps all retail investors if we can stop the naked shorting and printing of counterfeit shares  Please sign petition and share https://chng.it/7mGtTXfmyp", "time": 1641926659.0, "sentiment": "Bullish"}, {"id": 425505710, "text": "$AAPL $TSLA $AMC $GME", "time": 1641926422.0, "sentiment": ""}, {"id": 425504424, "text": "$AAPL NEW ARTICLE : Apple submits plans to allow alternative payment systems in S.Korea - regulator https://www.stck.pro/news/AAPL/21126672", "time": 1641925994.0, "sentiment": ""}, {"id": 425504153, "text": "$AAPL So tell me again why some of ya\u2019ll sold at 168?", "time": 1641925923.0, "sentiment": "Bullish"}, {"id": 425503885, "text": "Apple&#39;s PT raised by Sanford C. Bernstein to $170.00. https://www.marketbeat.com/r/1697103 $AAPL", "time": 1641925862.0, "sentiment": ""}, {"id": 425503386, "text": "$AAPL (+0.8% pre) Apple in talks to cover Major League Baseball - report - SA\n\nhttp://ooc.bz/l/90537", "time": 1641925741.0, "sentiment": ""}, {"id": 425503167, "text": "$AAPL https://a.webull.com/Apy6fJwWs9T6XT330h", "time": 1641925661.0, "sentiment": ""}]