[{"id": 425548724, "text": "$AAPL TRADE THE CHOP OR STFU", "time": 1641934233.0, "sentiment": ""}, {"id": 425548623, "text": "$AAPL \ud83d\udc3b s need to push this ticker below 170 to get some downside momo imo", "time": 1641934223.0, "sentiment": ""}, {"id": 425547617, "text": "$AAPL Playing a little cautiously here, majority of my position is LEAP calls, but have a few short term puts in case of a big collapse soon", "time": 1641934117.0, "sentiment": "Bullish"}, {"id": 425546841, "text": "$AAPL I am again blocking all bears and negative comments today. To bet against what is arguably the best company in the world makes less than zero sense to me. Plus, it feels good to block you fools.", "time": 1641934036.0, "sentiment": ""}, {"id": 425546614, "text": "$AAPL now that that\u2019s over lol\n\ud83d\ude80\ud83d\ude80\ud83d\ude80\ud83d\ude80\ud83d\ude80\ud83d\ude80\ud83d\ude80\ud83d\ude80\ud83d\ude80\ud83d\ude80\ud83d\ude80\ud83d\ude80", "time": 1641934014.0, "sentiment": "Bullish"}, {"id": 425546565, "text": "$AAPL I still have my face. Was supposed to be ripped off?", "time": 1641934008.0, "sentiment": ""}, {"id": 425546321, "text": "$AAPL  \ud83e\udd23\ud83e\udd23\ud83e\udd23\ud83d\ude39\ud83d\ude39\ud83d\ude39\ud83d\ude39\ud83e\udd23\ud83e\udd11\ud83d\udc51\ud83d\udc51\ud83e\udd11\ud83e\udd11\ud83e\udd11\ud83e\udd11\ud83d\udc51\ud83d\udc51\ud83d\udc51\ud83d\udcc8\ud83d\udcc8\ud83d\udcc8\u2705\u2705\u2705\ud83d\udd25\ud83d\udd25\ud83d\udd25\ud83d\ude97\ud83d\udca5\u2708\ufe0f\ud83d\udd25", "time": 1641933979.0, "sentiment": "Bullish"}, {"id": 425546317, "text": "$AAPL gonna have a big bounce soon", "time": 1641933978.0, "sentiment": "Bullish"}, {"id": 425546298, "text": "$aapl just following the market *yawn*", "time": 1641933976.0, "sentiment": "Bullish"}, {"id": 425546138, "text": "$AAPL just going down", "time": 1641933959.0, "sentiment": "Bearish"}, {"id": 425545963, "text": "$DWAC this is stock you hold for 5 years like $tsla $aapl", "time": 1641933940.0, "sentiment": ""}, {"id": 425545818, "text": "$AAPL \u201cbros this could be a 5-10 pt up day for tech!!\u201d\n\nPremarket and AH \ud83e\udd21", "time": 1641933927.0, "sentiment": "Bearish"}, {"id": 425545792, "text": "$SPY Shorted $AAPl at open. 170 puts.", "time": 1641933924.0, "sentiment": ""}, {"id": 425545545, "text": "$AAPL 3 trillion mc was more then likely the top.  For awhile at least", "time": 1641933897.0, "sentiment": "Bearish"}, {"id": 425545535, "text": "$AAPL here we go again", "time": 1641933896.0, "sentiment": ""}, {"id": 425545532, "text": "$AAPL \ud83e\udd23\ud83e\udd23\ud83e\udd23\ud83d\ude39\ud83d\ude39\ud83d\ude39\ud83d\ude39\ud83e\udd23\ud83e\udd11\ud83d\udc51\ud83d\udc51\ud83e\udd11\ud83e\udd11\ud83e\udd11\ud83e\udd11\ud83d\udc51\ud83d\udc51\ud83d\udc51\ud83d\udcc8\ud83d\udcc8\ud83d\udcc8\u2705\u2705\u2705\ud83d\udd25\ud83d\udd25\ud83d\udd25\ud83d\ude97\ud83d\udca5\u2708\ufe0f\ud83d\udd25", "time": 1641933895.0, "sentiment": "Bullish"}, {"id": 425543701, "text": "$AAPL MACD and RSI are both dropping. It&#39;s going to be a red morning", "time": 1641933698.0, "sentiment": "Bearish"}, {"id": 425542862, "text": "Apple\u2019s Loss in Cloud Gaming Could Benefit Nvidia, Amazon, and Microsoft  $AAPL $NVDA $AMZN $MSFT $GOOG \n\nhttps://newsfilter.io/a/7e5ca778169fec7c146d306106c3afb2", "time": 1641933614.0, "sentiment": ""}, {"id": 425541679, "text": "$AAPL rate hikes won\u2019t affect apple. They have figures that shit out", "time": 1641933476.0, "sentiment": "Bullish"}, {"id": 425541504, "text": "$AAPL deep rotation back into those apples.  come on 175+  Regain 3T", "time": 1641933454.0, "sentiment": "Bullish"}, {"id": 425541413, "text": "$AAPL squueeeeze", "time": 1641933444.0, "sentiment": ""}, {"id": 425541382, "text": "$AAPL Sold my position at 178. Viv la puts!", "time": 1641933441.0, "sentiment": "Bearish"}, {"id": 425541341, "text": "$AAPL let\u2019s go", "time": 1641933436.0, "sentiment": "Bullish"}, {"id": 425541226, "text": "$AAPL \ud83c\udf4f\ud83d\udcaa\ud83c\udffb", "time": 1641933422.0, "sentiment": "Bullish"}, {"id": 425541066, "text": "$AAPL \ud83c\udf4f", "time": 1641933405.0, "sentiment": "Bullish"}, {"id": 425540973, "text": "$AAPL fighting for the green \ud83d\udcb8\ud83d\udcb8\ud83d\udcb8\ud83d\udcb8\ud83d\udcb8\ud83d\udcb8\ud83d\udcb8\ud83d\udcb8\ud83d\udcb8\ud83d\udcb8\ud83d\udcb8\ud83d\udcb8\ud83d\udcb8", "time": 1641933396.0, "sentiment": "Bullish"}, {"id": 425540802, "text": "$AAPL LFG!!!", "time": 1641933377.0, "sentiment": ""}, {"id": 425540651, "text": "$AAPL MACD lines aren&#39;t looking too good. Puts are shorts are going to win today", "time": 1641933357.0, "sentiment": "Bearish"}, {"id": 425540601, "text": "$AAPL how is this dumping again", "time": 1641933349.0, "sentiment": ""}, {"id": 425540229, "text": "$AAPL she\u2019s trying to hold!!", "time": 1641933303.0, "sentiment": "Bullish"}]