[{"id": 425578212, "text": "$AAPL 04-Feb-22 170 Puts Traded 5,494 Times for $2.7 Million in Premium. https://tinyurl.com/y535ruze", "time": 1641937406.0, "sentiment": ""}, {"id": 425578100, "text": "$AAPL is it too much to ever ask for a Fng Green Day in the indexes?", "time": 1641937394.0, "sentiment": "Bullish"}, {"id": 425577693, "text": "I&#39;d short the #VIX on this resistance and the #ice of the #FED \n\n#Veins $Bitches\n\nLong $AAON\n\n note my move\n#Bitcoin #VIX says #staydown #HuckleBerry $UVXY $TSLA $AAPL $GOOG", "time": 1641937347.0, "sentiment": ""}, {"id": 425577072, "text": "$AAPL looks like it could be heading back down to 168", "time": 1641937278.0, "sentiment": "Bearish"}, {"id": 425576903, "text": "$AAPL we might see 200 within the next couple weeks", "time": 1641937259.0, "sentiment": "Bullish"}, {"id": 425575642, "text": "$AAPL they going to take our money, inflation run very will and be on our expectation :(", "time": 1641937110.0, "sentiment": ""}, {"id": 425575593, "text": "$AAPL when explode when $SPY curls up", "time": 1641937105.0, "sentiment": "Bullish"}, {"id": 425575572, "text": "$AAPL government stepped in to drive market down.   Not", "time": 1641937102.0, "sentiment": "Bearish"}, {"id": 425574982, "text": "$AAPL Earnings run up begins by Friday", "time": 1641937034.0, "sentiment": "Bullish"}, {"id": 425574089, "text": "$TSLA $SPY $QQQ $AAPL \n\nOMG!!!!! \ud83d\ude31", "time": 1641936929.0, "sentiment": "Bearish"}, {"id": 425574070, "text": "$AAPL lol damn powell", "time": 1641936927.0, "sentiment": ""}, {"id": 425573959, "text": "$AAPL \ud83c\udf4f\ud83d\udcaa", "time": 1641936911.0, "sentiment": ""}, {"id": 425573895, "text": "$AAPL staring to tank ?", "time": 1641936905.0, "sentiment": ""}, {"id": 425572869, "text": "Watchlist for the day little. This watchlist is made for our premium members on daily basis chck my channel lynk in bayo\n\n\ud83d\udc49 $LI: Li Auto stock broke below its long-term 200-day moving average during Monday&#39;s 5.6% skid.  There is no new buy point at this time with the stock nearly 30% off its 52-week high.\n\n\ud83d\udc49 $LCID: Lucid Motors shares declined 0.6% Monday. LCID stock remains extended past a 28.49 buy point in a cup-with-handle base, but huge gains have dwindled. Shares are again attempting to regain their 50-day line this week, which would be bullish for the stock&#39;s base-building prospects.\n\n\ud83d\udc49 $AAPL :  Apple stock turned barely higher after briefly hitting its lowest level since Dec. 20. Shares remain about 12% past a 153.27 buy point out of a cup-with-handle base.", "time": 1641936773.0, "sentiment": ""}, {"id": 425571970, "text": "$AAPL the gap up", "time": 1641936663.0, "sentiment": ""}, {"id": 425571907, "text": "$SPY  $QQQ $UVXY $AAPL $AMZN \n\n2/2\n\nPEG Ratio: 5-yr EPS growth rate, \n\nDotcom (2000), top 10 stocks in SPX =  PEG ratio 4 \n\nToday, top 10 stocks in S&amp;P 500  (2nd attachment) = PEG ratio 1.5\n\n(Shiller P/E 38X)\n\nMarket is not cheap, but expensive it is not either. Relatively speaking!", "time": 1641936657.0, "sentiment": ""}, {"id": 425571259, "text": "$SPY $QQQ $AAPL $AMZN $UVXY \n\n(1/2)\n\nPEG Ratio: 5-yr EPS growth rate, \n\nDotcom (2000), top 10 stocks in SPX (1st attachment) =  PEG ratio 4 \n\nToday, top 10 stocks in S&amp;P 500 = PEG ratio 1.5\n\n(Shiller P/E 38X) \n\nMarket is not cheap, but expensive it is not either. Relatively speaking!", "time": 1641936582.0, "sentiment": ""}, {"id": 425571054, "text": "$AAPL \n\nIt doesn\u2019t matter if it\u2019s democrats or republicans administration \u2026 history shows that feds are very bullish to keep US economy as strong as ever!", "time": 1641936559.0, "sentiment": "Bullish"}, {"id": 425571040, "text": "$AAPL NEW ARTICLE : How DigitalOcean Stock Could Grow 10x In 10 Years https://www.stck.pro/news/AAPL/21134624", "time": 1641936557.0, "sentiment": ""}, {"id": 425570732, "text": "$AAPL", "time": 1641936517.0, "sentiment": "Bullish"}, {"id": 425570678, "text": "$AAPL where tf is the volume? Cmon step up your game ppl. Bring some volatility. We trade options here after all", "time": 1641936511.0, "sentiment": "Bearish"}, {"id": 425569713, "text": "$AAPL no direction today", "time": 1641936388.0, "sentiment": "Bullish"}, {"id": 425569295, "text": "$AAPL $175 eow", "time": 1641936337.0, "sentiment": "Bullish"}, {"id": 425569081, "text": "$AAPL finally green .. push to 178$", "time": 1641936311.0, "sentiment": ""}, {"id": 425569068, "text": "$AAPL 1/21 172.5c.", "time": 1641936310.0, "sentiment": "Bullish"}, {"id": 425568569, "text": "$AAPL AMD is up 3 bucks. MSFT down.   Crazy", "time": 1641936251.0, "sentiment": ""}, {"id": 425568393, "text": "$LCID great move $AAPL good watch", "time": 1641936230.0, "sentiment": "Bullish"}, {"id": 425568019, "text": "$AAPL push!!!!!!!", "time": 1641936186.0, "sentiment": "Bullish"}, {"id": 425567766, "text": "$AAPL I will tell my grandchildren if the vaccine doesn\u2019t sterilization them that I became part of the biggest bag holder event of all time 3 trillion dollar market cap\n$182.86 a share", "time": 1641936157.0, "sentiment": "Bearish"}, {"id": 425566995, "text": "$AAPL a dip?  Pre-Powers dip?  what to do?  LOL", "time": 1641936071.0, "sentiment": ""}]