[{"id": 425539086, "text": "$AAPL the 172 shorts will exit soon. they are just saving their  butts.", "time": 1641933161.0, "sentiment": "Bullish"}, {"id": 425539042, "text": "$AAPL morning dip then $175+", "time": 1641933155.0, "sentiment": "Bullish"}, {"id": 425538405, "text": "Thinking about trading options or stock in Illumina, Pfizer, Kroger, Exxon Mobil, or Apple?  $AAPL $ILMN $KR $PFE $XOM \n\nhttps://newsfilter.io/a/6cb6177ee5d625b6057be0a79f2d7fb4", "time": 1641933065.0, "sentiment": ""}, {"id": 425538379, "text": "$AAPL buys buys buys $180+", "time": 1641933060.0, "sentiment": "Bullish"}, {"id": 425538344, "text": "$amzn $tsla $aapl not buying ish out the gate \ud83d\ude02 drop them premiums for ya mans or sum", "time": 1641933055.0, "sentiment": ""}, {"id": 425537875, "text": "$AAPL premarket dip, watch the rip", "time": 1641932981.0, "sentiment": "Bullish"}, {"id": 425537257, "text": "$AAPL ok to add more here", "time": 1641932893.0, "sentiment": ""}, {"id": 425537144, "text": "$AAPL I expect a legendary earnings Jan 27\n\nhttps://www.cnbc.com/amp/2022/01/10/apple-implies-it-generated-record-revenue-from-app-store-during-2021-.html", "time": 1641932878.0, "sentiment": "Bullish"}, {"id": 425535718, "text": "$AAPL I&#39;m up35 percent on 8 shares of apple how do u handle markets like this so far im just holding.", "time": 1641932667.0, "sentiment": ""}, {"id": 425535222, "text": "$AAPL we hit 174 pm I think we can do it again and more before Powell \ud83d\ude08", "time": 1641932584.0, "sentiment": "Bullish"}, {"id": 425535083, "text": "$AAPL NEW ARTICLE : Dividend Growth 50: Seven Years, And Income Just Keeps Coming In https://www.stck.pro/news/AAPL/21131714", "time": 1641932559.0, "sentiment": ""}, {"id": 425535053, "text": "January 11, 2022 \n$SPY $465 to $466.50. Over $466.50 to $468-$468.70. Below $465 to $463-$462.70 \n  \n$AAPL $172 to $173. Over $173 to $173.75. Over $174 to $175. Below $172 to $171-$169.50 \n  \n$BA $209 to $211. Over $211 to $212-$214. Below $209 to $207-$206 \n  \n$NVDA $270 to $275. Over $275 to $280. Below $270 to $265-$262 \n  \n$AMD $132 to $134-$135. Over $135 to $137. Below $132 to $130", "time": 1641932555.0, "sentiment": ""}, {"id": 425534905, "text": "$AAPL load of short selling in PM is going through E-Trade right now\u2026 almost no buys\u2026bet that changes in open!", "time": 1641932534.0, "sentiment": "Bullish"}, {"id": 425534682, "text": "$AAPL did this hit 174 and reject it?", "time": 1641932498.0, "sentiment": ""}, {"id": 425534583, "text": "$AAPL", "time": 1641932482.0, "sentiment": "Bullish"}, {"id": 425534161, "text": "$AAPL Theres no reason why you sell at open. This is gonna hit 200 soon", "time": 1641932420.0, "sentiment": "Bullish"}, {"id": 425534075, "text": "$AAPL not today. It will be red", "time": 1641932408.0, "sentiment": ""}, {"id": 425533745, "text": "$AAPL yikes . Wtf", "time": 1641932361.0, "sentiment": ""}, {"id": 425533575, "text": "$AAPL what time Powell testify ?", "time": 1641932333.0, "sentiment": ""}, {"id": 425533356, "text": "$AAPL pre market we were killing it then you ding dongs started selling off! \ud83d\ude21", "time": 1641932296.0, "sentiment": "Bullish"}, {"id": 425533226, "text": "$AAPL short on every pump and don\u2019t cover until below $125 late February", "time": 1641932276.0, "sentiment": "Bearish"}, {"id": 425533059, "text": "$AAPL I guess they got my message\u2026", "time": 1641932251.0, "sentiment": ""}, {"id": 425532495, "text": "$AAPL AMD is up 1.41 right now. AApl will go up with it.", "time": 1641932168.0, "sentiment": "Bullish"}, {"id": 425531018, "text": "$AAPL +5% day incoming", "time": 1641931929.0, "sentiment": ""}, {"id": 425529810, "text": "$HOOD $NIO $AAPL what we doing boys time to eat", "time": 1641931725.0, "sentiment": ""}, {"id": 425529766, "text": "$MSFT $AAPL $AMZN $FB planning day trades after Powell testimony today\u2026 first 5 mins of his opening statement will dictate the direction of market\u2026 play safe!", "time": 1641931721.0, "sentiment": "Bullish"}, {"id": 425529686, "text": "TFI&#39;s Kuo Sees Apple&#39;s $AAPL AR/VR Headsets &#39;2-3 Years Ahead of Competitors in Computing Power&#39;, Says Company Could Ship 3M Units in 2023 https://www.streetinsider.com/Analyst+Comments/TFIs+Kuo+Sees+Apples+%28AAPL%29+ARVR+Headsets+2-3+Years+Ahead+of+Competitors+in+Computing+Power%2C+Says+Company+Could+Ship+3M+Units+in+2023/19444804.html", "time": 1641931705.0, "sentiment": ""}, {"id": 425529643, "text": "$AAPL where did the bulls go? So cocky", "time": 1641931698.0, "sentiment": ""}, {"id": 425529549, "text": "$AAPL same as yesterday except not down $3. Will rally all day. EOW close over $175. Book it!", "time": 1641931682.0, "sentiment": ""}, {"id": 425529471, "text": "$SPY Federal Reserve Chair Jerome Powell will testify in front of the Senate Banking Committee today for re-confirmation, though investors will be all ears for comments regarding inflation and policy tightening. \n\nChop till then $QQQ $TSLA $AAPL \ud83d\udc1d", "time": 1641931668.0, "sentiment": ""}]