[{"id": 425600877, "text": "$AAPL    \ud83c\udf4f 15 mins later\u2026things have changed!  Nasdaq, is soaring.  Europe Closes, in 5 mins.", "time": 1641939943.0, "sentiment": ""}, {"id": 425600846, "text": "$AAPL theta is a killer", "time": 1641939939.0, "sentiment": "Bullish"}, {"id": 425600662, "text": "$AAPL short covering rally, this mini rally is doing nothing but giving longs a chance to escape at a higher price.  $174 rejection.", "time": 1641939917.0, "sentiment": "Bearish"}, {"id": 425600652, "text": "$AAPL $175 incoming \ud83c\udfaf", "time": 1641939916.0, "sentiment": ""}, {"id": 425600308, "text": "$AAPL let the earnings run begin \ud83d\udcb0", "time": 1641939878.0, "sentiment": "Bullish"}, {"id": 425600251, "text": "$aapl my $182s short idea worked thru 168s dip now $174s pump ; well short term another short idea... buying put :)", "time": 1641939871.0, "sentiment": "Bearish"}, {"id": 425600233, "text": "@STCKPRO I&#39;ve heard that a million times over the years, yet here we are at 3 trillion. $AAPL", "time": 1641939869.0, "sentiment": "Bullish"}, {"id": 425600178, "text": "PUT PUT PUT !!!!!!!!!!!!!!!!!!!!!!!!! \n \nBIG TECH/ GROWTH STOCKS :)  $AAPL $SPY ....", "time": 1641939862.0, "sentiment": "Bearish"}, {"id": 425599907, "text": "$QQQ $AAPL $TSLA $SPY  Hahahahahaha.", "time": 1641939833.0, "sentiment": ""}, {"id": 425599239, "text": "$AAPL $AMZN $TSLA $SPY $QQQ It will be another very RED day for big tech and the markets. Dead cat bounce is all", "time": 1641939760.0, "sentiment": "Bearish"}, {"id": 425599098, "text": "$AAPL NEW ARTICLE : Pro: \u2018Apple is the least likely to grow from here&#39; https://www.stck.pro/news/AAPL/21136555", "time": 1641939741.0, "sentiment": ""}, {"id": 425598866, "text": "$NVDA 280+ easy $AAPL 175+ $GOOGL absolutely beaten last few days should make its way back to 3k", "time": 1641939718.0, "sentiment": "Bullish"}, {"id": 425598796, "text": "$AAPL hahaha\u2026Bingo!", "time": 1641939711.0, "sentiment": ""}, {"id": 425598476, "text": "$AAPL we\u2019re good!", "time": 1641939677.0, "sentiment": "Bullish"}, {"id": 425598426, "text": "$AAPL 3 points in 20 minutes. Haha what a joke this is", "time": 1641939672.0, "sentiment": "Bearish"}, {"id": 425598233, "text": "$AAPL/$SPY nice aapl long PAYTIENCE", "time": 1641939652.0, "sentiment": "Bullish"}, {"id": 425598202, "text": "$AAPL \ud83d\ude06\ud83d\ude06\ud83e\udd70\ud83e\udd70\ud83d\ude06\ud83e\udd32\ud83c\udffb\ud83e\udd32\ud83c\udffb\ud83c\udf4f\ud83c\udf4f\u2764\ufe0f\u2764\ufe0f\ud83c\udf89\ud83c\udf89\ud83c\udf89\ud83c\udf89\ud83c\udf89\u2764\ufe0f\u2764\ufe0f\u2764\ufe0f\ud83c\udf4f\ud83e\udd32\ud83c\udffb\ud83d\ude06\ud83d\ude06\ud83d\ude06\ud83e\udd70\ud83e\udd70\ud83e\udd29\ud83e\udd29\ud83e\udd29\ud83e\udd29\ud83d\udc90\ud83d\udc90\ud83d\udc90\ud83d\udc90\ud83d\udc90\ud83c\udf4f\ud83c\udf4f\ud83c\udf4f\ud83c\udf4f\ud83c\udf4f", "time": 1641939647.0, "sentiment": ""}, {"id": 425598111, "text": "$aapl last time aapl short idea was 182 went 168s .. now $174s pump is another short ... fake pump:)", "time": 1641939636.0, "sentiment": "Bearish"}, {"id": 425598036, "text": "$AAPL what just happened?", "time": 1641939629.0, "sentiment": "Bullish"}, {"id": 425597921, "text": "$AAPL \ud83e\udd32\ud83c\udffb\ud83e\udd32\ud83c\udffb\ud83c\udf4f\ud83c\udf4f\ud83c\udf4f\ud83e\udd32\ud83c\udffb\u2764\ufe0f\u2764\ufe0f\u2764\ufe0f\ud83e\udd70\ud83e\udd70\ud83e\udd70\ud83e\udd70\ud83e\udd70\ud83d\ude06\ud83d\ude06\ud83d\ude06\ud83d\ude06", "time": 1641939616.0, "sentiment": ""}, {"id": 425597513, "text": "Yes keep pump $aapl and all growth stocks before CPI numbers is great idea :)  #sarcasm #trap #fomo #crylater #caution  \n \n$spy $qqq", "time": 1641939574.0, "sentiment": ""}, {"id": 425597421, "text": "$AAPL RSI is still very high. This rise won&#39;t last long", "time": 1641939564.0, "sentiment": ""}, {"id": 425597260, "text": "$AAPL FOMO is a powerful drug", "time": 1641939549.0, "sentiment": ""}, {"id": 425597244, "text": "$MSFT $AAPL up past yesterday\u2019s resistance\u2026 hot \u2026 hot baby", "time": 1641939548.0, "sentiment": "Bullish"}, {"id": 425597067, "text": "$AAPL \nExcellent Trend !! 11:20AM. Excellent Hour to Begin.", "time": 1641939527.0, "sentiment": "Bullish"}, {"id": 425596600, "text": "$AAPL $AMZN $TSLA $QQQ $SPY Big tech still has a long way to fall", "time": 1641939477.0, "sentiment": "Bearish"}, {"id": 425596215, "text": "$SPY $MSFT $AAPL Doctors went with pig heart because after first test of transplanting a bear heart into a boomer, the boomer immediately went all in on puts.", "time": 1641939440.0, "sentiment": "Bullish"}, {"id": 425596105, "text": "$AAPL \ud83c\udf4f Powell, just said \u201cMagic Words\u201d:  \u201c Much of Inflation\u2019s Rise, is due to the Pandemic\u201d\u2026.", "time": 1641939428.0, "sentiment": "Bullish"}, {"id": 425596051, "text": "$SOFI $TSLA $AAPL $AFRM  - catch this coverage to see which sectors are poised to return the highest earnings in Q4\n\nhttps://youtu.be/IpselvEwrxs", "time": 1641939421.0, "sentiment": ""}, {"id": 425596036, "text": "$AAPL look at this trend!!!", "time": 1641939420.0, "sentiment": "Bullish"}]