[{"id": 425565753, "text": "$AAPL market looks weak! careful bulls i sold my calls for 2.4k gains this morning.. $SPY", "time": 1641935926.0, "sentiment": "Bearish"}, {"id": 425565404, "text": "$AAPL \n\nJust be calm ..\n\nJerome will speak according to the scripts .. nothing big ..\n\nThe market has already prepared for adjustment by FOMC \u2026 so \n\nMajor mega caps are oversold as well as mega caps and SPY are very tight indexed .. all oversold so\n\nThis is about to breakout very soon after the Jerome.\n\nJust chill and enjoy :)", "time": 1641935880.0, "sentiment": "Bullish"}, {"id": 425564542, "text": "$AAPL no volume whatsoever. Down she goes", "time": 1641935788.0, "sentiment": ""}, {"id": 425563064, "text": "$AAPL, $TSLA, $GOOG - Top delta impact", "time": 1641935637.0, "sentiment": ""}, {"id": 425562135, "text": "$AAPL one hour", "time": 1641935546.0, "sentiment": ""}, {"id": 425561479, "text": "$aapl i worry the least when this underperforms the nasdaq lol. Not that its bad, but it doesnt last. A close underperfoming nasdaq however, ya shit.", "time": 1641935477.0, "sentiment": ""}, {"id": 425560094, "text": "$AAPL 6 Different Ways Robinhood Makes its revenue stream Company. SHORTS HAVE NOT COVERED SINCE IPO. A GAMESTOP, CRYPTO WALLET  IN THE MAKING COMPANY, HOOD is CURRENTLY TRADING 50% below its IPO PRICE. \n \n29.03+ MILLION SHARES SHORTED IN HOOD (SINCE DEC 15, 2021). HOOD got 7.38  Billion cash at hand UNLIKE many HIGH FLYING companies are in debt. \n \n        $$$$$$ LOCKDOWN is Imminent $$$ \n \nA perfect omicron storm is brewing up for RobinHOOD; People gamble when there is lockdown (coming) and when there is nothing to do. RobinHOOD will accelerate its growth during this time. \n \nHOOD is the future epitome retail trading/crypto platform App, just like coke cola is the epitome of soda. \n \nHOOD is a CASH COW  company with 7+ billion, no dilution. No debt. \n  \n                                \n                            \n                                 $SQUEEZE is imminent$", "time": 1641935330.0, "sentiment": "Bullish"}, {"id": 425558227, "text": "$AAPL push!!!! As I\u2019d tell the wife!!", "time": 1641935150.0, "sentiment": ""}, {"id": 425557336, "text": "$AAPL buyers damn", "time": 1641935058.0, "sentiment": "Bearish"}, {"id": 425557236, "text": "$AAPL lift off", "time": 1641935049.0, "sentiment": "Bullish"}, {"id": 425557182, "text": "$AAPL $SPY $QQQ  gotta feeling fed is ready to bail da market again\u2026", "time": 1641935043.0, "sentiment": ""}, {"id": 425557140, "text": "$AAPL 174 here we come!", "time": 1641935039.0, "sentiment": "Bullish"}, {"id": 425555757, "text": "$SPY $TSLA $AMZN $MSFT $AAPL \n\nPowell speaks at 10am est. if you don\u2019t know who he is, he\u2019s the feral reserve chairman. Markets will move based on his hearing.", "time": 1641934901.0, "sentiment": ""}, {"id": 425554375, "text": "$AAPL I still stand behind my $180+ by eow", "time": 1641934776.0, "sentiment": "Bullish"}, {"id": 425553774, "text": "$AAPL i guess nancy pelosi wanted to enter", "time": 1641934717.0, "sentiment": ""}, {"id": 425553472, "text": "$AAPL I ain&#39;t selling one share. Not one.", "time": 1641934688.0, "sentiment": "Bullish"}, {"id": 425553056, "text": "$MSFT $AAPL $FB $AMZN nasdaq outperforming dow\u2026 meg techs are oversold\u2026. Got in msft at 311 \u2026 lets see", "time": 1641934647.0, "sentiment": "Bullish"}, {"id": 425552934, "text": "$AAPL watch VIX and make moves", "time": 1641934636.0, "sentiment": ""}, {"id": 425552694, "text": "$AAPL everyone is going up !", "time": 1641934612.0, "sentiment": ""}, {"id": 425552253, "text": "$AAPL short attack alert in effect! Watch out!", "time": 1641934570.0, "sentiment": "Bullish"}, {"id": 425551597, "text": "$AAPL Shorted more here \ud83d\ude0e\ud83d\udcc9\ud83d\udd25\ud83d\udc4d", "time": 1641934505.0, "sentiment": "Bearish"}, {"id": 425551552, "text": "$AAPL loading area", "time": 1641934501.0, "sentiment": "Bullish"}, {"id": 425550923, "text": "$AAPL has a Return On Equity of 150.07%. This is amongst the best returns in the industry. https://www.chartmill.com/stock/quote/AAPL/fundamental-analysis?key=bb853040-a4ac-41c6-b549-d218d2f21b32&amp;utm_source=stocktwits&amp;utm_medium=FA&amp;utm_content=AAPL&amp;utm_campaign=social_tracking", "time": 1641934440.0, "sentiment": ""}, {"id": 425550412, "text": "$AAPL noticed SPY trend are very similar trend \u2026 they are both practically oversold .. spy and aapl will break record soon ..", "time": 1641934394.0, "sentiment": "Bullish"}, {"id": 425550347, "text": "$AAPL made in China everything. shame\n https://www.reddit.com/r/Epic_Economics/comments/s1enex/market_mayhem_volatility_the_tell/?utm_source=share&amp;utm_medium=ios_app&amp;utm_name=iossmf", "time": 1641934388.0, "sentiment": "Bearish"}, {"id": 425550202, "text": "$AAPL got my sell limits set and I\u2019m not budging", "time": 1641934376.0, "sentiment": "Bullish"}, {"id": 425549701, "text": "$AAPL $200\ud83e\udd11\ud83d\ude80", "time": 1641934328.0, "sentiment": ""}, {"id": 425549600, "text": "$AAPL when is fed speaking ?", "time": 1641934319.0, "sentiment": ""}, {"id": 425549525, "text": "$AAPL 10 minutes till Powell opens his mouth. Let&#39;s hope no shit comes out and this rockets to where it belongs $3T.", "time": 1641934312.0, "sentiment": ""}, {"id": 425549174, "text": "$AAPL Powell testimony is going to crush the markets", "time": 1641934277.0, "sentiment": "Bearish"}]