[{"id": 425665410, "text": "$AAPL Starting to look week. This might be as good as it gets today.", "time": 1641948006.0, "sentiment": ""}, {"id": 425665320, "text": "$AAPL yellow", "time": 1641947993.0, "sentiment": ""}, {"id": 425664243, "text": "$AAPL #1 basic rule of equities.  The higher interest rates go, the lower stocks go.  All of them.  It\u2019s never different", "time": 1641947839.0, "sentiment": "Bearish"}, {"id": 425663844, "text": "$AAPL buy back lower", "time": 1641947786.0, "sentiment": "Bearish"}, {"id": 425663466, "text": "$SPY $QQQ $AAPL $WMT $UVXY \n\nBe savvy mate!", "time": 1641947733.0, "sentiment": ""}, {"id": 425663143, "text": "$AAPL do you see how vertically challenged AAPL is here? It can\u2019t bust through. Timberrrrrrr", "time": 1641947691.0, "sentiment": "Bearish"}, {"id": 425662686, "text": "$AAPL 190 pt next 320 pt mid 2024.", "time": 1641947627.0, "sentiment": "Bullish"}, {"id": 425661947, "text": "$AAPL Perfect example of a Gratham zombie valuation bubble that won\u2019t die", "time": 1641947520.0, "sentiment": "Bearish"}, {"id": 425660967, "text": "$AAPL Hey Bears \ud83d\udc3b\ud83d\udc4b", "time": 1641947387.0, "sentiment": "Bullish"}, {"id": 425660874, "text": "$AAPL  aside my main account , I start a fkkng challenge  from $173 account ! Now over $1200 . The hardest part was getting 173 over 500$.. now I can grow faster, the more money the faster I can grow it!  So let\u2019s go 1k to 5k .. haters gonna hate , I had near perfect wins with 1 loss but made up today!  $SPY $QQQ \u2026 I must be doing some right \ud83d\ude02! Don\u2019t ask about my main account size y\u2019all not ready ..", "time": 1641947373.0, "sentiment": ""}, {"id": 425660694, "text": "$AAPL if u r bearish and long puts , chances r u r hanging onto a losing position\u2026 close it now or lose it all \ud83d\ude02\ud83d\ude02\ud83d\ude02 bulls r gonna stampede", "time": 1641947349.0, "sentiment": "Bullish"}, {"id": 425660068, "text": "$AAPL $178 \ud83c\udfaf \ud83c\udf4f", "time": 1641947263.0, "sentiment": "Bullish"}, {"id": 425659154, "text": "$AAPL $SPY \ud83d\ude02\ud83d\ude02\ud83d\udcaa\ud83c\udffe", "time": 1641947140.0, "sentiment": ""}, {"id": 425658712, "text": "$AAPL / $SPY NICE TRAP!", "time": 1641947083.0, "sentiment": "Bullish"}, {"id": 425658398, "text": "$AAPL \ud83d\ude0e\ud83d\udcb0\ud83d\udcb0\ud83d\ude80\ud83d\ude80", "time": 1641947038.0, "sentiment": "Bullish"}, {"id": 425658335, "text": "@optionstrader8888 screenshot popo $aapl", "time": 1641947030.0, "sentiment": ""}, {"id": 425658187, "text": "$AAPL always buy the dip with apple. I picked up more at 171, If you are long and patient you will win", "time": 1641947010.0, "sentiment": "Bullish"}, {"id": 425658070, "text": "$AAPL", "time": 1641946995.0, "sentiment": ""}, {"id": 425658012, "text": "$AAPL Earnings run always always starts two weeks before earnings . Monday was the dip . Let\u2019s see $180 EOW", "time": 1641946986.0, "sentiment": "Bullish"}, {"id": 425657893, "text": "$AAPL we are still in Uptrend !!", "time": 1641946969.0, "sentiment": "Bullish"}, {"id": 425657710, "text": "$SPY $QQQ $AAPL This is courtesy of Warren Buffett, the 20 most valuable companies of 1989 vs. the 20 most valuable companies of 2021!", "time": 1641946945.0, "sentiment": ""}, {"id": 425657218, "text": "$AAPL needs to break todays high for run", "time": 1641946883.0, "sentiment": "Bullish"}, {"id": 425657057, "text": "$AAPL PUMP $$$$$$$$$$$$$$$$$$$$$$$$$$$$$", "time": 1641946865.0, "sentiment": "Bullish"}, {"id": 425656392, "text": "$AAPL $176 eod", "time": 1641946778.0, "sentiment": "Bullish"}, {"id": 425656032, "text": "$AAPL \ud83e\udd23.. $SPY", "time": 1641946732.0, "sentiment": ""}, {"id": 425655907, "text": "$AAPL get poundage", "time": 1641946713.0, "sentiment": ""}, {"id": 425655823, "text": "$AAPL All these knee jerk reactions are so damn good!!!", "time": 1641946701.0, "sentiment": "Bullish"}, {"id": 425655410, "text": "$NIO my big boss said load it up, this green candle formed bottomed. He load 1 million shares today. Followed. $NASDAQ $AAPL $FB $TSLA", "time": 1641946644.0, "sentiment": "Bullish"}, {"id": 425655102, "text": "$SQ  I am buying all the fcking small dips to increase my position. I see $180 pretty soon\u2026 $PYPL $AAPL", "time": 1641946602.0, "sentiment": "Bullish"}, {"id": 425654989, "text": "$BKKT PARABOLIC if they announce partnerships with $AAPL $DWAC and $GME on the same fucking day. They did similar with $MA and Fiserv. Shock and Awe strategy \ud83d\ude80\ud83d\ude80\ud83d\ude80\ud83d\ude80", "time": 1641946587.0, "sentiment": ""}]