[{"id": 425654496, "text": "$AAPL If your still bearish on Apple your 3 days too late", "time": 1641946514.0, "sentiment": "Bullish"}, {"id": 425654476, "text": "$AAPL", "time": 1641946510.0, "sentiment": "Bullish"}, {"id": 425654475, "text": "$AAPL .. https://www.reddit.com/r/SNDLarmy/", "time": 1641946510.0, "sentiment": "Bullish"}, {"id": 425653308, "text": "$AMZN $AAPL $TSLA $QQQ $SPY  Today is a gift for bulls to get out of the market. We still have a long ways to drop before we are done", "time": 1641946342.0, "sentiment": "Bearish"}, {"id": 425653253, "text": "$BKKT Let\u2019s go Gavin announce the $AAPL deal!", "time": 1641946336.0, "sentiment": "Bullish"}, {"id": 425652979, "text": "$AAPL bears are scared", "time": 1641946297.0, "sentiment": "Bullish"}, {"id": 425652937, "text": "$AAPL \n\nIt\u2019s clear the short is weakening .. less downward price push .. no way to go deep.\n\nWhy? you can\u2019t change the stubborn unnamed machine?!\n\nPuts chart is losing and Calls are increasing premium faster so theta is improving for calls side, not puts side.\n\nInvest at your own risk !!\n\nWill see strongest upside trend soon this week or next week.", "time": 1641946291.0, "sentiment": "Bullish"}, {"id": 425652540, "text": "$MSFT Now that Powell said what he said (and they know the world isn&#39;t crashing), here comes the double and triple topping of FUD into Friday...\n\n1. https://www.cnbc.com/2022/01/11/omicron-variant-us-sets-fresh-records-for-covid-hospitalizations-and-cases-with-1point5-million-new-infections.html\n\n2. https://www.cnbc.com/2022/01/11/empty-grocery-shelves-return-as-sick-employees-supply-chain-delays-collide.html\n\n3. https://www.cnbc.com/2022/01/11/united-cuts-flights-as-about-3000-workers-call-out-sick-from-covid.html\n\n$AAPL $TSLA $GOOG $FB", "time": 1641946232.0, "sentiment": ""}, {"id": 425652467, "text": "$AAPL btmfd at vwap touch for next higher move imho", "time": 1641946221.0, "sentiment": "Bullish"}, {"id": 425651568, "text": "$TSLA It&#39;s the $AAPL of Electric Vehicles, change my mind", "time": 1641946090.0, "sentiment": ""}, {"id": 425651496, "text": "$AAPL not looking so good is it??? Lol bulls", "time": 1641946078.0, "sentiment": "Bearish"}, {"id": 425650821, "text": "$AAPL halved its recent high and low today at $175 and change.  Good tech move.  Solidifies the continuation downtrend will follow.", "time": 1641945985.0, "sentiment": "Bearish"}, {"id": 425650655, "text": "$AAPL \n\nBack to back short attack alert in effect.\n\nWatch out!\n\nThey are trying to attack the unnamed machine !!", "time": 1641945963.0, "sentiment": "Bullish"}, {"id": 425649697, "text": "@Locksmith12 overpriced? What is the fed about to do?\nAsset purchases dont end till March, balance sheet shrinking wont begin till December, interest rates hike not before Feb lol. \nPeople will worry about this after $aapl Earnings only lmao. Giving free good advice to everyone on this board", "time": 1641945815.0, "sentiment": "Bullish"}, {"id": 425649577, "text": "Team woman beaters $AAPL and children spankers $TSLA are losing support lines like divorce cases \n\nI&#39;m long $AAON", "time": 1641945795.0, "sentiment": ""}, {"id": 425649326, "text": "$AMC $GME $TSLA $AAPL \n\nBy the way, not only did Congress beat your stock trading capabilities, they also traded options better than you.\n\nHere are the top four traders in options for 2021 in the House.\n\nFind out more and read the full report at unusualwhales.com/i_am_the_senat\u2026", "time": 1641945754.0, "sentiment": ""}, {"id": 425649130, "text": "$AAPL $BABA Inflation number out tomorrow \nBe careful", "time": 1641945723.0, "sentiment": ""}, {"id": 425648648, "text": "@iltrade take $aapl for instance, every time it makes a daily high it has a decent retrace. Every single time. Like clockwork. So much so that options markets dont even allow you to benefit from that sort of a swing anymore", "time": 1641945651.0, "sentiment": ""}, {"id": 425648645, "text": "$AAPL it seems nobody cares about what the fed is about to do and continues to buy in a overpriced market. Will be another, bigger drop shortly.", "time": 1641945650.0, "sentiment": ""}, {"id": 425648559, "text": "$BCRX They\u2019ve been shorting for the last few months, and barely covered anything yesterday.  You can\u2019t cover 25m shares without causing a dramatic short squeeze, so they\u2019re trying to cover quietly\u2026 but when it\u2019s up 14% and people do scans and start doing some DD it\u2019s hard to hide\u2026 I think it could get out of hand. $TSLA $AAPL $SPY", "time": 1641945637.0, "sentiment": ""}, {"id": 425647889, "text": "$AAPL i swear people wake up every trading day with no memory of the previous day.", "time": 1641945543.0, "sentiment": ""}, {"id": 425647253, "text": "$AAPL 4 HR MACD is looking beautiful . $180 EOW", "time": 1641945452.0, "sentiment": "Bullish"}, {"id": 425646418, "text": "$AAPL amds flying and MSFT is up now.", "time": 1641945331.0, "sentiment": "Bullish"}, {"id": 425646239, "text": "CPI number coming tomorrow could change alot of peoples Ideas. I am hedging myself for any possible outcome.\n$AAPL $SPY $MSFT $AMC $GME  cheers everyone\ud83e\udd42", "time": 1641945309.0, "sentiment": ""}, {"id": 425646134, "text": "$NIO Repeat! Repeat! END bears will cover their short position, Nio will be the other 7% up tomorrow!  Repeat! $AAPL $FB $TSLA let\u2019s swing to Nio!", "time": 1641945296.0, "sentiment": "Bullish"}, {"id": 425646013, "text": "$AAPL only real value on long side right now is BTC ( $MARA ) and $AMD - AAPL dead", "time": 1641945280.0, "sentiment": "Bullish"}, {"id": 425645143, "text": "$AAPL \n\nThe most nonsense post of the 2022 \u2026\n\nHe deserved to be blocked!", "time": 1641945161.0, "sentiment": ""}, {"id": 425645115, "text": "$EH i have not seen a first mover like ehang with such a moat since many $MSFT $AMZN $NFLX $AAPL  etc\n\nAll created new huge markets\n\nA u t o n o m o u s \nFlying\nRobo taxis\n\n5-8 years ahead b4 any competition\n\nEven bill available - they would need years of development to catch ehang\n\nCompetitors come maybe 2024 piloted \ud83e\udd2a to market\n\nhttps://geeky.news/ehangs-unmanned-flying-taxi-could-enter-service-in-a-few-months/\n\nhttps://m.youtube.com/watch?v=d66MoI4GdFs\n\nImho \ud83d\ude0e\ud83e\udd8d", "time": 1641945157.0, "sentiment": "Bullish"}, {"id": 425645068, "text": "$AAPL spread players from 171 fear nothing lolll", "time": 1641945152.0, "sentiment": ""}, {"id": 425644159, "text": "$AAPL I think it\u2019s very possible the entire market goes red before close today. Good luck perma bulls", "time": 1641945031.0, "sentiment": "Bearish"}]