[{"id": 425643926, "text": "$AAPL looking good for more upside move, a close above 1 seventy 4 spells trouble for \ud83d\udc3b\u2019s\u2026", "time": 1641945000.0, "sentiment": "Bullish"}, {"id": 425643860, "text": "$LCID such a beautiful awesome day $QQQ green, $AAPL green, $NVDA green and $LCID green!!", "time": 1641944991.0, "sentiment": "Bullish"}, {"id": 425643790, "text": "$AAPL", "time": 1641944981.0, "sentiment": "Bullish"}, {"id": 425643324, "text": "$AAPL big ER run up starting", "time": 1641944917.0, "sentiment": "Bullish"}, {"id": 425642656, "text": "@MRleverage 18%. Left a lot on the damn table but that\u2019s the name of the game. I\u2019m eyeing $AAPL puts if it breaks $175.50", "time": 1641944833.0, "sentiment": "Bearish"}, {"id": 425642489, "text": "$AAPL \n\nNow it\u2019s bear trap due to \u201cunnamed\u201d machine is auto set to exit oversold territory on 5 day, 1 mth, 3 mth, 6mth chart ..\n\nSuggest not to go against this stock.\n\nSPY linked Apple will sail together to its high!", "time": 1641944808.0, "sentiment": "Bullish"}, {"id": 425641303, "text": "$AAPL All you Bearish people on Apple....", "time": 1641944651.0, "sentiment": "Bullish"}, {"id": 425640764, "text": "$AAPL heh lol funny how that works.", "time": 1641944578.0, "sentiment": ""}, {"id": 425640546, "text": "$AAPL how are all of you so bullish in this market?!?!? Interest rate not going up was priced in. The US economy is on the verge of collapse.", "time": 1641944552.0, "sentiment": "Bearish"}, {"id": 425639358, "text": "$AAPL  \ud83c\udf4f All Indices, Green again\u2026looks like, all the Shorting just removed the froth.  And Put Sale, games. Very dangerous time to Short AAPL!  Trap!  Indices, powering back\u2026now.", "time": 1641944398.0, "sentiment": "Bullish"}, {"id": 425638298, "text": "$AAPL going up", "time": 1641944256.0, "sentiment": "Bullish"}, {"id": 425638026, "text": "$AAPL +12% this week \ud83d\udd1d", "time": 1641944221.0, "sentiment": "Bullish"}, {"id": 425637971, "text": "$AAPL up we go", "time": 1641944214.0, "sentiment": "Bullish"}, {"id": 425637835, "text": "$AAPL boing", "time": 1641944197.0, "sentiment": ""}, {"id": 425637328, "text": "$TSLA $AAPL  Tesla", "time": 1641944130.0, "sentiment": "Bullish"}, {"id": 425636997, "text": "$AAPL I did listen to most of the confirmation hearing Federal Reserve I believe it went well , buy the stock market is a bit confuse\nJay Power did not Stray I prediction he will be confirm", "time": 1641944080.0, "sentiment": ""}, {"id": 425636958, "text": "$AAPL will retest 170 again. Don\u2019t be fooled.", "time": 1641944076.0, "sentiment": "Bearish"}, {"id": 425636369, "text": "$AAPL Resume trek to earnings week", "time": 1641944001.0, "sentiment": ""}, {"id": 425636361, "text": "$AAPL ???", "time": 1641944000.0, "sentiment": "Bearish"}, {"id": 425636252, "text": "$AAPL is running but $BRK.B is taking a nap :/ On average, what\u2019s the delay on the move with $BRK.B to $AAPL?", "time": 1641943985.0, "sentiment": "Bullish"}, {"id": 425636025, "text": "@iltrade sure thing. Most of the $150 calls have went for $14 + , not to mention the KILLING they made on the puts. They dont need to and cant push it to 150. Thats a 25x forward PE, when everyone wants to buy this soon as it hits below 30 PE lol. Besides, Earnings are coming $aapl", "time": 1641943957.0, "sentiment": ""}, {"id": 425635913, "text": "$AAPL  \ud83c\udf4f DOW, just touched Red.  Indices Dipping.  HFund Shorts, hitting the Tape, multiple Indices.  Let\u2019s see if this continues\u2026or is more.", "time": 1641943940.0, "sentiment": "Bullish"}, {"id": 425635679, "text": "$AAPL my 175 short and put already green:)  yeah keep chasing lol", "time": 1641943906.0, "sentiment": "Bearish"}, {"id": 425635666, "text": "$AAPL $AMZN $TSLA $QQQ $SPY Market going to rollover in the next 30 minutes. Nasdaq closing RED . Prediction between 100-200 points negative", "time": 1641943904.0, "sentiment": "Bearish"}, {"id": 425635263, "text": "$SPY am i fucked if I decided to enter apple and swing weeklies here with cpi tomorrow? $AAPL", "time": 1641943851.0, "sentiment": "Bullish"}, {"id": 425635233, "text": "167.50 almost tagged yesterday. Resisting LVA. $AAPL", "time": 1641943848.0, "sentiment": ""}, {"id": 425635084, "text": "$AAPL \n\nShort attack trying to destroy the looks of Bollinger bands !!", "time": 1641943829.0, "sentiment": ""}, {"id": 425635018, "text": "@mortalTrades922 huh, werent you pumping 180 lol $aapl", "time": 1641943820.0, "sentiment": ""}, {"id": 425634983, "text": "Citadel Securities Could Become a Crypto Player  $AAPL $HOOD $VIRT \n\nhttps://newsfilter.io/a/fd79e4b3e13e2f10fd1813c8c24e16fa", "time": 1641943815.0, "sentiment": ""}, {"id": 425634910, "text": "$AAPL hahaha morons are out hahaha", "time": 1641943804.0, "sentiment": "Bullish"}]