[{"id": 425629083, "text": "$AAPL I&#39;m in it for 28th Jan $200 calls!", "time": 1641943122.0, "sentiment": "Bullish"}, {"id": 425628610, "text": "$AAPL SWEET!!!", "time": 1641943075.0, "sentiment": "Bullish"}, {"id": 425628557, "text": "$AAPL short this. It\u2019s coming down", "time": 1641943069.0, "sentiment": "Bearish"}, {"id": 425628246, "text": "$AAPL Everyone talking about Apple car.... it&#39;s going to be Apple Glass that pushes this to around 250$- 300$ then Apple Car is just going to take this to fucking Jupiter!", "time": 1641943034.0, "sentiment": "Bullish"}, {"id": 425628191, "text": "$AAPL huge Call inflow", "time": 1641943028.0, "sentiment": ""}, {"id": 425628188, "text": "$AMD $NVDA $MSFT $AAPL $FB Best in tech  \u2026 hope you added already \u2026 we going higher", "time": 1641943027.0, "sentiment": "Bullish"}, {"id": 425628091, "text": "$AAPL Wow, Apple Max Pain on Jan 21 is $150 with Open Interest of over ... 3 millions !!!!   Over 3 millions in OI !", "time": 1641943017.0, "sentiment": ""}, {"id": 425627893, "text": "$AAPL here we go", "time": 1641942994.0, "sentiment": "Bullish"}, {"id": 425627654, "text": "$AAPL can\u2019t wait for the next Powell hour", "time": 1641942967.0, "sentiment": ""}, {"id": 425627556, "text": "$AAPL time to get back up\ud83d\ude80\ud83d\ude80\ud83d\ude80", "time": 1641942955.0, "sentiment": "Bullish"}, {"id": 425627397, "text": "$AAPL when $SPY rips so does apple", "time": 1641942940.0, "sentiment": "Bullish"}, {"id": 425627296, "text": "$AAPL loaded the 172.50 puts at 1.18 - chart says this is coming down", "time": 1641942929.0, "sentiment": "Bearish"}, {"id": 425627214, "text": "$AAPL new apple car. Buy it all. Hurry!!\n https://www.reddit.com/r/Epic_Economics/comments/s1hwrm/crypto_kids_check_out_my_ride_i_payed_100k_for/?utm_source=share&amp;utm_medium=ios_app&amp;utm_name=iossmf", "time": 1641942920.0, "sentiment": "Bearish"}, {"id": 425627135, "text": "$AAPL can\u2019t break $175 wall", "time": 1641942913.0, "sentiment": ""}, {"id": 425627103, "text": "$AAPL .....YOU BEARS WILL BE FINE....LOL \n \n \u201cOur analysis suggests that Apple is likely to be able to CONTINUE REPURCHASING ~ 3-4% of its shares PER YEAR UNTIL THE END OF 2026 while GROWING IT&#39;S DIVIDEND per share by 10% annually.... without taking on net debt on its balance sheet,\u201d", "time": 1641942911.0, "sentiment": ""}, {"id": 425626990, "text": "$AAPL gonna go to 200 in a week maybe 2", "time": 1641942898.0, "sentiment": "Bullish"}, {"id": 425626735, "text": "$AAPL  peaking", "time": 1641942872.0, "sentiment": "Bearish"}, {"id": 425626129, "text": "$DSP nobody kno this stock and you bulls don\u2019t tag other names $TSLA $AAPL $BABA", "time": 1641942808.0, "sentiment": "Bullish"}, {"id": 425625920, "text": "$AAPL might just sell and buy back lower. Struggling to hold this momentum \ud83d\ude21", "time": 1641942786.0, "sentiment": ""}, {"id": 425625909, "text": "$AAPL  .....SOUNDS LIKE A PLAN \n \n&quot;Investors are beginning to see Apple as a \u201cflight to safety\u201d or quality trade thanks to the combination of its large cash flow and willingness to return that money to investors.&quot;", "time": 1641942784.0, "sentiment": ""}, {"id": 425625305, "text": "$AMZN $AAPL $MSFT $TSLA  \nhttps://finance.yahoo.com/news/omicron-will-end-up-being-a-good-thing-for-the-stock-market-jp-morgan-140323882.html", "time": 1641942722.0, "sentiment": "Bullish"}, {"id": 425624928, "text": "10 Fitness \u201cHacks\u201d for New Year\u2019s Resolution Success - WSJ\n\n*Walk \ud83d\udc63 &amp;/or Bike \ud83d\udeb4\ud83c\udffbmore outdoors when possible, #KISS then onto #HIIT and understand your input vs. output = Discipline! \n\nRethink your diet aka #Microbiome (gut health is your 2nd \ud83e\udde0) \n#BrainWarriorsWay \n$AMD \u2197\ufe0f + $XLNX \u23f3\n\n$AAPL \u231a\ufe0f| $PLNT \ud83c\udfcb\ud83c\udffb \n\n$PTON \n\n https://www.wsj.com/articles/10-fitness-hacks-for-new-years-resolution-success-11641034801?cx_testId=3&amp;cx_testVariant=cx_2&amp;cx_artPos=1&amp;mod=WTRN#cxrecs_s", "time": 1641942681.0, "sentiment": ""}, {"id": 425624783, "text": "$AAPL ......REALLY? \n \n&quot;Apple is the \u201cposter child\u201d for share buybacks, spending more than $467 billion in the past 10 years.&quot; \n \nIf it ain&#39;t broke.............", "time": 1641942665.0, "sentiment": ""}, {"id": 425624190, "text": "Where the India woman beaters of $AAPL think they are going here???? \n\n$VIX", "time": 1641942599.0, "sentiment": "Bearish"}, {"id": 425624107, "text": "The Correlation Between #Tech Stocks and Interest Rates $AAPL $IEF $NDX https://talkmarkets.com/content/bonds/the-correlation-between-tech-stocks-and-interest-rates?post=340866", "time": 1641942590.0, "sentiment": ""}, {"id": 425624046, "text": "$AAPL NO WAY.......LOL \n \u201cApple\u2019s prodigious cash flow is one reason why investors believe that Apple can continue to spend significant amounts on share buybacks while still growing its headcount and investing in research and development. Apple reported an industry-leading $104 billion in cash flow in its fiscal 2021..&quot;", "time": 1641942584.0, "sentiment": ""}, {"id": 425623474, "text": "$AAPL an apple an day", "time": 1641942517.0, "sentiment": ""}, {"id": 425623388, "text": "$AAPL hold why yall selling", "time": 1641942508.0, "sentiment": "Bullish"}, {"id": 425623066, "text": "$AAPL WAIT WHAT?........&quot;Apple generally updates investors on its shareholder return plans in April alongside its second-quarter financial results. Citi analysts expect Apple to announce ANOTHER $90 billion in buybacks and to RAISE its dividend by 10%.&quot;", "time": 1641942473.0, "sentiment": ""}, {"id": 425623000, "text": "$AAPL doji candle hints towards possible reversal to the bearish side correct", "time": 1641942465.0, "sentiment": ""}]