[{"id": 425679040, "text": "When you can see thousands or tens of thousands of dollars  evaporate in one day and still hold on to your strategy and stocks, you have mastered the are of gains. Don\u2019t let temporary setbacks kill your portfolio. \ud83d\udcaf\ud83d\udcaf\ud83d\udcaf $AAPL $PLTR $LCID $GGPI", "time": 1641949905.0, "sentiment": "Bullish"}, {"id": 425678920, "text": "$AAPL NEW ARTICLE : Apple&#39;s oft-criticized $19 polishing cloth is now back in stock https://www.stck.pro/news/AAPL/21143475", "time": 1641949886.0, "sentiment": ""}, {"id": 425678434, "text": "$ET $AAPL $SHLX $CAPL  \nBull Run", "time": 1641949819.0, "sentiment": "Bullish"}, {"id": 425678252, "text": "$AAPL dont get caught with your pants down shorts.", "time": 1641949798.0, "sentiment": ""}, {"id": 425678080, "text": "$AAPL \nSWEEP\nCALL\nBULLISH\n0.66\n175.00\n01/28/22\n$34K\n80 @ 4.20", "time": 1641949775.0, "sentiment": "Bullish"}, {"id": 425677996, "text": "$AAPL Biden will talk Wednesday/tomorrow, let see what kinda bull shit coming his mouth. I take it back .. let see the lies and media manipulation to control  the mind of the mass $SPY", "time": 1641949763.0, "sentiment": "Bearish"}, {"id": 425676468, "text": "$aapl $nflx Apple Posts Official Trailer for New Thriller Series &#39;Suspicion&#39; Starring Uma Thurman  https://www.iClarified.com/84093", "time": 1641949558.0, "sentiment": ""}, {"id": 425675563, "text": "Equity Sentiment: $AAPL is the #1 stock that institutions are trading with 68.4K options contracts.\n\nMarket analysis included in screenshot of dashboard from http://insiderfinance.io.", "time": 1641949432.0, "sentiment": ""}, {"id": 425674475, "text": "$AAPL thinking sideways for a bit.", "time": 1641949274.0, "sentiment": ""}, {"id": 425673775, "text": "$AAPL lower highs .. keep shorting/puts  this weak as pump $SPY", "time": 1641949174.0, "sentiment": "Bearish"}, {"id": 425673562, "text": "$AAPL has a good Piotroski-F score of 7.00. This indicates a good health and profitability. https://www.chartmill.com/stock/analyzer/stock/AAPL?view=fundamental-analysis&amp;key=bb853040-a4ac-41c6-b549-d218d2f21b32&amp;utm_source=stocktwits&amp;utm_medium=FA&amp;utm_content=AAPL&amp;utm_campaign=social_tracking", "time": 1641949140.0, "sentiment": ""}, {"id": 425673443, "text": "$AAPL buy the rumor, sell the news? https://seekingalpha.com/instablog/250072-tom-lloyd/5684968-apple-buy-rumor-sell-news", "time": 1641949121.0, "sentiment": ""}, {"id": 425673196, "text": "$AAPL yuh", "time": 1641949087.0, "sentiment": "Bullish"}, {"id": 425672879, "text": "$AAPL", "time": 1641949042.0, "sentiment": ""}, {"id": 425672778, "text": "$AAPL Run up from 3pm to 4 pm, 30 minutes pull back and run to close for $176.5.", "time": 1641949027.0, "sentiment": ""}, {"id": 425672641, "text": "$AAPL i think we see 175+ EOD, I love my new iPhone 13 Pro Max", "time": 1641949007.0, "sentiment": "Bullish"}, {"id": 425672424, "text": "@peter_de_maret \n\nmarkets tanking hard \n\n$TSLA $AAPL $MSFT $NVDA $FB", "time": 1641948972.0, "sentiment": "Bearish"}, {"id": 425671698, "text": "$AAPL y\u2019all miss out on those dip..I load calls then sold todays rip. \ud83e\udd23 now dip coming soon, curving of stochasticSlow is near ! 168ish coming", "time": 1641948867.0, "sentiment": "Bearish"}, {"id": 425671632, "text": "$AAPL $TSLA $NVDA the move in apple today is smoke in mirrors.  These three usually move in tandem, why is apple the only one participating.  Something\u2019s Sketchy.", "time": 1641948855.0, "sentiment": "Bearish"}, {"id": 425671442, "text": "$AAPL will explode when $SPY curls", "time": 1641948829.0, "sentiment": "Bullish"}, {"id": 425671295, "text": "$AAPL small pump.. dump soon. Retest of 168ish coming", "time": 1641948807.0, "sentiment": "Bearish"}, {"id": 425670916, "text": "$AAPL  https://micabear.com/2022/01/11/breaking-news-re-aapl/", "time": 1641948757.0, "sentiment": ""}, {"id": 425669948, "text": "$AAPL so so weak even as market climbs. Not leading the market as it should. Timberrrrrr soon", "time": 1641948620.0, "sentiment": "Bearish"}, {"id": 425669271, "text": "$AAPL 176 by close", "time": 1641948530.0, "sentiment": "Bullish"}, {"id": 425668659, "text": "AMCTheatresOnDemand is now available on @AppleTV! Find it on the app store &amp; start watching movies now \n \n$AMC $AAPL  \n \nhttps://twitter.com/AMCTheatres/status/1480962719419441153", "time": 1641948441.0, "sentiment": ""}, {"id": 425668448, "text": "$AAPL it appears today will hit 176 eod!", "time": 1641948411.0, "sentiment": "Bullish"}, {"id": 425668383, "text": "$AAPL 175", "time": 1641948401.0, "sentiment": "Bullish"}, {"id": 425668358, "text": "$AAPL i bought a call option late yesterday. I couldnt wait. Its doing awesome so far!! Keep buying guys", "time": 1641948399.0, "sentiment": "Bullish"}, {"id": 425666473, "text": "$AAPL power hour squeeze", "time": 1641948153.0, "sentiment": "Bullish"}, {"id": 425666248, "text": "$AAPL big wall @175 we will see if 175 break this week", "time": 1641948124.0, "sentiment": ""}]