[{"id": 425622599, "text": "$AAPL \n\nWhat Powell said about economy - this economy is in state of under supply side meaning .. we need to pump up more dollars into investment ..\n\nEncourage more spending and pumping into stock to allow business to hire more people and achieve maximum employment, lower inflation with more supply and purchases \n\nWhile pumping supply side to strengthen the US dollars\n\nMeaning the valuation of AAPL and other mega caps  is so cheap and attract people to pump more ..\n\nThe world will follow Jerome to put more supply side meaning worldwide market will rally to cut back inflation.\n\nHence to stabilize both economic and monetary policy.", "time": 1641942413.0, "sentiment": "Bullish"}, {"id": 425622249, "text": "$AAPL still holding", "time": 1641942373.0, "sentiment": "Bullish"}, {"id": 425622091, "text": "$AAPL what\u2019s the price target earnings day 1/28 ?", "time": 1641942352.0, "sentiment": "Bullish"}, {"id": 425621889, "text": "$AMZN $TSLA $SPY $MSFT $AAPL Gentlemen and beautiful women\u2026.it is with great pleasure to inform you that you should buy the dip.", "time": 1641942328.0, "sentiment": ""}, {"id": 425621749, "text": "$AAPL I\u2019m so happy I added and held. When it comes to Apple I always trust the fundamentals. \u2665\ufe0f\ud83c\udf4f\u2705", "time": 1641942313.0, "sentiment": "Bullish"}, {"id": 425621317, "text": "$AAPL if it breaks $175 it will send it \ud83d\ude80", "time": 1641942265.0, "sentiment": "Bullish"}, {"id": 425621197, "text": "Me after buying $AAPL at $171 this morning", "time": 1641942252.0, "sentiment": "Bullish"}, {"id": 425621165, "text": "$Amzn $tsla $aapl my favs lots of hope buying and hate shorting \ud83d\ude02 lots of volatility \ud83e\udd76\ud83d\ude2c.. $1100 tessy soon no time frame \ud83d\ude09 ..$180 in sauce soon \ud83d\ude09.. sure y\u2019all not sleep on Amy she just ran $200 \ud83e\ude90", "time": 1641942249.0, "sentiment": "Bullish"}, {"id": 425621043, "text": "$AAPL Just thinking future, how many do y\u2019all think this will do a head and shoulder? I\u2019m Bullish on Apple but just trying to plan things out for long term.", "time": 1641942237.0, "sentiment": "Bullish"}, {"id": 425620939, "text": "$AAPL $175 any second", "time": 1641942224.0, "sentiment": "Bullish"}, {"id": 425620533, "text": "$AAPL Next stop 200", "time": 1641942178.0, "sentiment": ""}, {"id": 425620497, "text": "$AAPL 1/14/22 $180 calls avg .32 for a swing", "time": 1641942174.0, "sentiment": "Bullish"}, {"id": 425620471, "text": "$AAPL must be leaked car news....", "time": 1641942171.0, "sentiment": ""}, {"id": 425620346, "text": "$SPY $QQQ $AAPL $LUV $IWM IM NOT SELLING", "time": 1641942157.0, "sentiment": "Bullish"}, {"id": 425620272, "text": "$AAPL Hit my target 175, trimmed a chunk here thanks apple!", "time": 1641942149.0, "sentiment": ""}, {"id": 425620142, "text": "Sweep Options Activity: $AAPL is the #1 ticker with sweep activity where institutions are trading options urgently with 40.5K sweep contracts, a leading indicator of market movement.\n\nMarket analysis and options contracts included in screenshot of dashboard from http://insiderfinance.io.", "time": 1641942135.0, "sentiment": ""}, {"id": 425619641, "text": "$SQ  I told y\u2019all. Let\u2019s kick some asses. Let\u2019s do this bulls. $AAPL $BABA $BA", "time": 1641942079.0, "sentiment": "Bullish"}, {"id": 425619453, "text": "$TSLA or $AAPL should buy $LAZR", "time": 1641942061.0, "sentiment": "Bullish"}, {"id": 425619446, "text": "$AAPL next stop 185", "time": 1641942060.0, "sentiment": "Bullish"}, {"id": 425619339, "text": "$AAPL for the algorithm", "time": 1641942049.0, "sentiment": "Bullish"}, {"id": 425619073, "text": "$AAPL we need to see $175", "time": 1641942019.0, "sentiment": "Bullish"}, {"id": 425618627, "text": "$TSLA this is about to fly with Powells view on the supply and demand with cars in the market right now. Tesla doesn\u2019t have production issues and is looking to be better for the environment. Let\u2019s go!!!!\n\n$SPY $AAPL $QQQ", "time": 1641941968.0, "sentiment": "Bullish"}, {"id": 425618544, "text": "$AAPL nice support and off she went - with $VIX under 20 and 10Yyields pulling back, this was an easy LONG play.", "time": 1641941960.0, "sentiment": "Bullish"}, {"id": 425618324, "text": "$AAPL Another 100%+ gainer today folks", "time": 1641941936.0, "sentiment": "Bullish"}, {"id": 425618030, "text": "$AAPL Yesterday was a good time to jump in if you&#39;d been on the sidelines.", "time": 1641941899.0, "sentiment": ""}, {"id": 425617967, "text": "$AAPL can we hit 200?", "time": 1641941895.0, "sentiment": "Bullish"}, {"id": 425617504, "text": "$AMZN  I told y\u2019all let\u2019s kick some asses. $AAPL $BABA $FB", "time": 1641941840.0, "sentiment": "Bullish"}, {"id": 425617246, "text": "$AAPL we&#39;re getting 180 this week little bitch bears", "time": 1641941811.0, "sentiment": ""}, {"id": 425616440, "text": "@knowalittle the biotech, small cap is is 80% - 100% undervalued. Across the board. Stocks that are 1.0 should be 2.0-3.0. Stocks that are 2.0-2.5 should be 4-5/share. It is just a setup for big funds and tutes that have put so much money into \u201csure thing\u201d S&amp;P 500 stocks. \n\nThat is about to crash and money will come back this way. While investors will be whining about safe plays like $AAPL $TSLA $XOM  $WMT losing 15-25% value, the smart money sold before that. Taking profits and will move back here into small cap, biotech in particular. It is how hedge funds and institutes keep making money. The overbuy one area. Retail follows. The sell in another, shorters follow, promote fear. Then, retail gets scared and sells off and that sector becomes undervalued. Then, they jump back in. Make more money again \ud83e\udd37\ud83c\udffb\u200d\u2642\ufe0f", "time": 1641941710.0, "sentiment": "Bullish"}, {"id": 425616424, "text": "$AAPL is anyone worried about a rug pull today or tomorrow? Honestly\u2026", "time": 1641941708.0, "sentiment": ""}]