[{"id": 425611285, "text": "$AAPL ", "time": 1641941113.0, "sentiment": ""}, {"id": 425611141, "text": "$XPEV will ALWAYS outperforom the big ones. Mark my word and check back in 1 year.\n\n$AAPL , $MSFT , $GOOGL", "time": 1641941099.0, "sentiment": "Bullish"}, {"id": 425611113, "text": "$AAPL a runner today as predicted\u2026", "time": 1641941096.0, "sentiment": "Bullish"}, {"id": 425610856, "text": "$AAPL", "time": 1641941067.0, "sentiment": "Bullish"}, {"id": 425610753, "text": "$AFRM called out this morning.\n$SPY $TSLA $QQQ $AAPL", "time": 1641941057.0, "sentiment": ""}, {"id": 425610621, "text": "$QQQ $AAPL $AMD you buy puts at all time highs\u2026 not all time lows. You played yourself bears. can\u2019t blame anyone for being too greedy", "time": 1641941043.0, "sentiment": "Bullish"}, {"id": 425610562, "text": "$AAPL \ud83d\ude02\ud83e\udd26\ud83c\udffb\u200d\u2642\ufe0f", "time": 1641941036.0, "sentiment": ""}, {"id": 425610485, "text": "$SPY $QQQ $AAPL 160% on calls from this morning&#39;s dip \ud83d\ude2c\ud83d\udcb5\ud83e\udd11", "time": 1641941027.0, "sentiment": ""}, {"id": 425610269, "text": "$AAPL another V rally???", "time": 1641941002.0, "sentiment": ""}, {"id": 425610243, "text": "$AAPL       \ud83c\udf4f All Indices, firmly in the Green.", "time": 1641941000.0, "sentiment": ""}, {"id": 425609684, "text": "$SPY / $AAPL LFGGGG", "time": 1641940939.0, "sentiment": "Bullish"}, {"id": 425609578, "text": "$AAPL What a ride that was $$$$$$$$$$$$$$$$$$$$$$$$$$$$$$", "time": 1641940929.0, "sentiment": ""}, {"id": 425609295, "text": "$SPY $AAPL", "time": 1641940897.0, "sentiment": "Bullish"}, {"id": 425609234, "text": "$AAPL $180 eow", "time": 1641940889.0, "sentiment": "Bullish"}, {"id": 425609226, "text": "$AAPL uh oh..........They&#39;re BAAAAAACK.", "time": 1641940889.0, "sentiment": ""}, {"id": 425608988, "text": "$AAPL was thinking maybe all the retard stocks that go up for nothing should just continue", "time": 1641940864.0, "sentiment": ""}, {"id": 425608856, "text": "On $AAPL", "time": 1641940851.0, "sentiment": ""}, {"id": 425608738, "text": "$AAPL \n$175.50 Around 20 Minutes.", "time": 1641940836.0, "sentiment": "Bullish"}, {"id": 425608707, "text": "$AAPL About to fly ..", "time": 1641940833.0, "sentiment": "Bullish"}, {"id": 425608481, "text": "$SPY JPow- professional fluffer.... $QQQ $AAPL", "time": 1641940806.0, "sentiment": ""}, {"id": 425607698, "text": "Just when I thought I was out, they pulled me back in !! $AAPL $SPY $QQQ", "time": 1641940720.0, "sentiment": ""}, {"id": 425607556, "text": "@hoyasaxa1978 last time it happened, it had ran to 150 from 130s. $aapl", "time": 1641940704.0, "sentiment": ""}, {"id": 425607435, "text": "$AAPL Suck it bears.", "time": 1641940690.0, "sentiment": "Bullish"}, {"id": 425607196, "text": "$AAPL      \ud83c\udf4f\ud83d\ude0e    Double C&amp;H, inside a Large C&amp;H?  Rare!", "time": 1641940661.0, "sentiment": ""}, {"id": 425607046, "text": "$AAPL, $LCID, $F, and $PLTR are the some of the most active tickers currently.", "time": 1641940644.0, "sentiment": "Bullish"}, {"id": 425606908, "text": "$AAPL 180 by earn mb unless CPI and next\nJp talk kills it", "time": 1641940629.0, "sentiment": ""}, {"id": 425606723, "text": "$AAPL Squeeze me sweetly, my apple bottom :)", "time": 1641940607.0, "sentiment": "Bullish"}, {"id": 425606491, "text": "$AAPL \n\nWell remember the confirmation hearing is normal .. let them do their job doesn\u2019t matter if they are republican or democrats. They do their job to ensure Fed Chairman are held to account.\n\nSo far, Jerome is fine and safe. No need to worry.\n\nBipartisan Senate will still confirm him anyways.", "time": 1641940582.0, "sentiment": "Bullish"}, {"id": 425606259, "text": "$AAPL come join the discord team and start banking with us!\ud83d\udcb0\ud83d\udea8 currently in a few calls u won\u2019t want to miss anymore\ud83d\udd25", "time": 1641940557.0, "sentiment": ""}, {"id": 425606202, "text": "$AAPL \n\ud83c\udf4fProjection For Me (Melbenross). This Years. Between 42% until 46%. \nClosed $177.57 12/31/21\n$177.57 X 1.42=$252.15\n$177.57 X 1.46=$259.25\n#SeeYou\n\u2014\u2014\u2014\u2014\u2014\u2014\u2014\u2014\u2014\u2014\u2014\u2014\u2014\u2014\u2014\u2014\u2014\u2014\u2014\u2014\u2014 \nPro: \u2018Apple is the least likely to grow from here\u2019\nBy: Wajeeh Khan\non Jan 11, 2022\n*   Cyrus Mewawalla doesn\u2019t see any significant upside in Apple Inc.\n*   Shares of the iPhone maker closed 2021 with an over 35% gain.\n*   The GlobalData expert has a positive outlook on tech at large.\nApple Inc (NASDAQ: AAPL) had a fantastic 2021, with the stock up more than 35%, hitting $3.0 trillion in market cap, but GlobalData\u2019s Cyrus Mewawalla doesn\u2019t expect a similar performance replicated this year.\n\nhttps://invezz.com/news/2022/01/11/pro-apple-is-the-least-likely-to-grow-from-here/", "time": 1641940551.0, "sentiment": "Bullish"}]