[{"id": 425634694, "text": "$AAPL super pissed I didn\u2019t get those 175c this morning but we have a possible gap fill we could finally see 165", "time": 1641943776.0, "sentiment": ""}, {"id": 425634671, "text": "$TSLA $SPY $QQQ $AAPL \n\nbulls just pulled an AB...", "time": 1641943773.0, "sentiment": "Bearish"}, {"id": 425634471, "text": "$AAPL has been unforgiving lately, why stop now \ud83e\udd26\ud83c\udffb\u200d\u2642\ufe0f", "time": 1641943750.0, "sentiment": "Bearish"}, {"id": 425634175, "text": "$AAPL price target before earnings? 1/28?", "time": 1641943712.0, "sentiment": ""}, {"id": 425634030, "text": "$AAPL 1/14 175 call buy below 1.50", "time": 1641943696.0, "sentiment": ""}, {"id": 425633819, "text": "$AAPL uh oh is that an incoming from \ud83c\udf4f", "time": 1641943671.0, "sentiment": "Bullish"}, {"id": 425633672, "text": "$AAPL  \n. \ntaking some Puts here for the week. \n170Put. \n.", "time": 1641943650.0, "sentiment": "Bullish"}, {"id": 425633588, "text": "$AAPL which calls are you guys buying for next week?", "time": 1641943640.0, "sentiment": ""}, {"id": 425633440, "text": "$AAPL  Me now \ud83d\ude02", "time": 1641943622.0, "sentiment": "Bullish"}, {"id": 425633170, "text": "$AAPL bears coping. Celebrating support loss on 1 minute lol.", "time": 1641943591.0, "sentiment": "Bullish"}, {"id": 425633147, "text": "$AAPL And down we go. Follow the RSI line back down from overbought to oversold.", "time": 1641943585.0, "sentiment": ""}, {"id": 425633071, "text": "$AAPL still standing beside my $175-$180, but for right now I\u2019m going to wait on the drop to add to positions, possibly short on the way down. Hope you understand! Don\u2019t hate me for making \ud83d\udcb5", "time": 1641943574.0, "sentiment": "Bearish"}, {"id": 425632966, "text": "$AAPL watch out your position short attack alert in effect", "time": 1641943561.0, "sentiment": ""}, {"id": 425632673, "text": "$AAPL is about to fall down below the 1 day graph&#39;s 50 day moving average line which is the easiest and wussiest battle you could lose \n\nGo woman", "time": 1641943526.0, "sentiment": "Bearish"}, {"id": 425632477, "text": "$AAPL all talk here now as day are over \ud83d\ude02\ud83d\ude02\ud83d\ude02\ud83e\udd2a", "time": 1641943503.0, "sentiment": "Bullish"}, {"id": 425632467, "text": "$AAPL time to sell off?", "time": 1641943502.0, "sentiment": ""}, {"id": 425632349, "text": "$SPY $TSLA $AAPL $XLE $GOOG", "time": 1641943488.0, "sentiment": ""}, {"id": 425632045, "text": "$AAPL made in China never down. Neato\n https://www.reddit.com/r/Epic_Economics/comments/s1i78m/just_buy_calls_fam_no_way_to_lose/?utm_source=share&amp;utm_medium=ios_app&amp;utm_name=iossmf", "time": 1641943454.0, "sentiment": "Bearish"}, {"id": 425631797, "text": "$AAPL open 177 tomorrow", "time": 1641943424.0, "sentiment": ""}, {"id": 425631384, "text": "$AAPL going for 175.50", "time": 1641943377.0, "sentiment": "Bullish"}, {"id": 425631363, "text": "$AAPL sold and took my profits. I see this hitting low 174 today. I\u2019ll buy back in before the market closes.", "time": 1641943375.0, "sentiment": "Bullish"}, {"id": 425631197, "text": "$AAPL Sideways for another 1hr then up she goes. $176.5 EOD.", "time": 1641943355.0, "sentiment": ""}, {"id": 425631154, "text": "$AAPL Pump up until next week for a Max Pain drop ....", "time": 1641943350.0, "sentiment": ""}, {"id": 425631050, "text": "$AAPL A-Okay from Florida", "time": 1641943340.0, "sentiment": ""}, {"id": 425631009, "text": "$AAPL closed em 3.15-4.45", "time": 1641943337.0, "sentiment": ""}, {"id": 425630523, "text": "$AAPL let\u2019s see $200 today\n\ud83e\udd11\ud83d\ude80\ud83d\ude80", "time": 1641943284.0, "sentiment": ""}, {"id": 425630476, "text": "$AAPL dip then rip bullish", "time": 1641943278.0, "sentiment": ""}, {"id": 425630363, "text": "$AAPL are you perms bulls looking at the condition of the country? Nothing is working as it should because so many have either quit, been fired, or are out sick \ud83d\ude37", "time": 1641943266.0, "sentiment": "Bearish"}, {"id": 425629893, "text": "A.I.dvisor made a bearish call on $AAPL, netting in a 5.40% gain over 7 days https://srnk.us/go/3316173", "time": 1641943211.0, "sentiment": "Bearish"}, {"id": 425629132, "text": "$AAPL \ud83d\ude4b\u26a1\ud83d\udd0b.\nhttps://finance.yahoo.com/news/polestar-meets-global-sales-target-113000045.html?.tsrc=rss", "time": 1641943128.0, "sentiment": ""}]