[{"id": 425606041, "text": "$AAPL \ud83d\ude80\ud83d\ude80\ud83d\ude80", "time": 1641940536.0, "sentiment": "Bullish"}, {"id": 425605356, "text": "Invest with an outcome based approach on $AAPL. Accelerate gains by 3.7x and make up to 19.3% (25.5% annualized) on $AAPL through 10/21/2022.\n\nBuy 2 $170 calls\nSell 2 $180 calls\nSell 1 $180 put\n 10/21/22 expiration\nhttps://o.oliveinvest.com/yit1m2", "time": 1641940451.0, "sentiment": ""}, {"id": 425605202, "text": "$AAPL looking strong", "time": 1641940435.0, "sentiment": "Bullish"}, {"id": 425605151, "text": "$AAPL 175-180", "time": 1641940429.0, "sentiment": "Bullish"}, {"id": 425605057, "text": "$AAPL 180", "time": 1641940419.0, "sentiment": "Bullish"}, {"id": 425605001, "text": "$AAPL 175&gt;180", "time": 1641940413.0, "sentiment": ""}, {"id": 425604867, "text": "$SPY of course Powell not rocking boat. No real answers. Skating around questions and being politically correct. Mkts could possibly have a monster day!. Lots of shorts and pent up demand.  $QQQ $DIA $LABU $AAPL", "time": 1641940397.0, "sentiment": "Bullish"}, {"id": 425604761, "text": "$AAPL Europa is closed, please pull back so that I can buy more", "time": 1641940383.0, "sentiment": "Bullish"}, {"id": 425604702, "text": "$AAPL let\u2019s go 174", "time": 1641940377.0, "sentiment": "Bullish"}, {"id": 425604673, "text": "Unusual Options Activity: $AAPL is the #16 ticker with unusual activity from institutional traders with an average of 11% out of the money, a leading indicator of market movement.\n\nMarket analysis and options contracts included in screenshot of dashboard from http://insiderfinance.io.", "time": 1641940374.0, "sentiment": ""}, {"id": 425604361, "text": "$AAPL $SPY Who the fuck is this cracker speaking right now", "time": 1641940334.0, "sentiment": ""}, {"id": 425604176, "text": "$AAPL $175-177 range today", "time": 1641940312.0, "sentiment": "Bullish"}, {"id": 425604067, "text": "$AAPL  \ud83c\udf4f Europe, is Closed.", "time": 1641940297.0, "sentiment": "Bullish"}, {"id": 425603993, "text": "$QQQ $AAPL $AMD $TSLA I knew JPow  wouldn\u2019t crash the market at the start of the year. Bears that bet on this speech sorry mate hehe..", "time": 1641940289.0, "sentiment": "Bullish"}, {"id": 425603858, "text": "$AAPL   \ud83c\udf4f\ud83d\ude99:  \u201cL\u201d.  Oh Buddy, are you in for a surprise.", "time": 1641940272.0, "sentiment": ""}, {"id": 425603425, "text": "$AAPL EXPLODED out of 30 min demand at 170.93. Now over 174\n\nOptionsforecast4u.com", "time": 1641940223.0, "sentiment": ""}, {"id": 425602870, "text": "$SPY $AAPL $TSLA $MSFT $GOOGL \n\nwhenever the US10Y pulls back along with VIX, thats when you go long on growth, when US10Y spikes along with VIX thats when you short it, and go long on VALUE stocks. You&#39;re welcome.", "time": 1641940161.0, "sentiment": ""}, {"id": 425602794, "text": "$AAPL great trade today off that morning double bottom!", "time": 1641940153.0, "sentiment": ""}, {"id": 425602636, "text": "$AMZN for the firs time in a while, Amazon is doing better than $AAPL , I guess you can only lag that long", "time": 1641940136.0, "sentiment": ""}, {"id": 425602459, "text": "$AAPL $175-$177 today easy $180 by eow \ud83d\udcaa\ud83c\udffb \ud83c\udf4f", "time": 1641940115.0, "sentiment": "Bullish"}, {"id": 425602367, "text": "$AAPL this week we will hit 180 .. \n\nReason:\n\nSupply side effect - \n\nWhat doesn\u2019t it mean ?\n\nIt means you need to put more money in stock to cut down inflation.\n\nAnd strengthen US dollars\n\nMeaning AAPL stock is still cheap!", "time": 1641940105.0, "sentiment": "Bullish"}, {"id": 425601906, "text": "$AAPL now roll the Icar down the hill", "time": 1641940056.0, "sentiment": "Bearish"}, {"id": 425601596, "text": "$AAPL Bears are real quiet today lmao \ud83d\ude02", "time": 1641940024.0, "sentiment": ""}, {"id": 425601480, "text": "$AAPL elizabeth warren is such a cunt!", "time": 1641940011.0, "sentiment": "Bullish"}, {"id": 425601201, "text": "$aapl she had never seen a bear trap before. Her knight in shining armor laid one for her", "time": 1641939978.0, "sentiment": "Bullish"}, {"id": 425601174, "text": "$AAPL $175-$177 today called it still standing firm on $180 by eow as well", "time": 1641939975.0, "sentiment": "Bullish"}, {"id": 425601124, "text": "$SPY $TSLA $AAPL $GME Jerome Powell for Nobel Prize", "time": 1641939970.0, "sentiment": "Bullish"}, {"id": 425601099, "text": "$AAPL here we go again!", "time": 1641939967.0, "sentiment": "Bullish"}, {"id": 425600954, "text": "To add to a previous post $AAPL upside swing https://buff.ly/34G2e2H", "time": 1641939952.0, "sentiment": ""}, {"id": 425600933, "text": "$AAPL 180 retest", "time": 1641939950.0, "sentiment": "Bullish"}]