[{"id": 425701873, "text": "$AAPL power hour to $176", "time": 1641952949.0, "sentiment": "Bullish"}, {"id": 425701755, "text": "$AAPL dip and rip", "time": 1641952934.0, "sentiment": "Bullish"}, {"id": 425701615, "text": "$AAPL $AMZN $MSFT $SPY $QQQ New record sets for COVID cases and HOSPITAZATIONS", "time": 1641952917.0, "sentiment": "Bearish"}, {"id": 425701362, "text": "$SPY $DWAC $AAPL Four more years of Jerome Powell equals four more years of making the rich richer and the poor poorer.  Own stocks and real estate.  Don\u2019t hold cash and don\u2019t be poor.", "time": 1641952887.0, "sentiment": "Bullish"}, {"id": 425701327, "text": "$MSFT and $AAPL  let melt up!", "time": 1641952883.0, "sentiment": "Bullish"}, {"id": 425701168, "text": "$AAPL wow she is a beast", "time": 1641952863.0, "sentiment": ""}, {"id": 425701127, "text": "Jan 11, 2022 alert update as of 3:00 pm EST \n \n$INTC 60C: +38% \n$PYPL 220C: +24% \n$AAPL 185C: +12% \n$SNAP: -16% \n \nAll swings, and all are still intact.  \n \nhttps://discord.com/invite/3KcRgdWavq", "time": 1641952859.0, "sentiment": ""}, {"id": 425700217, "text": "$AAPL ATHs becomes ATLs.", "time": 1641952752.0, "sentiment": "Bullish"}, {"id": 425699966, "text": "$AAPL what happened to all those bears that was bullish on puts?", "time": 1641952720.0, "sentiment": ""}, {"id": 425699939, "text": "$AAPL where my bears at lol one week of losses made up in one day", "time": 1641952716.0, "sentiment": "Bullish"}, {"id": 425699670, "text": "$AAPL $180?? \ud83d\ude02", "time": 1641952683.0, "sentiment": ""}, {"id": 425698895, "text": "$spy $aapl $tsla $btc what do you see crypto doing this year? I am hoping for 60k", "time": 1641952591.0, "sentiment": ""}, {"id": 425698032, "text": "$AAPL 200$ in a week or 2.... sorry bears", "time": 1641952486.0, "sentiment": "Bullish"}, {"id": 425697907, "text": "$AAPL DWAC!!!!!!!", "time": 1641952472.0, "sentiment": ""}, {"id": 425697641, "text": "$LTCH why no followers here\u2026 ? ex Apple dudes/founders $AAPL  Great company\u2026 cheap\u2026 let\u2019s go!", "time": 1641952438.0, "sentiment": "Bullish"}, {"id": 425697619, "text": "$AAPL could be good news, kinda!\n\nhttps://www.reuters.com/business/feds-powell-heads-hill-hearing-with-inflation-focus-2022-01-11/", "time": 1641952434.0, "sentiment": "Bearish"}, {"id": 425697567, "text": "Market acting like does not care about CPI number tomorrow !! Cryptos care because this pop due to CPI tomorrow imo... \n \n Well at least I care about CPI :)  \n \n$spy $aapl $tsla $btc #bitcoin", "time": 1641952426.0, "sentiment": ""}, {"id": 425697224, "text": "$AAPL bullish plus fading walls = what?", "time": 1641952381.0, "sentiment": "Bullish"}, {"id": 425696846, "text": "$AAPL \ud83c\udf4f\ud83c\udf4f\ud83c\udf4f 200+ SOON", "time": 1641952334.0, "sentiment": ""}, {"id": 425696512, "text": "$AAPL https://www.nytimes.com/2022/01/11/business/powell-confirmation-hearing.html", "time": 1641952290.0, "sentiment": "Bearish"}, {"id": 425696429, "text": "AMC Theatres On Demand Now Available On Apple TV | $AAPL $AMC $ROKU $TWTR", "time": 1641952279.0, "sentiment": ""}, {"id": 425695961, "text": "@OptionsQueenTrader Leave your mother out of this. This is an $AAPL discussion thread.", "time": 1641952224.0, "sentiment": "Bullish"}, {"id": 425695813, "text": "$AAPL breakout incoming", "time": 1641952206.0, "sentiment": "Bullish"}, {"id": 425695075, "text": "$AAPL ", "time": 1641952112.0, "sentiment": "Bullish"}, {"id": 425694892, "text": "$AAPL so MM keep pumping AAPL and holding the line; so they want back 3T ? sure push 180/182s area so Retail can short more...  \nI can say it worth 3T after i see the earning and how much they grows ..", "time": 1641952092.0, "sentiment": "Bearish"}, {"id": 425694624, "text": "$AAPL Buy EVERY dip! $$$$$$$$$$$$$$$$$$$$", "time": 1641952054.0, "sentiment": "Bullish"}, {"id": 425694569, "text": "$AAPL \nGo to $176. + Breakout", "time": 1641952048.0, "sentiment": "Bullish"}, {"id": 425694485, "text": "$AAPL Heading back up!", "time": 1641952038.0, "sentiment": "Bullish"}, {"id": 425694265, "text": "$AAPL Make it happen Wall Street! $$$$$$$$$$$$$$$$$$$$$$$$$$$$$$", "time": 1641952009.0, "sentiment": "Bullish"}, {"id": 425694210, "text": "$AAPL while im making some money.. was reading this.. didnt know it!", "time": 1641952002.0, "sentiment": ""}]