[{"id": 425616347, "text": "$AAPL is one of the better performing stocks in the Technology Hardware, Storage &amp; Peripherals industry. https://www.chartmill.com/stock/analyzer/stock/AAPL?key=bb853040-a4ac-41c6-b549-d218d2f21b32&amp;utm_source=stocktwits&amp;utm_medium=TA&amp;utm_content=AAPL&amp;utm_campaign=social_tracking", "time": 1641941700.0, "sentiment": ""}, {"id": 425615941, "text": "$AAPL Nice!!! \ud83c\udf4f\ud83c\udf4f\ud83c\udf4f!", "time": 1641941652.0, "sentiment": "Bullish"}, {"id": 425615864, "text": "$AAPL is it safe to swing calls?", "time": 1641941643.0, "sentiment": "Bullish"}, {"id": 425615706, "text": "$AAPL \n\nUpward rally within this week alert is raised.\n Bollinger Band is shifting upwards to potential stop at 185 to 190 this week or so!", "time": 1641941625.0, "sentiment": "Bullish"}, {"id": 425615543, "text": "$AAPL \ud83d\udc41\u2764\ufe0f\ud83c\udf4f", "time": 1641941607.0, "sentiment": "Bullish"}, {"id": 425615425, "text": "$AAPL having to stop myself for a second \ud83d\uded1 \u270b\ud83c\udffb \nIs this the top today? Is this where we sell and buy back lower especially before Powell drops a small bomb? Or what?", "time": 1641941593.0, "sentiment": ""}, {"id": 425615139, "text": "$AAPL \ud83c\udf4f\ud83c\udf4f\ud83c\udf4f\ud83c\udf4f\ud83c\udf4f", "time": 1641941560.0, "sentiment": "Bullish"}, {"id": 425614826, "text": "$SPY  $AAPL $NDX they are so happy today and we\u2019re only half way through the day, wonder what tomorrow will bring", "time": 1641941524.0, "sentiment": ""}, {"id": 425614577, "text": "$AAPL I ordered the cloth over a month ago. Finally being shipped to me. This how much I like this stock.", "time": 1641941494.0, "sentiment": "Bullish"}, {"id": 425614324, "text": "$AAPL  \ud83c\udf4f HFund Shorts, hitting the Tape.  They are desperate to Cover\u2026.", "time": 1641941464.0, "sentiment": "Bullish"}, {"id": 425614197, "text": "$PYPL wow go to promise land 300+ $NVDA $SQ $SPY $AAPL", "time": 1641941451.0, "sentiment": "Bullish"}, {"id": 425614192, "text": "$AAPL 4 is a start, I\u2019ll keep adding later today, tomorrow, and Thursday", "time": 1641941451.0, "sentiment": "Bearish"}, {"id": 425613772, "text": "$AAPL short attack alert in effect !! Watch out!", "time": 1641941402.0, "sentiment": "Bullish"}, {"id": 425613720, "text": "$AAPL I just don\u2019t wanna see 170 again \ud83d\ude1e", "time": 1641941396.0, "sentiment": ""}, {"id": 425613714, "text": "$AAPL Mr PUTZ here..............", "time": 1641941395.0, "sentiment": ""}, {"id": 425613273, "text": "Remember that level 170.83? It means something and you can trade off it. $AAPL", "time": 1641941341.0, "sentiment": ""}, {"id": 425613271, "text": "$AAPL   $BA     //////////RAMPERS   CLUB //////// \n \n Alert    ALL  IN   !          SUPER BULL", "time": 1641941340.0, "sentiment": ""}, {"id": 425613110, "text": "$AAPL plz don\u2019t tell me this will tank after Powell", "time": 1641941322.0, "sentiment": ""}, {"id": 425612951, "text": "$AAPL 5% day plz", "time": 1641941302.0, "sentiment": ""}, {"id": 425612787, "text": "$AAPL runner", "time": 1641941283.0, "sentiment": "Bullish"}, {"id": 425612529, "text": "$AAPL \ud83e\udd73\ud83e\udd73\ud83e\udd73\ud83e\udd73\ud83e\udd73\u2764\u2764\u2764\u2764\ud83c\udf4f\ud83c\udf4f\ud83c\udf4f\ud83c\udf4f\ud83c\udf4f", "time": 1641941255.0, "sentiment": "Bullish"}, {"id": 425612347, "text": "$HOOD sequence will start soon ? Comn join $TSLA $AAPL folks lets make it happen \ud83d\ude02 we need $HOOD $50 in January", "time": 1641941233.0, "sentiment": ""}, {"id": 425612174, "text": "$AAPL \ud83e\udd22\ud83e\udd22\ud83e\udd2e", "time": 1641941209.0, "sentiment": "Bearish"}, {"id": 425612041, "text": "$AAPL \ud83e\udd24\ud83e\udd24\ud83e\udd11\ud83e\udd11\ud83d\udc4d\ud83c\udffc\ud83e\udd19\ud83c\udffd", "time": 1641941194.0, "sentiment": "Bullish"}, {"id": 425612030, "text": "$AAPL new ath by next week if it manages to break resistance at 175.29 today", "time": 1641941192.0, "sentiment": "Bullish"}, {"id": 425611972, "text": "$AAPL 175s PUT at 175 :)  why not...", "time": 1641941186.0, "sentiment": "Bearish"}, {"id": 425611870, "text": "We\u2019re back baby ! $AMZN $TSLA $AAPL $DOGE.X $BTC.X", "time": 1641941175.0, "sentiment": "Bullish"}, {"id": 425611853, "text": "$ZIM called out yesterday. Sitting on 200% gains and climbing\n$SPY $TSLA $QQQ $AAPL", "time": 1641941173.0, "sentiment": ""}, {"id": 425611706, "text": "$AAPL reversallll over 175 big test", "time": 1641941157.0, "sentiment": "Bullish"}, {"id": 425611698, "text": "$TSLA $AAPL pre run up to earnings looking \ud83d\udc4d as expected \ud83e\udd23\ud83e\udd23\ud83e\udd23\ud83d\udcb0\ud83d\udcb0\ud83d\udcb0\ud83d\udcb0\ud83d\udcb0\ud83d\udcb0\ud83d\udcb0\ud83d\udcb0\ud83d\udcb0\ud83d\udcb0\ud83d\udcb0\ud83d\udcb0\ud83d\udcb0\ud83d\udcb0\ud83d\udcb0\ud83d\udcb0", "time": 1641941156.0, "sentiment": "Bullish"}]