[{"id": 425712057, "text": "$AABB $AABBG.X one of the most active stocks $AAPL has 15 MMs.  $AABB has 13.  Why do you think there is so much attention on this little OTC stock?", "time": 1641954325.0, "sentiment": "Bullish"}, {"id": 425711969, "text": "$BA $V $RIDE $XL $AAPL https://twitter.com/AlbertoFNeumann/status/1480998679028846596", "time": 1641954314.0, "sentiment": "Bullish"}, {"id": 425711204, "text": "$AMC AMC On Demand now available on $AAPL TV!\nhttps://www.benzinga.com/news/22/01/25004403/amc-theatres-on-demand-now-available-on-apple-tv", "time": 1641954215.0, "sentiment": "Bullish"}, {"id": 425710840, "text": "$AAPL remaining shorts should pay attention to SPY projections for tomorrow.  Tomorrow will be another up day for Apple!! \ud83d\ude03", "time": 1641954168.0, "sentiment": "Bullish"}, {"id": 425710558, "text": "$AAPL damn that 175 resistance is made of steel lol", "time": 1641954129.0, "sentiment": "Bearish"}, {"id": 425710316, "text": "$AAPL i see 180 tomorrow", "time": 1641954096.0, "sentiment": "Bullish"}, {"id": 425710013, "text": "@enleeten these stocks take turns ripping the market. $AAPL $FB $NVDA $CRM are leading the price action today. One day it\u2019s gonna be $MSFT turn", "time": 1641954055.0, "sentiment": "Bullish"}, {"id": 425709782, "text": "$AAPL \ud83c\udf4f\ud83c\udf4f\ud83c\udf4f", "time": 1641954018.0, "sentiment": "Bullish"}, {"id": 425709402, "text": "$AAPL like at least a point.. I\u2019d settle for 174.20 though", "time": 1641953968.0, "sentiment": ""}, {"id": 425709251, "text": "$AAPL let\u2019s queue up an EOD dump. Wishful thinking", "time": 1641953945.0, "sentiment": ""}, {"id": 425708814, "text": "$AAPL would appear while I was at work today a lot of short interest realized it was time to close their positions.", "time": 1641953886.0, "sentiment": "Bullish"}, {"id": 425708557, "text": "$AAPL On the way back up to $180 and above.", "time": 1641953850.0, "sentiment": "Bullish"}, {"id": 425708281, "text": "How The SPY Looks As Fed Chair Jerome Powell Testifies Before Senate Committee $SPY $AAPL $AMZN https://www.benzinga.com/trading-ideas/technicals/22/01/25003717/how-the-spy-looks-as-fed-chair-jerome-powell-testifies-before-senate-committee#.Yd3lmpubg8c.twitter", "time": 1641953814.0, "sentiment": ""}, {"id": 425708019, "text": "$AAPL MSFT DONT FAIL ME THIS WEEK BABY ALL IN ON CALLS LETS GOO \ud83d\ude80\ud83d\ude80\ud83d\ude80\ud83d\ude80\ud83d\ude80", "time": 1641953775.0, "sentiment": "Bullish"}, {"id": 425707079, "text": "$AAPL $177 end of week!", "time": 1641953650.0, "sentiment": "Bullish"}, {"id": 425706848, "text": "$AAPL $AAL Russia Positioning Helicopters, in Possible Sign of Ukraine Plans https://www.nytimes.com/2022/01/10/us/politics/russia-ukraine-helicopters.html?fbclid=IwAR1naXmm-Q9MnNSbmjqj2o8ikbzVavZ6RuzJ7GOkegokzZQmrBLrjLonP8I", "time": 1641953619.0, "sentiment": ""}, {"id": 425706724, "text": "$AAPL $AMZN $TSLA $QQQ $SPY Sorry long term investors will have a NEGATIVE market year. Been a long time since we have had one. But is actually fairly common", "time": 1641953604.0, "sentiment": "Bearish"}, {"id": 425706342, "text": "$AAPL Social media war is not over..$TWTR $$DATS $FB .GOING BACK TOO 3 TRILLION DOLLAR MC.", "time": 1641953555.0, "sentiment": "Bullish"}, {"id": 425705449, "text": "$AAPL literally the best stock", "time": 1641953435.0, "sentiment": "Bullish"}, {"id": 425705015, "text": "$AAPL \n\nNow it\u2019s index wide pumping .. \n\nLet\u2019s go!!", "time": 1641953377.0, "sentiment": "Bullish"}, {"id": 425704694, "text": "$AAPL she\u2019s going to $200\ud83e\udd11\ud83d\ude80", "time": 1641953339.0, "sentiment": ""}, {"id": 425704546, "text": "$AAPL \n\nGo go go pumping \u2026", "time": 1641953321.0, "sentiment": "Bullish"}, {"id": 425704241, "text": "$AAPL MOAR OP STACKS!\nReady for tomorrows plays?\nClick follow if you want to receive our alerts &amp; more", "time": 1641953275.0, "sentiment": ""}, {"id": 425704107, "text": "$AAPL thanks again Tom Lee !!", "time": 1641953257.0, "sentiment": "Bullish"}, {"id": 425703501, "text": "$AMC Theaters On Demand is now available on $AAPL TV", "time": 1641953175.0, "sentiment": ""}, {"id": 425703394, "text": "$AAPL action today with our indicators", "time": 1641953157.0, "sentiment": ""}, {"id": 425703266, "text": "$QQQ  $DIA $AAPL $IWM  \n  GameTime- Poor Man\u2019s Comparison - Stock Ideas - Please Play -  \n Example:  \nCompany (A)_________________ is a poor man\u2019s company (B)__________________.  \n  \n(A) Wendys  vs.  (B)McDonalds, Twitter  vs. Facebook,  \nIntel vs  Nvidia, Denny\u2019s vs Darden, RobinHood vs. Schwab,  \nKEY vs JPMorgan, ETC..  \nFeel free to add:", "time": 1641953140.0, "sentiment": "Bullish"}, {"id": 425703105, "text": "AMC Theatres On Demand Now Available On Apple TV  $AMC $AAPL $TWTT $ROKU \n\nhttps://newsfilter.io/a/8b8657994c52b713a19725c9954b4a64", "time": 1641953118.0, "sentiment": ""}, {"id": 425702862, "text": "$AAPL   its Time $SPY #WhosKnow???", "time": 1641953085.0, "sentiment": "Bearish"}, {"id": 425702677, "text": "$AAPL which calls do you guys have for next week?", "time": 1641953059.0, "sentiment": ""}]