[{"id": 425763550, "text": "Steve Jobs Told Zynga In-App Purchases Were &#39;Stupid.&#39; 15 Years Later, The &#39;FarmVille&#39; Creator Lands Biggest Video Game Deal Ever.  $TTWO $ZNGA $FB $AAPL \n\nhttps://newsfilter.io/a/65530cae6f156bc903b9423926fba689", "time": 1641962298.0, "sentiment": ""}, {"id": 425763084, "text": "$AAPL $174 tomorrow because of CPI. $175 eow woo", "time": 1641962206.0, "sentiment": "Bullish"}, {"id": 425761904, "text": "Steve Jobs Told Zynga In-App Purchases Were &#39;Stupid.&#39; 15 Years Later, The &#39;FarmVille&#39; Creator Lands Biggest Video Game Deal Ever. $ZNGA $TTWO $FB $AAPL https://benzinga.com/z/25005741#.Yd4FXgb63vM.twitter", "time": 1641961958.0, "sentiment": ""}, {"id": 425761681, "text": "$AAPL Wave 2 up almost complete.. looking for start of wave 3 tomorrow.", "time": 1641961914.0, "sentiment": ""}, {"id": 425761648, "text": "$AAPL AAPL 2022-01-11 Largest Trades Data: \nhttps://www.youtube.com/watch?v=Y3s-IKzaIAc", "time": 1641961907.0, "sentiment": ""}, {"id": 425758596, "text": "$AAPL Yo Chark. Don&#39;t forget &quot;and the cow jumped over the moon. \nKISS.", "time": 1641961260.0, "sentiment": "Bullish"}, {"id": 425758449, "text": "$AAPL  This is the daily zoomed. The 4dma needs to recapture the 9 &amp; hold on the daily.", "time": 1641961228.0, "sentiment": "Bearish"}, {"id": 425757813, "text": "$AAPL  those should be in the money by then. Ever sell calls expiring sooner with same strike to lower cost?", "time": 1641961092.0, "sentiment": ""}, {"id": 425757507, "text": "$AAPL  BB&#39;s converging &amp; alligator rolling over is bearish.", "time": 1641961026.0, "sentiment": "Bearish"}, {"id": 425757085, "text": "$AAPL  Fib retracements align with the Elliott waves &amp; this will see the classic textbook 68.1 in Wave &#39;a&#39; which has already begun. Plus the ADX is falling &amp; the BB&#39;s are converging with the alligator rolling over which is bearish. And the 4dma has not recaptured the 9 &amp; held on the daily which is also bearish. Those charts to follow. Not saying it will happen tomorrow but it will happen. This correction is not over.", "time": 1641960935.0, "sentiment": "Bearish"}, {"id": 425755379, "text": "$TSLA $AAPL $BTC.X", "time": 1641960577.0, "sentiment": "Bullish"}, {"id": 425753469, "text": "$AAPL NEW ARTICLE : 5 Dividend Stocks For January 2022 https://www.stck.pro/news/AAPL/21151242", "time": 1641960187.0, "sentiment": ""}, {"id": 425752542, "text": "$AAPL \ud83c\udf4fIf Apple intends to launch the 27-inch iMac in March, it could revive the iMac Pro with an M1 Pro or M1 Max processor. This desktop may look like the 24-inch iMac but have only space gray and silver color options with black bezels around the display. \n \nThe display technology used in the &quot;pro&quot; model is expected to include 120Hz ProMotion and a mini LED backlight. These features paired with the M1 Pro and M1 Max would make the new iMac comparable to the renewed MacBook Pro lineup.", "time": 1641960026.0, "sentiment": "Bullish"}, {"id": 425752501, "text": "$AAPL should I keep holding or sell?? Help! $180 strike for March 18", "time": 1641960020.0, "sentiment": ""}, {"id": 425752398, "text": "$AAPL 155P Exp:20-Jan-23 \u2193  \ud83d\udd25 Total(Day): $27,600 \n$AAPL 160P Exp:18-Nov-22 \u2193\u2193  \ud83d\udd25 &lt;R&gt; Total(Day): $78,980 \n#UnusualActivity \n \n \nSign-up free for beta ver.:https://app.jarvisalerts.com \ncharts: courtesy of finviz", "time": 1641960007.0, "sentiment": ""}, {"id": 425751673, "text": "$AAPL it\u2019s been smooth so far", "time": 1641959870.0, "sentiment": "Bullish"}, {"id": 425750665, "text": "$AAPL down 13$ from ATH, I bought a couple shares \ud83e\udd37", "time": 1641959690.0, "sentiment": ""}, {"id": 425750417, "text": "$AAPL it\u2019s really says \u201cI would not buy apple stock today finally, let\u2019s talk about telecommunications and why you should like and subscribe to our newsletter for a special discount, only for you 69.69\u201d", "time": 1641959642.0, "sentiment": ""}, {"id": 425750195, "text": "$AAPL \ud83c\udf4f\ud83d\ude80\ud83c\udf4f", "time": 1641959594.0, "sentiment": "Bullish"}, {"id": 425749301, "text": "$AAPL Day two of fibonacci retrace to 182.", "time": 1641959444.0, "sentiment": "Bullish"}, {"id": 425748937, "text": "$AAPL 180$ tomorrow", "time": 1641959378.0, "sentiment": "Bullish"}, {"id": 425748006, "text": "$AAPL Bears went into hibernation after getting absolutely reckt today \ud83d\ude02\ud83d\ude02\ud83d\udc3b\ud83d\udd25\ud83d\udcc8", "time": 1641959208.0, "sentiment": "Bullish"}, {"id": 425747814, "text": "$NIO Hold tight, the big green candle covered 27.78 low. Now we go back to first resistance $32.5 EOW. If it breaks there, we may see $36 second resistance EOM.   Then ET7 release could bring us breaks all, $45 is a really strong resistance for Sep to break. Yearly target $60 is nothing wrong. $TSLA $AAPL $FB let\u2019s swing to Nio!", "time": 1641959173.0, "sentiment": "Bullish"}, {"id": 425747353, "text": "$AAPL $TSLA  check out $KULR", "time": 1641959088.0, "sentiment": "Bullish"}, {"id": 425746569, "text": "$AAPL", "time": 1641958944.0, "sentiment": "Bearish"}, {"id": 425746121, "text": "Most Traded Contracts\n\n$AAPL 14 January $175 Call\n$LCID 14 January $45 Call\n$AAPL 14 January $177.50 Call\n$AAPL 14 January $172.50 Call\n$AMD 14 January $140 Call\n$TSLA 14 January $1100 Call\n$AAPL 14 January $180 Call\n$AAPL January $180 Call\n$AAPL January $175 Call\n\nLynk In bayo for option trade ideas", "time": 1641958873.0, "sentiment": ""}, {"id": 425745854, "text": "$AAPL", "time": 1641958821.0, "sentiment": ""}, {"id": 425745503, "text": "$AAPL jump tomorrow", "time": 1641958760.0, "sentiment": "Bullish"}, {"id": 425745407, "text": "$AAPL \ud83e\udd14 I smell gap up tommorow", "time": 1641958745.0, "sentiment": "Bullish"}, {"id": 425745320, "text": "$AAPL there\u2019s a big chance we see 180 tomorrow, AAPL ON WATCH!! I\u2019m ready to play this bad boy!!", "time": 1641958730.0, "sentiment": ""}]