[{"id": 425789766, "text": "Stock market outlook: Fed rate hikes won&#39;t end bull market \u2014 Fundstrat - Business Insider $QQQ $SPY $AAPL $TSLA $NVDA  https://apple.news/AZvLnFNjXRUCJNvlTH7lLqg", "time": 1641968570.0, "sentiment": ""}, {"id": 425787481, "text": "$NIO smart way of saying \u201cMade in China\u201d $AAPL \ud83d\ude06", "time": 1641967986.0, "sentiment": ""}, {"id": 425786780, "text": "$AAPL $MSFT $AMZN $GOOGL", "time": 1641967817.0, "sentiment": ""}, {"id": 425786464, "text": "$AAPL what are the predictions for CPI data tomorrow?", "time": 1641967735.0, "sentiment": ""}, {"id": 425785968, "text": "$AAPL a little too quiet for my liking, might be a pullback before a rise up\u2026watching", "time": 1641967608.0, "sentiment": ""}, {"id": 425783949, "text": "$AAPL back over 180 this week. 3t magnet", "time": 1641967118.0, "sentiment": ""}, {"id": 425782582, "text": "$AMC $AAPL \ud83d\udc47\ud83c\udf4f This is a big deal\u2026over time, will be a very big catalyst for attracting New Apple TV+ Subscribers.", "time": 1641966775.0, "sentiment": ""}, {"id": 425782191, "text": "Sweep Options Activity: $AAPL is the #1 ticker with sweep activity where institutions are trading options urgently with 60.9K sweep contracts, a leading indicator of market movement.\n\nMarket analysis and options contracts included in screenshot of dashboard from http://insiderfinance.io.", "time": 1641966671.0, "sentiment": ""}, {"id": 425780434, "text": "Unusual Options Activity: $AAPL is the #28 ticker with unusual activity from institutional traders with an average of 11% out of the money, a leading indicator of market movement.\n\nMarket analysis and options contracts included in screenshot of dashboard from http://insiderfinance.io.", "time": 1641966224.0, "sentiment": ""}, {"id": 425780058, "text": "$SPY buy tech because that&#39;s all u know how to do $AAPL", "time": 1641966125.0, "sentiment": ""}, {"id": 425779666, "text": "$AMC Theaters On Demand is now available on $AAPL TV.", "time": 1641966027.0, "sentiment": "Bullish"}, {"id": 425779205, "text": "$SPY You don&#39;t have to be a bear to know 415 will be tested in the next two months $AAPL", "time": 1641965921.0, "sentiment": ""}, {"id": 425777373, "text": "$AAPL Apple glasses could adjust lenses to match user&#39;s prescription https://appleinsider.com/articles/22/01/11/apple-glass-could-adjust-lenses-to-match-users-prescription", "time": 1641965492.0, "sentiment": "Bullish"}, {"id": 425777342, "text": "$AAPL enjoy our video on TRIANGLES!\nWe hope it helps you STACK MANY GAINS \ud83d\ude07\n\nhttps://vimeo.com/662893632", "time": 1641965482.0, "sentiment": ""}, {"id": 425774748, "text": "$AAPL Friendly reminder - Inflation data tomorrow so have your trade plans ready!\nNo hoping or FOMO\u2026 only STACKS!!!!", "time": 1641964889.0, "sentiment": ""}, {"id": 425774344, "text": "$AAPL  \ud83c\udf4f Hummm.  AfterHours:  MM \u201cSpread Roadblock\u201d.  Let\u2019s see if it lifts\u2026.", "time": 1641964799.0, "sentiment": "Bullish"}, {"id": 425774210, "text": "$AAPL Come join the free discord! Alerts everyday!(1st 100 members are free!) come bank with the team!\ud83d\udcb0\ud83d\udea8", "time": 1641964766.0, "sentiment": ""}, {"id": 425772988, "text": "$AAPL $HOMERUN.X \nPresale almost over!!\u2019\nHOMERUN- charity driven real real estate profit sharing, 2% bonus. New generation of investing!!!\n\nhttps://homeruntoken.com/", "time": 1641964460.0, "sentiment": ""}, {"id": 425772964, "text": "SweepCast alerted: $AAPL with Unusual Options Activity Alerted on $172.5 CALL Expiring: 01-14-2022 worth 48K\ud83d\udc02 |\ud83e\udd47  The trade has a sentiment of BULLISH | SweepCast.com or Premium Room \u27a1\ufe0f  #daytradingtips", "time": 1641964454.0, "sentiment": ""}, {"id": 425772291, "text": "$AAPL 2022 Epic Radio/Media/Podcast Revolution !! Auddia app full launch Feb 15th 2022 - 4000 Radio Stations !!!\n#auddia #vodacast - #AItechnology \n$$ Tickers #AUUD  #AUUDW $$$$\ud83e\udd11\ud83d\udcb0\nGet ready !!  https://www.reddit.com/r/Auddia?utm_medium=android_app&amp;utm_source=share", "time": 1641964294.0, "sentiment": "Bullish"}, {"id": 425772048, "text": "$AAPL $SPX Weeklies \n\u2666 Sup levels holding", "time": 1641964230.0, "sentiment": ""}, {"id": 425770381, "text": "$AAPL has a Profit Margin of 25.88%. This is amongst the best returns in the industry. https://www.chartmill.com/stock/analyzer/stock/AAPL?view=fundamental-analysis&amp;key=bb853040-a4ac-41c6-b549-d218d2f21b32&amp;utm_source=stocktwits&amp;utm_medium=FA&amp;utm_content=AAPL&amp;utm_campaign=social_tracking", "time": 1641963840.0, "sentiment": ""}, {"id": 425768690, "text": "$SPY $QQQ $AAPL funny funny I hope your not short, the stock I mean.  ICar news coming out\u2026\u2026 what!!!!", "time": 1641963443.0, "sentiment": ""}, {"id": 425768481, "text": "$AAPL \n\nGive me another face ripping, body slamming, ultimate warrior, gap upper tomorrow.", "time": 1641963396.0, "sentiment": ""}, {"id": 425767632, "text": "$AAPL fed meeting  tomorrow? Or Thursday", "time": 1641963208.0, "sentiment": ""}, {"id": 425767614, "text": "$GOOG $GOOGL $TSLA $AAPL  \nWhen is the market crash coming? \ud83e\udd14 \nAnd for how long?\nHonestly...\nI feel like the bulls (including me) are about to have to shift gears in preparation for a long stretch of corrections well into 2023. \nProve me wrong...", "time": 1641963205.0, "sentiment": ""}, {"id": 425767559, "text": "$AAPL $185 eow?", "time": 1641963188.0, "sentiment": ""}, {"id": 425767389, "text": "$AAPL", "time": 1641963149.0, "sentiment": "Bullish"}, {"id": 425766863, "text": "$AAPL technical analysis for tomorrow.\n\nhttps://youtu.be/o23XoO2EA_8", "time": 1641963028.0, "sentiment": ""}, {"id": 425764774, "text": "$AAPL last CPI report oh boy that 6.8 is pretty high", "time": 1641962563.0, "sentiment": ""}]