[{"id": 425745301, "text": "$AAPL", "time": 1641958726.0, "sentiment": ""}, {"id": 425745155, "text": "Tuesday Option Volumes\n\n$AAPL 1.216m (69% call/31% put)\n$TSLA 1.045m (61% call/39% put)\n$LCID 702k (70% call/30% put)\n$NVDA 623k (65% call/35% put)\n\nLynk In bayo for option trade ideas", "time": 1641958701.0, "sentiment": ""}, {"id": 425744993, "text": "$AAPL CPI data tomorrow, I just don\u2019t think tech will hold up. Oil maybe, but tech, eh not so much.", "time": 1641958670.0, "sentiment": "Bearish"}, {"id": 425744700, "text": "5-Day Equity Sentiment Recap: $AAPL is the #1 stock that institutions are trading over rolling 5 day window with 497.9K options contracts.\n\nMarket analysis included in screenshot of dashboard from http://insiderfinance.io.", "time": 1641958616.0, "sentiment": ""}, {"id": 425744423, "text": "$AAPL some more oscillation \ud83c\udf4f\u2705 180 range until EOM", "time": 1641958566.0, "sentiment": "Bullish"}, {"id": 425744283, "text": "$AAPL 180. Mark it by EOW", "time": 1641958542.0, "sentiment": "Bullish"}, {"id": 425741269, "text": "$AAPL dang called 175 this am! Barely made it too! Ready to short now, call me crazy \ud83d\ude1d", "time": 1641958083.0, "sentiment": "Bearish"}, {"id": 425740123, "text": "@Freemn nice. Here\u2019s mine. However I paid it with $AAPL \u2026 hopefully with $CLOV I will pay the fuel at least\u2026", "time": 1641957901.0, "sentiment": "Bullish"}, {"id": 425739911, "text": "@SgtBullFury @Hodlfordearlife $DWAC $AAPL HAS equaled 1000k a share when you account for their spilts. Plus they give great $$ dividends quarterly which adds to your profit. Sgt, you made the biggest mistake selling those quality companies for this piece of crap, which is nothing more than a pump &amp; dump that only dumb ignorant ppl (the same ones who were conned by trump over &amp; over again) fall for. And big $$ liberals will continue making money shorting this pos as we have already several times from the $100&#39;s ;) we actually pray for big spikes in this cuz we short in legs and know that ppl dumb enough to fall for trumps lies, and support a liar, cheater, fraud when he actually hates his typical supporters thinking them dumb, lower classed, useless space eaters ( I knew him briefly personally). it&#39;s funny how is uneducated moronic supporters forget he&#39;s been an elitist his entire life born with a silver spoon. The joke is really on all of you, and he laughs at you all lol", "time": 1641957864.0, "sentiment": "Bullish"}, {"id": 425738624, "text": "$AAPL ", "time": 1641957674.0, "sentiment": ""}, {"id": 425738202, "text": "$AAPL Looking forward to earning ....record breaking Quarter...again", "time": 1641957614.0, "sentiment": ""}, {"id": 425737418, "text": "$AAPL up again we go, flight to safety for tech, will have killer wearable tech revenue this qtr. no where but up", "time": 1641957497.0, "sentiment": "Bullish"}, {"id": 425737363, "text": "@Shan7860 @TheHonorableSmails I agree...even $aapl comes down. That&#39;s just standard stock trading fundamental information nothing new.", "time": 1641957489.0, "sentiment": ""}, {"id": 425736008, "text": "$AAPL NEW ARTICLE : Stock Market Extends Bounce On Fed Chief Powell; Apple, Zim, Ovintiv In Focus https://www.stck.pro/news/AAPL/21149021", "time": 1641957313.0, "sentiment": ""}, {"id": 425735469, "text": "@Hodlfordearlife I sold $150K $AAPL to buy $DWAC myself,  I dont like libtard companies, I sold a bunch of them to buy $DWAC.", "time": 1641957243.0, "sentiment": "Bullish"}, {"id": 425734308, "text": "$AAPL next target 180$", "time": 1641957083.0, "sentiment": ""}, {"id": 425734307, "text": "$AAPL opened $175 calls here at close. Expecting $180 in the coming sessions. As always\u2026 tight stop.", "time": 1641957083.0, "sentiment": "Bullish"}, {"id": 425734205, "text": "$AAPL lovely!! 180 EOW", "time": 1641957071.0, "sentiment": "Bullish"}, {"id": 425734046, "text": "$AAPL \nClosed $175.08\nExcellent", "time": 1641957046.0, "sentiment": "Bullish"}, {"id": 425733877, "text": "$AAPL \ud83e\udd14\u2620\ufe0f\n https://www.reddit.com/r/Epic_Economics/comments/s1nn2s/baby_bulls_bad_behavior_volume_precedes_price/?utm_source=share&amp;utm_medium=ios_app&amp;utm_name=iossmf", "time": 1641957025.0, "sentiment": "Bearish"}, {"id": 425733867, "text": "\ud83c\udf81Daily watchlist recap for Jan 11, 2022!!\ud83c\udf81\nProfit potential per 100 shares is $8,851\n\n$MRNA $RIVN $AAPL $ABNB $SQ PYPL TSLA\n\n\u2714Follow and turn on notifications for more amazing trade ideas!!\n\n#unitedtraders #teamwork #finance", "time": 1641957024.0, "sentiment": ""}, {"id": 425733709, "text": "\ud83c\udf81Daily watchlist recap for Jan 11, 2022!!\ud83c\udf81\nProfit potential per 100 shares is $8,851\n\n$MRNA $RIVN $AAPL $ABNB $SQ PYPL TSLA\n\n\u2714Follow and turn on notifications for more amazing trade ideas!!\n\n#unitedtraders #teamwork #finance", "time": 1641957003.0, "sentiment": ""}, {"id": 425732988, "text": "I love him $SPY $QQQ $AAPL", "time": 1641956913.0, "sentiment": ""}, {"id": 425732709, "text": "$AAPL \ud83d\udc4f\ud83d\udc4f", "time": 1641956881.0, "sentiment": ""}, {"id": 425731709, "text": "$AAPL top biotech stock\n\nhttps://youtu.be/gF6BSOZAH0M", "time": 1641956760.0, "sentiment": "Bullish"}, {"id": 425731398, "text": "$AAPL puts time! Short term bearish, pullback to 160\u2019s.", "time": 1641956726.0, "sentiment": "Bearish"}, {"id": 425731051, "text": "$AAPL grabbed Feb25 $170 puts at the close @ $4.80. $28k worth. I\u2019m confident I\u2019ll know if I\u2019m wrong tomorrow mid morning \ud83d\ude43\ud83c\udfcc\ufe0f\u200d\u2642\ufe0f\ud83d\udd2e", "time": 1641956688.0, "sentiment": "Bearish"}, {"id": 425731041, "text": "$AAPL of the big 5 this is the most overbought and will fall on its face", "time": 1641956687.0, "sentiment": "Bearish"}, {"id": 425730815, "text": "$AAPL  they hate me because i say the truth", "time": 1641956661.0, "sentiment": "Bullish"}, {"id": 425730163, "text": "$AAPL AAPL 2022-01-11 Technical Analysis Video: \nhttps://www.youtube.com/watch?v=2cIZfaZgKhU", "time": 1641956588.0, "sentiment": ""}]