[{"id": 425816092, "text": "$AAPL", "time": 1641976321.0, "sentiment": "Bullish"}, {"id": 425816054, "text": "$AAPL overbought*", "time": 1641976308.0, "sentiment": "Bearish"}, {"id": 425814108, "text": "$AAPL usually bullish but I\u2019m buying puts from the top\u2026", "time": 1641975665.0, "sentiment": "Bearish"}, {"id": 425812800, "text": "$NES Just started a small position on this. Low float 2m. Short interest from s3 data about 160%.  \n \n$TSLA $AAPL $LCID", "time": 1641975226.0, "sentiment": "Bullish"}, {"id": 425811711, "text": "$AAPL AAPL 2022-01-11 Largest Trades Data: \nhttps://www.youtube.com/watch?v=Y3s-IKzaIAc", "time": 1641974860.0, "sentiment": ""}, {"id": 425811638, "text": "$AAPL cost fnko sbux is where it\u2019s at!    Buy them now while they are cheap", "time": 1641974841.0, "sentiment": "Bullish"}, {"id": 425810571, "text": "$SPY $DJIA $QQQ $AAPL $TSLA  \n \nI hope the average American eventually wakes up to the fact that FED-sponsored inflation is &quot;stickiest&quot; in asset prices. And we all know who own the VAST majority of assets. \n \nNot only does inflation not hurt the wealthy, it actually INCREASES their wealth relative to the rest of us. We get poorer they get richer. \n \nBut JPOW still tell you the central bank&#39;s policy of free money and low interest rates is not contributing to wealth inequality here in America. \n \nWake up dumbohead Americans...you are losing ground every year to the wealth class here in America.", "time": 1641974505.0, "sentiment": ""}, {"id": 425810053, "text": "$PIK the kids&#39; Stitch Fix?, \nOrder your kids clothes by the box. 100 bucks an outfit head to toe. \n\n$LCID the buy in the teens was a gimme, buy in lo 20&#39;s was a gimmie. Company has mega cash &amp; a beautiful car. Who would u say their competion is? well everyone but mainly Tesla \n\n$BCRX  the bounce back from 11.5 was fast &amp; fierce.  I know the old company the vaccine for swine/bird flue. Anybody want to write in the thread whats going on now for such buy conviction?\n\n$VERB  Verb is launching an ecommerce site w/its niche Live Streaming. In jan21 verb launched a product for clients to conduct Private Live streams, 3mm downloads &amp; 75 enterprise mlm clients. Heres a look if not familar\n\nhttps://youtu.be/lpvFxCdvSjk\n\nIn Nov&#39;20 put together a Beta site for control testing,  closed it in nov&#39;21.\n\nhttps://www.shoppopup.tv\n\nPreviewed final product\nhttps://youtu.be/c5xKOK6VhZg\n\n$AAPL &#39;s Streaming producer David Meltzer joined Verb as producer of Verbtv shoppable content.\nWaiting for 1st live stream Promo Event.", "time": 1641974367.0, "sentiment": ""}, {"id": 425809096, "text": "$STUDY $AAPL $AMD $BA  I am clueless", "time": 1641974083.0, "sentiment": ""}, {"id": 425807366, "text": "$SPY $DWAC $AAPL $BTC.X This debt clock just jumped a trillion overnight and is now almost $30 trillion.  How is the Fed going to raise interest rates now?  Also look at debt to GDP ratios \u2620\ufe0f\nIt\u2019s time to fire Nancy Pelosi and Mr. Joe Biden \ud83e\udd2150 plus years in Congress and the USA debts keep ripping higher", "time": 1641973545.0, "sentiment": ""}, {"id": 425806092, "text": "@Atrophied better than $AAPL snd $AMZN and $GOOG", "time": 1641973158.0, "sentiment": "Bullish"}, {"id": 425806060, "text": "$AAPL KNOW your patterns :)\n$BA $AMD $STUDY", "time": 1641973146.0, "sentiment": ""}, {"id": 425805879, "text": "$AAPL if this goes to $180 i\u2019ll \u00a2um in my pants", "time": 1641973100.0, "sentiment": "Bullish"}, {"id": 425803381, "text": "$AAPL If this goes to $185 before earnings i will be smiling all year long", "time": 1641972380.0, "sentiment": "Bullish"}, {"id": 425802378, "text": "$AAPL back to $180 now", "time": 1641972104.0, "sentiment": "Bullish"}, {"id": 425800418, "text": "$QQQ Fang relative performance over 5 years (1yr in thread) $FB $AMZN $AAPL", "time": 1641971530.0, "sentiment": ""}, {"id": 425800198, "text": "$SPY everywhere you look or go cases of covid are fkn out of control. I&#39;m not even taking about the news etc. Just in the community, any community something is affected to one extend. And some how...is priced in? \ud83d\ude44\ud83e\udd14 Tf... I have a feeling when the floor gives... Is going to be an epic dump.\n$QQQ $AAPL $TSLA $NVDA", "time": 1641971467.0, "sentiment": ""}, {"id": 425800170, "text": "$AAPL was analyzed by 49 analysts. The buy consensus is at 84%. So analysts seem to be very confident about $AAPL. https://www.chartmill.com/stock/analyzer/stock/AAPL?view=analyst-ratings&amp;utm_source=stocktwits&amp;utm_medium=ANALYST&amp;utm_content=AAPL&amp;utm_campaign=social_tracking", "time": 1641971460.0, "sentiment": ""}, {"id": 425798514, "text": "$SPY $QQQ $TSLA $AAPL All these innovations like internet, smart phones, and technology have benefitted baby boomers retirements greatly.  What innovation do new investors have now?  Nothing as life changing as the invention of the internet or automobiles.  Electric cars are replacing gas cars so it\u2019s not new business growth.  Apple has not created anything major new since the iphone.  It\u2019s going to be an uphill climb for this new generation of investors entering a high priced market with high inflation.", "time": 1641970979.0, "sentiment": ""}, {"id": 425798505, "text": "$AAPL expecting the run up to\nEarnings again and again it\u2019s like clock work", "time": 1641970977.0, "sentiment": "Bullish"}, {"id": 425797324, "text": "$AAPL Recap: Expecting higher highs here. Personal target near $178 prior to earnings. $180 isn\u2019t out of reach, however.", "time": 1641970660.0, "sentiment": "Bullish"}, {"id": 425797248, "text": "$AAPL will apple form that second shoulder here on the daily around $180 before it falls to $160. That\u2019s the real question.", "time": 1641970640.0, "sentiment": "Bearish"}, {"id": 425797202, "text": "New ratings for International Paper( $IP ), Apple( $AAPL ),\u2026 https://www.macroaxis.com/invest/marketRatings?s=IP,AAPL,HOG,BSX,DNB,EOG,M,ROST,PNC #canada #canadian_equities #CA", "time": 1641970624.0, "sentiment": ""}, {"id": 425796399, "text": "@investclem1682 sorry but dollar is lowered and its well established that a weaker dollar = stronger assets. $aapl you dont need to investigate as the thesis has been debunked already. \nMarkets rallied because there was no surprise, and they know they have 2 months to rug pull. Earnings season is what is propping up the market.", "time": 1641970399.0, "sentiment": ""}, {"id": 425795773, "text": "$AMZN split split split next $nvda $aapl $tsla $tsla", "time": 1641970217.0, "sentiment": "Bullish"}, {"id": 425795152, "text": "$AAPL PPO Cross over Hourly has been solid FYI!!", "time": 1641970046.0, "sentiment": "Bullish"}, {"id": 425792122, "text": "$AAPL \n\nIn anticipation of Fed rate increases, it looks like it helped the market to rally a lot.\n\nWhile if the Fed rate lowered, it slow the rally.\n\nI will still investigate more into how rate changes effect S&amp;P 500.", "time": 1641969192.0, "sentiment": ""}, {"id": 425792103, "text": "Most active flow for today:\n\n$ARKK - 69% put flow\n$TSLA - 55% call flow\n$LCID - 74% call flow\n$AAPL - 57% call flow\n$INTC - 89% call flow", "time": 1641969187.0, "sentiment": ""}, {"id": 425791857, "text": "$AAPL AAPL 2022-01-11 Technical Analysis Video: \nhttps://www.youtube.com/watch?v=2cIZfaZgKhU", "time": 1641969125.0, "sentiment": ""}, {"id": 425791846, "text": "$SPY $QQQ $COST $AAPL Prepared for some red but happy I got skin in the game if it goes the other way", "time": 1641969123.0, "sentiment": ""}]