[{"id": 425832072, "text": "$AAPL http://www.businesskorea.co.kr/news/articleView.html?idxno=85838", "time": 1641982048.0, "sentiment": "Bullish"}, {"id": 425832022, "text": "$AAPL $177 incoming\u2026 inverse H&amp;S", "time": 1641982030.0, "sentiment": "Bullish"}, {"id": 425831938, "text": "$AAPL tomorrow bloody red", "time": 1641981998.0, "sentiment": "Bearish"}, {"id": 425831724, "text": "$AAPL nothing", "time": 1641981924.0, "sentiment": "Bullish"}, {"id": 425830526, "text": "$AAPL Breaking News!  Apple car is coming. LFG \ud83d\udc8e\u270a\ud83c\udffb\ud83d\ude80\ud83e\ude90\n\nhttps://twitter.com/marketrebels/status/1481103405196222474?s=21", "time": 1641981408.0, "sentiment": "Bullish"}, {"id": 425830240, "text": "$GE $AAPL Glad I grabbed these as my retirement stock during the 2020 market crash.", "time": 1641981297.0, "sentiment": "Bullish"}, {"id": 425829893, "text": "$AAPL futures green", "time": 1641981141.0, "sentiment": "Bullish"}, {"id": 425828947, "text": "$PLTR $AAPL $tqqq. Last week was one Green Day and 4 red. This week we are one for one. Let tomorrow break that red streak.", "time": 1641980769.0, "sentiment": ""}, {"id": 425827512, "text": "$AAPL I bought 4 calls at $180 strike.. easiest money to be made", "time": 1641980226.0, "sentiment": "Bullish"}, {"id": 425826401, "text": "@mortalTrades922 \ud83e\udd2b\ud83d\udd2e \ud83c\udfaf my mentor/stock group\u2019s price targets given to me YESTERDAY for BUYING more &amp; going heavy with calls..until these price ranges come closer, I\u2019m trying to make as much short option profit possible &amp; won\u2019t be fooled going scaling up heavy on long calls until they come closer to their Earnings Reports: $AMD 1/25 $AAPL 1/27 which is 2 whole weeks of action, when we\u2019re still getting getting bearish news but Green Day\u2019s on the Dow &amp; Nasdaq for no reason\u2026you see crypto still in bloody waters P.S. Bullish/Buy Price targets when they arrive: $AAPL $163.42 \ud83c\udfaf\ud83d\udc40 $AMD $119.67\u2026until then I\u2019m Putting Pops like these &amp; this week/tmrw is pivotal to show us a rally down to these price targets before earnings or UP to be chopped back down to these targets\u2026sorry for the essay \ud83e\udd1d", "time": 1641979817.0, "sentiment": "Bearish"}, {"id": 425826350, "text": "$GBHL on $AMZN Fire, $AAPL tv, $ROKU, via its Subsidiary - Muskrat Media LLC. /Crimes &amp; Capers \n \n&quot;The Crimes &amp; Capers station is currently available on Amazon Fire, Apple TV and Roku streaming platforms.&quot; \n \n&quot;CrimesNCapers.com&quot; owns and operates a 24/7, advertising supported, digital streaming channel under the brand name of \u201cCrimes &amp; Capers.\u201d \n \nhttps://www.einpresswire.com/article/557714314/global-entertainment-holdings-acquires-crimes-capers-streaming-platform \n \nhttps://channelstore.roku.com/details/7d984997523e897ee0a5072ab1697724/crimes-and-capers \n \nhttps://apps.apple.com/app/id1564103239 \n \nhttps://www.amazon.com/Lightcast-com-Crimes-Capers/dp/B08XNDD3R2 \n \nMEET the TEAM of GBHL \nhttp://globalclassicmovies.com \n \nhttps://www.imdb.com/name/nm0321017/?ref_=tt_cl_t_2", "time": 1641979800.0, "sentiment": ""}, {"id": 425825962, "text": "Equity Sentiment: $AAPL is the #1 stock that institutions are trading with 92.4K options contracts.\n\nMarket analysis included in screenshot of dashboard from http://insiderfinance.io.", "time": 1641979644.0, "sentiment": ""}, {"id": 425824912, "text": "$AAPL $TSLA $MSFT $NFLX", "time": 1641979274.0, "sentiment": ""}, {"id": 425824669, "text": "$QQQ tom mee says Nasdaq has bottom\nAnd spy\nFirst 500 then -10% $AAPL $AMD $MSFT", "time": 1641979189.0, "sentiment": "Bullish"}, {"id": 425824495, "text": "$AAPL woow futures going crazy..China inflation slowed in December and Hong Kong jumps 2% ,tech rally huuu 180$ tomorrow let\u2019s get those calls", "time": 1641979127.0, "sentiment": "Bullish"}, {"id": 425823623, "text": "$AAPL was analyzed by 49 analysts. The buy consensus is at 84%. So analysts seem to be very confident about $AAPL. https://www.chartmill.com/stock/quote/AAPL/analyst-ratings?utm_source=stocktwits&amp;utm_medium=ANALYST&amp;utm_content=AAPL&amp;utm_campaign=social_tracking", "time": 1641978840.0, "sentiment": ""}, {"id": 425822489, "text": "$SPY no one wanted too wait for the possible 10-15% correction this year? Everyone was lining up buying everything they could get their hands on today.. even with CPI data tmrw too. Wild session and tape today. Expecting much more downside SPY only down like 2-2.5% from ATH\u2026 still all cash in my long accounts. ILL WAIT for some solid companies to be on sale.. Mega tech and banks.. it\u2019s tempting I know, but I am staying patient! $RIVN $TSLA $MSFT $AAPL", "time": 1641978453.0, "sentiment": "Bearish"}, {"id": 425822026, "text": "$AAPL AAPL 2022-01-11 Technical Analysis Video: \nhttps://www.youtube.com/watch?v=2cIZfaZgKhU", "time": 1641978310.0, "sentiment": ""}, {"id": 425822015, "text": "$AABB Global Merchants are popping up every day.If You have a business and would like to accept $AABBG.X as a form of payment it&#39;s easy to set up and payments are accepted through $AAPL app store and $GOOG $GOOGL play", "time": 1641978308.0, "sentiment": "Bullish"}, {"id": 425821643, "text": "$AABB $TSLA $AAPL $MSFT $AABBG.X 2022 BULL RUNS LFG!", "time": 1641978182.0, "sentiment": "Bullish"}, {"id": 425821363, "text": "$TSLA $AAPL $BX $MSFT $GOOGL  CPI data due out tomorrow. Below 7.% mrkt goes higher, above 7.1% mrkt turns south. mho", "time": 1641978097.0, "sentiment": "Bullish"}, {"id": 425820652, "text": "$MSFT $AAPL $AMZN $FB $QQQ", "time": 1641977884.0, "sentiment": ""}, {"id": 425820611, "text": "$AAPL $TSLA $MSFT $NFLX \nSome calls alerted today! Join the free discord team and start banking with us!\ud83d\udcb0", "time": 1641977870.0, "sentiment": ""}, {"id": 425820525, "text": "$AAPL, $RIG here goes on http://www.stocksequity.com/active-stocks/hair-raising-facts-to-know-apple-inc-nasdaqaapl-transocean-ltd-nyserig/", "time": 1641977840.0, "sentiment": ""}, {"id": 425818795, "text": "$MSFT $AAPL $AMZN $FB $QQQ", "time": 1641977246.0, "sentiment": ""}, {"id": 425818493, "text": "EWF Chart of the day  $AAPL 1.12.2022 #trading #forex #elliottwave #FXsignals #forexsignals #pips #tradingsignal", "time": 1641977134.0, "sentiment": ""}, {"id": 425818247, "text": "$MSFT $AAPL $AMZN $FB $QQQ yeah!!!!", "time": 1641977051.0, "sentiment": ""}, {"id": 425817657, "text": "BREAKING: China CPI much lower than expected for the month of December \n\nGreat news for tech if US posts similar results \ud83e\udd1e\n\n$MSFT $AAPL $AMZN $FB $QQQ", "time": 1641976846.0, "sentiment": "Bullish"}, {"id": 425817654, "text": "$LCID $AAPL", "time": 1641976846.0, "sentiment": "Bullish"}, {"id": 425817210, "text": "$AAPL oversold", "time": 1641976694.0, "sentiment": ""}]