[{"id": 425878190, "text": "$SPY $QQQ $UVXY $AAPL $MSFT   \n \nLast time CPI hit 7%+ was  in 1982.   \n \nWhat was the S&amp;P500&#39;s return in 1982?", "time": 1642013022.0, "sentiment": ""}, {"id": 425878006, "text": "$AAPL $180 eod", "time": 1642012966.0, "sentiment": "Bullish"}, {"id": 425877620, "text": "$AAPL shut the fuck up no one gives a shit, your trash", "time": 1642012846.0, "sentiment": ""}, {"id": 425877523, "text": "$AAPL circa $8.5 to $3T or 4.9%. Let&#39;s see if we can push this before ER.", "time": 1642012814.0, "sentiment": "Bullish"}, {"id": 425877399, "text": "&quot;BMO Capital this morning gives MSFT a BUY rating and upgrades PT to $360&quot; \n \nSource: https://twitter.com/expandingmatter/status/1481244089467211778?s=20 \n \n$MSFT $AAPL $FB $AMZN $QQQ", "time": 1642012773.0, "sentiment": "Bullish"}, {"id": 425876405, "text": "$AAPL $200 \ud83e\udd23\ud83e\udd23\ud83e\udd23", "time": 1642012487.0, "sentiment": "Bullish"}, {"id": 425876404, "text": "Wednesday Watchlist \n\n\ud83d\udc49 $GM : GM stock is below a buy zone after briefly clearing a 65.28 entry. GM stock rose 6.2% last week, though it closed well off weekly highs of 67.21. The relative strength line for GM stock is taking a pause after gathering some momentum. If it can bend higher again soon it could take out last year&#39;s highs.\n\n\ud83d\udc49 $LOW: LOW stock has held near record highs despite a bumpy market.  The stock is on track to form a flat base as it seeks support near its 10-week line. Shares fell 2.9% last week to 251.09. It will be offering up an entry of 263.41. A rebound from its 10-week moving average could also offer up an alternative buy point.\n\n\ud83d\udc49 $AAPL :  Apple stock rose 1.7% to 175.08, back above its 21-day line. On Monday, AAPL stock found support at its 10-week line. This is the first 10-week line pullback for the Dow Jones tech titan since its November breakout. The relative strength line for Apple stock is just below record levels, holding up extremely well \nLnk in bio", "time": 1642012487.0, "sentiment": ""}, {"id": 425875908, "text": "$AAPL Do inflation will make AAPL to rise?", "time": 1642012358.0, "sentiment": ""}, {"id": 425874989, "text": "Equity Sentiment: $AAPL is the #1 stock that institutions are trading with 92.4K options contracts.\n\nMarket analysis included in screenshot of dashboard from http://insiderfinance.io.", "time": 1642012076.0, "sentiment": ""}, {"id": 425874935, "text": "$AAPL I know a lot of investors at apple don\u2019t play with penny stocks, but this is huge. Only non-hormonal birth control product on the market. Finally will be at no cost to women. \n\nhttps://evofem.investorroom.com/2022-01-12-Phexxi-Access-to-Expand-under-New-Government-Guidance-Stating-Insurers-Must-Cover-FDA-approved-Contraceptives-with-No-Out-of-Pocket-Costs-to-Women", "time": 1642012055.0, "sentiment": "Bullish"}, {"id": 425874283, "text": "$AAPL hope everyone that sold last week and Monday has to buy back for a lot higher", "time": 1642011843.0, "sentiment": "Bullish"}, {"id": 425874188, "text": "Vote4Trump? ... ROTFLMAO ... just imagine how the markets would react \ud83e\udd2a npr.org/2022/01/12/10722044... $tsla $f $gm $aapl $ge and more.", "time": 1642011807.0, "sentiment": "Bearish"}, {"id": 425873693, "text": "$AAPL CPI / earnings, wild days ahead.\n\nI\u2019m hoping for a pullback in 160\u2019s to load bus for next leg.  Otherwise not chasing in this environment.", "time": 1642011636.0, "sentiment": ""}, {"id": 425873337, "text": "$AAPL y\u2019all ready?\n\nhttps://www.instagram.com/optionsplayers/reel/CYoS_FrvL3V/?utm_medium=copy_link", "time": 1642011507.0, "sentiment": ""}, {"id": 425873330, "text": "$APPS been in since 15. Sold last week and avg up into $AAPL just more stable, Tons of potential long term but potential bloodbath near term. Im out for now.", "time": 1642011505.0, "sentiment": ""}, {"id": 425872835, "text": "$AAPL  \n. \nGet your puts ready. \n.", "time": 1642011334.0, "sentiment": "Bearish"}, {"id": 425872678, "text": "$AAPL let\u2019s see 180\u2026\u2026", "time": 1642011276.0, "sentiment": "Bullish"}, {"id": 425872382, "text": "$AAPL Apple Supplier Foxconn Taps Autoware&#39;s AI Expertise In New Alliance", "time": 1642011178.0, "sentiment": "Bullish"}, {"id": 425872231, "text": "$AAPL NEW ARTICLE : 1 Reason Investors Should Love Apple Stock https://www.stck.pro/news/AAPL/21182731", "time": 1642011133.0, "sentiment": ""}, {"id": 425872034, "text": "$AAPL AAPL 2022-01-11 Technical Analysis Video: \nhttps://www.youtube.com/watch?v=2cIZfaZgKhU", "time": 1642011065.0, "sentiment": ""}, {"id": 425871046, "text": "$SPY $AAPL   \n \nthe #QQQ Nasdaq daily. bearish cross of ichimoku red and white line .testing red/white line resistance now. they are the 26 and 9 day average of candles..   caution for rejection here as it will be riding red line down and pushes below ichimoku cloud support..   \n \nunder cloud is bearish. hasnt been there much the past 12 years.. most not ready for that imo, Sleestacks  !", "time": 1642010712.0, "sentiment": ""}, {"id": 425869628, "text": "$SPY $AAPL  \n \nthe #DIA  DOW30 daily chart.     2 white kijusen 26 day avg,  bounces up to retest red tenkansen 9 day avg.  a rejection here at red line likely tests and  breaks white line w momentum down to cloud bottom, the cloud has very thin support. (a thick cloud= thick support_) caution. \n the US 10 year note auction today. the 3 year rate spiked 25% after Tuesdays auction. 10 year over 2% is ugly! *housing mortgages", "time": 1642010198.0, "sentiment": ""}, {"id": 425868820, "text": "$UVXY $AMD $SPY $AAPL $TGT", "time": 1642009840.0, "sentiment": ""}, {"id": 425868002, "text": "$AAPL I rock peas on my head but don\u2019t call me a pea head.", "time": 1642009492.0, "sentiment": "Bullish"}, {"id": 425866129, "text": "$AAPL NEW ARTICLE : Apple Submits Plans for Third Party Payment Systems in App Store \u2013 Report https://www.stck.pro/news/AAPL/21181287", "time": 1642008486.0, "sentiment": ""}, {"id": 425864759, "text": "$NIO Laugh at those ppl who sold sub $30 so stupid ~ Nio will spike up $33 EOD, I marked yesterday! Look that China market, super bullish~ a lot good news for green energy, new subsidies! EOM, $36! Holding tight, March I will see $45.  $TSLA $AAPL $FB", "time": 1642007594.0, "sentiment": "Bullish"}, {"id": 425864119, "text": "Taiwan Semi (TSM) Strength a Positive for These 3 Stocks - Entrepreneur $TSM $AAPL $NVDA $AMD \ud83d\udc8e https://apple.news/AqTkxWUYMSZCtXihuqE14bQ", "time": 1642007226.0, "sentiment": ""}, {"id": 425862721, "text": "Sweep Options Activity: $AAPL is the #1 ticker with sweep activity where institutions are trading options urgently with 60.9K sweep contracts, a leading indicator of market movement.\n\nMarket analysis and options contracts included in screenshot of dashboard from http://insiderfinance.io.", "time": 1642006303.0, "sentiment": ""}, {"id": 425862706, "text": "$AAPL lower lows and higher highs - let\u2019s go into ER!\ud83d\udcc8", "time": 1642006294.0, "sentiment": "Bullish"}, {"id": 425862581, "text": "$AAPL $V $MA ER in 2 weeks bitches!!!! $WEN $SBUX", "time": 1642006193.0, "sentiment": "Bullish"}]