[{"id": 425906818, "text": "$AAPL hi bears! \ud83d\udc3b\ud83d\udc4b\ud83c\udffb", "time": 1642018020.0, "sentiment": "Bullish"}, {"id": 425906757, "text": "$NVDA $DKNG $AAPL $PATH good morning crewww our swings looking good NVDA 285 -&gt; 292 \nDKNG -&gt; 30 for trend reversal \nPath -&gt; 45 for complete trend reversal bullish sign for close over 42.30", "time": 1642018012.0, "sentiment": "Bullish"}, {"id": 425906285, "text": "Green so far in premarket $SPY $AAPL $GOOG  Inflation statistic was worse than last month but some say it was expected. If we can hold a green day, bullish. If not I\u2019m glad I hedged.", "time": 1642017951.0, "sentiment": ""}, {"id": 425906217, "text": "$AAPL has to be an intraday dip which will be adding zone. Gl", "time": 1642017942.0, "sentiment": "Bullish"}, {"id": 425905550, "text": "$AAPL yo where them Put buyers at Lmfaoo", "time": 1642017853.0, "sentiment": "Bullish"}, {"id": 425905447, "text": "Largest CALL OI decreases $AFL $NVDA $AAPL $AR $BAC  \n \nhttp://staygreen.blackboxstocks.com/SH4G", "time": 1642017837.0, "sentiment": ""}, {"id": 425905079, "text": "$AAPL Market downturn will happen only when there\u2019s calm. Right now it\u2019s too messy for shorts to get an upper hand", "time": 1642017789.0, "sentiment": "Bullish"}, {"id": 425904991, "text": "$AAPL $NFLX $GOOGL $AMZN most of the talking heads on CNBC talks about their top sector for 2022 is oil, gathered some forward P/E of the oilers.", "time": 1642017777.0, "sentiment": ""}, {"id": 425904626, "text": "$SPY $AAPL $TSLA $NVDA $MSFT \n\nTrade what you SEE, not what you THINK.", "time": 1642017725.0, "sentiment": ""}, {"id": 425904391, "text": "$AAPL break 176.85 and we running to 178-179 today. I told you bears 180 end of week on monday. You didnt believe. Now you lose", "time": 1642017699.0, "sentiment": ""}, {"id": 425903951, "text": "$SPY $AAPL $TSLA $BABA \n\nBEARS,  AFTER BETTING THEIR LIFE SAVINGS OF $10 on puts for todays inflation report", "time": 1642017643.0, "sentiment": "Bullish"}, {"id": 425903920, "text": "$AAPL 177", "time": 1642017640.0, "sentiment": "Bullish"}, {"id": 425903859, "text": "$AAPL below and at 175 I\u2019m adding", "time": 1642017634.0, "sentiment": ""}, {"id": 425903518, "text": "$AAPL pump is transient will fade soon", "time": 1642017603.0, "sentiment": ""}, {"id": 425903393, "text": "$AAPL here we go!!!\u2705\u2705\ud83c\udf4f\ud83c\udf4f", "time": 1642017583.0, "sentiment": "Bullish"}, {"id": 425903249, "text": "$AAPL Let&#39;s goooo Apple Apes!!!!", "time": 1642017562.0, "sentiment": "Bullish"}, {"id": 425902693, "text": "@DominicThiem I wish it only pop 1% and every day! Not red at all, stable like $AAPL", "time": 1642017477.0, "sentiment": "Bullish"}, {"id": 425902551, "text": "$AAPL 180-185 incoming", "time": 1642017455.0, "sentiment": "Bullish"}, {"id": 425902455, "text": "$SPY Lmao the value behind crypto is &quot;emotions and community vibes&quot; hahahhaa $AAPL $AMZN", "time": 1642017439.0, "sentiment": ""}, {"id": 425902368, "text": "$AAPL", "time": 1642017430.0, "sentiment": "Bullish"}, {"id": 425901528, "text": "$SPY $DJIA $QQQ $AAPL $TSLA\n\nJPOW making sure his BOOMER GENERATION get to retire with stocks, housing and all other assets at all time high prices and valuations.\n\nBOOMER create inflation and \u201cgenerational buying opportunity\u201d for MILLENNIAL!\n\nlol", "time": 1642017317.0, "sentiment": ""}, {"id": 425901497, "text": "$AAPL barely 1Mil shares traded. Bulls get ready to plug your butthole when this rug is pulled \ud83d\udd2e\ud83c\udfcc\ufe0f\u200d\u2642\ufe0f", "time": 1642017313.0, "sentiment": "Bearish"}, {"id": 425901400, "text": "$FUBO Sold some $AAPL for $FUBO ride to $35....   \n \n10k shares * $20 gain each = no more Ramen", "time": 1642017300.0, "sentiment": "Bullish"}, {"id": 425900992, "text": "Nice green gaps today - nice premarket volume on $BABA $AAPL $NIO $MARA and $EBAY", "time": 1642017247.0, "sentiment": ""}, {"id": 425900908, "text": "$AAPL morning pop that will blow as fast as I do (which is very fast \ud83d\ude43) followed by bleed out all day \ud83d\udd2e\ud83c\udfcc\ufe0f\u200d\u2642\ufe0f", "time": 1642017233.0, "sentiment": "Bearish"}, {"id": 425900738, "text": "$PYPL already dropped 40%. Crooked analyst jefferies have ready made templates to post to protect short position. Analyst don\u2019t work for free manipulate sheep. Ubs upgrade to outperform week ago. Venmo on $AMZN is catalyst. Amzn owns 40% eccomerce $SPY $SQ  $AAPL https://finance.yahoo.com/news/bmo-capital-upgrades-paypal-outperform-101702207.html", "time": 1642017207.0, "sentiment": ""}, {"id": 425899591, "text": "$AAPL \nPre-Market: 7% inflation, it\u2019s fine it\u2019s fine, everything\u2019s ok.\n\nMarket open: Selloffs are just healthy pullbacks it\u2019s fine.", "time": 1642017036.0, "sentiment": "Bearish"}, {"id": 425898696, "text": "@stocktrader1850 @Cortomalt $AAPL  has 170 bl in Cash", "time": 1642016911.0, "sentiment": ""}, {"id": 425897996, "text": "$AAPL \u201chow can this keep going up!!\u201d Guys there\u2019s literally no where to put money with a decent return right now expect the market or real estate lol", "time": 1642016815.0, "sentiment": ""}, {"id": 425897915, "text": "$AAPL hopefully you had a trade on this morning but run stops. Inflation is out of control and the market will remember what that could mean.", "time": 1642016802.0, "sentiment": "Bullish"}]