[{"id": 425862475, "text": "$SPY $AMD $AAPL $AMZN $TSLA", "time": 1642006117.0, "sentiment": "Bullish"}, {"id": 425862462, "text": "Unusual Options Activity: $AAPL is the #28 ticker with unusual activity from institutional traders with an average of 11% out of the money, a leading indicator of market movement.\n\nMarket analysis and options contracts included in screenshot of dashboard from http://insiderfinance.io.", "time": 1642006104.0, "sentiment": ""}, {"id": 425862198, "text": "$AAPL let\u2019s face it. We blew it. Biden needs to be impeached. He\u2019s beyond incompetent. His VP is worse. And no , not Trump. Anybody with a brain who doesn\u2019t want to change the rules of government to get their way. I\u2019m on the brink of being an expat because of this mess.", "time": 1642005901.0, "sentiment": ""}, {"id": 425862149, "text": "$AAPL $180.00", "time": 1642005859.0, "sentiment": "Bullish"}, {"id": 425862115, "text": "$NVDA $QQQ $AAPL $DIS pushhhh", "time": 1642005833.0, "sentiment": "Bullish"}, {"id": 425862090, "text": "$AAPL \ud83e\udd14\ud83d\ude02 I was told $172 today from bears , what happened ?", "time": 1642005810.0, "sentiment": "Bullish"}, {"id": 425861661, "text": "Tuesday Option Volumes\n\n$AAPL 1.216m (69% call/31% put)\n$TSLA 1.045m (61% call/39% put)\n$LCID 702k (70% call/30% put)\n\nLynk in bayo for option trade idea", "time": 1642005455.0, "sentiment": ""}, {"id": 425860697, "text": "$AAPL \ud83d\udc41\u2764\ufe0f\ud83c\udf4f\ud83d\udc41\u2764\ufe0fmy\ud83c\udf4f", "time": 1642004582.0, "sentiment": "Bullish"}, {"id": 425860452, "text": "The Piotroski-F score of $AAPL is 7.00. This indicates good health for $AAPL. https://www.chartmill.com/stock/analyzer/stock/AAPL?view=fundamental-analysis&amp;key=bb853040-a4ac-41c6-b549-d218d2f21b32&amp;utm_source=stocktwits&amp;utm_medium=FA&amp;utm_content=AAPL&amp;utm_campaign=social_tracking", "time": 1642004340.0, "sentiment": ""}, {"id": 425860087, "text": "$AAPL", "time": 1642004000.0, "sentiment": "Bullish"}, {"id": 425859448, "text": "$AAPL AAPL 2022-01-11 Largest Trades Data: \nhttps://www.youtube.com/watch?v=Y3s-IKzaIAc", "time": 1642003415.0, "sentiment": ""}, {"id": 425859340, "text": "#Apple Can See Further #Downside $AAPL https://talkmarkets.com/content/stocks--equities/apple-can-see-further-downside?post=340941", "time": 1642003317.0, "sentiment": ""}, {"id": 425857697, "text": "$NKLA $LCID $AAPL $TSLA $TLRY early morning movers https://youtu.be/mIj7k5L6BLM", "time": 1642001651.0, "sentiment": ""}, {"id": 425857325, "text": "$AAPL $SPY", "time": 1642001305.0, "sentiment": "Bearish"}, {"id": 425857281, "text": "$TSM $AAPL Apple Rumored AR Headset to Feature One 4nm and One 5nm Chip, Both Made by TSMC  https://wccftech.com/apple-ar-headset-feature-one-4nm-one-5nm-chip-by-tsmc/", "time": 1642001274.0, "sentiment": ""}, {"id": 425856662, "text": "$AAPL breakout coming on the daily", "time": 1642000686.0, "sentiment": "Bullish"}, {"id": 425856062, "text": "Profit From The #Metaverse? With These 5 Dividend Growth Stocks, You Can $NKE $AAPL $AVGO $MSFT $QCOM https://talkmarkets.com/content/stocks--equities/profit-from-the-metaverse-with-these-5-dividend-growth-stocks-you-can?post=340927", "time": 1642000044.0, "sentiment": ""}, {"id": 425855177, "text": "$AAPL Why is the trch futures in free fall?\nThey where up 0.4% a few hours ago and  it was looking life a great green day.", "time": 1641998944.0, "sentiment": ""}, {"id": 425854518, "text": "#Apple $AAPL video from 12 January looking at the #Elliottwave path https://youtu.be/q1xLRP7d8LA #trading", "time": 1641998072.0, "sentiment": ""}, {"id": 425854515, "text": "#Apple $AAPL video from 12 January looking at the #Elliottwave path https://youtu.be/q1xLRP7d8LA #trading", "time": 1641998068.0, "sentiment": ""}, {"id": 425854431, "text": "$AAPL", "time": 1641997964.0, "sentiment": ""}, {"id": 425854016, "text": "$ADTX \n\n\ud83d\udc46\ud83d\udc46\ud83d\udc46\nThis stock is ready to fly \ud83d\ude80\n $LCID  $AAPL", "time": 1641997471.0, "sentiment": "Bullish"}, {"id": 425852785, "text": "$AAPL \n\ud83c\udf4f\ud83c\udf4f\nApple\u2019s Rumored AR Headset to Feature One 4nm and One 5nm Chip, Both Made by TSMC\nBy Omar Sohail  /  Jan 12, 2022 00:17 EST\n\n4nm Custom Chipset for the AR Headset Could Be the Driving Force of the Entire Headset\nThough the rumored AR headset could deliver performance similar to the M1, instead of one silicon doing all the heavy lifting, there will be two working as a tag team. According to Ming-Chi Kuo, one will be mass produced on TSMC\u2019s 4nm process, while the other will be a 5nm part. Previously, we reported that one of those chips would be tasked with handling the more demanding operations, while the other would be responsible for carrying out sensor-related computations.\n\nhttps://wccftech.com/apple-ar-headset-feature-one-4nm-one-5nm-chip-by-tsmc/", "time": 1641996093.0, "sentiment": "Bullish"}, {"id": 425852775, "text": "$AAPL Looking forward to foldable Apple products!", "time": 1641996076.0, "sentiment": ""}, {"id": 425852660, "text": "$AAPL when car...", "time": 1641995952.0, "sentiment": "Bullish"}, {"id": 425852618, "text": "$AAPL +4% from her 52 week high set last week. Expecting a new 52 week high next week. \ud83c\udf4f\ud83c\udf4f\ud83c\udf4f\ud83c\udf4f\ud83c\udf4f", "time": 1641995910.0, "sentiment": "Bullish"}, {"id": 425852478, "text": "$AAPL \n\ud83c\udf4f\nApple is planning to accelerate Apple Car development this year and multiple South Korean auto parts manufacturers are expected to join the development.\n\nApple discussed electric vehicle battery supply with LG Energy Solution and SK On several months ago. Last month, it had meetings with some automotive electronics companies in South Korea. According to industry sources, the companies include one in which Apple is willing to make an equity investment, Apple asked the company to double its production capacity, and additional online meetings are ongoing between some of the companies and Apple.\n\nhttp://www.businesskorea.co.kr/news/articleView.html?idxno=85838", "time": 1641995779.0, "sentiment": "Bullish"}, {"id": 425851594, "text": "$AAPL http://www.businesskorea.co.kr/news/articleView.html?idxno=85875", "time": 1641994807.0, "sentiment": ""}, {"id": 425850998, "text": "$AAPL IF we wanted to buy the milk way galaxy it should be finished. It seems AMC shares is innumerable \ud83d\ude33", "time": 1641994236.0, "sentiment": ""}, {"id": 425850726, "text": "$TSM $AAPL \nhttps://wccftech.com/apple-ar-headset-feature-one-4nm-one-5nm-chip-by-tsmc/", "time": 1641993986.0, "sentiment": "Bullish"}]