[{"id": 425891481, "text": "$AAPL bears are stupid", "time": 1642015933.0, "sentiment": "Bullish"}, {"id": 425891118, "text": "$AAPL $AMD  Bears are fucked :)", "time": 1642015876.0, "sentiment": "Bullish"}, {"id": 425891112, "text": "$AAPL $180 + today?", "time": 1642015875.0, "sentiment": "Bullish"}, {"id": 425891092, "text": "$AAPL Easy Money! $$$$$$$$$", "time": 1642015872.0, "sentiment": "Bullish"}, {"id": 425890626, "text": "$AAPL $AMD  CPI = 7.0%", "time": 1642015809.0, "sentiment": ""}, {"id": 425890253, "text": "$AAPL The symbol is trading within a wave (4), and another leg lower still can happen. Here is a short-term video explaining the view. https://elliottwave-forecast.com/stock-market/elliott-wave-view-apple/, watch it and understand where to buy again. #elliottwave #trading $FB $AMD $AMAZ", "time": 1642015747.0, "sentiment": ""}, {"id": 425890221, "text": "$TSLA $AAPL CPI numbers =fear pump n dump", "time": 1642015740.0, "sentiment": ""}, {"id": 425890178, "text": "$AAPL market makers are accidently misprinting short $AAPL death spikes", "time": 1642015732.0, "sentiment": ""}, {"id": 425890075, "text": "$AAPL \ud83d\ude2c", "time": 1642015712.0, "sentiment": "Bullish"}, {"id": 425889878, "text": "$AAPL if this opens with a gap up expect new all time highs this week", "time": 1642015676.0, "sentiment": ""}, {"id": 425889097, "text": "$AAPL Futures moving up. Nothing crazy but the trend is hopefully our friend. \n$AMD $MSFT $AMZN $GOOGL", "time": 1642015509.0, "sentiment": "Bullish"}, {"id": 425888833, "text": "$AAPL", "time": 1642015451.0, "sentiment": "Bullish"}, {"id": 425888681, "text": "$AAPL WHAT THAT CPI GON DO??", "time": 1642015414.0, "sentiment": ""}, {"id": 425887644, "text": "$AAPL $MSFT $GOOGL $FB Tech #AlgoFlow \nhttps://twitter.com/DANGSTRAT/status/1481254197349736453?s=20", "time": 1642015211.0, "sentiment": ""}, {"id": 425886181, "text": "$AERC best risk/reward stock! Highly respected founders with track.  Only solution against Covid. Sales have started! $TSLA $GME $AAPL $GOOGL", "time": 1642014900.0, "sentiment": "Bullish"}, {"id": 425885561, "text": "$AAPL $TSLA $SPY \n $JAGX  is on fire in #premarket get in while it is still low! Low #PT 6.00 mid 10.00 high 50.00 \ud83d\udd25#shortsqueeze is on going #parabolic shorts have zero shares to borrow!!!! Plus #whales #tutes buying!!! We will run all day! #jagx has had 1000% days before !! LFG!!!", "time": 1642014771.0, "sentiment": "Bullish"}, {"id": 425885113, "text": "@Stocktwits \n$AAPL DAMN TYPOS", "time": 1642014677.0, "sentiment": ""}, {"id": 425884197, "text": "The Piotroski-F score of $AAPL is 7.00. This indicates good health for $AAPL. https://www.chartmill.com/stock/quote/AAPL/fundamental-analysis?key=bb853040-a4ac-41c6-b549-d218d2f21b32&amp;utm_source=stocktwits&amp;utm_medium=FA&amp;utm_content=AAPL&amp;utm_campaign=social_tracking", "time": 1642014480.0, "sentiment": ""}, {"id": 425884107, "text": "@vix_vixerson $aapl bought stake in car manufacturer in Korea", "time": 1642014457.0, "sentiment": ""}, {"id": 425883800, "text": "$AAPL AAPL 2022-01-11 Largest Trades Data: \nhttps://www.youtube.com/watch?v=Y3s-IKzaIAc", "time": 1642014396.0, "sentiment": ""}, {"id": 425883709, "text": "$AAPL I see the green apple spikes", "time": 1642014380.0, "sentiment": "Bullish"}, {"id": 425883424, "text": "Anyone see the premarket death spikes on $AAPL", "time": 1642014333.0, "sentiment": "Bearish"}, {"id": 425882387, "text": "@TheePLUG @Mbappe Bezos dropped $10 billion on the Earth Fund!!!  $aapl could shift gears like SK!!  SK is spinning off fossil fuel assets and buying and building DataCenters!!!  Retransitioning to a new GREEN HYDROGEN ECONOMY!!  100 companies plus could buy PLUG Power!!!!", "time": 1642014134.0, "sentiment": ""}, {"id": 425882384, "text": "$AAPL $178?", "time": 1642014134.0, "sentiment": "Bullish"}, {"id": 425882235, "text": "$ADBE $AAPL Holiday Sales Growth Slowed, Adobe Says. Lots of Items Were Out of Stock. \n\nhttps://newsfilter.io/a/9cd8b4efd7cceee06e86f9342246afaa", "time": 1642014102.0, "sentiment": ""}, {"id": 425881587, "text": "$AAPL 155P Exp:20-Jan-23 \u2193  \ud83d\udd25 Total(Day): $27,600 \n$AAPL 160P Exp:18-Nov-22 \u2193\u2193  \ud83d\udd25 &lt;R&gt; Total(Day): $78,980 \n#UnusualActivity \n \n \nSign-up free for beta ver.:https://app.jarvisalerts.com \ncharts: courtesy of finviz", "time": 1642014005.0, "sentiment": ""}, {"id": 425881274, "text": "$AAPL Up 4 days in a row 172 | 172.17 | 172.19 | 175.08 | 175.53 |  https://www.sleekoptions.com/sleekscan.aspx?sub1=dscan", "time": 1642013924.0, "sentiment": ""}, {"id": 425880989, "text": "$AAPL \n\nOh my so many bears wishing CPI is worst than expected ..\n\nChill it down .. the PM was 176.05 earlier this morning so .. it means it will auto set there .. \n\nI am not worried at all \u2026 a lot of trends point go upwards ..", "time": 1642013836.0, "sentiment": "Bullish"}, {"id": 425880517, "text": "$AAPL nice day!! 177\u2705\ud83c\udf4f", "time": 1642013696.0, "sentiment": "Bullish"}, {"id": 425880167, "text": "$AAPL NEW ARTICLE : Apple: The Growth Story Goes On https://www.stck.pro/news/AAPL/21184686", "time": 1642013589.0, "sentiment": ""}]