[{"id": 425850633, "text": "$AAPL iMonolith, first release 100,000 BC", "time": 1641993896.0, "sentiment": ""}, {"id": 425849333, "text": "$GGPI $LCID $AAPL $FB $BTC.X", "time": 1641992679.0, "sentiment": "Bullish"}, {"id": 425848110, "text": "WATCHLIST  1/12/21 WEDNESDAY \nPT-3 \nOPTIONS \n \n$DASH - Evercore Says DoorDash Likely To Get Demand Boost Due To Omicron-Driven Mobility Declines. Looking for $150 plus \n \n$AAPL - Stock moving higher with overall market. Breaking key resistance levels. Calls above $176 \n \n$AMD - Advanced Micro Devices Stock Analyst Turns Bullish On Cloud Data Center Potential. Stock getting attention of CNBC Jim Cramer and Pete najarian. Calls above $138 \n \n$ILMN - Stock up $60 on announcing better than expected ER and FY22 sales guidance. Calls above $625 \n \n$DDS - stock making a nice bounce with the market. Looking for calls above $260", "time": 1641991638.0, "sentiment": ""}, {"id": 425845766, "text": "$SPY $QQQ $TSLA $AAPL \n\nASIA MARKETS  FLYING! \n\nFUTURES RIPPING\nLETS GO BABY!!!!", "time": 1641989815.0, "sentiment": "Bullish"}, {"id": 425845537, "text": "$AAPL Apple Supplier Foxconn Taps Autoware&#39;s AI Expertise In New Alliance \n\nhttps://newsfilter.io/a/9191853f839cc0018cdcda3f8a0bef11", "time": 1641989661.0, "sentiment": ""}, {"id": 425845424, "text": "$AAPL $200 sometime this year.", "time": 1641989581.0, "sentiment": "Bullish"}, {"id": 425845032, "text": "$AAPL AAPL 2022-01-11 Technical Analysis Video: \nhttps://www.youtube.com/watch?v=2cIZfaZgKhU", "time": 1641989284.0, "sentiment": ""}, {"id": 425844931, "text": "$AAPL Lmao the bears in here are hilarious \ud83d\ude02", "time": 1641989209.0, "sentiment": "Bullish"}, {"id": 425844782, "text": "$AAPL have a nice day bears lol", "time": 1641989094.0, "sentiment": ""}, {"id": 425843986, "text": "$TSM $AAPL $QCOM $INTC $NVDA \nhttps://youtu.be/02H5T2WoPj8", "time": 1641988527.0, "sentiment": "Bullish"}, {"id": 425843775, "text": "$TSLA $AAPL Earnings run up FOMO gaining \ud83d\udcaa each day till earnings \ud83e\udd19\ud83e\udd2e\ud83d\udcb0\ud83d\udcb0\ud83d\udcb0\ud83d\udcb0\ud83d\udcb0\ud83d\udcb0\ud83d\udcb0\ud83d\udcb0\ud83d\udcb0\ud83d\udcb0\ud83d\udcb0\ud83d\udcb0\ud83d\udcb0\ud83d\udcb0", "time": 1641988372.0, "sentiment": "Bullish"}, {"id": 425843432, "text": "$AAPL made in China\n https://www.reddit.com/r/Epic_Economics/comments/s1ymke/record_inflation_report_expected_treasury_yields/?utm_source=share&amp;utm_medium=ios_app&amp;utm_name=iossmf", "time": 1641988124.0, "sentiment": "Bearish"}, {"id": 425843315, "text": "$AAPL http://www.businesskorea.co.kr", "time": 1641988048.0, "sentiment": ""}, {"id": 425843053, "text": "$AAPL no shot .. still waiting for $150\u2019s", "time": 1641987854.0, "sentiment": "Bearish"}, {"id": 425842367, "text": "$AAPL http://www.businesskorea.co.kr/news/articleView.html?idxno=85838", "time": 1641987400.0, "sentiment": ""}, {"id": 425842010, "text": "$AAPL gonna bank tomorrow", "time": 1641987160.0, "sentiment": "Bullish"}, {"id": 425841767, "text": "$AAPL critical point", "time": 1641986995.0, "sentiment": ""}, {"id": 425840716, "text": "$AAPL I got my iPhone and all is right with the world", "time": 1641986305.0, "sentiment": "Bullish"}, {"id": 425840491, "text": "$AAPL was analyzed by 49 analysts. The buy consensus is at 84%. So analysts seem to be very confident about $AAPL. https://www.chartmill.com/stock/analyzer/stock/AAPL?view=analyst-ratings&amp;utm_source=stocktwits&amp;utm_medium=ANALYST&amp;utm_content=AAPL&amp;utm_campaign=social_tracking", "time": 1641986160.0, "sentiment": ""}, {"id": 425840457, "text": "$AAPL Record amount of people are calling in sick...inflation is about shoot up much higher.  should be interesting...", "time": 1641986138.0, "sentiment": ""}, {"id": 425838332, "text": "$AAPL and then comes cpi report at 8:30", "time": 1641984998.0, "sentiment": ""}, {"id": 425838063, "text": "$AAPL accept simpcoins!!! U can do it!! \ud83e\udd23\u2620\ufe0f\n https://www.reddit.com/r/Epic_Economics/comments/s1xnrq/bitcoin_simpcoin/?utm_source=share&amp;utm_medium=ios_app&amp;utm_name=iossmf", "time": 1641984862.0, "sentiment": "Bearish"}, {"id": 425837753, "text": "$AMZN $TSLA $AAPL bs.", "time": 1641984691.0, "sentiment": ""}, {"id": 425837176, "text": "$AAPL Double bottom pattern. PT at $181.", "time": 1641984387.0, "sentiment": ""}, {"id": 425835822, "text": "$AAPL ... since May last year.  \ndamn. Perfection.", "time": 1641983743.0, "sentiment": ""}, {"id": 425835781, "text": "$AAPL AAPL 2022-01-11 Largest Trades Data: \nhttps://www.youtube.com/watch?v=Y3s-IKzaIAc", "time": 1641983726.0, "sentiment": ""}, {"id": 425835576, "text": "$SPY $DJIA $QQQ $AAPL $TSLA  \n \nPrinting and handing out free money to the wealthiest in society does not make you a &quot;genius&quot; and certainly not a &quot;hero&quot;. \n \nIt makes you a CHARADE!", "time": 1641983645.0, "sentiment": ""}, {"id": 425835516, "text": "$AABB $TSLA $AAPL $MSFT $GOOG We could use some real Blue Chip investors in visionary remarkable money making stocks to do some DD and join us here for the ride up", "time": 1641983622.0, "sentiment": "Bullish"}, {"id": 425833168, "text": "$AAPL guys like him said the same think when we were at $120\ud83d\ude02\ud83d\ude02\ud83d\ude02", "time": 1641982539.0, "sentiment": ""}, {"id": 425832868, "text": "I could be wrong but I&#39;m not too excited about the future for $FSR. The Pear better be a game changer but with $Aapl in the market, the prospects of that are slim.", "time": 1641982406.0, "sentiment": ""}]