[{"id": 425919426, "text": "$AAPL pound this harderrrrrr \ud83c\udf4f\ud83c\udf4f\ud83c\udf4f\ud83c\udf4f\ud83c\udf4f\ud83c\udf4f\ud83c\udf4f\u2764\ufe0f\u2764\ufe0f\ud83d\udc4a\ud83c\udffc\ud83d\udc4a\ud83c\udffc\ud83d\udc4a\ud83c\udffc\ud83c\udf89\ud83c\udf89\ud83c\udf89\ud83c\udf89\ud83c\udf89\ud83c\udf89\ud83d\ude06\ud83d\ude06\ud83d\udc90\ud83d\udc90\ud83d\udc4a\ud83c\udffc\ud83c\udf4f", "time": 1642019653.0, "sentiment": ""}, {"id": 425919042, "text": "$AAPL where is dat 10% day?", "time": 1642019614.0, "sentiment": "Bullish"}, {"id": 425917949, "text": "$AAPL average 1.71 sold at 2.08. 21% return overnight. \ud83d\udd25\ud83d\udd25\ud83d\udd25", "time": 1642019490.0, "sentiment": "Bullish"}, {"id": 425917763, "text": "Thinking about trading options or stock in Alibaba, Inmode, Silvergate Capital, Nio, or Apple?  $AAPL $BABA $INMD $NIO $SI \n\nhttps://newsfilter.io/a/f95d2a74714b271c55d42d3de63e561d", "time": 1642019466.0, "sentiment": ""}, {"id": 425917331, "text": "$AAPL \n\nI want to tell you something interesting I was driving.\n\nA month ago, I spot a lot of private clinic were having long queue for Covid testing. Many were worried and cases were rising.\n\nNow, it\u2019s just a few people queuing for Covid testing. Now the NYS government is reporting decreases in new cases.\n\nThis is very good news just as expected that omicron as studied in SA shows just sudden spike then later on sudden downward trend. We will see similar trend.\n\nFull recovery expected Feb and March.\n\nThat is good for many mega caps wishing to get many go to office and work.", "time": 1642019406.0, "sentiment": "Bullish"}, {"id": 425917214, "text": "$AAPL I am bullish as long as 175.60 holds,  breakout over 178.27.", "time": 1642019394.0, "sentiment": ""}, {"id": 425917041, "text": "$AAPL One minute to blast off", "time": 1642019373.0, "sentiment": ""}, {"id": 425916433, "text": "$AERC cures Covid! Only solution! Product sale have started! Highly respected founders with track! $TSLA $GME $AAPL $GOOGL", "time": 1642019301.0, "sentiment": "Bullish"}, {"id": 425916282, "text": "$AAPL $178", "time": 1642019284.0, "sentiment": "Bullish"}, {"id": 425916036, "text": "$SPY $AAPL $TSLA", "time": 1642019254.0, "sentiment": "Bearish"}, {"id": 425915329, "text": "$TOMZ $AAPL", "time": 1642019169.0, "sentiment": "Bullish"}, {"id": 425915296, "text": "$AAPL Cant even buy an IPAD online. It is all sold out. Next one is not until mid March. Bullish", "time": 1642019164.0, "sentiment": "Bullish"}, {"id": 425915023, "text": "$AAPL Trade alert for 180C for next week. F*ck inflation F*ck rate increase and F*ck supply chain disruption.", "time": 1642019132.0, "sentiment": ""}, {"id": 425914336, "text": "January 12, 2022 \n$SPY $470 to $472. Over $472.50 to $473.50-$474. Below $470 to $468.80-$467.30 \n  \n$AAPL $175 to $176.50. Over $177 to $178.Below $175 to $175-$173.70 \n  \n$BA $216 to $218. Over $218 to $220. Below $216 to $214 \n  \n$NVDA $280 to $283. Over $283 to $285-$288. Below $280 to $278-$276 \n  \n$AMD $138 to $140. Over $140 to $142-$143. Below $138 to $136-$135", "time": 1642019045.0, "sentiment": ""}, {"id": 425913813, "text": "$AAPL we going to Bahamas Atlantis on 200 bucks", "time": 1642018979.0, "sentiment": "Bullish"}, {"id": 425913225, "text": "$AAPL I wanna buy more at 168! \ud83e\udd72", "time": 1642018899.0, "sentiment": ""}, {"id": 425912834, "text": "$AAPL will explode when $SPY starts to curl", "time": 1642018842.0, "sentiment": "Bullish"}, {"id": 425912651, "text": "$AAPL just got the 13 Pro Max up from the XS Max for 3 years.\nIs the battery life ACTUALLY better?", "time": 1642018813.0, "sentiment": ""}, {"id": 425911568, "text": "$AAPL today !?!", "time": 1642018665.0, "sentiment": ""}, {"id": 425911216, "text": "$AAPL this will go to $160.  Apple isn\u2019t buying back shares anywhere in the $170s or $180s.", "time": 1642018619.0, "sentiment": "Bearish"}, {"id": 425910593, "text": "$DOGE.X its gunna be ballistic the bect few days $BTC.X $AAPL doge to 100", "time": 1642018532.0, "sentiment": "Bullish"}, {"id": 425910263, "text": "$AAPL This gap up was such an easy call out . Now let\u2019s see $180 EOW as planned", "time": 1642018486.0, "sentiment": "Bullish"}, {"id": 425909850, "text": "@mortalTrades922 lol should have waited. Best you can do is scalp or go in a deep itm put debit spread sorrry $aapl", "time": 1642018436.0, "sentiment": ""}, {"id": 425909537, "text": "$AAPL  PUTS ARE DEAD", "time": 1642018396.0, "sentiment": "Bullish"}, {"id": 425909535, "text": "$SPY so... Biggest rise since 1982 in inflation and... Is a good thing \ud83e\udd14\ud83d\ude44\n$AAPL $TSLA $NVDA", "time": 1642018396.0, "sentiment": ""}, {"id": 425909198, "text": "$AAPL let\u2019s test 3Trillion again", "time": 1642018353.0, "sentiment": ""}, {"id": 425909003, "text": "$AAPL ripping in P-M.\n176.71 x 176.74\n+2.89", "time": 1642018327.0, "sentiment": "Bullish"}, {"id": 425907999, "text": "$AAPL Apple\u2019s potential bid for MLB\u2019s weekday package could bring a big new player into live sports\n\nhttps://www.cnbc.com/2022/01/12/apple-potential-bid-for-mlb-package-could-bring-big-player-into-sports.html", "time": 1642018185.0, "sentiment": ""}, {"id": 425907590, "text": "$AAPL   \ud83c\udf4f Blocked.  Had enough of the Bull/Bear/Bull/Bear\u2026day late posts.", "time": 1642018127.0, "sentiment": ""}, {"id": 425907149, "text": "$AAPL \n\nIf you read CPI report, all items except auto and energy - show very modest rise.\n\nAuto &amp; Energy shows the biggest cause of inflation spike YoY.\n\nSo that is good news! 0.5 % just as expected with 0.5%.", "time": 1642018067.0, "sentiment": "Bullish"}]