[{"id": 425927317, "text": "$AAPL \n\nJust remember this is still oversold stock \u2026\n\nNo need to let other spreading fear ..\n\nIt\u2019s just unnamed machine that triggered short attack to claim profitable fund for hedge.\n\nDon\u2019t worry .. this stock is still strong!", "time": 1642020387.0, "sentiment": "Bullish"}, {"id": 425927310, "text": "$SQ thanks y\u2019all I loaded more. Time to bounce.. buy the fc*king dip. $PYPL $AAPL", "time": 1642020386.0, "sentiment": "Bullish"}, {"id": 425927237, "text": "$AAPL Gotta know when to hold \u2018em , know when to fold em \ud83c\udfb6", "time": 1642020379.0, "sentiment": "Bullish"}, {"id": 425927110, "text": "$AAPL $AMD $MU  its been a good year, these stocks crushed $VGT for me. why diversify when there is such clear winners, and im a vanguard guy", "time": 1642020368.0, "sentiment": "Bullish"}, {"id": 425927036, "text": "$AAPL Who in their right mind would sell this. It has still room to grow.", "time": 1642020362.0, "sentiment": "Bullish"}, {"id": 425926943, "text": "$AAPL who called it? I called it.", "time": 1642020353.0, "sentiment": "Bullish"}, {"id": 425926792, "text": "$AAPL https://www.wsj.com/articles/apples-metaverse-prospects-produce-real-optimism-for-investors-11641983407?mod=hp_lead_pos4", "time": 1642020338.0, "sentiment": "Bullish"}, {"id": 425926604, "text": "$AAPL silly bears", "time": 1642020318.0, "sentiment": "Bullish"}, {"id": 425926303, "text": "$AAPL after per market scam this will rip green candles incoming", "time": 1642020290.0, "sentiment": "Bullish"}, {"id": 425926104, "text": "$AAPL there\u2019s no fed news today .. so could see 177", "time": 1642020271.0, "sentiment": "Bullish"}, {"id": 425926023, "text": "$AAPL Added 1K shares this morning. \nThis is one stock that i will only add and never sell.", "time": 1642020264.0, "sentiment": "Bullish"}, {"id": 425925779, "text": "$AAPL pre market is such bs", "time": 1642020240.0, "sentiment": ""}, {"id": 425925585, "text": "$AAPL There was your dip boys load up", "time": 1642020224.0, "sentiment": "Bullish"}, {"id": 425925429, "text": "$AAPL go red and we have a huge market indicator of blood baby.", "time": 1642020210.0, "sentiment": "Bearish"}, {"id": 425925292, "text": "$AAPL scared money dont make money", "time": 1642020198.0, "sentiment": ""}, {"id": 425924741, "text": "$AAPL sell off mode?", "time": 1642020149.0, "sentiment": ""}, {"id": 425924647, "text": "gaps to reach once it  touches below 174 $AAPL ", "time": 1642020143.0, "sentiment": "Bearish"}, {"id": 425924590, "text": "$AAPL the fuck?", "time": 1642020137.0, "sentiment": ""}, {"id": 425924397, "text": "$AAPL lol", "time": 1642020120.0, "sentiment": "Bearish"}, {"id": 425924161, "text": "$AAPL Welcome Back Folks \ud83d\udd1c1\ufe0f\u20e35\ufe0f\u20e35\ufe0f\u20e3 $SPY  #WhosKnow???", "time": 1642020099.0, "sentiment": "Bearish"}, {"id": 425924048, "text": "$AAPL \n\nShort attack alert! Watch out!", "time": 1642020090.0, "sentiment": "Bullish"}, {"id": 425923336, "text": "$AAPL When is this crash coming?!!!", "time": 1642020028.0, "sentiment": "Bullish"}, {"id": 425922608, "text": "$AAPL Bitcoin could rise to $75,000 this year to top record high, bank CEO predicts. Crypto Wallet is expected to come out in HOOD this month. \n6 Different Ways Robinhood Makes its revenue stream. \n \nSHORTS HAVE NOT COVERED SINCE IPO.A GAMESTOP, CRYPTO WALLET  IN THE MAKING COMPANY, HOOD is CURRENTLY TRADING 50% below its IPO PRICE.  \n  \n29.03+ MILLION SHARES SHORTED IN HOOD (SINCE DEC 15, 2021). HOOD got 7.38  Billion cash at hand UNLIKE many HIGH FLYING companies are in debt.  \n  \n        $$$$$$$$$ LOCKDOWN is Imminent $$$  \n  \nA perfect omicron storm is brewing up for RobinHOOD; People gamble when there is lockdown (coming) and when there is nothing to do. RobinHOOD will accelerate its growth during this time.  \n  \nHOOD is the future epitome retail trading/crypto platform App, just like coke cola is the epitome of soda.  \n  \nHOOD is a CASH COW  company with 7+ billion, no dilution. No debt.  \n   \n                                 \n                           $$$$$$SQUEEZE  is imminent", "time": 1642019960.0, "sentiment": "Bullish"}, {"id": 425922262, "text": "$AAPL tech will be hit hard. Call it a tech bubble", "time": 1642019930.0, "sentiment": "Bearish"}, {"id": 425922053, "text": "$AAPL $AMZN $TSLA $QQQ $SPY", "time": 1642019910.0, "sentiment": ""}, {"id": 425921697, "text": "$AAPL 180/185 calls this and next week", "time": 1642019876.0, "sentiment": ""}, {"id": 425921598, "text": "$AAPL $AMZN $TSLA $QQQ $SPY  Inflation running at a freaking 7%. Highest in 40 years. Fed going to have to slam on the breaks with big interest rate hikes coming in February. Tech is going to get wrecked along with the entire market.", "time": 1642019866.0, "sentiment": "Bearish"}, {"id": 425920784, "text": "$AAPL I\u2019m going raise my price target \ud83c\udfaf it going back to $182.86\nSignature Here  X_______________", "time": 1642019789.0, "sentiment": "Bullish"}, {"id": 425920045, "text": "$AAPL wow", "time": 1642019714.0, "sentiment": "Bullish"}, {"id": 425919428, "text": "$AAPL \ud83d\ude01\ud83e\udd11", "time": 1642019653.0, "sentiment": "Bullish"}]