[{"id": 426009524, "text": "$AAPL Chart of The Day 12 January: #Apple can see further downside https://elliottwave-forecast.com/stock-market/elliott-wave-view-apple/  #elliottwave #trading", "time": 1642029407.0, "sentiment": ""}, {"id": 426009305, "text": "$AAPL 16-Sep-22 175 Puts Traded 999 Times for $1.6 Million in Premium. https://tinyurl.com/y6jla4d7", "time": 1642029377.0, "sentiment": ""}, {"id": 426008046, "text": "$AAPL Apple gains market share, as Macs grow twice the rate of PCs in Q4. Interesting write up!! https://seekingalpha.com/news/3787581-apple-gains-market-share-as-macs-grow-twice-the-rate-of-pcs-in-q4", "time": 1642029199.0, "sentiment": ""}, {"id": 426007900, "text": "$AAPL outperforms 91% of all stocks! https://www.chartmill.com/stock/quote/AAPL/technical-analysis?key=bb853040-a4ac-41c6-b549-d218d2f21b32&amp;utm_source=stocktwits&amp;utm_medium=TA&amp;utm_content=AAPL&amp;utm_campaign=social_tracking", "time": 1642029180.0, "sentiment": ""}, {"id": 426007810, "text": "$AAPL i like this dude. didnt catch his name", "time": 1642029167.0, "sentiment": ""}, {"id": 426007315, "text": "$TSLA $AAPL $BABA Did you watch our video on TRIANGLES? If you like this and want more plus want our plays then click follow and I\u2019ll hook it up!\n\nhttps://vimeo.com/662893632", "time": 1642029097.0, "sentiment": ""}, {"id": 426006315, "text": "$AAPL 5 minute intraday head and shoulders...", "time": 1642028964.0, "sentiment": "Bearish"}, {"id": 426006285, "text": "$AAPL CNBC talking heads can\u2019t predict, can\u2019t explain, can\u2019t evaluate, pick or make any accurate claim\u2026wash, rinse, repeat\u2026 every day more of the same", "time": 1642028959.0, "sentiment": "Bullish"}, {"id": 426005907, "text": "$AAPL Agree! \ud83d\udcaf\ud83d\udcaf\ud83d\udcaf", "time": 1642028904.0, "sentiment": ""}, {"id": 426005364, "text": "$SPY $FB $AAPL $META $BTC.X \n\nAre you serious????\n\nInvestors are paying millions for virtual land in the metaverse\n\nKEY POINTS\nReal estate in virtual worlds \u2014 sometimes called the metaverse \u2014 is going for millions of dollars in some cases.\nThe most expensive spots are near where lots of users congregate \u2014 for instance, someone recently paid $450,000 to be Snoop Dogg\u2019s neighbor in a virtual world called the Sandbox.\nBut even proponents are warning would-be investors that this is risky business.\n\nhttps://www.cnbc.com/2022/01/12/investors-are-paying-millions-for-virtual-land-in-the-metaverse.html", "time": 1642028833.0, "sentiment": "Bullish"}, {"id": 426005341, "text": "$SPY $AMD $AAPL $SOXX Getting ready", "time": 1642028830.0, "sentiment": ""}, {"id": 426005241, "text": "$AAPL this is heading lower\u2026 20 dma stopped the momentum.", "time": 1642028815.0, "sentiment": "Bearish"}, {"id": 426005036, "text": "$AAPL wow that cnbc guest bitch really has some pull. she talks shit about apple and it goes down ? so dont trust this dip lol, reactionary to fud", "time": 1642028783.0, "sentiment": ""}, {"id": 426005032, "text": "$AAPL Relax Jenny Harrington the Apple bear! Why do you hate it so much?", "time": 1642028783.0, "sentiment": ""}, {"id": 426004948, "text": "$AAPL Jenny Harrington on CNBC just smashed apple I bet i goes up now~", "time": 1642028770.0, "sentiment": "Bullish"}, {"id": 426003456, "text": "$AAPL local minima aka small double bottom here.", "time": 1642028567.0, "sentiment": "Bullish"}, {"id": 426003202, "text": "$AAPL when 200???", "time": 1642028530.0, "sentiment": "Bullish"}, {"id": 426003022, "text": "$AAPL here we go", "time": 1642028506.0, "sentiment": ""}, {"id": 426002967, "text": "Sweep Options Activity: $AAPL is the #1 ticker with sweep activity where institutions are trading options urgently with 44.9K sweep contracts, a leading indicator of market movement.\n\nMarket analysis and options contracts included in screenshot of dashboard from http://insiderfinance.io.", "time": 1642028499.0, "sentiment": ""}, {"id": 426002615, "text": "$AAPL \n\nAgain I see the band is so thin AF .. on 1d chart. \n\nBear trap !!\n\nThis will bring this up to EOD 177 \n\nRemember short attack alert still in effect until all closes - including oil markets !!", "time": 1642028450.0, "sentiment": "Bullish"}, {"id": 426002542, "text": "$AAPL \n\nAction Cheaper. $175.86\ud83c\udf4f\nRazonable Price $196.00", "time": 1642028440.0, "sentiment": "Bullish"}, {"id": 426002090, "text": "$AAPL &gt;$176.04 close is all i want today! &lt;3", "time": 1642028377.0, "sentiment": "Bullish"}, {"id": 425999758, "text": "$AAPL Jan 12, 2022 \nApple (AAPL) received a Buy recommendation by 5 Star contributor Daniel Sparks from Motley Fool", "time": 1642028064.0, "sentiment": "Bullish"}, {"id": 425999177, "text": "@TexasMade ik you are a troll but fuck it i ll bite. @ $120 $aapl , i lose 5 figures sure, but i wont mind. i ll take leverage, loans and everything and make 6 figures.", "time": 1642027990.0, "sentiment": ""}, {"id": 425999114, "text": "$AAPL run this up keep buying", "time": 1642027982.0, "sentiment": "Bullish"}, {"id": 425998907, "text": "@FacebookFriend $AAPL and $DIS are wildcards IMO but less likely.", "time": 1642027948.0, "sentiment": ""}, {"id": 425998116, "text": "$AAPL  \ud83c\udf4f Noontime HFund Shorts, hitting the Tape.  Patience.", "time": 1642027846.0, "sentiment": "Bullish"}, {"id": 425997311, "text": "$ROKU gonna bounce from here, cup and handle forming and many call sweeps , nice to get in right now \n\n$spy $fb $aapl $tsla", "time": 1642027738.0, "sentiment": "Bullish"}, {"id": 425995975, "text": "$AAPL making a handle for the cup!", "time": 1642027558.0, "sentiment": "Bullish"}, {"id": 425994228, "text": "$AAPL NEW ARTICLE : 3 Bear Markets to Buy as Traders Adjust https://www.stck.pro/news/AAPL/21195052", "time": 1642027334.0, "sentiment": ""}]