[{"id": 425972060, "text": "@Gr8DB8_truth said $185 price tag on $aapl!", "time": 1642024823.0, "sentiment": "Bullish"}, {"id": 425971070, "text": "$AAPL if you look at the 1 min chart that\u2019s a beautiful head and shoulders just just played out . Time for lift off", "time": 1642024717.0, "sentiment": "Bullish"}, {"id": 425970672, "text": "https://www.youtube.com/watch?v=XIle_6Vzm5A  $f $gm  $tsla $mu $aapl and more  ... public service announcement for all of my friends, followers, haters and those on block for jawboning silly that are long #cnbc and #fraudstreet jawboning ... this song is for you! Thank dog that I am here to help @Profit_Maker https://stocktwits.com/Profit_Maker Fact is I warned you, oh yes I did, read my posts, follow me, et al. Rest assured we ain&#39;t seen nothing yet. Enjoy the Armageddon Depression to infinity and beyond \ud83d\udc3b\u2764\ud83d\ude08\u2714 https://www.youtube.com/watch?v=XIle_6Vzm5A", "time": 1642024674.0, "sentiment": "Bearish"}, {"id": 425970572, "text": "$SOFI \u201call tech\u201d will die? Did u type that on an $AAPL iPhone or an ugly ass $SSNLF", "time": 1642024664.0, "sentiment": ""}, {"id": 425970533, "text": "$AAPL Queue the bears who&#39;ll be telling us they shorted at the high", "time": 1642024659.0, "sentiment": "Bullish"}, {"id": 425970264, "text": "$SPY $AAPL $NDX little by little green is green", "time": 1642024631.0, "sentiment": ""}, {"id": 425970218, "text": "$AAPL This was the same time yesterday. Europe close. Guess what price we closed at ? hence, Chilllll. My sympathies to those who bought todays high on the weekly calls, that was a stupid move and i advised against it in all my previous posts. Buy 4 weeks out minimum. Not financial advice, Paper account advice if you may.", "time": 1642024627.0, "sentiment": "Bullish"}, {"id": 425969915, "text": "$AAPL    \ud83c\udf4f Mkt Indices, deteriorated.  HFunds, Shorting throughout Mkt.  Patience.  We need to get past European Close, in 30 Mins.", "time": 1642024595.0, "sentiment": ""}, {"id": 425969429, "text": "EXCLUSIVE: Unusual Whales Creates &#39;Nancy Pelosi ETF&#39; So You Can Track Her Trades  $AMZN $MSFT $NVDA $AAPL $TSLA \n\nhttps://newsfilter.io/a/aa6066f6d44a3d53458282d4bdb058ee", "time": 1642024546.0, "sentiment": ""}, {"id": 425969235, "text": "$AAPL Looks like today/tomorrow will crest that second shoulder.  Down down we go to ER.", "time": 1642024526.0, "sentiment": ""}, {"id": 425968975, "text": "$AAPL \n\nThis is massive marketwide short attack alert in effect.\n\nReason\u2026 Hedge wants to take profit of HOD for all market including SPY.", "time": 1642024498.0, "sentiment": ""}, {"id": 425968968, "text": "$AAPL Just wait until lunch hour.....", "time": 1642024497.0, "sentiment": ""}, {"id": 425968844, "text": "$AAPL  Goldman Sachs analyst Rod Hall sees current lead times for iPhone 13 as slightly easing with the supply mostly meeting demand at the moment. \n \nLead times for Pro models are 1-2 days across the globe, except for more elevated times for the Pro Max in the US. Overall, iPhone lead times are \u201cmarginally better\u201d this year for the holiday season compared to last year.", "time": 1642024485.0, "sentiment": "Bullish"}, {"id": 425968241, "text": "$AAPL soon is in red again?", "time": 1642024421.0, "sentiment": ""}, {"id": 425968150, "text": "$aapl well shit, should have bought this dip. I mean i ll still exit the other trade in profit but this one is a better entry obv", "time": 1642024412.0, "sentiment": "Bullish"}, {"id": 425967787, "text": "Apple&#39;s (AAPL) Private Relay meets resistance by European carriers, 9to5Mac reports.  $AAPL. \nhttps://shopstyle.it/l/bCMmP", "time": 1642024377.0, "sentiment": ""}, {"id": 425967780, "text": "$AAPL bears r out n worried", "time": 1642024376.0, "sentiment": "Bullish"}, {"id": 425967381, "text": "$AAPL could see some upside", "time": 1642024328.0, "sentiment": "Bullish"}, {"id": 425967045, "text": "$AAPL and MLB DEAL... If happens that be an awesome deal!!", "time": 1642024289.0, "sentiment": "Bullish"}, {"id": 425967033, "text": "$AAPL if it drops below 175 , puts baby !! Load up", "time": 1642024288.0, "sentiment": ""}, {"id": 425967013, "text": "$TSLA $SPY $QQQ $AAPL \ud83d\ude31", "time": 1642024286.0, "sentiment": "Bearish"}, {"id": 425966357, "text": "$SPY \n\n$RSP feeling toppy AF.  Who knows though, maybe someone can pump $AAPL $100B by end of day to pump the indices like usual.", "time": 1642024213.0, "sentiment": "Bearish"}, {"id": 425966008, "text": "Apple call buyer realizes 40% same-day gains. $AAPL. \nhttps://shopstyle.it/l/bCMmP", "time": 1642024176.0, "sentiment": ""}, {"id": 425964512, "text": "$AAPL     \ud83c\udf4f HFund Shorts, attacking Tape.  European ClosingTrade, underway.  Patience.", "time": 1642024015.0, "sentiment": ""}, {"id": 425964339, "text": "$AAPL Watch this overpriced trash miss every quarter this year and revert 30% to the mean", "time": 1642023997.0, "sentiment": "Bearish"}, {"id": 425964279, "text": "Apple in talks to acquire rights to MLB&#39;s weekday package, CNBC reports. $AAPL. \nhttps://shopstyle.it/l/bCMmP", "time": 1642023990.0, "sentiment": ""}, {"id": 425964265, "text": "$TSLA $QQQ $AAPL Expecting rest of the week to be red \nBe safe", "time": 1642023988.0, "sentiment": "Bearish"}, {"id": 425964051, "text": "$AAPL Bfofbearswife reiterated his 177.5 Price target eow.", "time": 1642023966.0, "sentiment": "Bullish"}, {"id": 425963859, "text": "@Timothyprice @DrChrisR8 I&#39;ve requested from Stocktwits a feature to calculate the trading success rate of each user by either using the current sentiment buttons or add in addition to it &quot;Buy&quot; and &quot;Sell&quot; buttons for each stock. Then the trading success rate can be displayed as a percentage next to each user name under a stock ticker and the overall trading success rate with all stocks displayed on the user&#39;s profile. \nI encourage all who would like such feature to request it by using the &quot;Contact Us&quot; link of Stocktwits. This will help with distinguishing noise from helpful input. \n$SPY $NVDA $AMD $TSLA $AAPL", "time": 1642023946.0, "sentiment": ""}, {"id": 425963040, "text": "$AAPL Post europe close this will rip back up lolll", "time": 1642023862.0, "sentiment": "Bullish"}]