[{"id": 425962975, "text": "$MSFT I love the people who say \u201cI told you so\u201d GG buddy, nobody cares. You\u2019ve been making the same statement for months $SPY $QQQ $AAPL", "time": 1642023856.0, "sentiment": ""}, {"id": 425962178, "text": "$aapl lol everyone knows inflation is high. Everyone knows taper is coming. Bears need to shut up because their thesis while valid doesnt kick in till Feb lol. Everyones too busy playing an Earnings surprise by the megas.", "time": 1642023782.0, "sentiment": "Bullish"}, {"id": 425961986, "text": "$SPY / $AAPL nice rejections on those pops! 470P $SPY paying / $AAPL 175P paying $$$$$$$", "time": 1642023763.0, "sentiment": "Bearish"}, {"id": 425961469, "text": "$AAPL Apple is throwing rumors around that they might BUY ESPN / or $DIS  straight out \n\nFor the Apple TV content", "time": 1642023713.0, "sentiment": ""}, {"id": 425960423, "text": "2021 Mac shipments grew twice as fast as overall PC shipments \n \n$AAPL \n \nhttps://9to5mac.com/2022/01/12/2021-mac-shipments-growth/", "time": 1642023612.0, "sentiment": "Bullish"}, {"id": 425960359, "text": "$AAPL OPH (Opening Power Hour) has ended.\n\nWaiting for Euro market to close at 11:30.\n\nAll EU market are in green territory. Expect lots of short attack at the close of day for EU.\n\nShort attack alert still in effect in duration of whole day!", "time": 1642023606.0, "sentiment": "Bullish"}, {"id": 425959961, "text": "$AAPL     \ud83c\udf4f All Mkt Indices, dipped in sync at the \u201cClose of the Opening Hour\u201d.", "time": 1642023570.0, "sentiment": ""}, {"id": 425958045, "text": "$AAPL Just waiting for the dust to settle :)", "time": 1642023374.0, "sentiment": "Bullish"}, {"id": 425957955, "text": "$AAPL * Warren Buffett&#39;s bet on Apple stock has paid off nicely over the years.\n* Apple&#39;s 5G dominance and the massive iPhone upgrade cycle will be catalysts for the stock in 2022.\n* Apple&#39;s services business looks set to head higher this year thanks to expansion into new markets.\n* \n* https://www.fool.com/investing/2022/01/12/is-this-best-warren-buffett-stock-to-buy-in-2022/", "time": 1642023365.0, "sentiment": "Bullish"}, {"id": 425957610, "text": "$AAPL NEW ARTICLE : This EV Stock Has A Better 6-Month Return Than Tesla, Ford, Nvidia And Apple https://www.stck.pro/news/AAPL/21192639", "time": 1642023330.0, "sentiment": ""}, {"id": 425957063, "text": "$AAPL WISH IT SPIKED LIKE DWAC", "time": 1642023271.0, "sentiment": ""}, {"id": 425956242, "text": "$AAPL i had also shorted that rip. Still bullish, just not delusional.", "time": 1642023188.0, "sentiment": ""}, {"id": 425956110, "text": "$AAPL $AMZN $TSLA $QQQ $SPY Market will be RED in the next hour", "time": 1642023175.0, "sentiment": "Bearish"}, {"id": 425954855, "text": "$spy $aapl so Nasdaq and spy is strong not RUSSEL !!! So many PM TWEETER growth stock pumpers because they said will help growth 7 % inflation just toasted !!! again Nasdaq winner ... $sofi $pltr $fubo  \nI hate to be always right but at least i have COMMON SENSE:)", "time": 1642023046.0, "sentiment": ""}, {"id": 425954459, "text": "$IBM $BAC $CRBU $AAPL $MSFT", "time": 1642023007.0, "sentiment": ""}, {"id": 425954268, "text": "$NVDA $GOOGL $AAPL $SOFI $TTCF \n\nHow is everyone doing?? FOLLOWERS?? \ud83d\udd25\ud83d\udd25\ud83e\udd1d\ud83e\udd11\ud83e\udd11\n\nEasy money 2 days \ud83d\udcbc all of these up big last two days more to come \n\nFollow for alerts :)", "time": 1642022990.0, "sentiment": "Bullish"}, {"id": 425952831, "text": "$AAPL lfg 180!!!!!! Run bulls run", "time": 1642022844.0, "sentiment": ""}, {"id": 425952710, "text": "$AAPL", "time": 1642022831.0, "sentiment": "Bullish"}, {"id": 425951961, "text": "$SPY $NDAQ $AAPL This is NOT SUSTAINABLE!", "time": 1642022754.0, "sentiment": "Bearish"}, {"id": 425951271, "text": "This EV Stock Has A Better 6-Month Return Than Tesla, Ford, Nvidia And Apple  $LCID $TSLA $F $NVDA $AAPL \n\nhttps://newsfilter.io/a/ab23e10b96d4a0dcc83daf71c53b9f7d", "time": 1642022685.0, "sentiment": ""}, {"id": 425950889, "text": "$AAPL glad I didn&#39;t sell on Monday", "time": 1642022648.0, "sentiment": ""}, {"id": 425950873, "text": "$AAPL $MSFT leading market here", "time": 1642022647.0, "sentiment": ""}, {"id": 425950845, "text": "$AAPL stop selling you cowards", "time": 1642022644.0, "sentiment": ""}, {"id": 425950234, "text": "$ANKR.X   $U    $AAPL    $AMZN \n\nTime to Run:", "time": 1642022578.0, "sentiment": "Bullish"}, {"id": 425950080, "text": "$AAPL here we go, big buyers are still buying at these levels", "time": 1642022561.0, "sentiment": "Bullish"}, {"id": 425949896, "text": "$AAPL (Last 5 analyst ratings &gt;&gt;&gt; All w/ PT raises) 164.00 &gt; 200.00 / 180.00 &gt; 210.00 / 160.00 &gt; 210.00 / 180.00 &gt; 200.00 / 170.00 &gt; 200.00", "time": 1642022542.0, "sentiment": "Bullish"}, {"id": 425949821, "text": "$AAPL CALLS\ud83d\udea8", "time": 1642022533.0, "sentiment": "Bullish"}, {"id": 425949657, "text": "\ud83d\udd1c1\ufe0f\u20e35\ufe0f\u20e35\ufe0f\u20e3 $AAPL $SPY  #WhosKnow???", "time": 1642022517.0, "sentiment": "Bearish"}, {"id": 425949139, "text": "$TSLA $AAPL \ud83d\udca5\ud83d\udca5\ud83d\udca5\ud83d\udca5\ud83d\udca5\ud83d\udca5\ud83d\udca5\ud83d\udca5\ud83d\udca5\ud83d\udcb0\ud83d\udcb0\ud83d\udcb0\ud83d\udcb0\ud83d\udcb0\ud83d\udcb0\ud83d\udcb0\ud83d\udcb0\ud83d\udcb0\ud83d\udcb0\ud83d\udcb0\ud83d\udcb0\ud83d\udcb0\ud83d\udcb0", "time": 1642022464.0, "sentiment": "Bullish"}, {"id": 425948833, "text": "$AAPL 10 minutes till we\u2019re back at 77", "time": 1642022432.0, "sentiment": ""}]