[{"id": 426080115, "text": "$AAPL that\u2019s it the dump and pump pattern meaning pump to start PH soon", "time": 1642038892.0, "sentiment": "Bullish"}, {"id": 426079869, "text": "$AAPL so this is what falling off a cliff in slow-mo feels like\u2026.", "time": 1642038861.0, "sentiment": "Bearish"}, {"id": 426079665, "text": "$AAPL $175.8 and then $176 please! thanks!", "time": 1642038835.0, "sentiment": "Bullish"}, {"id": 426078507, "text": "$AAPL Day three of fibonacci retrace to 182.", "time": 1642038685.0, "sentiment": "Bullish"}, {"id": 426078311, "text": "$AAPL Apple is in talk with supplier Innoviz Tech $INVZ for it&#39;s LiDAR components using in Apple Car.", "time": 1642038658.0, "sentiment": "Bullish"}, {"id": 426078267, "text": "Microsoft Hires Apple Engineer To Design Own Server Chips \n \n$MSFT $AAPL", "time": 1642038652.0, "sentiment": ""}, {"id": 426078212, "text": "$AAPL I can only hope that for once we get a real power hour. Full 60 minutes of ballistic increases.", "time": 1642038645.0, "sentiment": ""}, {"id": 426077602, "text": "$AAPL meager 40 points more is all we need to secure continuation", "time": 1642038568.0, "sentiment": ""}, {"id": 426077021, "text": "$AAPL", "time": 1642038493.0, "sentiment": ""}, {"id": 426076181, "text": "$AAPL https://9to5mac.com/2022/01/12/2021-mac-shipments-growth/", "time": 1642038395.0, "sentiment": "Bullish"}, {"id": 426075928, "text": "$AAPL Week crock of shit. This should have sky rocketed today like Tesla up 4+%.", "time": 1642038363.0, "sentiment": "Bearish"}, {"id": 426075549, "text": "$AAPL\ud83d\udd1c1\ufe0f\u20e35\ufe0f\u20e35\ufe0f\u20e3 $SPY  $TSLA8\ufe0f\u20e30\ufe0f\u20e30\ufe0f\u20e3  Whos First  #WhosKnow???", "time": 1642038311.0, "sentiment": "Bearish"}, {"id": 426073629, "text": "$AAPL time to scoop some 180c for next week", "time": 1642038076.0, "sentiment": "Bullish"}, {"id": 426073345, "text": "$AAPL Said Amazon is coming out with its own channel then buy NFL rights to broadcast them to compete with ESPN \n \nso the way apple fixes that is buy ESPN then become #1 with Apple TV", "time": 1642038039.0, "sentiment": "Bullish"}, {"id": 426072601, "text": "$AAPL MLB and Apple are in talks to stream live regular-season games during the week.\n\nhttps://www.cnbc.com/2022/01/12/apple-potential-bid-for-mlb-package-could-bring-big-player-into-sports.html", "time": 1642037943.0, "sentiment": ""}, {"id": 426072563, "text": "$aapl Apple grew Mac shipments &amp; marketshare in strong fourth quarter for PCs $AMD $INTC  https://appleinsider.com/articles/22/01/12/apple-grew-mac-shipments-marketshare-in-strong-fourth-quarter-for-pcs", "time": 1642037939.0, "sentiment": "Bullish"}, {"id": 426070231, "text": "Congressmen Gottheimer Stock Purchases: \n \n$APD $XP $CCXI $AAPL $XP", "time": 1642037639.0, "sentiment": ""}, {"id": 426069999, "text": "chop it up and lets slide into close - end of week.... $AAPL ", "time": 1642037613.0, "sentiment": "Bearish"}, {"id": 426069834, "text": "$AAPL  \ud83c\udf4f Oil Mkts, Closed.", "time": 1642037592.0, "sentiment": "Bullish"}, {"id": 426069515, "text": "$AAPL $177 close watch ; apple moons during power hour", "time": 1642037549.0, "sentiment": "Bullish"}, {"id": 426069341, "text": "$AAPL  \n. \nBreakdown in the 5mun chart triangle is pending. Gear up the Puts. \n.", "time": 1642037528.0, "sentiment": "Bearish"}, {"id": 426069096, "text": "$AAPL killing the vibe honestly.", "time": 1642037494.0, "sentiment": ""}, {"id": 426068230, "text": "$AAPL  all my 3 butt is align, y\u2019all see those 3 butt ? The ass is up and curving down to anus, a sign of bearish ! Careful bulls once the boooty meet the anus , she will poop! Is not good when 3 booty is up and curving down $SPY", "time": 1642037387.0, "sentiment": "Bearish"}, {"id": 426068001, "text": "Intraday Option Volumes\n\n$TSLA 822k (62% call/38% put)\n$AAPL 820k (72% call/28% put)\n$F 492k (79% call/21% put)\n\nLynk in bayo for option trading ideas", "time": 1642037359.0, "sentiment": ""}, {"id": 426067714, "text": "$AAPL $180 next week.", "time": 1642037326.0, "sentiment": "Bullish"}, {"id": 426066753, "text": "$AAPL citibank says buy tech stocks I&#39;m buying apple.  \ud83d\ude02", "time": 1642037212.0, "sentiment": "Bullish"}, {"id": 426066700, "text": "$TSLA $AAPL \ud83d\udca5\ud83d\udca5\ud83d\udca5\ud83d\udca5\ud83d\udca5\ud83d\udca5\ud83d\udca5\ud83d\udca5\ud83d\udca5", "time": 1642037207.0, "sentiment": "Bullish"}, {"id": 426066547, "text": "$aapl lets go 176.04, i see greatness in you. Just need to mildly outperform the markets at this point. Tesla gained an additional 100 points in the past 10 minutes LMFAO", "time": 1642037188.0, "sentiment": ""}, {"id": 426066357, "text": "$MSFT $AAPL VIX just collapsed to 17.8\u2026 we are melting up baby", "time": 1642037166.0, "sentiment": "Bullish"}, {"id": 426065849, "text": "$AAPL Just a lot of weeds today,  everyone is taking a nap.", "time": 1642037102.0, "sentiment": ""}]