[{"id": 426055883, "text": "$AAPL AAPL 2022-01-12 Technical Analysis Video: \nhttps://www.youtube.com/watch?v=qSZJhfeTyyI", "time": 1642035741.0, "sentiment": ""}, {"id": 426055412, "text": "$aapl average short price is decreasing. Bears only digging themselves a hole.", "time": 1642035676.0, "sentiment": ""}, {"id": 426055398, "text": "$VERB my  2 largest holdings last yr by dollar were $CROX &amp; $CAR . u guys saw when i sold car. Sold crox 160&#39;s, but they are saying crox is gonna break out again on tv.  i owned crox for years. It wasnt a large holding bc i dumped a pile of money on it. It was small 1st then it grew. I think Verb will become my largest holding &amp; one of those \n1000 to 10000%,  winners i stumble on, every few yrs\n\nPeople may disagree but, Verb, if u look what they&#39;ve done last yr, verb is really calculated &amp; plans yrs in advance. \n\n1st in jan&#39;21 Verblive\nhttps://youtu.be/lpvFxCdvSjk\n\nThen beta testing website\n\nhttps://www.shoppopup.tv\n\nHosting a beta while building the final website product  parallel by a different team, in private, so it wouldnt be copied\nhttps://youtu.be/c5xKOK6VhZg\n\nThen signing 1 of $AAPL &#39;s streaming producers David Meltzer as their Producer of Verbtv, a shoppable streaming product\n\nDavid Meltzer obviously knows what he is doing working with $AMZN &amp; Apple. Lets see what he does with Verb in a couple weeks.", "time": 1642035674.0, "sentiment": ""}, {"id": 426054550, "text": "$AAPL  \n \nhttps://www.benzinga.com/trading-ideas/short-ideas/22/01/25023076/is-it-time-to-sell-apple-after-stock-pulls-back-from-all-time-highs", "time": 1642035564.0, "sentiment": ""}, {"id": 426054532, "text": "My $AAPL $AMD and $DIS followers are well aware!\nKeep Stacking!", "time": 1642035560.0, "sentiment": ""}, {"id": 426054461, "text": "@mortalTrades922 my $AMD $138 &amp; $135 puts are printing after that morning gap fill drop \ud83d\ude4f but I\u2019m forsure holding on for more into tmrw/next week with this entry! Holding my $AAPL puts until next week too, I\u2019m still bearish so I\u2019ll look to buy some $175 puts ITM when it turns red any minute now (its cominggg)", "time": 1642035551.0, "sentiment": "Bearish"}, {"id": 426054083, "text": "$AAPL we\u2764\ufe0f\ud83c\udf4f", "time": 1642035499.0, "sentiment": "Bullish"}, {"id": 426053997, "text": "$AAPL outperforming $MSFT so far", "time": 1642035488.0, "sentiment": ""}, {"id": 426053798, "text": "$AAPL", "time": 1642035462.0, "sentiment": "Bullish"}, {"id": 426053528, "text": "$SPY $AAPL I can\u2019t help but feel bad for regular hardworking Americans that are struggling do to inflation, supply shortages and vax mandates.   Society is collapsing but the market is green", "time": 1642035423.0, "sentiment": "Bearish"}, {"id": 426053372, "text": "$AAPL 2022 Christmas comes early? Let me see RED", "time": 1642035402.0, "sentiment": ""}, {"id": 426052653, "text": "$AAPL struggling to break $175 resistance in a green day. I would stay away and find entry point around $169.", "time": 1642035306.0, "sentiment": ""}, {"id": 426052565, "text": "$AAPL this market is choppy af", "time": 1642035295.0, "sentiment": ""}, {"id": 426052526, "text": "$AAPL honestly, chart doesnt look good but i am gonna play the macro fundamentals. ER RUN.", "time": 1642035289.0, "sentiment": ""}, {"id": 426052248, "text": "$AAPL CROOKED MM\u2019s games, look at 177.5c expiring friday, same manipulation every week", "time": 1642035251.0, "sentiment": ""}, {"id": 426051940, "text": "$AAPL 176\ud83c\udf4f\u2705", "time": 1642035209.0, "sentiment": "Bullish"}, {"id": 426051854, "text": "$AAPL NEW ARTICLE : 3 Warren Buffett-Approved Dividend Stocks to Buy https://www.stck.pro/news/AAPL/21200089", "time": 1642035198.0, "sentiment": ""}, {"id": 426050870, "text": "$AAPL  \n. \nThis ones about to sell off. The 15min triangle formation breaking down. \n.", "time": 1642035066.0, "sentiment": "Bearish"}, {"id": 426049721, "text": "$AAPL $RBLX lets go", "time": 1642034909.0, "sentiment": "Bullish"}, {"id": 426049308, "text": "$AAPL market will be closed on Monday, so Friday is going to be the big PUT day!", "time": 1642034854.0, "sentiment": ""}, {"id": 426047870, "text": "Apple Resolves iPhone Production Bottlenecks, Analyst Says https://www.investors.com/news/technology/apple-stock-rises-as-iphone-maker-resolves-production-bottlenecks/ $AAPL $TXN", "time": 1642034658.0, "sentiment": ""}, {"id": 426047727, "text": "$AAPL This is starting to bore me. Need some real price action.", "time": 1642034636.0, "sentiment": ""}, {"id": 426047183, "text": "$AAPL \n\nRemember short attack alert still in effect until oil market closes.\n\n1 mth chart overbought detected\n3 mth chart gaining momentum on the way to overbought.\n6 mth chart still coming back from oversold\n\nSo the PT for EOW is 182 and EOD is 177\n\nJust be patient this is unnamed machine trying to play with swings.\n\nDon\u2019t panic and just follow and relax !", "time": 1642034560.0, "sentiment": "Bullish"}, {"id": 426046835, "text": "PC Sales Growth Slows as Pandemic Boom Fades. But Dell and Apple Gain Share.  $DELL $HPQ $AAPL \n\nhttps://newsfilter.io/a/4c648cf4a867d517e7ece723748cca87", "time": 1642034515.0, "sentiment": ""}, {"id": 426045596, "text": "$AAPL $QQQ Here\u2019s the chart for last year\u2019s earnings run, I expect this years run too be even more explosive to the upside after the way overblown selloffs\u2026", "time": 1642034335.0, "sentiment": "Bullish"}, {"id": 426045322, "text": "$AAPL green for 3 days , red for another 3 days after, everybody is making money, how\u2019s that sound?", "time": 1642034295.0, "sentiment": ""}, {"id": 426044518, "text": "$AAPL can\u2019t be green every day! Puts will print", "time": 1642034184.0, "sentiment": ""}, {"id": 426044444, "text": "$AAPL Rest of the market is beautiful. Apple is losing steam though!", "time": 1642034171.0, "sentiment": ""}, {"id": 426044208, "text": "$AAPL 177 $ soon", "time": 1642034138.0, "sentiment": "Bullish"}, {"id": 426044018, "text": "$AAPL  LETS GOOOOO APPLE INITIATE BEASTMODE LIKE  \n \nDWAC!!!!!!!!!!!!!!!!!!", "time": 1642034113.0, "sentiment": ""}]