[{"id": 426028594, "text": "$AAPL", "time": 1642031975.0, "sentiment": ""}, {"id": 426028352, "text": "$AAPL $TGGI", "time": 1642031946.0, "sentiment": "Bullish"}, {"id": 426027541, "text": "$AAPL \n\nYou just saw the trend -\n\nThis shows AAPL will be expected to break the record on many segments - iPhone, Computers, Services and AirPods\n\nThis year AAPL will build a new segment - of course it is going to be metaverse !! More record breaking this 2022 !! \n\nLet\u2019s go !!", "time": 1642031832.0, "sentiment": "Bullish"}, {"id": 426027014, "text": "$AAPL this looks like they\u2019re waiting on an impulsive move to the upside, are we waiting on Powell\u2019s confirmation or something?", "time": 1642031761.0, "sentiment": "Bullish"}, {"id": 426026963, "text": "$AAPL run it up yall", "time": 1642031755.0, "sentiment": "Bullish"}, {"id": 426026039, "text": "$AAP, $AAPL and $PRK detected as possible swing trading plays by our stock screener. https://www.chartmill.com/stock/stock-screener?sid=28&amp;f=s_str,s_n20h,etf_none,p_pg20,v1_50b20,cu_b_sm10v,cu_a_sm20v,exch_us&amp;v=3&amp;s=n&amp;sd=ASC&amp;timeframe=DAILY&amp;type=CANDLES&amp;months=3&amp;width=720&amp;cl=F&amp;o1=3&amp;o2=3&amp;op1=10,16711680&amp;op2=30,255&amp;utm_source=stocktwits&amp;utm_medium=screener&amp;utm_content=Stock_Screener:_Swing_Trading&amp;utm_campaign=social_tracking", "time": 1642031640.0, "sentiment": ""}, {"id": 426025946, "text": "$AAPL is China\n https://www.reddit.com/r/Epic_Economics/comments/s2cazr/volatility_300_ditch_the_bitty/?utm_source=share&amp;utm_medium=ios_app&amp;utm_name=iossmf", "time": 1642031627.0, "sentiment": "Bearish"}, {"id": 426025581, "text": "Canalys: Worldwide \ud83d\udcbbPC shipments soared in 2021 to 341 million units ..\ud83c\udfa2\ud83c\udfe6\n&gt; https://techcrunch.com/2022/01/12/canalys-worldwide-pc-shipments-soared-in-2021-to-341-million-units/ \n$AMD \u2197\ufe0f + $XLNX \n$AAPL | $MSFT | $DELL", "time": 1642031580.0, "sentiment": "Bullish"}, {"id": 426024804, "text": "$AAPL 185 calls this week .02", "time": 1642031480.0, "sentiment": ""}, {"id": 426024229, "text": "$AAPL they are defending their new short lol. they dont learn. Accumulating short before ER ? OOF.", "time": 1642031404.0, "sentiment": ""}, {"id": 426023941, "text": "$AAPL \n\ud83c\udf4f\nApple gains market share, as Macs grow twice the rate of PCs in Q4Jan.12,2022 12:09 PM.\n\n* Apple continues to make headwinds in the computer market,as Macs grew twice the rate of the PC market in the fourth-quarter.\n*   According to Canalys,Apple shipped an estimated 7.8M.Macs in the fourth-quarter, up 9% over the prior quarter.It had 8.5% of the total PC market,up from 7.9% in the fourth-quarter of 2020.\n*   For the full year,Apple shipped an estimated 29M.units,up 28.3%,compared to the broader PC market,which saw a 15% rise in 2021,totaling 341M.units.\n*   The figures do not include tablets, where Apple&#39;s iPad is the clear dominant seller.\n*   The entire PC market grew 1% year-over-year,shipping 92M.units in Q4, compared to 91M.in Q4 2020. \n*   Lenovo shipped 21.7M.units,HP which shipped 18.7M.units,Dell which shipped 17.2M.units and Acer,which shipped 6.6M.units in the fourth quarter.\n*   Earlier this week,it was reported that Apple&#39;s AR/VR headset\n\nhttps://seekingalpha.com/news/3787581-apple-gains-market-share-as-macs-grow-twice-the-rate-of-pcs-in-q4", "time": 1642031367.0, "sentiment": ""}, {"id": 426023183, "text": "$AAPL $176 has been rejected quite a few times", "time": 1642031265.0, "sentiment": ""}, {"id": 426022934, "text": "$AAPL i dont think they have begun to cover yet.", "time": 1642031231.0, "sentiment": "Bullish"}, {"id": 426021349, "text": "$AAPL ... are we there ($200) yet?   Oops!   Max Pain of $150 with OI of over 3 millions next Friday!  Enjoy the roller coaster!", "time": 1642031016.0, "sentiment": ""}, {"id": 426021147, "text": "$AAPL \ud83d\udd1c1\ufe0f\u20e35\ufe0f\u20e35\ufe0f\u20e3 $SPY  #WhosKnow??? $TSLA", "time": 1642030990.0, "sentiment": "Bearish"}, {"id": 426020207, "text": "$AAPL \n\nBears: 7% inflation, market will crash, this is not \u201csustainable\u201d, blah blah blah\n\nBuffet: bitchh the world has gone through world wars, economic turmoil, numerous natural disasters and the market continued to beat ATH. Buy the dip", "time": 1642030859.0, "sentiment": "Bullish"}, {"id": 426020178, "text": "$AAPL where do we see this going near term until Earnings?", "time": 1642030855.0, "sentiment": ""}, {"id": 426019758, "text": "Apple Car task forces established after company visits Korean suppliers \n \n$AAPL \n \nhttps://9to5mac.com/2022/01/12/apple-car-task-forces/", "time": 1642030794.0, "sentiment": ""}, {"id": 426019052, "text": "$AAPL alright lets close the market now lmfao. i wanna sleeeeep :&#39;(", "time": 1642030704.0, "sentiment": ""}, {"id": 426016731, "text": "$AAPL continues to make headwinds in the computer market, as Macs grew twice the rate of the PC market in the fourth-quarter, according to a new research report. According to Canalys, Apple shipped an estimated 7.8 million Macs in the fourth-quarter, up 9% over the prior quarter \ud83d\udc8e\ud83c\udf4f\ud83d\udc8e", "time": 1642030393.0, "sentiment": "Bullish"}, {"id": 426016718, "text": "Top Bullish Flow (a/o12:31pmEST): $TSLA $NVDA $AAPL $MSFT $MRK", "time": 1642030391.0, "sentiment": ""}, {"id": 426016614, "text": "$AAPL here we go", "time": 1642030378.0, "sentiment": "Bullish"}, {"id": 426016084, "text": "$AAPL complete. Go up", "time": 1642030308.0, "sentiment": ""}, {"id": 426013765, "text": "$AAPL NEW ARTICLE : Apple gains market share, as Macs grow twice the rate of PCs in Q4 https://www.stck.pro/news/AAPL/21196198", "time": 1642029992.0, "sentiment": ""}, {"id": 426013743, "text": "$AAPL Low Trend, But \ud83c\udd99. \ud83c\udf4f", "time": 1642029989.0, "sentiment": "Bullish"}, {"id": 426013352, "text": "$AAPL how much rejection can this stock take?", "time": 1642029937.0, "sentiment": ""}, {"id": 426013302, "text": "$AAPL $177.50 end of day", "time": 1642029930.0, "sentiment": "Bullish"}, {"id": 426012994, "text": "$AAPL \ud83e\ude78\u2620\ufe0f\n https://www.reddit.com/r/Epic_Economics/comments/s2bnfn/anti_trust_anti_competition_monopolies/?utm_source=share&amp;utm_medium=ios_app&amp;utm_name=iossmf", "time": 1642029889.0, "sentiment": "Bearish"}, {"id": 426012202, "text": "Looks like $AAPL is about to lose its 50 day support line battle here", "time": 1642029775.0, "sentiment": "Bearish"}, {"id": 426011093, "text": "$AAPL #Apple video from 12 January looking at the #Elliottwave path https://www.youtube.com/watch?v=q1xLRP7d8LA  #trading", "time": 1642029626.0, "sentiment": ""}]