[{"id": 426043631, "text": "$AAPL will go crazy when $SPY curls!!", "time": 1642034061.0, "sentiment": "Bullish"}, {"id": 426043617, "text": "$AAPL 177 close", "time": 1642034059.0, "sentiment": "Bullish"}, {"id": 426041682, "text": "$AAPL I\u2019m gonna be honest, todays market has been extremely boring. I made some stupid plays simply because I was tired of watching paint dry, probably going to lose some coin but geez man", "time": 1642033803.0, "sentiment": ""}, {"id": 426041644, "text": "$AAPL Lol this fucking stock. I buy it and it dips hard every time now.", "time": 1642033798.0, "sentiment": ""}, {"id": 426041593, "text": "$AAPL close red that\u2019s what I see", "time": 1642033791.0, "sentiment": ""}, {"id": 426041369, "text": "$SPY $AAPL &#39;s chart is literally SPY lol", "time": 1642033758.0, "sentiment": ""}, {"id": 426041094, "text": "$AAPL TIME to RIP HARD \ud83d\udfe2\ud83d\udfe2\ud83d\udfe2", "time": 1642033714.0, "sentiment": "Bullish"}, {"id": 426040831, "text": "$AAPL stocks like $pltr are back to green from deep reds. So Why would Apple suffer ?", "time": 1642033678.0, "sentiment": ""}, {"id": 426040378, "text": "$AAPL literally doing what the market is, in light of upcoming bank earnings. So money hasnt even BEGUN to rotate away from banks and we are at 175.77. Pretty good i d say!", "time": 1642033614.0, "sentiment": "Bullish"}, {"id": 426040264, "text": "$AAPL \ud83d\ude02", "time": 1642033600.0, "sentiment": "Bearish"}, {"id": 426039998, "text": "$AAPL $AMZN $TSLA $QQQ $SPY  Market rolling over in the next 30 minutes", "time": 1642033567.0, "sentiment": "Bearish"}, {"id": 426039747, "text": "$AAPL 30X plus multiple for almost no growth lol", "time": 1642033532.0, "sentiment": "Bearish"}, {"id": 426038165, "text": "Hope you are banking with me $tsla ... $spy $AAPL  \nFollow me on twitter if you wanna see this at 1200", "time": 1642033310.0, "sentiment": "Bullish"}, {"id": 426038099, "text": "$AAPL", "time": 1642033302.0, "sentiment": "Bullish"}, {"id": 426037926, "text": "$AAPL this could still be green tomorrow, but Friday is going to be a dump day, trust me!", "time": 1642033277.0, "sentiment": ""}, {"id": 426037899, "text": "$AAPL is China. \n https://www.reddit.com/r/Epic_Economics/comments/s2cy26/crypto_stocks_screw_the_dips/?utm_source=share&amp;utm_medium=ios_app&amp;utm_name=iossmf", "time": 1642033273.0, "sentiment": "Bearish"}, {"id": 426036761, "text": "$AAPL big money going to flow into apple this week and next imo", "time": 1642033110.0, "sentiment": "Bullish"}, {"id": 426036417, "text": "$AAPL Gut feeling $177.2 close today.", "time": 1642033064.0, "sentiment": ""}, {"id": 426036218, "text": "$AAPL Earnings couldn&#39;t come soon enough", "time": 1642033037.0, "sentiment": "Bearish"}, {"id": 426036111, "text": "$AAPL goes down on record breaking earnings than the stock price shoots pass its all time high. That&#39;s the trend of apple. Just buy hold and watch your account grow people.", "time": 1642033022.0, "sentiment": "Bullish"}, {"id": 426035987, "text": "Today &#39;s  #DOW30 HeatMap of  #large  market stocks: $AAPL \n$MSFT $UNH $JNJ $JPM \n   \nfinscreener.org/map/map", "time": 1642033006.0, "sentiment": ""}, {"id": 426035698, "text": "#SP500 Today &#39;s HeatMap of  #mega  market stocks:  $GOOG \n$GOOGL $AMZN $TSLA $AAPL \n   \n    \nfinscreener.org/map/map", "time": 1642032964.0, "sentiment": ""}, {"id": 426034114, "text": "Apple gains market share, as Macs grow twice the rate of PCs in Q4 $AAPL https://bit.ly/3Fh1r4F", "time": 1642032738.0, "sentiment": ""}, {"id": 426034086, "text": "$AAPL C&#39;mon lets get some price action going. I&#39;m not here for ASMR", "time": 1642032732.0, "sentiment": "Bullish"}, {"id": 426033391, "text": "$AAPL ", "time": 1642032639.0, "sentiment": "Bullish"}, {"id": 426033033, "text": "Is It Time To Sell Apple After Stock Pulls Back From All-Time Highs? $AAPL https://www.benzinga.com/trading-ideas/short-ideas/22/01/25023076/is-it-time-to-sell-apple-stock-after-stock-pulls-back-from-all-time-highs#.Yd8ZVdVuFh8.twitter", "time": 1642032587.0, "sentiment": ""}, {"id": 426032575, "text": "$AAPL", "time": 1642032524.0, "sentiment": ""}, {"id": 426032375, "text": "$AAPL half volume of average volume at the moment. Curious \ud83e\udd14", "time": 1642032495.0, "sentiment": ""}, {"id": 426031485, "text": "\ud83d\ude02 \n \n$tsla $lcid $sofi $pltr $aapl", "time": 1642032370.0, "sentiment": ""}, {"id": 426030795, "text": "$AAPL Apple To Enter Live Sports World, Talks to Acquire MLB\u2019s Weekday Package Underway https://www.robinhoodnews.com/apple-to-enter-live-sports-world-talks-to-acquire-mlbs-weekday-package-underway/", "time": 1642032276.0, "sentiment": "Bullish"}]