[{"id": 426103698, "text": "$AAPL classic theta burn all options", "time": 1642041781.0, "sentiment": ""}, {"id": 426102597, "text": "$AAPL TSM huge beat could gap us up \ud83e\uddd0\ud83e\udd14", "time": 1642041660.0, "sentiment": "Bullish"}, {"id": 426101413, "text": "$AAPL \n\nOh well it doesn\u2019t make sense.\n\nI guess I have to accept this .. it\u2019s the unnamed machine that knows what we are trying to do.\n\nIt\u2019s just here to destroy both premiums of puts and calls for this week irregardless of Red VIX.", "time": 1642041522.0, "sentiment": "Bullish"}, {"id": 426100671, "text": "$AAPL I will settle for this shit if I get a 2.5% up day tomorrow.", "time": 1642041428.0, "sentiment": ""}, {"id": 426099613, "text": "$AAPL they taking our money on both way", "time": 1642041307.0, "sentiment": ""}, {"id": 426098825, "text": "$AAPL All day $nasdaq was saving Apple. Now it is Apple carrying it", "time": 1642041216.0, "sentiment": ""}, {"id": 426098608, "text": "$AAPL 135", "time": 1642041191.0, "sentiment": ""}, {"id": 426097873, "text": "$AAPL can shorts cover now thanks, It just started outperforming nasdaq", "time": 1642041099.0, "sentiment": ""}, {"id": 426097662, "text": "Prior resistance becomes support $AAPL", "time": 1642041075.0, "sentiment": ""}, {"id": 426096377, "text": "$SPY I mean, I&#39;m not spewing crapola, am I guys, with my myriad of posts. \n\nRhetorical, hence, you got no ? mark.\n\nBut, don&#39;t you see, you are not going to report higher earnings Q4, just your customers paying higher prices for products, probably doing more returns too but that&#39;s another discussion $AMD\n\nLook at Take Two Interactive, just bought Zynga? \nWhy? \n\nI mean, I think they are desperate to find REVENUE,  I mean, games, gaming, slowing down, sure, you got your colts but people getting tired of things, phone games, NONE GOOD NEW OUT, $AAPL \n\nLook at Blizzard, they bought KING 7-8 years ago and that mobile game company I guess not helping much, there stock has not been good since purchase. \n\nNow $TTWO buys Zynga how do you REALLY think this will turn out, except for Z shareholders and boss, Mark Pincus\ud83e\udd14\n\nInflation is killer, but wrong moves will just exacerbate your problems or hope moves like AMD that, likely, never get done cuz of outside country influence &amp; China is the worst.", "time": 1642040923.0, "sentiment": ""}, {"id": 426095717, "text": "$AAPL", "time": 1642040838.0, "sentiment": ""}, {"id": 426095424, "text": "$AAPL loosing steam", "time": 1642040797.0, "sentiment": ""}, {"id": 426094714, "text": "$AAPL soon be back over 180", "time": 1642040711.0, "sentiment": "Bullish"}, {"id": 426094411, "text": "$CFVI \u2014-&gt;We got a runner!! $DWAC $AAPL $GOOGL", "time": 1642040670.0, "sentiment": "Bullish"}, {"id": 426094025, "text": "$AAPL  Squeeze  \nhttps://www.youtube.com/watch?v=n0fGzZXIaLI", "time": 1642040619.0, "sentiment": "Bullish"}, {"id": 426093637, "text": "$AAPL holding up better than I thought", "time": 1642040573.0, "sentiment": ""}, {"id": 426091631, "text": "$aapl yo could this be an inside day ? I recall someone talking about it but i am not knowledgeable on the subject", "time": 1642040338.0, "sentiment": ""}, {"id": 426091065, "text": "$FSR plus $AAPL has a nice ring to it", "time": 1642040271.0, "sentiment": "Bullish"}, {"id": 426090932, "text": "$AAPL am I swinging my short position or what? How we feeling?", "time": 1642040253.0, "sentiment": "Bearish"}, {"id": 426090696, "text": "$AAPL  short strangle doing well", "time": 1642040227.0, "sentiment": ""}, {"id": 426089939, "text": "$AAPL   \ud83c\udf4f Exactly.  Was just about to Post:  \u201cIt\u2019s a Wick-a-thon\u201d.  That last pivot lower, was on a very long wick.", "time": 1642040140.0, "sentiment": ""}, {"id": 426089350, "text": "$AABB $TSLA $AAPL $MSFT $GOOG LG!! dollars to hundreds&gt;hundreds to thousands&gt;pennies to dollars all the same!!!", "time": 1642040069.0, "sentiment": "Bullish"}, {"id": 426089199, "text": "$AAPL MM paying for 175.3 pretty hard today...", "time": 1642040052.0, "sentiment": ""}, {"id": 426089143, "text": "$MSFT Microsoft Hires Key $AAPL Engineer to Work on Custom Chips. $INTC $AMD https://www.bloomberg.com/news/articles/2022-01-12/microsoft-recruits-key-apple-engineer-to-work-on-custom-chips?utm_medium=email&amp;utm_source=newsletter&amp;utm_term=220112&amp;utm_campaign=author_19842959", "time": 1642040046.0, "sentiment": ""}, {"id": 426089087, "text": "$AAPL bears about to get toasty \ud83d\ude02\u2764", "time": 1642040039.0, "sentiment": "Bullish"}, {"id": 426089085, "text": "$SPY $DJIA $QQQ $AAPL $TSLA \n   \nPrinting and handing out free money to the wealthiest in society when inflation is at 7% does not make you a &quot;genius&quot; and certainly not a &quot;hero&quot;.  \n  \nIt makes you a CHARADE!", "time": 1642040039.0, "sentiment": ""}, {"id": 426088786, "text": "$AAPL Just see the Tails on those red candles. Bears should give up. When they run out of dry powder, there wont be any sellers in the market.", "time": 1642040001.0, "sentiment": ""}, {"id": 426088721, "text": "$AAPL  gonna stay around $175 this week", "time": 1642039994.0, "sentiment": ""}, {"id": 426088401, "text": "$AAPL \n\nBears waking up like\u2026\ud83d\ude1d", "time": 1642039950.0, "sentiment": "Bearish"}, {"id": 426088389, "text": "$AAPL     \ud83c\udf4f Mkt Algo\u2026sync.  Today, Mkt Algos, removed yesterday\u2019s froth.  The \u201cfroth was building back up in the Meme Stocks\u201d\u2026not, what WallSt wants.  *Nothing wrong with AAPL.", "time": 1642039948.0, "sentiment": ""}]