[{"id": 426220250, "text": "$AAPL AAPL 2022-01-12 Technical Analysis Video: \nhttps://www.youtube.com/watch?v=qSZJhfeTyyI", "time": 1642064706.0, "sentiment": ""}, {"id": 426218702, "text": "$AAPL still can\u2019t get\nAn iPad\n.\nDemand must be crazy", "time": 1642064256.0, "sentiment": "Bullish"}, {"id": 426218566, "text": "$AAPL      \ud83c\udf4f\ud83d\ude99  See: SonGoku\u2019s, full post below.  Looks like Carl Q, has has \u201cfriends\u201d too.", "time": 1642064207.0, "sentiment": ""}, {"id": 426217334, "text": "$AAPL $TSLA   \ud83c\udf4f The answer, is yes!  Very glad to see Carl Q is taking the lead.  I have been posting extensively about Apple Car as an IoT\u2026part of the Apple\nEcosystem, now referred to as the AppleVerse.  The Apple Car, is a totally connected IOS Device.  Apple already has a Patent:  \u201cApp for Apple Car\u201d.  Powered by \u201cM Chip for Apple Car\u201d. Apple\u2019s Car, is part of an Ecosystem, the AppleVerse.  TSLA, is not part of an Ecosystem.  The IOS AR/AI Software for Apple Car, makes the Car itself, an AR Device from within\u2026no Glasses needed!  The Apple Car, is more than a vehicle.  Prepare to be amazed.  More news to come.  \ud83d\ude0e", "time": 1642063826.0, "sentiment": ""}, {"id": 426216028, "text": "$AAPL bullish monday, Tuesday and wednesday.. Now bearish Thursday and Friday $F", "time": 1642063424.0, "sentiment": "Bearish"}, {"id": 426215825, "text": "Currently heavily long in $AAPL $TSLA $AMZN $FB . Hedged with $SARK", "time": 1642063365.0, "sentiment": "Bullish"}, {"id": 426214359, "text": "$AAPL Jan 12               \n=&gt; Buy and Hold               \n\u25c6 Search for 10 day stock forecast by pretiming               \nhttp://www.google.com/search?q=10+day+stock+forecast               \n\u25c6 Forecast of Upper~Lower price range band for the next 10 days               \nPrice: 174.43   ~ 183.33            \n% Change: -0.63%  ~ 4.45%           \nWhen the stock market opened, the Buy-Sell strength has turned into a strengthened buying flow and it&#39;s in the midst of a rebounding trend of upward direction box pattern price flow marked by limited falls and upward fluctuations in a falling section.", "time": 1642062957.0, "sentiment": ""}, {"id": 426213795, "text": "$SPY Lmao virtual reality headsets prob gonna have you wearing glasses by 30 $AAPL", "time": 1642062803.0, "sentiment": ""}, {"id": 426213446, "text": "$AAPL Lmao &quot;metaverse&quot; a term made up to make wifi sound like a new invention lol $SPY $AMZN $MSFT", "time": 1642062709.0, "sentiment": ""}, {"id": 426213093, "text": "MS $AAPL $TSLA", "time": 1642062601.0, "sentiment": ""}, {"id": 426212976, "text": "$AAPL  \n. \nHow low will we go end of the week is the only question left. Broke both triangles downside.  \n.", "time": 1642062563.0, "sentiment": "Bearish"}, {"id": 426212630, "text": "$AAPL sorry not buying it.  Blocked", "time": 1642062463.0, "sentiment": ""}, {"id": 426211296, "text": "$AAPL -Supply Constraints since December and to continue for 2022\n- Due for a major correction", "time": 1642062100.0, "sentiment": "Bearish"}, {"id": 426210647, "text": "Bullish investment portfolio: Apple( $AAPL ), Brookline Bancorp( $BRKL ),\u2026 https://www.macroaxis.com/invest/marketCorrelation?s=AAPL,BRKL,ATI,GIS,CVBF,WFC #stocks #earnings", "time": 1642061946.0, "sentiment": ""}, {"id": 426210550, "text": "$SPY When will the government fight for gig workers rights. Uber and Doordash are getting away with paying their drivers next to nothing.... $AAPL $UBER $IWM", "time": 1642061920.0, "sentiment": ""}, {"id": 426210420, "text": "$RBLX Now it\u2019s getting interesting.  Apple is getting into the Metaverse. $AAPL $MSFT  \nhttps://www.pymnts.com/apple/2022/apple-shares-enjoy-boost-from-metaverse-frenzy/amp/", "time": 1642061886.0, "sentiment": ""}, {"id": 426210415, "text": "$AAPL Latest 1 Hour chart to members at https://elliottwave-forecast.com/, showing the a possible (B) completed. #elliottwave #trading", "time": 1642061884.0, "sentiment": ""}, {"id": 426210130, "text": "$AAPL 24% downside. wide open", "time": 1642061814.0, "sentiment": "Bearish"}, {"id": 426209453, "text": "$SPY Lmao they still talking about corona \ud83d\ude02\ud83d\ude02\ud83d\ude02 $AAPL", "time": 1642061631.0, "sentiment": ""}, {"id": 426209364, "text": "\ud83d\udd25LIVE STREAM ALERT\ud83d\udd25 \nWE ARE NOW LIVE\ud83d\udd2b \nI&#39;m going to break down \n\ud83d\udcc8 TRADE IDEAS   \n\ud83d\udd2bTRIGGERS  \n\ud83d\udcaaPRICE TARGETS  \n\ud83d\udc40MARKET OUTLOOK \nCOME JOIN US WE ARE WAITING ON YOU \u2694\ufe0f https://us02web.zoom.us/j/88636784938  $SPY  $AAPL  $TSLA", "time": 1642061609.0, "sentiment": ""}, {"id": 426209151, "text": "$AAPL still needs a chassis and V2X network...  https://9to5mac.com/2022/01/12/apple-car-task-forces/amp/", "time": 1642061551.0, "sentiment": "Bullish"}, {"id": 426209064, "text": "$SPY wow I\u2019m fucked my aapl calls will be worthless tomorrow \ud83d\ude14 paid .52 on the 177.5s $AAPL", "time": 1642061531.0, "sentiment": ""}, {"id": 426209019, "text": "$AAPL If your long, this is another &quot;Dip&quot; to add. IMO \n \nAnd add more at every rate hike.  This is one of the much better places to park my $$ than in a bank. \n \nTrade with liquid $... but, save $$$ in large caps growths, real estate, annuities, precious metals for retirement. That&#39;s my strategy.", "time": 1642061519.0, "sentiment": ""}, {"id": 426207700, "text": "$AAPL AAPL 2022-01-12 Largest Trades Data: \nhttps://www.youtube.com/watch?v=5PcLZWKKiUw", "time": 1642061170.0, "sentiment": ""}, {"id": 426206247, "text": "$AAPL Today the stock pushed up and tagged the underside of the broken wave 2-4 (RED) trendline. That was probably the top of wave (2).", "time": 1642060788.0, "sentiment": "Bearish"}, {"id": 426204117, "text": "$AAPL wake me up at 160 next week", "time": 1642060246.0, "sentiment": "Bearish"}, {"id": 426202188, "text": "$AAPL started half position today. Looks so good.", "time": 1642059703.0, "sentiment": "Bullish"}, {"id": 426200114, "text": "$AAPL https://gettr.com/post/po0qbrc580", "time": 1642059106.0, "sentiment": "Bullish"}, {"id": 426199145, "text": "Option Idea highlights:\n\n$DWAC 70c 557%\n$SPY 470c 208%\n$MSFT 330c 102%\n$TSLA 1150c 93%\n$SPY 368p 72%\n@MommasOptions \n$AAPL 177.5c 428%\n\nLiv", "time": 1642058825.0, "sentiment": ""}, {"id": 426198974, "text": "$AAPL beware. Is China. \n https://www.reddit.com/r/Epic_Economics/comments/s2mhsb/value_investing_the_great_rotation_is_underway/?utm_source=share&amp;utm_medium=ios_app&amp;utm_name=iossmf", "time": 1642058768.0, "sentiment": "Bearish"}]