[{"id": 426151528, "text": "$NVDA $AAPL $QQQ $SPY $TSM   \ud83c\udf4f\ud83d\ude0e\ud83d\udc47", "time": 1642048197.0, "sentiment": ""}, {"id": 426149855, "text": "$AAPL I don\u2019t like that close at all , but let\u2019s see what tommorow brings", "time": 1642047870.0, "sentiment": ""}, {"id": 426149262, "text": "$FUBO hope it\u2019s a 62 all cash deal. Don\u2019t want $AAPL or $AMZN stock", "time": 1642047760.0, "sentiment": ""}, {"id": 426147590, "text": "$AAPL chances of 177+ tomorrow?", "time": 1642047462.0, "sentiment": "Bullish"}, {"id": 426147094, "text": "$AAPL Tim Apple", "time": 1642047370.0, "sentiment": ""}, {"id": 426147004, "text": "$AAPL apple board full of weirdos. Polite conversations with me on one post and blocking me on the next \ud83d\ude02", "time": 1642047352.0, "sentiment": ""}, {"id": 426144840, "text": " $SPY also had to listen to CNBC on the radio and boy are they all fear mongering idiots. \n \nTo say that there is no growth in $AAPL and somehow people should time in and out of trades is PURE AGENDA. CNBC sells you the idea that you should trade and ultimately fail. \n \nNotice how they never EVER talk about what his happening in the bond market and how the bond market is losing HUGE $$???? The bond market is much bigger than the stock market. The bond market is the key to how $$ actually flow around in assets classes.", "time": 1642046963.0, "sentiment": ""}, {"id": 426143506, "text": "$AAPL Simulated 177.5C for Thursday&#39;s open on StockOrbit. \n https://apps.apple.com/us/app/stockorbit/id1541560646", "time": 1642046756.0, "sentiment": ""}, {"id": 426143420, "text": "$NAKD $TSLA $AMZN $MSFT $AAPL \nLook at the ) month chart!\nI\u2019ll stay with TSLA", "time": 1642046742.0, "sentiment": ""}, {"id": 426143310, "text": "$DWAC $TSLA $NVDA $AAPL $AMD \nMembers bought $65 calls and $70 calls on $DWAC \ud83d\ude80 join the discord and start banking with us!\ud83d\udcb0", "time": 1642046725.0, "sentiment": "Bullish"}, {"id": 426142750, "text": "$F $ZNGA $AAPL $AMD $CFVI \n Most Active \u2705 \n\nhttp://trendspider.firstpromoter.com/login\n\ud83e\udd11", "time": 1642046632.0, "sentiment": "Bullish"}, {"id": 426141367, "text": "$SPY $QQQ $AAPL $UVXY $WMT  \n   \nIn 2017, the New York Times wrote this article about me. Since then I&#39;ve been consulting for various hedge funds and started Finom Group and... well, something tells me you find out soon enough ;-) \n \nhttps://www.nytimes.com/2017/08/28/business/dealbook/vix-trading.html", "time": 1642046439.0, "sentiment": ""}, {"id": 426140938, "text": "Sold my $NUGT alert play at close\nOur alert win streak which primarily has been $AAPL plays continues- it has been months since we have lost a play\u2026 might be our longest streak since we launched in 2016. \nNo wonder our members are buying homes and cars left &amp; right! Keep STACKING OP", "time": 1642046383.0, "sentiment": ""}, {"id": 426140372, "text": "$NAKD holding strong \ud83d\udcaa and loading more (very few people bought $TSLA $AMZN $MSFT $AAPL when they\u2019re not fully established) but who bought and held for business and they\u2019re rich now. it can take a year I don\u2019t care I am buying and holding Cenntro future of commercial Electrical cars period.", "time": 1642046296.0, "sentiment": "Bullish"}, {"id": 426140366, "text": "$AAPL Apple Could Challenge Amazon in Live Streaming Sports\n\nhttps://www.thestreet.com/investing/apple-could-challenge-amazon-in-live-streaming-sports-entertainment", "time": 1642046295.0, "sentiment": ""}, {"id": 426139329, "text": "$AAPL $200 soon", "time": 1642046141.0, "sentiment": ""}, {"id": 426139110, "text": "$AAPL NEW ARTICLE : 3 Numbers On Apple&#39;s Services -- and 1 Big Missing Piece https://www.stck.pro/news/AAPL/21207859", "time": 1642046108.0, "sentiment": ""}, {"id": 426139033, "text": "$AAPL huge buy after hours", "time": 1642046094.0, "sentiment": "Bullish"}, {"id": 426137878, "text": "$PYPL Getting tighter and tighter... $spy $aapl", "time": 1642045915.0, "sentiment": "Bullish"}, {"id": 426137059, "text": "$AAPL Evening star?", "time": 1642045789.0, "sentiment": "Bearish"}, {"id": 426136571, "text": "$AAPL Apple TV got amc+ nice $AMC", "time": 1642045711.0, "sentiment": ""}, {"id": 426136192, "text": "$PHUN fireworks tomorrow \ud83e\udd1e\ud83d\ude80\n\n$CPOP $MARA $AAPL $SPY", "time": 1642045649.0, "sentiment": "Bullish"}, {"id": 426135508, "text": "$AAPL\nMCap 3.125T Soon. \ud83d\udd1c \nShares outstanding 16.406M. \n\nNew Price $190.48\nClosed $175.53\n\u2014\u2014\u2014\u2014\u2014\u2014\u2014\u2014\u2014\u2014\u2014\u2014\u2014\u2014\u2014\u2014\u2014\u2014\nProfit From today +$14.95 +8.52%. \n\u2014\u2014\u2014\u2014\u2014\u2014\u2014\u2014\u2014\u2014\u2014\u2014\u2014\u2014\u2014\u2014\u2014\nBonds Yields-U.S 10 Years Treasury 1.75%. \n\ud83c\udf4f\nApple RateReturn. +6.77%. In a FEW DAYS. \n\nWhat Do You Like? $AAPL Buy or Bonds Yields-U.S 10 Years Treasury\u2026.\n\nThink It!! \nSeeYou. \n\u2014\u2014\u2014\u2014\u2014\u2014\u2014\u2014\u2014\u2014\u2014\u2014\u2014\u2014\u2014\u2014\u2014\u2014\u2014\u2014-\nNOTE: Always Buy Apple. Minimum 5 Years Still.", "time": 1642045543.0, "sentiment": "Bullish"}, {"id": 426135035, "text": "Wednesday Option Volumes\n\n$TSLA 1.374m (61% call/39% put)\n$AAPL 1.182m (69% call/31% put)\n$ABBV 1.049m (98% call/2% put)\n\nLynk in bayo for option trading ideas", "time": 1642045468.0, "sentiment": ""}, {"id": 426133943, "text": "$AAPL yeah yeah yeah let\u2019s get this thing up https://www.google.com/amp/s/seekingalpha.com/amp/article/4246950-apple-will-reach-240", "time": 1642045304.0, "sentiment": ""}, {"id": 426133354, "text": "$NVDA $AAPL $QQQ $SPY $TSM", "time": 1642045216.0, "sentiment": "Bullish"}, {"id": 426133194, "text": "$AAPL ready for $240", "time": 1642045198.0, "sentiment": ""}, {"id": 426132758, "text": "$AAPL 240 eoy", "time": 1642045130.0, "sentiment": "Bullish"}, {"id": 426132532, "text": "$AAPL \ud83d\udc40 gap down incoming", "time": 1642045098.0, "sentiment": "Bearish"}, {"id": 426131648, "text": "5-Day Equity Sentiment Recap: $AAPL is the #1 stock that institutions are trading over rolling 5 day window with 445.9K options contracts.\n\nMarket analysis included in screenshot of dashboard from http://insiderfinance.io.", "time": 1642044979.0, "sentiment": ""}]