[{"id": 426130105, "text": "$AAPL another successful prediction", "time": 1642044766.0, "sentiment": ""}, {"id": 426128766, "text": "@streamwars lol, $AAPL did \ud83d\ude09", "time": 1642044595.0, "sentiment": "Bullish"}, {"id": 426127833, "text": "$AAPL calls at open always!!", "time": 1642044469.0, "sentiment": "Bullish"}, {"id": 426125725, "text": "$AAPL price target set at $200 at Morgan Stanley.", "time": 1642044184.0, "sentiment": "Bullish"}, {"id": 426124047, "text": "Most Traded Contracts \n\n$ABBV January $130 Call\n$ABBV January $125 Call\n$AAPL 14 January $177.50 Call\n$ABBV January $120 Call\n$ABBV January $115 Call\n$AAPL 14 January $180 Call\n$ABBV January $110 Call\n$TSLA 14 January $1100 Call\n$AAPL 14 January $175 Put\n\nLynk in bayo for option trading ideas \ud83d\udca1", "time": 1642043968.0, "sentiment": ""}, {"id": 426123853, "text": "$TSLA $AAPL still counting today\u2019s haul \ud83d\udc4f\ud83e\udd23\ud83e\udd23\ud83e\udd23 \ud83e\udd19\ud83e\udd42", "time": 1642043944.0, "sentiment": "Bullish"}, {"id": 426123362, "text": "$AAPL is one of the better performing stocks in the Technology Hardware, Storage &amp; Peripherals industry. https://www.chartmill.com/stock/quote/AAPL/technical-analysis?key=bb853040-a4ac-41c6-b549-d218d2f21b32&amp;utm_source=stocktwits&amp;utm_medium=TA&amp;utm_content=AAPL&amp;utm_campaign=social_tracking", "time": 1642043880.0, "sentiment": ""}, {"id": 426123358, "text": "$AAPL \n\nAt least it\u2019s acceptable green \u2026\n\nLet\u2019s move on and look forward to tomorrow PA ..\n\nHave a great day! \n\nI see the 1 MTH chart is shifting and exiting overbought territory.\n\n3 mth is stabilizing awaiting for 1 MTH to hit oversold territory\n\n6 mth is still stabilizing awaiting for 1 mth to hit oversold territory\n\n1 year still heading to oversold territory til 1 mth hits oversold territory.\n\nI don\u2019t have answer when the bullish ride will happen but it will be far biggest ever ..\n\nBrace for that.\n\nWe are still down YTD since Jan 3rd! This is time for stock to erase that YTD soon!", "time": 1642043879.0, "sentiment": ""}, {"id": 426122865, "text": "@Scarecrow68 $AAPL Fly", "time": 1642043822.0, "sentiment": "Bullish"}, {"id": 426122684, "text": "$AAPL grabbed lotto calls at .55 for 177.5 at closing the $QQQ closed super bullish after hours just wanted to kill the Jan 12th calls for today $SPY", "time": 1642043798.0, "sentiment": "Bullish"}, {"id": 426122583, "text": "$AAPL \n\ud83c\udf4f\ud83d\udece\nToday Market! So slowly Volume, low all day.  Only a lot Volume 10, last time to close. \n\nTotal Volume 72.68M \n\nIntraday 69.151M. \n\nAH. 2.235M. \n\nBONDS US 10-YR 1.736 variation-0.06\nBetter.", "time": 1642043784.0, "sentiment": "Bullish"}, {"id": 426121261, "text": "$AAPL Just closed position and will buy puts at open. Was in at $86, t\u2019was a lovely run now. Time to play the other side \ud83d\udc3b", "time": 1642043629.0, "sentiment": ""}, {"id": 426121214, "text": "$AAPL https://www.investors.com/news/technology/apple-stock-rises-as-iphone-maker-resolves-production-bottlenecks/?src=A00220&amp;yptr=yahoo", "time": 1642043622.0, "sentiment": "Bullish"}, {"id": 426121072, "text": "$AAPL cup and handle formation .. this will fly to 180$ soon", "time": 1642043603.0, "sentiment": ""}, {"id": 426119966, "text": "$AAPL Imagine $190 before earnings \ud83e\udd2f. Tears of joy and Mojitos", "time": 1642043474.0, "sentiment": ""}, {"id": 426119716, "text": "$BHP Amazing bullrun ahead for us..$GOOG $AAPL $FB $TSLA look at us..", "time": 1642043448.0, "sentiment": ""}, {"id": 426118762, "text": "More than 1.062m $AAPL option contracts traded so far, 71% call 29% put\n\nLynk in bayo for option trading ideas", "time": 1642043337.0, "sentiment": ""}, {"id": 426118571, "text": "$AAPL price target set at $200 at Morgan Stanley", "time": 1642043315.0, "sentiment": ""}, {"id": 426117785, "text": "$AAPL well thanks to this price action, RSI at $190 will be less than 70 xD LMFAO.", "time": 1642043225.0, "sentiment": "Bullish"}, {"id": 426117683, "text": "$AAPL massive buys coming in. News soon?", "time": 1642043215.0, "sentiment": "Bullish"}, {"id": 426117604, "text": "$AAPL put", "time": 1642043205.0, "sentiment": "Bearish"}, {"id": 426116973, "text": "$AAPL gapping up", "time": 1642043137.0, "sentiment": "Bullish"}, {"id": 426116747, "text": "$AAPL Here comes the gap up.  Shorts are covering.", "time": 1642043114.0, "sentiment": "Bullish"}, {"id": 426115913, "text": "$AAPL odds we gap up overnight?", "time": 1642043037.0, "sentiment": ""}, {"id": 426115699, "text": "$VIAC https://heavy.com/entertainment/star-trek/what-happens-to-trek-if-viacomcbs-bought/ nothing has changed about this thesis $amzn $aapl it is coming. $qqq", "time": 1642043018.0, "sentiment": ""}, {"id": 426115640, "text": "$AAPL Ultra large  trade that got eaten up. 3 mill+ shares were bought apparently.", "time": 1642043011.0, "sentiment": "Bullish"}, {"id": 426115388, "text": "$AAPL AAPL 2022-01-12 Technical Analysis Video: \nhttps://www.youtube.com/watch?v=qSZJhfeTyyI", "time": 1642042988.0, "sentiment": ""}, {"id": 426115344, "text": "$AAPL heading down to 172 by Friday. Should be a red day tomorrow.", "time": 1642042984.0, "sentiment": "Bearish"}, {"id": 426115225, "text": "$AAPL when Covid goes away, online retail will drop significantly. You know what to to with companies like Amazon, BABA", "time": 1642042974.0, "sentiment": ""}, {"id": 426114796, "text": "$AAPL see you all at 180 \u2764\ud83e\udd1e", "time": 1642042933.0, "sentiment": "Bullish"}]