[{"id": 426243077, "text": "$AAPL .. https://www.reddit.com/r/SNDLarmy/", "time": 1642073222.0, "sentiment": "Bullish"}, {"id": 426242476, "text": "$AAPL was analyzed by 49 analysts. The buy consensus is at 84%. So analysts seem to be very confident about $AAPL. https://www.chartmill.com/stock/quote/AAPL/analyst-ratings?utm_source=stocktwits&amp;utm_medium=ANALYST&amp;utm_content=AAPL&amp;utm_campaign=social_tracking", "time": 1642072920.0, "sentiment": ""}, {"id": 426241890, "text": "$SPY Keep THIS in mind, folks, when you thinking about tech, it&#39;s growth comes from without inflation at a 6+% level.\n\nK? Following? \n\nAnd, like it or not, all three months, CPI has been hot, 6.4% October,  6.8% November, and, just today, 7%, registering December and sealing FATE of Q4, with 0% letdown.\nKeep also noted, PPI has been elevated + PMI Flash just came in WEAK for December, real weak, actually. \n\nSo, to think tech ERs golden, you might want to re-think that optimism because inflation REALLY STICKS IT TO THE MAN AT over 5%, just look at 1970s, fraught with inflation, fraught w/ a stale stock market $AMD $AAPL  \ud83d\udc4c\ud83d\udc4d\ud83d\udea8\ud83d\udd25\ud83d\udc40\n\nAnd, $FB might not do well either, they were working vs a high dollar .96+ MOST OF Q4, so that effects their overseas business, making matters worse, DECEMBER, the holiday month the dollar dipped to 94-95 so that&#39;s some serious headwinds for RPU (revenue per user) for Zuck w/o even totally infusing inflation into their #s", "time": 1642072615.0, "sentiment": ""}, {"id": 426240153, "text": "$SPY $AAPL  base set on futs to rip up fat in a.m. after data", "time": 1642071808.0, "sentiment": "Bullish"}, {"id": 426236953, "text": "$AAPL How funny\u2026. $FB historical post shows my alerts from 4 years ago\u2026 Apple was the same price as it was today (pre-split)\n\ud83e\udd29\nShows you just how much OP has been killing it cause we have always been super bullish AAPL - and still are \ud83d\ude4f", "time": 1642070468.0, "sentiment": ""}, {"id": 426236718, "text": "$AAPL $200\u2026.", "time": 1642070367.0, "sentiment": "Bullish"}, {"id": 426236238, "text": "$AAPL Who&#39;s ready for 180?", "time": 1642070166.0, "sentiment": "Bullish"}, {"id": 426236088, "text": "$AAPL AAPL 2022-01-12 Largest Trades Data: \nhttps://www.youtube.com/watch?v=5PcLZWKKiUw", "time": 1642070107.0, "sentiment": ""}, {"id": 426235895, "text": "$AAPL, $CSCO and $FCX are amongst the strongest stocks in the market, nearing a new high. https://www.chartmill.com/stock/stock-screener?sid=16&amp;f=p_pg10,v1_50b500,s_str,s_nnh,exch_us&amp;v=3&amp;timeframe=DAILY&amp;type=CANDLES&amp;months=0.05&amp;width=720&amp;cl=F&amp;o1=3&amp;o2=3&amp;o3=1&amp;op1=200,16711680&amp;op2=50,255&amp;utm_source=stocktwits&amp;utm_medium=screener&amp;utm_content=Stock_Screener:_Strong_Stocks_near_New_High&amp;utm_campaign=social_tracking", "time": 1642070040.0, "sentiment": ""}, {"id": 426235359, "text": "SweepCast alerted: $AAPL with Unusual Options Activity Alerted on $175 CALL Expiring: 01-14-2022 worth 28K\ud83d\udc02 |\ud83e\udd47 Check out \u27a1\ufe0f SweepCast.com #daytrader", "time": 1642069815.0, "sentiment": ""}, {"id": 426235036, "text": "$AAPL $AMD Did you catch our video on TRIANGLES &amp; Trading? If not, here it is again!\nBe sure to follow if you want more of these videos or want our alerts as we make them. We have been doing this since 2015\ud83d\udcaa\ud83e\udd11\nEnjoy!\n\nhttps://vimeo.com/662893632", "time": 1642069694.0, "sentiment": ""}, {"id": 426233951, "text": "@Shake_n_Bake_ lol $AAPL makes me happy \ud83e\udd11\ud83e\udd11\ud83e\udd11", "time": 1642069280.0, "sentiment": ""}, {"id": 426232189, "text": "$AAPL https://www.cnet.com/roadshow/news/apple-car-battery-task-force-formed-korea/", "time": 1642068636.0, "sentiment": ""}, {"id": 426231204, "text": "$AAPL \nAAPL above $176.1 for a potential run up.\nAAPL below $174.42for a potential drop.\n#scalp\nWatchlist 1/13/22", "time": 1642068291.0, "sentiment": ""}, {"id": 426230702, "text": "$AAPL https://www.youtube.com/watch?v=IeOz275b_X4 DiDi", "time": 1642068116.0, "sentiment": "Bullish"}, {"id": 426229206, "text": "Apple Continues To Bleed Talent As Microsoft Snags Up Key Chip Architect  $AAPL $MSFT $INTC $FB $AMD \n\nhttps://newsfilter.io/a/89956576539e5998274a679786024bf1", "time": 1642067584.0, "sentiment": ""}, {"id": 426227023, "text": "$AAPL    \ud83c\udf4f Followup, to last Post.", "time": 1642066853.0, "sentiment": ""}, {"id": 426226039, "text": "$AAPL  \ud83c\udf4f Tonight:  Mkt Indices Oscillating Ahead of Tomorrow\u2019s Jobless Claims Data, PPI, &amp; Q4 Earnings.  Not Bearish or Bullish\u2026just, \u201cwaiting game posturing\u201d.  Today\u2019s Close, saw major Indices poised in identical \u201cwedge patterns\u201d\u2026ahead of tomorrow\u2019s Data Release.  A Poster, posted a great pic of the Charts\u2026\u201drepost\u201d, to follow.", "time": 1642066537.0, "sentiment": "Bullish"}, {"id": 426225365, "text": "$AAPL #AAPL Weekly view", "time": 1642066317.0, "sentiment": ""}, {"id": 426225271, "text": "Apple supplier Foxconn reopens India iPhone plant post-protest. $AAPL. \nhttps://shopstyle.it/l/bCMmP", "time": 1642066284.0, "sentiment": ""}, {"id": 426225165, "text": "Equity Sentiment: $AAPL is the #2 stock that institutions are trading with 95.7K options contracts.\n\nMarket analysis included in screenshot of dashboard from http://insiderfinance.io.", "time": 1642066254.0, "sentiment": ""}, {"id": 426224392, "text": "$VERB  They call him MoNey MoNeY... you asked who?\n\nhttps://youtu.be/UcD220_5kY8\n\nYes that guy! He just scored a contract with  $AAPL \n\nhttps://www.prnewswire.com/news-releases/apple-tv-and-david-meltzer-announce-a-2-year-content--distribution-deal-301454813.html\n\nHe is at the helm of VerbTv inside Market! \n\nNow with the financing deal approaching, would you $DKNG $FUBO $PENN want to be a part of something Big? \n\nIm All in!\n\nVERB the future of E-commerce", "time": 1642066004.0, "sentiment": "Bullish"}, {"id": 426223759, "text": "$AAPL https://www.ped30.com/2022/01/12/apple-tesla-metaverse-jonas/", "time": 1642065804.0, "sentiment": ""}, {"id": 426223369, "text": "$AAPL has a Return On Assets of 26.97%. This is amongst the best returns in the industry. https://www.chartmill.com/stock/quote/AAPL/fundamental-analysis?key=bb853040-a4ac-41c6-b549-d218d2f21b32&amp;utm_source=stocktwits&amp;utm_medium=FA&amp;utm_content=AAPL&amp;utm_campaign=social_tracking", "time": 1642065660.0, "sentiment": ""}, {"id": 426223225, "text": "$AAPL https://appleinsider.com/articles/22/01/13/apple-racks-up-sag-nominations-for-ted-lasso-coda-and-others", "time": 1642065612.0, "sentiment": ""}, {"id": 426222647, "text": "$AAPL      \ud83c\udf4f\ud83d\ude99 :", "time": 1642065428.0, "sentiment": ""}, {"id": 426222194, "text": "$AAPL $BABA $TSLA Bloody day coming", "time": 1642065296.0, "sentiment": "Bearish"}, {"id": 426221396, "text": "$AAPL NEW ARTICLE : Apple Shares Enjoy Boost From Metaverse Frenzy https://www.stck.pro/news/AAPL/21219619", "time": 1642065074.0, "sentiment": ""}, {"id": 426221287, "text": "The top metaverse bet for 2022 is:...\n$AAPL $FB $TSLA or $REALITY\n\nAren&#39;t you tired of being inside?", "time": 1642065036.0, "sentiment": "Bearish"}, {"id": 426221157, "text": "$TSLA \n\nMORGAN STANLEY: \n\n\u201cWe understand the chart below may raise more questions than answers. And we don&#39;t have all the answers either. .. [But] autonomous cars is the mother of all IoT/AI projects .. $TSLA has a head start. Can $AAPL  achieve 2nd mover advantage yet again?\u201d [Jonas]\n\nMy Answer is NO \u2014 \n\n\ud83d\ude4f\ud83c\udffb\ud83d\udc09\ud83e\udd85", "time": 1642064998.0, "sentiment": "Bullish"}]