[{"id": 426270182, "text": "$AAPL \ud83d\udc40", "time": 1642095721.0, "sentiment": "Bearish"}, {"id": 426269860, "text": "$AAPL NEW ARTICLE : 3 Dividend-Paying Tech Stocks to Buy Right Now https://www.stck.pro/news/AAPL/21241800", "time": 1642095546.0, "sentiment": ""}, {"id": 426269751, "text": "$MSFT surprised the news that msft poached a top $AAPL chip architect and will make in-house chips to power Azure servers (and maybe even PCs at some point) was not a bigger deal....", "time": 1642095483.0, "sentiment": ""}, {"id": 426269076, "text": "$AAPL  \ud83c\udf4f Mkt on \u201chold\u201d, awaiting Jobless Claims Data, PPI, &amp; Q4 Earnings Reports:  *Note:  TSM just reported \u201cBlowout Qtr w/ Very Strong Guidance\u201d\u2026great news &amp; forecast for AAPL\u2019s upcoming Qtrly Report in two weeks!  Lots of positive AAPL Articles posted overnight.  For now, this early morning, we await the incoming Economic Data.", "time": 1642095120.0, "sentiment": "Bullish"}, {"id": 426268312, "text": "$TSM $AAPL $NVDA $AMD $QQQ \ud83c\udf4f\ud83d\udc47\ud83d\udc4d", "time": 1642094716.0, "sentiment": ""}, {"id": 426267657, "text": "Thursday Watchlist \n\n\ud83d\udc49 $ADGI : Adagio Therapeutics Highlights &#39;Recent Publications by Several Independent Laboratories Show ADG20 Has Neutralizing Activity with Potency Comparable to Other Antibodies that Retain Activity Against Omicron&#39;. Have a good catalyst it should be a bull run in tomorrow\u2019s market. \n\n\ud83d\udc49 $MRIN: Marin Software shares are trading higher after the company announced it added support for Microsoft&#39;s LinkedIn Marketing Solutions. Already up by 6% in after hour. MRIN will be on my top watch in tomorrow\u2019s pre market. \n\n\ud83d\udc49 $AAPL :  Apple stock edged up 0.3%, still actionable from its 10-week line. Nvidia stock climbed 0.65%, still below its 50-day line after last week&#39;s sell-off.\n\nLynk in bayo for my channel", "time": 1642094350.0, "sentiment": ""}, {"id": 426266726, "text": "$AAPL spec stock cvsi \nCovid play\n\nhttps://www.koin.com/news/health/coronavirus/ceo-osu-hemp-study-could-change-the-cbd-market/", "time": 1642093832.0, "sentiment": ""}, {"id": 426265557, "text": "$DJIA $BA $CRM $AAPL stock markets are in tense and volatility not that big yet but you will see that volatility is growing and it will end up to panic. It is wise to panic first not last :D FDA and ECB has lot of challenges to keep markets calm and they have managed to do that so far pretty well. But when the loan rates hikes more panic will follow and it will happen this year no doupt. FDA has already informed about they manouvering. Panic first-&gt; be happy with the money when others panic too late and they has to sell bottom prices. \n \nSalesforce is one of the most overvalued in DOW. PE 131 :D", "time": 1642093145.0, "sentiment": "Bearish"}, {"id": 426265143, "text": "$AAPL $AMZN $TSLA $QQQ $SPY Everything is shutting down again. Not by choice. It\u2019s because everyone is out sick. Huge damage to economy being done. Right at the worst time as the FED HAS to Tighten. With run away inflation.  Major stagflation is about to hit. 20% market correction is baked in over the next two months", "time": 1642092841.0, "sentiment": "Bearish"}, {"id": 426265136, "text": "$XELA has a great news for everyone. Way to go... \n$TSLA $AAPL  $AMZN $MSFT", "time": 1642092839.0, "sentiment": "Bullish"}, {"id": 426265022, "text": "$QQQ $SPY $DIA $IWM $AAPL JUST HEARD ON BLOOMBERG THAT ECONOMISTS EXPECT THE MARKET TO GO UP\ud83d\ude02\ud83d\ude02\ud83d\ude02", "time": 1642092753.0, "sentiment": "Bullish"}, {"id": 426264944, "text": "Sweep Options Activity: $AAPL is the #1 ticker with sweep activity where institutions are trading options urgently with 68.7K sweep contracts, a leading indicator of market movement.\n\nMarket analysis and options contracts included in screenshot of dashboard from http://insiderfinance.io.", "time": 1642092689.0, "sentiment": ""}, {"id": 426264661, "text": "$AAPL \u2639\ufe0f", "time": 1642092500.0, "sentiment": "Bearish"}, {"id": 426263984, "text": "$AAPL", "time": 1642091977.0, "sentiment": "Bullish"}, {"id": 426263918, "text": "$AAPL \ud83d\ude80\ud83c\udf4f", "time": 1642091918.0, "sentiment": ""}, {"id": 426263900, "text": "$AAPL \ud83c\udf4f\ud83d\udc4d", "time": 1642091899.0, "sentiment": ""}, {"id": 426263867, "text": "$AAPL \ud83c\udf4f", "time": 1642091881.0, "sentiment": ""}, {"id": 426263343, "text": "$AAPL has an average volume of 96038800. This is a good sign as it is always nice to have a liquid stock. https://www.chartmill.com/stock/quote/AAPL/technical-analysis?key=bb853040-a4ac-41c6-b549-d218d2f21b32&amp;utm_source=stocktwits&amp;utm_medium=TA&amp;utm_content=AAPL&amp;utm_campaign=social_tracking", "time": 1642091460.0, "sentiment": ""}, {"id": 426262995, "text": "Unusual Options Activity: $AAPL is the #14 ticker with unusual activity from institutional traders with an average of 14% out of the money, a leading indicator of market movement.\n\nMarket analysis and options contracts included in screenshot of dashboard from http://insiderfinance.io.", "time": 1642091097.0, "sentiment": ""}, {"id": 426262944, "text": "$QQQ $SPY $QQQ $AAPL $IWM  ILL SAY THIS ONCE AGAIN IMAGINE BUYING ANY FOR OF PUTS OR SHORTING DURING EARNING SEASON\ud83d\ude02\ud83d\ude02\ud83d\ude02\ud83d\ude22\ud83d\ude22\ud83d\ude22", "time": 1642091056.0, "sentiment": "Bullish"}, {"id": 426262073, "text": "$BTC.X $SPY $QQQ $AAPL $TSLA  Bitcoin Bulls include:Elon Musk,  Chamath Palihatiya, Jack Dorsey, Bill Miller, Andersen Horowitz, Cathy Wood, Tim Draper, Paul Tudor Jones, Stanley Druckenmiller, Kevin O\u2019Leary.\n\nAre people still going against these experienced investors-and Billionaires?", "time": 1642090271.0, "sentiment": "Bullish"}, {"id": 426261859, "text": "$AAPL NEW ARTICLE : White House will meet execs from Apple, Amazon, IBM to discuss software security https://www.stck.pro/news/AAPL/21237409", "time": 1642090062.0, "sentiment": ""}, {"id": 426261741, "text": "$AAPL $TSLA https://www.reuters.com/business/investors-ready-us-earnings-inflation-worries-run-high-2022-01-12/", "time": 1642089919.0, "sentiment": ""}, {"id": 426261583, "text": "$AAPL AAPL 2022-01-12 Largest Trades Data: \nhttps://www.youtube.com/watch?v=5PcLZWKKiUw", "time": 1642089786.0, "sentiment": ""}, {"id": 426261350, "text": "$AAPL Here&#39;s Why Analyst Sees Rumored MLB deal As &#39;Ideal Opportunity&#39; for Apple \n\nhttps://newsfilter.io/a/725a04686341001a6403d6a3161259ec", "time": 1642089552.0, "sentiment": ""}, {"id": 426261025, "text": "$AAPL get ready", "time": 1642089244.0, "sentiment": "Bearish"}, {"id": 426260833, "text": "Wow massive beat by TSM and extremely bullish guidance that even doubles previous projections.  \n  \nTHIS MEANS NVDA AND AMD HAS INSANE DEMAND, BUY THEM UP PRE-MARKET GONNA RUN HARD TODAY!  \n  \nhttps://finance.yahoo.com/news/tsmc-profit-beats-estimates-thanks-053548721.html \n  \n$NVDA $AMD $TSM $INTC $AAPL", "time": 1642089027.0, "sentiment": "Bullish"}, {"id": 426260279, "text": "$AAPL could push 180s today", "time": 1642088519.0, "sentiment": "Bullish"}, {"id": 426259734, "text": "$AAPL $185-$188 today.", "time": 1642088047.0, "sentiment": "Bullish"}, {"id": 426259710, "text": "$BB how ironic would it be if $TSLA actually bought out or partnered with $BB, and it completely destroys the eventual $AAPL car? \ud83e\udd23", "time": 1642088033.0, "sentiment": ""}]