[{"id": 426309132, "text": "&quot;TSMC, Apple\u2019s most important chipmaker, is now projecting average sales growth of 15% to 20% annually -- as much as double its previous expectation. It foresees sales of $16.6 billion to $17.2 billion in the first quarter alone, at least 5% ahead of projections.&quot; \n \nHorace Dediu on Twitter on $AAPL &amp; $TSM", "time": 1642105051.0, "sentiment": "Bullish"}, {"id": 426308905, "text": "$AAPL Jan 13, 2022 \nApple (AAPL) received a Buy rating by 4.8 Star analyst Samik Chatterjee from J.P. Morgan", "time": 1642105017.0, "sentiment": "Bullish"}, {"id": 426307919, "text": "$AAPL Seriously, AAPL should be 200+, you see TSLA ?  after the split, it is now above 1k.   AAPL is way behind after split.", "time": 1642104861.0, "sentiment": "Bullish"}, {"id": 426307890, "text": "$SPY $TSLA $AAPL stacking up followers like cordwood this week.  @tctranfo said if I get 1000 followers he will send @DolanDrumpf a real New York corndog.", "time": 1642104857.0, "sentiment": "Bullish"}, {"id": 426307645, "text": "$spy although that was before the omicron surge so inflation could run hot again (and still an increase in inflation). $qqq $aapl $xom", "time": 1642104817.0, "sentiment": ""}, {"id": 426307520, "text": "$AAPL Apple needs a one-step block and delete option for spam text messages.  It is currently a cumbersome process when you have to do it repeatedly.", "time": 1642104794.0, "sentiment": ""}, {"id": 426307486, "text": "$AAPL Evercore ISI raises Target price to $210 from $200", "time": 1642104788.0, "sentiment": ""}, {"id": 426306464, "text": "$SPY $TSLA $AAPL My premium room is a ghost town!  No one wants to pay $100 a month to hear my gibberish.  #smart", "time": 1642104625.0, "sentiment": "Bullish"}, {"id": 426305614, "text": "$MSFT $TSLA free alerted yesterday and already going to print today. Not selling \u2705\ud83c\udfe6\ud83d\udc8e double up money \ud83d\udcb0 $NIO $AAPL", "time": 1642104499.0, "sentiment": "Bullish"}, {"id": 426305581, "text": "$AAPL come take a spin on the cyclone. I miss I you.", "time": 1642104493.0, "sentiment": "Bullish"}, {"id": 426303840, "text": "$AAPL juicy puts", "time": 1642104233.0, "sentiment": "Bullish"}, {"id": 426302180, "text": "$AAPL Simulated 177.5C for Thursday&#39;s open on StockOrbit. \n https://apps.apple.com/us/app/stockorbit/id1541560646", "time": 1642104009.0, "sentiment": ""}, {"id": 426302179, "text": "$AAPL $600M DP print at 175.53. Bullish above and bearish below", "time": 1642104009.0, "sentiment": ""}, {"id": 426301794, "text": "@KevinPeterson_ @JJDP it is near ath the biggest spy holdings are barely moving so it can&#39;t just continue running see $TSLA and $AAPL", "time": 1642103941.0, "sentiment": ""}, {"id": 426301630, "text": "Largest PUT OI increases $UBER $AAPL $ET $TSLA $PBR  \n \nhttp://staygreen.blackboxstocks.com/SH4G", "time": 1642103915.0, "sentiment": ""}, {"id": 426301594, "text": "$AAPL wow what a pos this stock is", "time": 1642103909.0, "sentiment": ""}, {"id": 426300795, "text": "$AAPL brought a shit ton of expiring 177.5 plz go to 180 today", "time": 1642103774.0, "sentiment": ""}, {"id": 426299057, "text": "$AAPL  \ud83c\udf4f The VIX:  17.70.   Nice.  Bulls love,  \nthe # 17.", "time": 1642103463.0, "sentiment": "Bullish"}, {"id": 426298366, "text": "$AAPL squeeze at open &gt;\ud83d\udea8", "time": 1642103334.0, "sentiment": "Bullish"}, {"id": 426298095, "text": "$AAPL stay the course! Hold don\u2019t panic!", "time": 1642103285.0, "sentiment": ""}, {"id": 426297486, "text": "Microsoft Is Set for a $3 Trillion Market Value. Here&#39;s Why.  $MSFT $AAPL $AMZN $FB $UBS \n\nhttps://newsfilter.io/a/d787d9bfb614cd60a8663bff178012bf", "time": 1642103180.0, "sentiment": ""}, {"id": 426297264, "text": "\ud83d\udea8 PRICE TARGET CHANGES \ud83d\udea8 :\n\n$GOOGL: Cowen Raises Target Price To $3,500 From $3,360\n\n$DE: Credit Suisse raises target price to $471 from $463\n\n$CAT: Credit Suisse raises target price to $275 from $240\n\n$AAPL: Baird raises target price to $185 from $170\n\nFOLLOW ME HERE FOR MORE \ud83d\udc48\ud83c\udffb \ud83d\udc8e", "time": 1642103138.0, "sentiment": "Bullish"}, {"id": 426296721, "text": "&#39;Mother of All IoT/AI Projects&#39;: Tesla $TSLA Has a Head Start But Apple $AAPL Could Achieve 2nd Mover Advantage in Autonomous Cars Says Morgan Stanley https://www.streetinsider.com/Analyst+Comments/Mother+of+All+IoTAI+Projects%3A+Tesla+%28TSLA%29+Has+a+Head+Start+But+Apple+%28AAPL%29+Could+Achieve+2nd+Mover+Advantage+in+Autonomous+Cars+Says+Morgan+Stanley/19455571.html", "time": 1642103034.0, "sentiment": ""}, {"id": 426296594, "text": "$AAPL Inflation is out of control", "time": 1642103010.0, "sentiment": ""}, {"id": 426296255, "text": "$AAPL mixed economic data\n\nThis should good news!", "time": 1642102941.0, "sentiment": "Bullish"}, {"id": 426296045, "text": "$AAPL $SPY looks weak .. after 3-4 days run get ready for sell off", "time": 1642102902.0, "sentiment": "Bearish"}, {"id": 426295949, "text": "$AAPL this is down while the other big tech stocks are up. What an ass", "time": 1642102882.0, "sentiment": ""}, {"id": 426295127, "text": "$SPY PPI 0.2 vs 0.4 expected. Bye bye bears $aapl", "time": 1642102727.0, "sentiment": "Bullish"}, {"id": 426294529, "text": "Apple paid out ~$60B to developers in 2021. That\u2019s about as much as Boeing does in total revenue \ud83e\udd2f\ud83d\udcb8  \n$AAPL $BA", "time": 1642102614.0, "sentiment": ""}, {"id": 426294521, "text": "$NVDA $AAPL Who&#39;s ready www.youtube.com/embed/D1NdGBldg3w&quot; I&#39;m so fat $AAPL and $NVDA I need to pump it!!!!", "time": 1642102613.0, "sentiment": "Bullish"}]