[{"id": 426258333, "text": "$AAPL  \n. \n174.00 incoming. \n.", "time": 1642086788.0, "sentiment": "Bearish"}, {"id": 426258174, "text": "$TSM $AAPL Taiwan Semiconductor Profit Boosted by High Demand, Tight Supply \n\nhttps://newsfilter.io/a/89fc1db95e523ea00536cd033e202e53", "time": 1642086612.0, "sentiment": ""}, {"id": 426257605, "text": "$AAPL Simulated 177.5C for Thursday&#39;s open on StockOrbit. \n https://apps.apple.com/us/app/stockorbit/id1541560646", "time": 1642086009.0, "sentiment": ""}, {"id": 426256543, "text": "$AAPL I&#39;m sure glad I got OTM weeklies while my broker is down. I just love sitting on those positions and leaving it up to fate", "time": 1642084676.0, "sentiment": "Bullish"}, {"id": 426255465, "text": "$AAPL  \n. \nPoaching talent away. \n.", "time": 1642083199.0, "sentiment": "Bearish"}, {"id": 426254990, "text": "$BRCHF yall early AF chill a few years\nand we do some $NVDA $AAPL $TSLA moves. I mean we already did the last year&#39;s but now it&#39;s ready for lift off", "time": 1642082618.0, "sentiment": ""}, {"id": 426254658, "text": "$AAPL $TSLA Efforts To Snag Apple Car Supply Chain Opportunities Lead To Formation Of Task Forces In South Korea \n\nhttps://newsfilter.io/a/92c95d65fcbbc5ef3178431bafaaddcd", "time": 1642082168.0, "sentiment": ""}, {"id": 426254564, "text": "$aapl expecting a retest red day tomorrow. $174 my pt. Loading there. $168 drop last week should sustain us. Volume low and held well. I see a small gap fill\ud83e\udd0f\ud83c\udffe\ud83d\udc47\ud83c\udffe. This is my first experience with the interest rate hikes watching to see how it plays out. I would think the wealthy seen it coming and corrected last week. \ud83e\udd1e\ud83c\udffe\ud83d\ude2c\ud83d\udc40", "time": 1642082064.0, "sentiment": "Bullish"}, {"id": 426253976, "text": "$AAPL $175.4 in Europe lolll", "time": 1642081352.0, "sentiment": ""}, {"id": 426253718, "text": "$AMD Brutal tomorrow, PPI w/in range of consensus and it will coalesce with CPI and tech will freefall.\n\nEverything else won&#39;t be far behind either .\nIt&#39;s one thing for sellers to have to raise prices to consumers but it&#39;s entirely another when costs of goods sold or produced comes in as too high a #. \n\n$NVDA $XLK $AAPL", "time": 1642081071.0, "sentiment": ""}, {"id": 426253521, "text": "$UPST $TSLA $ABNB $AAPL \u201cit\u2019s something wrong with whole way of life\u201d-lil baby \ud83d\ude4f\ud83c\udffe#praystayouttheway \ud83e\udd19\ud83c\udffe", "time": 1642080845.0, "sentiment": ""}, {"id": 426253158, "text": "$AAPL http://www.businesskorea.co.kr/news/articleView.html?idxno=85977", "time": 1642080450.0, "sentiment": ""}, {"id": 426253131, "text": "$AAPL $AMZN $TSLA $QQQ $SPY \ud83d\ude02 I definitely feel like insiders prepped last week. Slight pullbacks definitely from a few selloff s but skies look clear \u2708\ufe0f", "time": 1642080423.0, "sentiment": ""}, {"id": 426252289, "text": "$UPST $TSLA $ABNB $AAPL if you are consuming negative content with no substance behind it from people that add no value or real information. Whether on here or other social media / YouTube / tv etc. Block or reevaluate how you consume information. It\u2019s poison for your mind and affects you without you realizing. Especially with investing.", "time": 1642079529.0, "sentiment": ""}, {"id": 426252231, "text": "Apple Supplier TSMC&#39;s Q4 Profit Jumps 16.4% Amid Higher Chip Demand  $AAPL $TSM $NVDA \n\nhttps://newsfilter.io/a/797c5e6c9ebd20ecba5d35881be6d13c", "time": 1642079468.0, "sentiment": ""}, {"id": 426251686, "text": "$TSM TSMC guidance is US$16.6 billion to US$17.2 billion for 1Q22, UP 31% OVER 1Q21 \n \nAre you f*cking kidding me?  HA HA - semis are huge!   \n \nDon&#39;t believe the narrative that semis are overvalued.  They are the one sector that deserves a high valuation. \n \nSemis are in EVERYTHING! \n$NVDA $AMD $QCOM $AAPL", "time": 1642078984.0, "sentiment": "Bullish"}, {"id": 426250160, "text": "$AAPL Why is it that when this opens green it starts dropping 30 minutes later. But when it opens red it just keeps dropping. One day open red please and then sky rocket past the fucking moon.", "time": 1642077655.0, "sentiment": ""}, {"id": 426248981, "text": "$BTC.X $ETH.X $TSLA $AAPL are this pics  supposed to be worth something? It isn\u2019t art. It looks like a kindergarten class project.  Its totally lame. If t hide were  a 42 \u201cx 30 \u201c painting would you put it  on your wall to impress your latest flame or friends with your sophistication or to amuse a 5 year old.  It\u2019s hideous Shit the problem e with the NFTS I\u2019ve seen r to date is they display no aesthetic value just an enormous lack of cultural/ aesthetic value. They\u2019re dumb and uncreative.", "time": 1642076785.0, "sentiment": ""}, {"id": 426248831, "text": "$TSLA $AAPL printing all day again tomorrow \ud83d\ude0d\ud83e\udd19\ud83e\udd2e\ud83d\udcb5\ud83d\udcb5\ud83d\udcb5\ud83d\udcb5\ud83d\udcb5\ud83d\udcb5\ud83d\udcb5\ud83d\udcb5\ud83d\udcb5\ud83d\udcb5", "time": 1642076672.0, "sentiment": "Bullish"}, {"id": 426248827, "text": "$NVDA I mean this a huge ER beat for $TSM, no other way to describe it... \n \nYear-over-year, fourth quarter revenue increased 21.2% while net income and diluted EPS both increased 16.4% \n$AMD $QCOM $AAPL", "time": 1642076669.0, "sentiment": "Bullish"}, {"id": 426248822, "text": "$BTC.X $ETH.X $TSLA $AAPL I would pay $1 billion for any of those\u2026 a steal!  Ugh so friggin dumb lol", "time": 1642076660.0, "sentiment": ""}, {"id": 426247550, "text": "$AAPL $AMZN $TSLA $QQQ $SPY Run away inflation and COVID. Market will have a 10-20% correction", "time": 1642075751.0, "sentiment": "Bearish"}, {"id": 426247442, "text": "$AAPL AAPL 2022-01-12 Technical Analysis Video: \nhttps://www.youtube.com/watch?v=qSZJhfeTyyI", "time": 1642075684.0, "sentiment": ""}, {"id": 426246724, "text": "$BTC.X  Laid Back Llamas NFT $ETH.X $TSLA $AAPL", "time": 1642075212.0, "sentiment": ""}, {"id": 426246722, "text": "$AAPL Simulated 177.5C for Thursday&#39;s open on StockOrbit. \n https://apps.apple.com/us/app/stockorbit/id1541560646", "time": 1642075211.0, "sentiment": ""}, {"id": 426246712, "text": "$AAPL Yesterday was its day to explode and it did in mid air and crashed back down. Futures are now down and we continue with the shit red days. I small not even optimistic that if it blows out ER we still get a red day.\n\nPessimistic Bears are now controlling the market.", "time": 1642075207.0, "sentiment": "Bearish"}, {"id": 426246336, "text": "watchlist jan 13 \n\n$AAPL  | Apple To Raise Prices Of Apps, In-App Purchases In 3 Regions\n- Cites Change In Taxes Or Foreign Exchange \n\n$MSFT  -MICROSOFT HIRES KEY APPLE ENGINEER TO DESIGN THEIR OWN SERVER CHIPS. $MSFT | $AAPL \n\n$COIN - $COIN | Coinbase To Buy FairX, CFTC-Regulated Derivatives Exchange\n\n $RBLX - unusual option\n\n $MRIN-Marin Software, a leading provider of digital marketing software for performance-driven advertisers and agencies, has added the ability to manage LinkedIn Marketing Solutions campaigns to its flagship MarinOne platform. The MarinOne integration with LinkedIn&#39;s Campaign Management and Reporting &amp; ROI APIs gives advertisers better insights and improves the performance of their LinkedIn campaigns through machine learning and automation.", "time": 1642075008.0, "sentiment": "Bullish"}, {"id": 426245300, "text": "$SPY Hust so we&#39;re clear, going above the 20 DA good, NOT staying above it bad.\n\nFor those that want to see what averages are to breach or break thru.....\n\nDon&#39;t give me no b.s. you close either, bottom line, you did not end there, even futures DID NOT END YOU THERE.\n\nWe good?\nComprende`?\n\n$QQQ $AAPL $SPXL", "time": 1642074454.0, "sentiment": "Bearish"}, {"id": 426244135, "text": "$AAPL my favorite/current Apple subscription!!! Which Apple subscription you have?", "time": 1642073808.0, "sentiment": "Bullish"}, {"id": 426243876, "text": "$SPY $AAPL $TSLA \nPaul Volker prevailed by delivering shock therapy, driving the economy into a deep recession to persuade Americans to abandon their entrenched expectation that prices would keep rising rapidly. \n\nThe cost was steep as consumer stopped buying homes and cars millions of workers lost their jobs.\n\nSlay the inflation dragon and induce a recession or hyperinflation? You decide Jay.", "time": 1642073671.0, "sentiment": ""}]