[{"id": 426407905, "text": "$AAPL ..TXTM..TXTM...new millionaires will be", "time": 1642114919.0, "sentiment": "Bullish"}, {"id": 426407694, "text": "$AAPL..TXTM..yes she&#39;s ready load up or just watch her hit 1000%+", "time": 1642114893.0, "sentiment": "Bullish"}, {"id": 426406818, "text": "$AAPL to many puts placed \ud83d\ude02", "time": 1642114791.0, "sentiment": "Bullish"}, {"id": 426406789, "text": "$AAPL $RBLX loaded more leap calls. Let\u2019s go.", "time": 1642114788.0, "sentiment": "Bullish"}, {"id": 426405559, "text": "$AAPL have to break 177$ wall", "time": 1642114636.0, "sentiment": ""}, {"id": 426405528, "text": "$AAPL About to go *BOOM*?", "time": 1642114631.0, "sentiment": ""}, {"id": 426404905, "text": "$AAPL its called BUILDING A BASE WOOOO", "time": 1642114558.0, "sentiment": "Bullish"}, {"id": 426404403, "text": "$AAPL has an average volume of 96038800. This is a good sign as it is always nice to have a liquid stock. https://www.chartmill.com/stock/quote/AAPL/technical-analysis?key=bb853040-a4ac-41c6-b549-d218d2f21b32&amp;utm_source=stocktwits&amp;utm_medium=TA&amp;utm_content=AAPL&amp;utm_campaign=social_tracking", "time": 1642114500.0, "sentiment": ""}, {"id": 426404199, "text": "$aapl I think by now the consensus evaluation is wayy above 3T", "time": 1642114478.0, "sentiment": ""}, {"id": 426403783, "text": "$GGPI $AAPL $WMT \ud83d\ude4b\u26a1\ud83d\udd0b\nhttps://finance.yahoo.com/news/ggpi-stock-accelerates-polestar-hits-160556622.html?.tsrc=rss", "time": 1642114431.0, "sentiment": ""}, {"id": 426403202, "text": "$AAPL shit was that the europe close smh", "time": 1642114359.0, "sentiment": ""}, {"id": 426403122, "text": "$AAPL Apple Again Inches Toward $3 Trillion as Street Awaits Earnings and AR Glasses \n\nhttps://newsfilter.io/a/efe3b08f0558a16a6291577a34d827ee", "time": 1642114348.0, "sentiment": ""}, {"id": 426402743, "text": "$SPY $DJIA $QQQ $AAPL $TSLA \n \nSorry JDADDY....but still printing and handing BILLIONS of dollars to your Wall Street buddies when the average American is struggling with 7% inflation does not make you a &quot;genius&quot; or a &quot;hero&quot; \n \nIt makes you a CHARADE!", "time": 1642114303.0, "sentiment": ""}, {"id": 426402719, "text": "$AAPL accumulate today tomorrow forever!!!", "time": 1642114301.0, "sentiment": ""}, {"id": 426400407, "text": "$AAPL \n\nThe performance of one month is negative so this is expected to push back to 10 to 14 percent within one month\n\nMeaning the current price within 1 mth is 190\n\nSo this is still over sold based on 1 mth performance!", "time": 1642114032.0, "sentiment": "Bullish"}, {"id": 426398099, "text": "AAPL vs. AMZN: Jim Cramer Picked The Right One\n\n$AAPL $AMZN\n\nhttps://www.thestreet.com/apple/news/aapl-vs-amzn-jim-cramer-picked-the-right-one", "time": 1642113775.0, "sentiment": ""}, {"id": 426397715, "text": "$AAPL", "time": 1642113731.0, "sentiment": "Bullish"}, {"id": 426396705, "text": "Top Bearish Flow Today \ud83c\udfce\ufe0f: $AAPL with Total Put Flow total premium worth $2.6M Ranking #11 for the day | Real-Time Flow with SweepCast.com or Join Premium Room!", "time": 1642113625.0, "sentiment": ""}, {"id": 426396678, "text": "$AAPL max pain for next week is 150", "time": 1642113622.0, "sentiment": "Bearish"}, {"id": 426396042, "text": "$AAPL ", "time": 1642113551.0, "sentiment": "Bullish"}, {"id": 426394382, "text": "$AAPL what is going on with aapl??? Has 175 turned from support to resistance???", "time": 1642113365.0, "sentiment": ""}, {"id": 426394184, "text": "$AAPL accumulation for Earnings is what is happening lol. Its all Good. $177.5 tomorrow!", "time": 1642113343.0, "sentiment": "Bullish"}, {"id": 426393608, "text": "$AAPL the entire stock market is manipulated by the govt and the hedge funds. It\u2019s a total joke. This is why/how you know BTC will be the ultimate long term winner. It\u2019s the only way for the people to get their power back from total corruption.", "time": 1642113276.0, "sentiment": ""}, {"id": 426392674, "text": "$AAPL", "time": 1642113171.0, "sentiment": ""}, {"id": 426392585, "text": "$AAPL I sthink I stop investing AAPL...fucking sux...all manipulate.", "time": 1642113160.0, "sentiment": ""}, {"id": 426391491, "text": "$AAPL $177.5 tomorrow! I d buy $175 calls had i not already been short the $177.5 puts \ud83d\ude0e", "time": 1642113047.0, "sentiment": "Bullish"}, {"id": 426391294, "text": "$AAPL", "time": 1642113027.0, "sentiment": "Bullish"}, {"id": 426390893, "text": "$AABB $AAPL $TSLA $GOOG $MSFT Q1 2022 will replicate last years Q1 2021 OTC stocks will run hard some will really run very BIG!! https://news.dailybubble.com/2022/01/13/7-penny-stocks-redditors-love-that-are-moving-higher/", "time": 1642112989.0, "sentiment": "Bullish"}, {"id": 426390068, "text": "$SPY $TSLA $MSFT $AAPL Many in my life may be eligible.", "time": 1642112904.0, "sentiment": "Bullish"}, {"id": 426389604, "text": "$AAPL Who out there believes that we go green end of day. Give a \ud83d\udc4dif you do.\ud83d\udc4d\ud83d\udc4d\ud83d\udc4d", "time": 1642112852.0, "sentiment": "Bullish"}]