[{"id": 426337908, "text": "$AAPL Great dip for the day. The dip recovery will tell us yes or no", "time": 1642108006.0, "sentiment": "Bullish"}, {"id": 426337469, "text": "$AAPL No reason for AAPL stock to stall like this, this manipulation by Wall Street and media CROOKS is beyond ridiculous !", "time": 1642107964.0, "sentiment": ""}, {"id": 426336653, "text": "$AAPL support at 175.80.", "time": 1642107883.0, "sentiment": ""}, {"id": 426335682, "text": "$WYNN $TSLA $AAPL $QQQ $SPY Just tested positive for COVID even though I am fully vaccinated with the booster. Guess my trip to Las Vegas this weekend is canceled", "time": 1642107791.0, "sentiment": "Bearish"}, {"id": 426335350, "text": "more 6 month puts worth a gamble $AAPL", "time": 1642107755.0, "sentiment": ""}, {"id": 426334617, "text": "$AAPL short 175.90", "time": 1642107681.0, "sentiment": ""}, {"id": 426334207, "text": "$AAPL lol just give me one dip", "time": 1642107642.0, "sentiment": ""}, {"id": 426334002, "text": "$AAPL $AMZN $TSLA $QQQ $SPY market going RED in the next hour", "time": 1642107627.0, "sentiment": "Bearish"}, {"id": 426332904, "text": "$AAPL low volume today, what\u2019s going on ?", "time": 1642107526.0, "sentiment": "Bullish"}, {"id": 426332871, "text": "$AAPL can we pick a direction?!", "time": 1642107523.0, "sentiment": ""}, {"id": 426332658, "text": "$AAPL here we go\u203c\ufe0f", "time": 1642107504.0, "sentiment": "Bullish"}, {"id": 426332491, "text": "$AAPL constructive action - shares are consolidating. Best in class. Fortress balance sheet. Stay long.", "time": 1642107489.0, "sentiment": "Bullish"}, {"id": 426332288, "text": "$AAPL come on. Move.", "time": 1642107469.0, "sentiment": ""}, {"id": 426332204, "text": "$AAPL  1.6 MILLION of its users are awaiting the launch of its highly anticipated DIGITAL WALLET  coming out this month.  \n \n Robinhood&#39;s new wallet will support deposit and withdrawal of cryptocurrencies including Bitcoin, Dogecoin, and Ether.  \n  \nSHORTS HAVE NOT COVERED SINCE IPO.A GAMESTOP, CRYPTO WALLET  IN THE MAKING COMPANY, HOOD is CURRENTLY TRADING 50% below its IPO PRICE.   \n   \n30.5+ MILLION SHARES SHORTED IN HOOD (SINCE DEC 15, 2021). HOOD got 7.38  Billion cash at hand UNLIKE many HIGH FLYING companies are in debt.   \n   \n    A perfect omicron storm is brewing up for RobinHOOD; People gamble when there is lockdown (coming) and when there is nothing to do. RobinHOOD will accelerate its growth during this time.   \n   \nHOOD is a CASH COW  company with 7+ billion, no dilution. No debt.   \n                               $SQUEEZE  is imminent$", "time": 1642107462.0, "sentiment": "Bullish"}, {"id": 426332007, "text": "$SPY $QQQ $VIX $VIX $AAPL  \n \nThe dedication bears have to bankruptcy is second to none.", "time": 1642107444.0, "sentiment": "Bullish"}, {"id": 426331909, "text": "$AAPL market needs to pick a direction $SPY", "time": 1642107434.0, "sentiment": ""}, {"id": 426331800, "text": "$VIAC just have to ask yourself one question? Is the buyout price from $aapl or $nflx going to be higher from here? Answer is yes.", "time": 1642107423.0, "sentiment": ""}, {"id": 426331662, "text": "$AAPL Let&#39;s see it now.", "time": 1642107411.0, "sentiment": "Bullish"}, {"id": 426331436, "text": "$AAPL: In looking purely at the historic price action, at the current price of $176.01 (as of 1/13/22 9:56 AM), this stock is at FAIR EXPECTED VALUE &amp; therefore, PERFECTLY PRICED. \n \nThis stock is trending upwards based on its moving average and is performing perfectly in line with market performance levels but not outperforming it. \n \nI&#39;m rating this stock a 7/10 based on its current situation\ud83d\ude0a  \n \nThe Positive Sentiment Price level is between $145.07-$174.08.  \n \nFor me, a short/long term Sell target for active traders from the current price would be between $189.72-$203.09.  \n \nOne year ago from today, $AAPL was trading at $130.92 so at the current price, $AAPL is up 34.07%! \n \n \ud83d\udcb0Want to know if a stock is undervalued before you buy in real-time, tag me with a stock symbol &amp; I&#39;d be happy to analyze it! :) Plz also follow :) \n \nhttps://www.youtube.com/watch?v=yd84VDW2v_4", "time": 1642107388.0, "sentiment": ""}, {"id": 426331332, "text": "$TSLA   More Millionaires Being Made  !!  Love $TSLA $AAPL", "time": 1642107377.0, "sentiment": "Bullish"}, {"id": 426330477, "text": "$AAPL Me and the bois in Cupertino after Jan 27th Gains", "time": 1642107293.0, "sentiment": "Bullish"}, {"id": 426330264, "text": "@_HCMC_MoneyTeam_GNCP_ \n\nTony you  nailed $AMD again . Thank you sir ! \n\nIf you aren\u2019t following you should be , guys a beast $INTC $MCD $AAPL", "time": 1642107273.0, "sentiment": ""}, {"id": 426330029, "text": "$AAPL", "time": 1642107251.0, "sentiment": "Bearish"}, {"id": 426329931, "text": "$AAPL Where ate my fucking big green candles.", "time": 1642107241.0, "sentiment": "Bullish"}, {"id": 426328686, "text": "$AAPL Shorts nervous. $177.5 tomorrow wooo. Close there and its gonna be amazing next week.", "time": 1642107134.0, "sentiment": "Bullish"}, {"id": 426328447, "text": "$AAPL another burning options day from apple", "time": 1642107113.0, "sentiment": ""}, {"id": 426327366, "text": "$AAPL 27 call contracts for feb 4.", "time": 1642107020.0, "sentiment": "Bullish"}, {"id": 426327171, "text": "$AAPL: The long and short term trends are both positive. This is looking good! https://www.chartmill.com/stock/quote/AAPL/technical-analysis?key=bb853040-a4ac-41c6-b549-d218d2f21b32&amp;utm_source=stocktwits&amp;utm_medium=TA&amp;utm_content=AAPL&amp;utm_campaign=social_tracking", "time": 1642107002.0, "sentiment": ""}, {"id": 426325599, "text": "$AAPL Let&#39;s go 177.5 calls \ud83d\udd25", "time": 1642106859.0, "sentiment": "Bullish"}, {"id": 426324923, "text": "$AAPL darn my puts got destroy, smfh", "time": 1642106804.0, "sentiment": ""}]