[{"id": 426389582, "text": "$AAPL been trying to keep spy up all morning, are we exhausted yet? ready for 173", "time": 1642112850.0, "sentiment": "Bearish"}, {"id": 426389453, "text": "$SPY Why the waffling, can&#39;t you just quit it and shuffle on down to under 460 and complete diamond-etrically opposed pattern to your future success? \n\n$F $QQQ $AAPL", "time": 1642112836.0, "sentiment": ""}, {"id": 426389349, "text": "$AAPL uh oh", "time": 1642112825.0, "sentiment": "Bullish"}, {"id": 426389306, "text": "$SPY $TSLA $AAPL", "time": 1642112820.0, "sentiment": "Bullish"}, {"id": 426388885, "text": "$AAPL What a teaser \ud83d\ude08", "time": 1642112775.0, "sentiment": "Bearish"}, {"id": 426388341, "text": "$AAPL selling my shares I see a major dip coming", "time": 1642112719.0, "sentiment": "Bearish"}, {"id": 426387857, "text": "$AAPL this is just hanging on", "time": 1642112670.0, "sentiment": "Bearish"}, {"id": 426387386, "text": "$KT EXPECTS 6.8% DIVIDEND YIELD THIS YEAR, DIJKO BUSINESS VALUE REVALUATION\n\nhttps://m.stock.naver.com/domestic/stock/030200/news/view/008/0004695557\n\n$AAPL $MSFT $TSLA $SPY", "time": 1642112620.0, "sentiment": ""}, {"id": 426386834, "text": "$NIO Jay Powell was slow in dropping the  rates during the covid and lack of enough understanding of inflation during the post covid with all the government spending. If him and his committee wouldn\u2019t have underestimate inflation and would\u2019ve signaled rate hike on the horizon mid last year this market melt down wouldn\u2019t had happened to this extend.\nNot only they didn\u2019t admit the inflation but assessed of transitory effect.\nNow hang in there till inflation is factored into the market.\n$AAPL $NVDA $GOOG $FB", "time": 1642112561.0, "sentiment": "Bullish"}, {"id": 426386189, "text": "Unusual Options Activity: $AAPL is the #11 ticker with unusual activity from institutional traders with an average of 10% out of the money, a leading indicator of market movement.\n\nMarket analysis and options contracts included in screenshot of dashboard from http://insiderfinance.io.", "time": 1642112495.0, "sentiment": ""}, {"id": 426385709, "text": "$AAPL  break below 174 first", "time": 1642112442.0, "sentiment": "Bearish"}, {"id": 426385214, "text": "$AAPL always good to get appl!", "time": 1642112399.0, "sentiment": ""}, {"id": 426385193, "text": "$AAPL  eow below 170", "time": 1642112397.0, "sentiment": "Bearish"}, {"id": 426384563, "text": "$SPY  Outlooks really got a shot in the arm this morning for Q1.\n\nOH, no, LOL, that is not a positive vernacular?\n\nThink &quot;Covid booster.&quot; \n\n$F $QQQ $AAPL", "time": 1642112337.0, "sentiment": ""}, {"id": 426384315, "text": "$AMZN - You\u2019re short-term exhaustion is another patient investor\u2019s opportunity.\n\nTake $AAPL for example. Back in April 2012 Apple hit $22. It then didn\u2019t get over that amount again for 2 YEARS before it started going up again.\n\nIt\u2019s now up 700% from then.", "time": 1642112313.0, "sentiment": "Bullish"}, {"id": 426384294, "text": "$AAPL  round 2 - sub 160s", "time": 1642112310.0, "sentiment": "Bearish"}, {"id": 426383122, "text": "$AAPL Buy buy buy \ud83e\udd11\ud83e\udd11\ud83e\udd11", "time": 1642112192.0, "sentiment": "Bullish"}, {"id": 426381798, "text": "$AAPL \n\n1 day and 5 day are very oversold trend ..\n\nPush up will occur after EU closes!", "time": 1642112061.0, "sentiment": "Bullish"}, {"id": 426381494, "text": "$NVDA  $TSLA  $GME  $AAPL  wtf literally everything is down erasing last years gains , honestly what\u2019s happening ?", "time": 1642112030.0, "sentiment": "Bullish"}, {"id": 426381279, "text": "$AAPL pelosi just sold some", "time": 1642112008.0, "sentiment": "Bearish"}, {"id": 426381118, "text": "$AAPL can\u2019t always go straight up", "time": 1642111991.0, "sentiment": ""}, {"id": 426381054, "text": "$AAPL Until Apple find its legs it will be a drag on the entire market, Dow, S&amp;P and Nasd.", "time": 1642111985.0, "sentiment": ""}, {"id": 426378854, "text": "$SPY $AAPL $TSLA It\u2019s called \u201crunaway inflation\u201d", "time": 1642111766.0, "sentiment": ""}, {"id": 426378461, "text": "$AAPL \n\nJust found out that short interest has decreased from 0.69 to 0.59 \n\nThey are scared and retreating .. that\u2019s good thing\n\nThis is a very bullish stock", "time": 1642111725.0, "sentiment": "Bullish"}, {"id": 426378342, "text": "$AAPL Looking like these $172.5 Puts will actually pay out a lil bit", "time": 1642111712.0, "sentiment": "Bearish"}, {"id": 426378209, "text": "$AAPL it\u2019s breaking down. We might see 170 by tomorrow. I\u2019ve seen this bull trap type of action on AAPL many times", "time": 1642111699.0, "sentiment": "Bearish"}, {"id": 426377982, "text": "$NVNXF $LLKKF $LCID $NIO $AAPL", "time": 1642111676.0, "sentiment": "Bullish"}, {"id": 426377943, "text": "$AAPL gonna breakdown soon", "time": 1642111672.0, "sentiment": "Bearish"}, {"id": 426377935, "text": "$MSFT my dream prices: $MSFT under 300, $AAPL under 150, $COST 450, $UNH $400, $RTX under 80.  Now I just have to work on actually adding when the opportunities present themselves haha.  GL!", "time": 1642111671.0, "sentiment": ""}, {"id": 426377584, "text": "$AAPL Don&#39;t get offended, but I still use my Nokia anyways... I&#39;m Just not into these Apple and iPhones. Nokia 3310 and you Will enjoy some rest. Well wasn&#39;t she a beauty?", "time": 1642111639.0, "sentiment": ""}]