[{"id": 426324485, "text": "$SPY Below 471.17 VERY SOON, guys, careful-careful-careful, ALL things, stocks , and the flush through could be very violent \ud83d\udc4c $QQQ $AMD $AAPL", "time": 1642106764.0, "sentiment": ""}, {"id": 426323484, "text": "@R0yaLTEA nah not tomorrow lol $aapl", "time": 1642106674.0, "sentiment": ""}, {"id": 426322980, "text": "$AMZN  $FB  $AAPL \ud83d\udcaa\ud83d\udcc8\ud83d\udcb0\u2714\ufe0f", "time": 1642106628.0, "sentiment": "Bullish"}, {"id": 426322394, "text": "$AAPL search \ud83d\udd0d my messages as always I predicted the future tmr on Friday \n3 trillion market cap returns $182.86 . I am the CEO of #Babemafia I predicted the future as if I control the events", "time": 1642106576.0, "sentiment": "Bullish"}, {"id": 426322330, "text": "@LetsdothisGANUTIS Elon and Musk only have other people\u2019s money too, it just happens to be theirs now.  It\u2019s not as if there is anything one can do to earn money of the magnitude that the richest have.  It\u2019s just pushing decimal places around.  Look on the bright side, a billion dollars is the difference in the bid ask spread on $AAPL.  This whole company is valued less than the   quarterly revenue from Apple Watch.  It\u2019s priced as a hobby.", "time": 1642106571.0, "sentiment": ""}, {"id": 426321421, "text": "$AAPL tomorrow is final shakeout day. Hoping for a $177.5 close tomorrow so we can see about $190 by 25th", "time": 1642106487.0, "sentiment": "Bullish"}, {"id": 426320849, "text": "$AAPL macd cross. Will be choppy but should be a very good day", "time": 1642106435.0, "sentiment": "Bullish"}, {"id": 426320380, "text": "$AAPL i like today", "time": 1642106392.0, "sentiment": "Bullish"}, {"id": 426320359, "text": "$MU $AMD $AAPL Lets go Chips!", "time": 1642106390.0, "sentiment": "Bullish"}, {"id": 426320344, "text": "$AAPL $AMZN $TSLA $QQQ $SPY Everything is shutting down again. Not by choice. EVERYONE is out sick. Happening at the worst time possible as the FED HAS to tighten with out of control inflation. More supply disruptions will cause even higher inflation. Stagflation will be huge. Crappy economy with rising inflation. Worst senario for stocks 20% correction over next 2 months is unavoidable at this point", "time": 1642106388.0, "sentiment": "Bearish"}, {"id": 426320208, "text": "$AAPL", "time": 1642106375.0, "sentiment": "Bullish"}, {"id": 426320111, "text": "$AAPL eat your fruits!!", "time": 1642106366.0, "sentiment": "Bullish"}, {"id": 426319961, "text": "$aapl might buy 2 weeks out calls on this name tomorrow.", "time": 1642106352.0, "sentiment": "Bullish"}, {"id": 426318805, "text": "$AABB Global Merchants accepting AABBG.X Gold are popping up all over the Globe now on 5 continents. If you would like to set up your business to accept AABBG.X Gold as payments you can do so through $AAPL app store and $GOOG $GOOGL play. $TSLA Today is a good day to set up your business to accept Gold as payments and a good day to LOAD UP!! on $AABB", "time": 1642106245.0, "sentiment": "Bullish"}, {"id": 426318376, "text": "$AAPL", "time": 1642106208.0, "sentiment": "Bullish"}, {"id": 426317853, "text": "$AAPL", "time": 1642106164.0, "sentiment": ""}, {"id": 426317795, "text": "$AAPL $tsm earnings is the bull confirmation you need to diamond hand this till at least ER", "time": 1642106158.0, "sentiment": "Bullish"}, {"id": 426317541, "text": "$AAPL is about to make $SPY hit that level up \ud83d\udc02\ud83d\ude80\ud83d\udcc8\ud83e\udd73", "time": 1642106135.0, "sentiment": "Bullish"}, {"id": 426316774, "text": "$AAPL taking profits here cuz I got paper hands", "time": 1642106061.0, "sentiment": ""}, {"id": 426315604, "text": "\u201cConservatively, should the AR offering have a comparable trajectory as Apple Watch it could contribute $18.1B to sales. In a bullish scenario\u2026\u201d \n \nRaises Price Target To $210 \n \n$AAPL  \n \nhttps://www.ped30.com/2022/01/13/apple-reality-wars-daryanani/", "time": 1642105946.0, "sentiment": "Bullish"}, {"id": 426315037, "text": "&quot;Apple Inc.\u2019s most important chipmaker is now projecting average sales growth of 15% to 20% annually \u2014 as much as DOUBLE its previous expectation.&quot;  \n \n=== as much as DOUBLE its previous expectation === \n \n$AAPL \n \nhttps://finance.yahoo.com/news/tsmc-profit-beats-estimates-thanks-053548721.html", "time": 1642105876.0, "sentiment": "Bullish"}, {"id": 426313913, "text": "$AAPL back to 3t (again)", "time": 1642105729.0, "sentiment": "Bullish"}, {"id": 426313575, "text": "$VIAC boom. How many more billions hitting Shari&#39;s coffers today? $CMCSK getting the best content period. Tim Cook should hurry before he&#39;s paying $80+ $AAPL.", "time": 1642105687.0, "sentiment": ""}, {"id": 426313557, "text": "Here\u2019s What Makes Apple Inc. (AAPL) A Great Investment Pick - Insider Monkey $AAPL  https://www.insidermonkey.com/blog/heres-what-makes-apple-inc-aapl-a-great-investment-pick-1020622/", "time": 1642105684.0, "sentiment": ""}, {"id": 426312590, "text": "$AAPL Good luck today everyone let\u2019s make some money", "time": 1642105566.0, "sentiment": ""}, {"id": 426312525, "text": "$AAPL  \nApple Sales and ownership overtaking PC&#39;s.... \nhttps://seekingalpha.com/news/3787581-apple-gains-market-share-as-macs-grow-twice-the-rate-of-pcs-in-q4", "time": 1642105557.0, "sentiment": "Bullish"}, {"id": 426312017, "text": "January 13, 2022 \n$SPY $471 to $473. Over $473.30 to $475. Below $471 to $470-$469 \n  \n$AAPL $174.50 to $175.70. Over $176 to $176.85. Below $174.50 to $173.50 \n  \n$BA $220 to $223. Over $223 to $225. Over $225 every $1 above. Below $220 to $218 \n  \n$NVDA $280 to$285. Over $285 to $290. Below $280 to $275 \n  \n$AMD $138 to $140. Over $140 to $142-$142.70. Below $138 to $136-$135", "time": 1642105482.0, "sentiment": ""}, {"id": 426311548, "text": "@frylobster $AAPL has had 5 forward splits . AAPL is not behind !!   the share price would be over 26k a share if not for all the forward splits. You must be new to trading", "time": 1642105417.0, "sentiment": "Bullish"}, {"id": 426310275, "text": "@derivativedon @diazcos $SPY once we get into increasing shares ONLY , never selling them, we start to use the power of options to control risk. \n \nI did this with $AAPL buying shares non-stop for 5+ years and now after 2 splits I sit on 17,000 shares (almost) and can sell 170 call contracts a week while watching my holding increase 2 million $$ since covid scared weak $$.", "time": 1642105223.0, "sentiment": ""}, {"id": 426309397, "text": "&quot;TSMC raised its revenue growth projections and unveiled plans to spend as much as $44 billion expanding in 2022, signaling confidence that voracious demand for iPhones and chips will persist for years.&quot; \n \nHorace Dediu on Twitter on $AAPL &amp; $TSM", "time": 1642105096.0, "sentiment": "Bullish"}]