[{"id": 426418532, "text": "$AAPL buy this. Last chance before ER", "time": 1642116102.0, "sentiment": ""}, {"id": 426418303, "text": "$AAPL hurry. Hedge. \n https://www.reddit.com/r/Epic_Economics/comments/s34gs1/price_instability_crypto_contagion_causing_new/?utm_source=share&amp;utm_medium=ios_app&amp;utm_name=iossmf", "time": 1642116081.0, "sentiment": "Bearish"}, {"id": 426417919, "text": "$AAPL wtf !", "time": 1642116044.0, "sentiment": ""}, {"id": 426417148, "text": "$AAPL closed for a smooth 50% profit. Good luck all. I\u2019m out", "time": 1642115965.0, "sentiment": ""}, {"id": 426417052, "text": "$AAPL puts buy puts forming evening star pattern , let\u2019s go puts are gonna print!!", "time": 1642115957.0, "sentiment": ""}, {"id": 426416862, "text": "$AAPL wtf happening", "time": 1642115937.0, "sentiment": ""}, {"id": 426416697, "text": "$AAPL NEW ARTICLE : 8 Outstanding Tech Hardware Stocks BofA Says to Buy Now https://www.stck.pro/news/AAPL/21256801", "time": 1642115920.0, "sentiment": ""}, {"id": 426416307, "text": "$AAPL there is the breakdown I discussed earlier. 170 by tomorrow is likely", "time": 1642115881.0, "sentiment": "Bearish"}, {"id": 426416273, "text": "$AAPL  covered at 173.90..+2/share", "time": 1642115878.0, "sentiment": ""}, {"id": 426416037, "text": "$AAPL I\u2019m not greedy by any means, but for F sakes, can we not just test the 50 day?  Just the 50.  Jesus Christ.", "time": 1642115851.0, "sentiment": "Bearish"}, {"id": 426415741, "text": "$AAPL #btfd", "time": 1642115820.0, "sentiment": ""}, {"id": 426415316, "text": "$AAPL wow the games being played here smh ...\n\nwhere is WSB ?? Lol. \n\n#apple200", "time": 1642115775.0, "sentiment": "Bullish"}, {"id": 426415075, "text": "$AAPL lol bears.... 4 hr low volume pullback to 9ema.... Time to Yolo some $180 calls", "time": 1642115749.0, "sentiment": "Bullish"}, {"id": 426415067, "text": "$AAPL my puts are green AF. Now I\u2019m debating holding till eod tomorrow or close toward eod today and buy them back at the morning \ud83e\udd14\ud83d\udd2e\ud83c\udfcc\ufe0f\u200d\u2642\ufe0f", "time": 1642115748.0, "sentiment": "Bearish"}, {"id": 426414723, "text": "$AAPL futes look bad!!!", "time": 1642115711.0, "sentiment": "Bearish"}, {"id": 426414430, "text": "$AAPL lol \u2b07\ufe0f this fool. Call people out and get called out. I win \ud83e\udd47", "time": 1642115676.0, "sentiment": ""}, {"id": 426413014, "text": "$AAPL 170 tomorrow", "time": 1642115512.0, "sentiment": ""}, {"id": 426412782, "text": "$AAPL WS pumping airlines $$$$$$$$$$$$$$", "time": 1642115485.0, "sentiment": ""}, {"id": 426412735, "text": "$AAPL https://techcrunch.com/2022/01/13/pubg-mobile-maker-krafton-sues-apple-google-and-rival-game-developer-garena-over-clones/?tpcc=tcplustwitter&amp;s=09 $SPY #WhosKnow???", "time": 1642115478.0, "sentiment": "Bearish"}, {"id": 426412603, "text": "$AAPL Way too easy $$$$$$$$$$$$$$$$$$$$$$$", "time": 1642115463.0, "sentiment": "Bullish"}, {"id": 426412206, "text": "$SPY $QQQ $TSLA $AAPL\n\ntheta burn these weekly gamblers\ud83d\udd25", "time": 1642115417.0, "sentiment": ""}, {"id": 426411404, "text": "$AAPL 172 tomrrow then I load calls", "time": 1642115325.0, "sentiment": "Bearish"}, {"id": 426411061, "text": "$AAPL \n\nThat\u2019s the most ugliest short attack I have ever seen in just 5 min.\n\nI think that\u2019s a poor decision to short this ..\n\nEspecially when you try to break band lol.. \n\nIt will pull up to green!", "time": 1642115290.0, "sentiment": "Bullish"}, {"id": 426410894, "text": "$AAPL round 2 starts after lunch. 172 by tomorrow", "time": 1642115271.0, "sentiment": "Bearish"}, {"id": 426409637, "text": "$SPY Do you guys use the full packet of seasoning in your ramen? I find it too salty. Also, anyone know the best way to anchor a tent while setting up on the sidewalk? Thanks. $QQQ $AAPL $TSLA", "time": 1642115131.0, "sentiment": ""}, {"id": 426409542, "text": "$AAPL Unbelievably strong in this shitty market. But I do think this will go down eventually to test 157-160 level in the next couple of months.", "time": 1642115120.0, "sentiment": ""}, {"id": 426409446, "text": "$AAPL i actually hate it here", "time": 1642115108.0, "sentiment": ""}, {"id": 426409444, "text": "$AAPL \n\nhttps://appleinsider.com/articles/22/01/13/apples-iphone-13-is-chinas-most-popular-smartphone-six-weeks-running?utm_source=sendible&amp;utm_medium=social&amp;utm_campaign=RSS&amp;fbclid=IwAR0r6XdntFhEFU05ins4NlKFwtlipAMUzgBlfEfeAVLDyei5KYyQdm9PhwM\n\nWow IPhone 13 is one of the most definitely bombastic !!\n\nWhy I believe most of them bought Pro Or Pro Max and 1TB \n\nI am sure most would love to buy 1 TB  storage!", "time": 1642115107.0, "sentiment": "Bullish"}, {"id": 426408687, "text": "Sweep Options Activity: $AAPL is the #1 ticker with sweep activity where institutions are trading options urgently with 54.7K sweep contracts, a leading indicator of market movement.\n\nMarket analysis and options contracts included in screenshot of dashboard from http://insiderfinance.io.", "time": 1642115014.0, "sentiment": ""}, {"id": 426408383, "text": "Most Traded Contracts \n\n$AAPL 14 January $177.50 Call\n$F 14 January $25 Call\n$AAPL 14 January $175 Put\n$F 14 January $25.50 Call\n$F 14 January $26 Call\n$AAPL 14 January $175 Call\n$VALE February $16 Call\n$BA 14 January $225 Call\n$VALE January $14 Call\n$AMD 14 January $140 Call\n\nLynk In bayo for option trading ideas", "time": 1642114977.0, "sentiment": ""}]