[{"id": 426426568, "text": "Looks like the support for the failing $AAPL bull run is going to end up at 167 roughly", "time": 1642116903.0, "sentiment": "Bearish"}, {"id": 426426527, "text": "$AAPL just loaded up on calls", "time": 1642116898.0, "sentiment": "Bullish"}, {"id": 426426331, "text": "$AAPL :-)", "time": 1642116878.0, "sentiment": "Bullish"}, {"id": 426426108, "text": "$MSFT remember markets are closed monday.  this is long weekend BS. $nvda $aapl $amd", "time": 1642116855.0, "sentiment": ""}, {"id": 426425311, "text": "$AAPL set a sell price earlier on puts having to be busy and definitely undersold them as they went up 20 more dollars than the price I had it set to sell at.", "time": 1642116772.0, "sentiment": ""}, {"id": 426425236, "text": "When $XLU rips \ud83d\udcb9\nn everything dumps like $SPY $IWM $QQQ  n especially $AAPL run", "time": 1642116762.0, "sentiment": ""}, {"id": 426425214, "text": "$AAPL support @ 173.18 area trying to bounce", "time": 1642116761.0, "sentiment": ""}, {"id": 426425135, "text": "$AAPL wow  a dip?  what to do with a dip? LOL", "time": 1642116752.0, "sentiment": ""}, {"id": 426424871, "text": "$AAPL this gonna rip week before earnings", "time": 1642116725.0, "sentiment": "Bullish"}, {"id": 426424809, "text": "$AAPL 160 n ill buy more!", "time": 1642116719.0, "sentiment": "Bullish"}, {"id": 426424489, "text": "$AAPL oof... are we going to get any bounce at all?", "time": 1642116687.0, "sentiment": ""}, {"id": 426424422, "text": "$NVDA feels like they want to go back to 9/27/21 numbers on the Nasdaq. Pulling it back a whole quarter. That puts $NVDA at 206  $MSFT at 289 $AMD at 102 $AAPL 142", "time": 1642116680.0, "sentiment": ""}, {"id": 426424206, "text": "$SPY What Josh Brown just did on cnbc should be illegal. Why doesn&#39;t he disclose he&#39;s short? Pushing fear to profit and buy stocks at a lower price. Don&#39;t listen to that crook. Ackman Part 2. $QQQ $AAPL $MSFT $AMZN", "time": 1642116657.0, "sentiment": "Bullish"}, {"id": 426423929, "text": "$AAPL I\u2019m buying puts every chance I get today. The US is a mess economically and socially. May never fully recover. Will take a generation if it does. Market is way overvalued. Capitulation is possible", "time": 1642116627.0, "sentiment": "Bearish"}, {"id": 426423802, "text": "$AAPL 130 coming in quick", "time": 1642116616.0, "sentiment": ""}, {"id": 426423784, "text": "$AAPL today just a start tomrrow worst.  Will see 168 retest ! Then Monday is holiday, short week.  Once it go to 167ish I consider loading calls $SPY", "time": 1642116614.0, "sentiment": "Bearish"}, {"id": 426423725, "text": "$SPY $AAPL short term bulls drink tonight", "time": 1642116610.0, "sentiment": "Bearish"}, {"id": 426423124, "text": "$AAPL dumb, I see the boooty curving down", "time": 1642116550.0, "sentiment": "Bearish"}, {"id": 426422757, "text": "$AAPL 170 eow", "time": 1642116516.0, "sentiment": "Bearish"}, {"id": 426422706, "text": "$JPM \ud83c\udfc3\ud83c\udfff\u200d\u2642\ufe0f\ud83c\udfc3\ud83c\udfff\u200d\u2642\ufe0f\ud83c\udfc3\ud83c\udfff\u200d\u2642\ufe0f $AAPL not so much\ud83e\udd14", "time": 1642116512.0, "sentiment": ""}, {"id": 426422493, "text": "$SPY $TSLA $AAPL The MPI* is up 9.6 % YOY  \n \n*Meme Price Index", "time": 1642116491.0, "sentiment": ""}, {"id": 426421652, "text": "$AAPL added to my calls", "time": 1642116404.0, "sentiment": ""}, {"id": 426421367, "text": "$AAPL $178-$180 by Feb!", "time": 1642116376.0, "sentiment": "Bullish"}, {"id": 426419994, "text": "$AAPL \n\nDamn NASD earlier was 50 neg then suddenly 10 min it\u2019s 250 neg\n\nThis is clearly short attacking tech field !!\n\nProfit taking due to earnings!", "time": 1642116237.0, "sentiment": "Bullish"}, {"id": 426419938, "text": "$AAPL welcome to Biden\u2019s Lalaland", "time": 1642116233.0, "sentiment": "Bullish"}, {"id": 426419716, "text": "$AAPL i would wait \nuntil 170 to look at this again. I think this will hit the bottom bollinger band at 168.70 though.", "time": 1642116210.0, "sentiment": "Bearish"}, {"id": 426419356, "text": "$AAPL 1% drop wow bears", "time": 1642116179.0, "sentiment": "Bullish"}, {"id": 426419170, "text": "$AAPL haha you morons won\u2019t ever get it will you your always wrong \ud83e\udd23", "time": 1642116161.0, "sentiment": "Bullish"}, {"id": 426419149, "text": "$AAPL SHUT UP JOSH BROWN!", "time": 1642116160.0, "sentiment": "Bullish"}, {"id": 426418826, "text": "$AAPL KEEP FEASTING!! FREE MONEY CALL CREDIT SPREADS", "time": 1642116128.0, "sentiment": "Bearish"}]