[{"id": 426434432, "text": "$AAPL $BABA $TSLA where were you when I posted this? Click follow if you didn\u2019t get our plays and want them- we have the best record on ST\u2026 check and see for yourself", "time": 1642117734.0, "sentiment": ""}, {"id": 426433946, "text": "$AAPL $F \ud83e\udd73", "time": 1642117679.0, "sentiment": ""}, {"id": 426433870, "text": "@frankDA4th he tanked the market with a bunch of fear. Moron was bullish a week ago and now he&#39;s pushing fear? Sounds like he&#39;s short. $spy $qqq $AMZN $aapl $msft", "time": 1642117671.0, "sentiment": ""}, {"id": 426433766, "text": "$AAPL $SPY $QQQ\n\nOof", "time": 1642117660.0, "sentiment": "Bearish"}, {"id": 426433728, "text": "$AAPL looks like 2022 is all about puts and quick scalps with calls !", "time": 1642117656.0, "sentiment": ""}, {"id": 426433517, "text": "$AAPL the PPI indicates inflation is peaking. This should be going up.", "time": 1642117634.0, "sentiment": ""}, {"id": 426433342, "text": "$AAPL should settle at 170/172 today", "time": 1642117613.0, "sentiment": ""}, {"id": 426433266, "text": "$AAPL How low can we go?", "time": 1642117605.0, "sentiment": "Bearish"}, {"id": 426433137, "text": "$AAPL $FB same chart for two days straight", "time": 1642117594.0, "sentiment": ""}, {"id": 426433120, "text": "$AAPL literally \nNancy top ticked it at 3 trillion \ud83e\udd23", "time": 1642117592.0, "sentiment": ""}, {"id": 426432771, "text": "$AAPL one of the last stocks standing near its ath.  Personally I\u2019m going to keep playing the short side for awhile unless something dramatically changes with the world/market. I can see this easily bleeding back down to the 150 area.", "time": 1642117555.0, "sentiment": "Bearish"}, {"id": 426432707, "text": "$SPY $AAPL $MSFT When the name matches the haircut.", "time": 1642117547.0, "sentiment": ""}, {"id": 426432336, "text": "$SPY $AAPL needs to btfd. We are going to see nasdaq go 400 pts down intraday", "time": 1642117508.0, "sentiment": ""}, {"id": 426431729, "text": "$NFLX there is no competitive threat to Netflix .. not from $AAPL or $DIS or $AMZN ..\nPeople forget that Netflix is a software platform with amazing resiliency and horizontal scaling built in it and some very robust algorithms starting from what to request the from the CDN cache to recommendation of titles to its viewers and now they have content writers and producers..\n\nThe valuation may go through some correction given the quantitative easing is turning off\u2026 but this is a rockstar stock", "time": 1642117444.0, "sentiment": "Bullish"}, {"id": 426431614, "text": "Break of 173 opens dooe for 170.83. $AAPL", "time": 1642117432.0, "sentiment": ""}, {"id": 426431367, "text": "$PLTR $AAPL $NVDA $ROKU this should be big green. The PPI grew .2% in December, the lowest number since November 2020. Inflation may have peaked. Jobless claims mean nothing.", "time": 1642117404.0, "sentiment": ""}, {"id": 426431129, "text": "$AAPL looks like they are definitely trying to take this to $170", "time": 1642117377.0, "sentiment": ""}, {"id": 426430974, "text": "@LowEnergyJebBush Not surprised. Pathetic what he did to a lot of ppl. Ppl are losing their livelihoods and he&#39;s there doing that? Pos if you ask me. I messaged him on instagram. Everyone jump on instagram and let him have it. What a disgrace. $SPY $QQQ $AAPL $MSFT $AMZN", "time": 1642117360.0, "sentiment": ""}, {"id": 426430502, "text": "$SPY I&#39;m back to being a bear until I see $aapl and $tsla break down to at least their 150d   &gt;=)", "time": 1642117313.0, "sentiment": "Bullish"}, {"id": 426430490, "text": "$QQQ $AAPL Time to load up on puts and go net bearish. Signals pointing to a dump when Qs lose 379", "time": 1642117311.0, "sentiment": "Bearish"}, {"id": 426430027, "text": "$AAPL I wouldn\u2019t be surprised if there was another large red candle down to 172.50 right now", "time": 1642117262.0, "sentiment": "Bearish"}, {"id": 426429925, "text": "$AAPL after the PPI number was reported this should be green big.", "time": 1642117251.0, "sentiment": ""}, {"id": 426429448, "text": "$AAPL just loaded calls!! Thanks for the opportunity bears!", "time": 1642117199.0, "sentiment": "Bullish"}, {"id": 426429337, "text": "$AAPL \n\nDamn it. I was hoping g for a bounce around that 10am mark today", "time": 1642117187.0, "sentiment": ""}, {"id": 426429050, "text": "$AAPL Eating up your premiums", "time": 1642117158.0, "sentiment": "Bearish"}, {"id": 426428629, "text": "$AAPL  head and shoulders", "time": 1642117111.0, "sentiment": ""}, {"id": 426428365, "text": "When you sell $AAPL &amp; $MSFT earlier today and feel like a genius. And Cabo on Sunday - have a good Thursday everyone", "time": 1642117084.0, "sentiment": "Bullish"}, {"id": 426427876, "text": "$AAPL bounce off 78.6% line on fib plus still in an uptrend on the daily could be nice greed day tm and into next week", "time": 1642117033.0, "sentiment": "Bullish"}, {"id": 426427037, "text": "$AAPL and $MSFT  trade went against me\u2026 10 points drop\ud83e\ude78\ud83e\ude78", "time": 1642116947.0, "sentiment": ""}, {"id": 426426664, "text": "$AAPL We are having a sale again \ud83d\udc40", "time": 1642116913.0, "sentiment": "Bullish"}]