[{"id": 426444984, "text": "$AAPL NEW ARTICLE : Copycats not allowed: Apple yanks knockoffs of viral puzzle game Wordle from App Store https://www.stck.pro/news/AAPL/21257774", "time": 1642118887.0, "sentiment": ""}, {"id": 426444594, "text": "$TSLA $AMZN $AAPL ahhhhh 2022....where Jpegs of cows and rainbow cats hold their value better than big tech stocks", "time": 1642118836.0, "sentiment": ""}, {"id": 426444312, "text": "$MSFT $NDX $VTI $AAPL $GSAT Let&#39;s go Brandon!", "time": 1642118801.0, "sentiment": ""}, {"id": 426443828, "text": "$AAPL Tim Apple needs to wake up", "time": 1642118744.0, "sentiment": ""}, {"id": 426443372, "text": "$AAPL nothing can stop it. Just look at how the chip giant fare!\n&quot;Apple is TSMC&#39;s largest client, with its chip orders for the iPhone, iPad and Apple Watch continuing to account for more than 20% of the foundry&#39;s total wafer revenue, the Digitimes reported, citing industry sources.&quot;\nhttps://finance.yahoo.com/news/apple-chip-supplier-tsmcs-market-170428949.html", "time": 1642118692.0, "sentiment": ""}, {"id": 426443205, "text": "$NVDA $AMD $AAPL whenever you sell your tech shares below ATH, you are making a mistake. Selling at ATH is also one.", "time": 1642118671.0, "sentiment": ""}, {"id": 426442912, "text": "$AAPL realistic end of year PT? Is 200 far fetched?", "time": 1642118636.0, "sentiment": "Bullish"}, {"id": 426442579, "text": "$AAPL that\u2019s enough for the moment bears. Back to 174", "time": 1642118601.0, "sentiment": "Bullish"}, {"id": 426442426, "text": "$AAPL Let&#39;s bring it back to last years split price.", "time": 1642118583.0, "sentiment": ""}, {"id": 426442212, "text": "$AAPL dip buying", "time": 1642118560.0, "sentiment": ""}, {"id": 426442021, "text": "$AAPL  People trying to pick up pennies infront of a train \ud83d\ude82", "time": 1642118537.0, "sentiment": ""}, {"id": 426441458, "text": "$NVDA Max Pain is the killer $AAPL $MSFT $SPY sell everything by 11th or 12th", "time": 1642118475.0, "sentiment": ""}, {"id": 426441082, "text": "$AAPL $QQQ Apple just retested its downtrend breakout. Excellent buy area.", "time": 1642118433.0, "sentiment": ""}, {"id": 426440830, "text": "TSMC Wants To Make Intel Dependent On External Manufacturing - Wafer Supply Agreement Insights For $AMD, $AAPL, Broadcom, $INTC, MediaTek, $NVDA, and Qualcomm https://semianalysis.substack.com/p/tsmc-wants-to-make-intel-dependent", "time": 1642118405.0, "sentiment": ""}, {"id": 426440455, "text": "$AAPL H&amp;S ? \ud83e\udd14", "time": 1642118361.0, "sentiment": "Bearish"}, {"id": 426440022, "text": "$AAPL \ud83d\udc40\ud83d\ude0e $SAFEMOON.X", "time": 1642118314.0, "sentiment": ""}, {"id": 426439909, "text": "$PLTR $NVDA $ROKU $AAPL todays Producer Price Index rose .2% in December, the lowest rise since November 2020 indicating inflation is peaking or may have peaked already. These stocks should by flying right now.", "time": 1642118303.0, "sentiment": ""}, {"id": 426439494, "text": "$AAPL Down since Jan 3rd", "time": 1642118257.0, "sentiment": ""}, {"id": 426438786, "text": "$aapl much stronger than the market. Outperforming tech still. It was the Nasdaq that pushed it down and market maker saw his chance to break even.", "time": 1642118181.0, "sentiment": ""}, {"id": 426438751, "text": "$AAPL this looks like a future apple product $LILM", "time": 1642118176.0, "sentiment": "Bullish"}, {"id": 426438166, "text": "$AAPL you need to stop investing...i don&#39;t believe it...probably the house is manipulating.", "time": 1642118115.0, "sentiment": "Bullish"}, {"id": 426437551, "text": "$AAPL Najarian pumping lucid calls yest!! Today worthless!!! I am sure he sold them LOL", "time": 1642118053.0, "sentiment": ""}, {"id": 426437268, "text": "@Snowball2013 100% . Always dips this many days before ER, check previous charts too. I am confident this is a stop loss raid $aapl", "time": 1642118024.0, "sentiment": ""}, {"id": 426437228, "text": "$AAPL \n\nFuck!", "time": 1642118019.0, "sentiment": ""}, {"id": 426436855, "text": "$CLF $X $STLD $AAPL  forward PE of banks, oilers and steelers", "time": 1642117982.0, "sentiment": ""}, {"id": 426436483, "text": "$AAPL Buying more 2/4 calls", "time": 1642117942.0, "sentiment": "Bullish"}, {"id": 426436084, "text": "$AAPL buying", "time": 1642117902.0, "sentiment": "Bullish"}, {"id": 426435978, "text": "$AAPL \n\nWell not surprisingly consolidation for one month trend since Dec\n\nShort are here to profit take and then buy at low price with coverage.  \n\nThe all you can do is wait ..\n\nThey are killing all the options for this week already.\n\nThe YTD performance is - 1.15 % \n\nOne mth performance is -2.18 %\n\nSo we will expect this will erase within this month.\n\nUsually one month performance is always 10 to 14% \n\nSo the PT is always 190 within one month.\n\nPatience you can do otherwise if you are not, go away!", "time": 1642117891.0, "sentiment": "Bullish"}, {"id": 426435201, "text": "$AAPL wow the market maker really did go all out to save the 172.5 max pain LOL", "time": 1642117812.0, "sentiment": ""}, {"id": 426435195, "text": "$QQQ $AAPL Volume support kicking in. Huge volume pivot at $172.50. I doubt bears can make it through it, at least today.", "time": 1642117812.0, "sentiment": ""}]