[{"id": 426496030, "text": "$AAPL AAPL longs be feeling ...", "time": 1642124945.0, "sentiment": ""}, {"id": 426495299, "text": "$SPY $DJIA $QQQ $AAPL $TSLA  \n   \nJDADDY and his buddy BIDEN both printing money for their constituents.  \n  \nJDADDY print money for rich people,  \nBIDEN print money for poor people  \n  \nOh, and if you are &quot;middle class&quot; you pay for BOTH!  \n  \nlol", "time": 1642124868.0, "sentiment": ""}, {"id": 426494032, "text": "@StepneyCapital @Yankees4027 wishful thinking. We haven\u2019t seen the same drop in stocks like $AAPL $AMZN etc. Smart money hasn\u2019t lost a dime. It\u2019s the dumb money which believes  in the \u201cgrowth stocks\u201d which is being decimated", "time": 1642124725.0, "sentiment": ""}, {"id": 426493465, "text": "$AAPL how many red days can we take before a rebound?  Terrible start to 2022.", "time": 1642124663.0, "sentiment": ""}, {"id": 426492274, "text": "@optionstrader8888 by your thesis, Makes sense to be long because these companies arent gonna lose cashflow lol, their cashflow will increase much more hence asset prices increase much more $aapl", "time": 1642124522.0, "sentiment": ""}, {"id": 426492176, "text": "$SPY $TSLA $ARKK $AAPL its a  batman", "time": 1642124509.0, "sentiment": ""}, {"id": 426491884, "text": "$AAPL all you people holding long don\u2019t understand the fundamental shift that is happening right now with fiat. Your usd money will be worthless so forget being long. It\u2019s a losing battle", "time": 1642124474.0, "sentiment": "Bearish"}, {"id": 426491624, "text": "$AAPL Apple is the best performer, 0.5% strength over the index.", "time": 1642124442.0, "sentiment": ""}, {"id": 426491085, "text": "$AAPL wasn\u2019t the PPI inflation news good for tech?", "time": 1642124382.0, "sentiment": ""}, {"id": 426490612, "text": "$AAPL uncle joe is fucking up everything\ud83d\ude02", "time": 1642124328.0, "sentiment": "Bullish"}, {"id": 426489346, "text": "$AAPL \ud83d\udd1c1\ufe0f\u20e35\ufe0f\u20e35\ufe0f\u20e3 $TSLA 8\ufe0f\u20e30\ufe0f\u20e30\ufe0f\u20e3 $SPY  #WhosKnow???", "time": 1642124181.0, "sentiment": "Bearish"}, {"id": 426488380, "text": "$AAPL bull trap action right now. Plug will be pulled soon.", "time": 1642124070.0, "sentiment": "Bearish"}, {"id": 426487855, "text": "$AAPL below $172.86 im definitely swinging puts", "time": 1642124007.0, "sentiment": "Bearish"}, {"id": 426486599, "text": "$AAPL still bullish for the short term", "time": 1642123856.0, "sentiment": "Bullish"}, {"id": 426486439, "text": "$AAPL cheap calls for me. Ty", "time": 1642123838.0, "sentiment": "Bullish"}, {"id": 426486052, "text": "$AAPL Gonna buy more", "time": 1642123792.0, "sentiment": "Bullish"}, {"id": 426484232, "text": "$SPCE \nUS stock market = Pump + Dump, except for 5 stocks ($MSFT, $AAPL,....) that the fed is pumping for years...", "time": 1642123575.0, "sentiment": ""}, {"id": 426482981, "text": "$AAPL alright the news is out. this reaction was on Lael Brainard saying she ll use powerful tools against inflation. Mini Taper Tantrum witnessed.", "time": 1642123429.0, "sentiment": ""}, {"id": 426482089, "text": "$AAPL \n\nI\u2019m taking it easy because this is still an oversold stock and it\u2019s just the MM trying to play with puts and calls by eating up premiums ..\n\nJust chill and be patient .. it will bounce back up 10% to 14% within one month.", "time": 1642123332.0, "sentiment": "Bullish"}, {"id": 426481596, "text": "$AAPL                       !!!!!!  Crypto Wallet Coming out!!!$$!!  \n  \n1.6 Million of its users are awaiting the launch of its highly anticipated digital wallet coming out this month.   \n  \n Robinhood&#39;s new wallet will support deposit and withdrawal of cryptocurrencies including Bitcoin, Dogecoin, and Ether.   \n   \nSHORTS HAVE NOT COVERED SINCE IPO.A GAMESTOP, CRYPTO WALLET  IN THE MAKING COMPANY, HOOD is CURRENTLY TRADING 50% below its IPO PRICE.    \n    \n30.5+ MILLION SHARES SHORTED IN HOOD (SINCE DEC 15, 2021). HOOD got 7.38  Billion cash at hand UNLIKE many HIGH FLYING companies are in debt.    \n    \n  HOOD is a CASH COW  company with 7+ billion, no dilution. No debt.    \n                            $$$$SQUEEZE is imminent$$$", "time": 1642123275.0, "sentiment": "Bullish"}, {"id": 426481571, "text": "$AAPL $BABA $TSLA Well, when I said today would be a bloody day, all I got was F U and other derogatory responses.\nKarma \ud83e\udd37\ud83c\udffc\u200d\u2642\ufe0f\nI try to help folks daily- some take advantage, others clown- that\u2019s life! \ud83d\ude0a", "time": 1642123272.0, "sentiment": ""}, {"id": 426481049, "text": "$AAPL Bears will kick you in the. ....", "time": 1642123213.0, "sentiment": ""}, {"id": 426479997, "text": "$AAPL burning out a lot of calls, I\u2019m bearish here, AAPL trying to keep this at or around MA, it\u2019s clearly under MA now", "time": 1642123087.0, "sentiment": ""}, {"id": 426479501, "text": "$AAPL all the smart money was betting on the downside", "time": 1642123024.0, "sentiment": "Bearish"}, {"id": 426479064, "text": "$AAPL and here we go again\u2026", "time": 1642122973.0, "sentiment": "Bearish"}, {"id": 426478368, "text": "$AAPL if we\u2019re lucky the nasdaq will be down 300+ by close today. It deserves to be.", "time": 1642122885.0, "sentiment": "Bearish"}, {"id": 426477923, "text": "$AAPL bears acting like they don\u2019t know about that run up to ER!!", "time": 1642122827.0, "sentiment": "Bullish"}, {"id": 426477610, "text": "$AAPL NEW ARTICLE : Microsoft, Salesforce and Apple cutting about 116 points off the Dow&#39;s price https://www.stck.pro/news/AAPL/21261358", "time": 1642122787.0, "sentiment": ""}, {"id": 426477315, "text": "$AAPL so $190 next week", "time": 1642122748.0, "sentiment": "Bullish"}, {"id": 426477064, "text": "$AAPL rally ? Y\u2019all miss the rally from 167-168.. we ran to 176! Time to take gains morons ,", "time": 1642122711.0, "sentiment": "Bearish"}]