[{"id": 426538213, "text": "$AAPL Under $172 in AH??", "time": 1642129066.0, "sentiment": ""}, {"id": 426537919, "text": "$AAPL buy puts. Capitulation tomorrow", "time": 1642129042.0, "sentiment": "Bearish"}, {"id": 426537727, "text": "$AAPL \n\nI knew they would short very close EOD. \n\nRelax .. what can we do! Patience !!", "time": 1642129027.0, "sentiment": "Bullish"}, {"id": 426537534, "text": "$AAPL See ... told you -2% ...", "time": 1642129008.0, "sentiment": ""}, {"id": 426537473, "text": "What pisses me off that $AAPL is down only 2%. WTF lol", "time": 1642129003.0, "sentiment": ""}, {"id": 426537095, "text": "$AAPL probably brokers are cheating!", "time": 1642128973.0, "sentiment": ""}, {"id": 426537036, "text": "$AAPL 2$ in 20 mins wtf", "time": 1642128968.0, "sentiment": ""}, {"id": 426536943, "text": "$AMC $SPY $TSLA $MFST $AAPL", "time": 1642128960.0, "sentiment": ""}, {"id": 426536174, "text": "$AAPL $172.5 Puts printed hard today . You\u2019ve gotta love it . I\u2019ll close out my position today instead of holding into tommorow", "time": 1642128897.0, "sentiment": ""}, {"id": 426535562, "text": "$AAPL let\u2019s go Brandon", "time": 1642128845.0, "sentiment": "Bearish"}, {"id": 426535533, "text": "$AAPL looking like it\u2019ll have a massive red candle last minute", "time": 1642128842.0, "sentiment": ""}, {"id": 426535530, "text": "$AAPL Wave (3) under way...", "time": 1642128842.0, "sentiment": "Bearish"}, {"id": 426534796, "text": "$AAPL this trend is very similar to October consolidation trend expect take off .. next week.\n\nJust take a breath .. no need to go mad.\n\nYou can\u2019t do anything about it .. only you can win is be patient!", "time": 1642128780.0, "sentiment": "Bullish"}, {"id": 426534463, "text": "$AAPL ... come on -2% for the day ...", "time": 1642128751.0, "sentiment": ""}, {"id": 426534074, "text": "$MSFT $SPY $NVDA $AAPL", "time": 1642128718.0, "sentiment": ""}, {"id": 426533846, "text": "$AAPL \n\n&#39;IN-FCKIN-FLATION&#39;\n\nDear me, can we get the f*ck over it.\n\nAnyone would think interest rates are going up 50%.\n\nIts fckin pathetic.", "time": 1642128697.0, "sentiment": "Bullish"}, {"id": 426533696, "text": "$AAPL what a garbage fucking market", "time": 1642128685.0, "sentiment": ""}, {"id": 426532299, "text": "$AMD $tsla $nvda $intc   $AAPL  https://www.fool.com/investing/2022/01/13/5-fastest-growing-large-cap-stocks/?source=eptyholnk0000202&amp;utm_source=yahoo-host&amp;utm_medium=feed&amp;utm_campaign=article\n\nAMD is one of the five  Fastest-Growing Large-Cap Stocks on the Planet!", "time": 1642128559.0, "sentiment": ""}, {"id": 426531772, "text": "$AAPL \ud83e\udd23\ud83d\ude02\ud83e\udd23\ud83d\ude02\ud83e\udd23\ud83d\ude02\ud83d\ude02\ud83e\udd23\u2708\ufe0f\ud83d\udca5\ud83c\udf19\ud83d\udef0\ud83d\udef0\ud83d\udef0\ud83d\udef0\ud83d\udef0\ud83d\udef0\ud83d\ude97\ud83d\ude97\ud83d\ude97\ud83d\ude97\ud83d\ude97\ud83e\udd11\ud83e\udd11\ud83e\udd11\ud83e\udd11\ud83e\udd11\u2705\u2705\ud83d\udcc8\ud83d\udcc8\ud83d\udcc8\ud83d\udcc8\ud83d\udcc8\ud83d\udd25\ud83d\udd25\ud83d\udd25\u2708\ufe0f\u2708\ufe0f\u2708\ufe0f\ud83d\udca5", "time": 1642128510.0, "sentiment": "Bullish"}, {"id": 426531388, "text": "@optionstrader8888 riiight, because there is no enterprise value in Apple lmfao $aapl", "time": 1642128473.0, "sentiment": ""}, {"id": 426530127, "text": "$AAPL stop this bleeding and close market early", "time": 1642128357.0, "sentiment": ""}, {"id": 426530045, "text": "$NEXCF lovely steady incline on a red day $AAPL $KO  $LCID  $GGPI", "time": 1642128349.0, "sentiment": "Bullish"}, {"id": 426529597, "text": "$AAPL as you continue looking at business confidence fail, covid spreads out of control, inflation smashing 40-50 year old records, prices for everything you consume daily rise every time you checkout . Your heating and fuel bills are up 25-75% year over year. Your wealth slips daily because companies are forced to close as supply issues still persist. Covid is 300-600% higher than when orange man bad was killing us all. Used car prices cost what that same car sold for new last year. Our highest leader in office doesn\u2019t know the year, where he is or grasp what\u2019s even happening between naps and ice cream. Voting and your net worth are linked. Remember as you pay more for everything you buy this month and your retirement savings shrinks daily, voting has consequences.", "time": 1642128307.0, "sentiment": ""}, {"id": 426529081, "text": "$AAPL \ud83d\udc41\u2764\ufe0f\ud83c\udf4f\ud83d\udc41\u2764\ufe0f\ud83d\udc4c\u26a1\ufe0f\ud83c\udfc6\ud83d\udc4d\u26f3\ufe0f\ud83c\udfcc\ufe0f\u200d\u2642\ufe0f", "time": 1642128261.0, "sentiment": ""}, {"id": 426529080, "text": "Apple AR Glasses: How Big Is The Business Opportunity? https://www.investors.com/news/technology/apple-stock-analyst-sizes-ar-glasses-business/ $AAPL", "time": 1642128261.0, "sentiment": ""}, {"id": 426528869, "text": "$AAPL guys who refuse to be anything but long....for the love of god, if you refuse to see the light at least hedge with a few puts. Capitulation looking more likely tomorrow", "time": 1642128245.0, "sentiment": "Bearish"}, {"id": 426528304, "text": "$AAPL anemic volume, will be up, if not Friday, Monday for sure.", "time": 1642128196.0, "sentiment": "Bullish"}, {"id": 426528263, "text": "$AAPL NEW ARTICLE : 7 Great Growth Stocks to Add to Your January Buy List https://www.stck.pro/news/AAPL/21265347", "time": 1642128193.0, "sentiment": ""}, {"id": 426527923, "text": "$QQQ $SPY $TSLA $NVDA $AAPL \nPatiently waiting for sleepy Joe to get the hell out of the white house! \ud83e\uddd8\ud83c\udffb\u200d\u2642\ufe0f", "time": 1642128164.0, "sentiment": "Bullish"}, {"id": 426526837, "text": "$AAPL nibbling some calls here.", "time": 1642128066.0, "sentiment": "Bullish"}]