[{"id": 426569587, "text": "$AAPL  \ud83c\udf4f  Marubozu, anyone?", "time": 1642132603.0, "sentiment": "Bullish"}, {"id": 426569534, "text": "$TSLA $TSM $AAPL $FB $NVDA \nGains made from our members today!!\ud83d\udea8\nCome join the team and start banking with us!\ud83d\udcb0 link in bio!", "time": 1642132595.0, "sentiment": ""}, {"id": 426569429, "text": "$SPY $QQQ $AAPL $TSLA its bidens bear market and we\u2019re just living in it", "time": 1642132580.0, "sentiment": ""}, {"id": 426569277, "text": "$AAPL $T $NFLX $DIS  \n \nhttps://www.benzinga.com/trading-ideas/long-ideas/22/01/25046026/apple-app-store-analysis-at-ts-hbo-max-passes-netflix-disney \nBZ Pro: https://benzinga.grsm.io/gxjhpowx7zks", "time": 1642132557.0, "sentiment": ""}, {"id": 426569173, "text": "$AAPL way to go fucking my calls dick bandit .", "time": 1642132542.0, "sentiment": ""}, {"id": 426568829, "text": "$TSLA $AAPL $NVDA $AMD \nHappy discord members! Come join the team and start banking with us!\ud83d\udcb0\ud83d\udea8", "time": 1642132488.0, "sentiment": "Bullish"}, {"id": 426567890, "text": "$AAPL that 4% drop in $msft really scares me", "time": 1642132339.0, "sentiment": ""}, {"id": 426567311, "text": "$AAPL Bank of England I have heard your argument many times before. As we bought the dips and Apple, FB,AMZN, &amp; Google made us rich.", "time": 1642132254.0, "sentiment": "Bullish"}, {"id": 426567042, "text": "$AAPL \ud83c\udf4f\ud83c\udf4f\ud83c\udf4f\ud83c\udf4f\ud83c\udf4f\ud83c\udf4f", "time": 1642132214.0, "sentiment": "Bullish"}, {"id": 426564895, "text": "$AAPL  next time believe me! I even call out the bull run when it drop to 168 .. from 168 it ran to 176, then I say to do a put !! From 175ish and low now I\u2019m right . Watch we see 168ish.. I load call in lower 160s $SPY", "time": 1642131928.0, "sentiment": "Bearish"}, {"id": 426563919, "text": "$AAPL holding calls for next week expiry \ud83d\ude21", "time": 1642131800.0, "sentiment": ""}, {"id": 426563430, "text": "@humour if $AAPL goes down everything else goes down futher?", "time": 1642131737.0, "sentiment": ""}, {"id": 426562979, "text": "$AAPL so many stupid people that afraid from nothing take you money and go to your fcking home.", "time": 1642131679.0, "sentiment": "Bullish"}, {"id": 426562572, "text": "$SPY $TSLA $AAPL $HOOD Queen Strips Prince Andrew Of His Military Titles, Use Of \u2018His Royal Highness\u2019 and ability to buy options on Robinhood.", "time": 1642131617.0, "sentiment": ""}, {"id": 426561676, "text": "Thursday Option Volumes\n\n$TSLA 1.829m (57% call/43% put)\n$F 1.459m (74% call/26% put)\n$AAPL 1.234m (59% call/41% put)\n$NVDA 862k (60% call/40% put)\n\nLynk in bayo for option trading ideas", "time": 1642131508.0, "sentiment": ""}, {"id": 426561657, "text": "$AAPL $SPY speculation \n\nyour political bias and whether or not you think the Supreme Court ruling is good or bad doesn\u2019t matter. The media is going to push covid fud harder then ever now.  A good narrative for them to tank the market on", "time": 1642131507.0, "sentiment": "Bearish"}, {"id": 426559055, "text": "$AAPL bearish today, bullish for tomorrow \u201clet\u2019s goooooo!!!\u201d", "time": 1642131174.0, "sentiment": "Bullish"}, {"id": 426557604, "text": "$AAPL anything green today", "time": 1642131000.0, "sentiment": ""}, {"id": 426557566, "text": "$AAPL $AAL Russian officials signaled that they could abandon diplomatic efforts to resolve the security crisis surrounding Ukraine, bringing a whirlwind week of European diplomacy to an ominous end and deflating hopes that negotiators could forge a path toward easing tensions in Eastern Europe. https://www.msn.com/en-us/news/world/russia-at-an-impasse-with-the-west-warns-it-is-ready-to-abandon-diplomacy/ar-AASJUqy?ocid=msedgntp", "time": 1642130996.0, "sentiment": ""}, {"id": 426556441, "text": "$AAPL 200 by summer", "time": 1642130860.0, "sentiment": "Bullish"}, {"id": 426555663, "text": "$AAPL \n\nBe glad that out of all mega caps \u2026other mega caps performed really awful ..\n\nWith % loss over 2% \u2026 no need to say this is awful ..\n\nI am looking at all the trend\n\nIt\u2019s expected major mega caps will\nOutperform their ER .. it\u2019s more like dipping before ER.\n\nAAPL is not alone in this, they are expected to do well.", "time": 1642130774.0, "sentiment": "Bullish"}, {"id": 426554679, "text": "$AAPL NEW ARTICLE : Breakthrough Transplants Signal BIG Opportunity https://www.stck.pro/news/AAPL/21266069", "time": 1642130656.0, "sentiment": ""}, {"id": 426551434, "text": "$AAPL - Upcoming quarterly report is on 27th of January 2022. Steady momentum event\u2026 https://www.macroaxis.com/stocks/Momentum-Indicators/Balance-Of-Power/AAPL", "time": 1642130283.0, "sentiment": ""}, {"id": 426551247, "text": "$AAPL   I&#39;m thinking $164", "time": 1642130262.0, "sentiment": ""}, {"id": 426550427, "text": "$AAPL Max Pain for 21st Monthly options is 170.. lets roll ot to 168 tomorrow...", "time": 1642130182.0, "sentiment": ""}, {"id": 426550084, "text": "@Saywhaaa that was foolish  \nshe sold $AAPL bought $NNDM lol", "time": 1642130148.0, "sentiment": ""}, {"id": 426548622, "text": "$AAPL \ud83c\udf4f\ud83d\udc47\ud83d\ude01", "time": 1642129991.0, "sentiment": ""}, {"id": 426548440, "text": "$AAPL - All the mega-caps are going to be in a world of hurt thanks to tapering. Look at Apple during the 2013 Taper Tantrum. The stock tanked from $25 ATH to $13, almost 50%. Same thing will happen here. The Nasdaq is 100 points from crossing its 200MA, which is be the ultimate tale tale of a 15% correction as a start. Apple will be back around $140 or lower", "time": 1642129970.0, "sentiment": ""}, {"id": 426548128, "text": "$tsla $qqq $spy $aapl", "time": 1642129934.0, "sentiment": ""}, {"id": 426547813, "text": "$AAPL BOYCOTT CHINA OLYMPICS", "time": 1642129903.0, "sentiment": ""}]