[{"id": 426526601, "text": "$AAPL  u r safe I believe", "time": 1642128045.0, "sentiment": ""}, {"id": 426526335, "text": "$AAPL $SPY tomorrow should be worse. Unless you\u2019re a bear then it\u2019s great", "time": 1642128021.0, "sentiment": "Bearish"}, {"id": 426526282, "text": "$SPY Just my gut, I don&#39;t think Tutes even started taking down tech and to a lesser extent , small caps.\n\nMy guess, Tuesday, they&#39;ll take the weekend to pore through everything and then WHAM! BAM! THANK YOU! MA&#39;AM , they&#39;ll desecrate tech , I&#39;m guessing 14100, but, could be 13700.\n\nJust have to see, I&#39;m not Tutes, just with inflation rising, PPI supporting it&#39;s core fall, to a &#39;T,&#39; worth consensus # today, but, yeah, Tutes MAY be giving technology companies a chance to show the white flag and\n\n REVISE THEIR EARNINGS Fri. or, maybe, over weekend, then start the culling and shechita and debride and massacre of weak names riding on mergers, buyouts, have high P/Es, and also don&#39;t do well if tech goes into a de-growth phase from lack of new video games $AMD , the dreaming of new revenue like $AAPL CAR , &amp; manufacturing chip stocks too $AMAT", "time": 1642128016.0, "sentiment": ""}, {"id": 426525298, "text": "$AAPL Awwww, I thought it might go back up ... get used to the feeling for the next couple months.", "time": 1642127926.0, "sentiment": ""}, {"id": 426524749, "text": "7 Great Growth Stocks to Add to Your January Buy List. Bet on the growth stocks you know you can depend on, like $NVDA and $AAPL.\nhttps://investorplace.com/2022/01/7-great-growth-stocks-to-add-to-your-january-buy-list-2/", "time": 1642127877.0, "sentiment": ""}, {"id": 426523831, "text": "$AAPL tomorrow is another day. GREEN DICKS", "time": 1642127787.0, "sentiment": "Bullish"}, {"id": 426523750, "text": "@optionstrader8888 @Cieszyna only short on $AAPL if \u2026", "time": 1642127778.0, "sentiment": ""}, {"id": 426521687, "text": "$AAPL if this hits 175 before market close I\u2019m throwing my laptop", "time": 1642127569.0, "sentiment": ""}, {"id": 426521215, "text": "$AAPL The way the markets are going, be careful walking the streets of Manhattan. We\u2019re gonna start seeing a lot of people trying to fly, but please God I hope I\u2019m wrong!", "time": 1642127519.0, "sentiment": ""}, {"id": 426521056, "text": "$SPY there&#39;s no upside with the Fed tightening. Think of market&#39;s in terms of probabilities. $AAPL  can go to 120 and it&#39;s upside is 180", "time": 1642127504.0, "sentiment": ""}, {"id": 426520331, "text": "$AAPL apple only green 55% of the time just had 3 Green Day\u2019s in a row now a red. Down 1-2% with the rest of the market, it\u2019s not market crash yet, wait until we are protesting for our liberty before they pull the plug on our 401ks", "time": 1642127432.0, "sentiment": ""}, {"id": 426518615, "text": "$AAPL \n\nChill down folks \n\nThis is work of the machine ..\n\nAAPL is still here to rally and break 3 T \n\nI am not worried because tech indexes correction is not surprising \n\nThey want to profit take them buy at low price before earning report in two weeks.\n\nPlenty of time.. buy and hold ..\n\nIt won\u2019t go down that deep. It will go up whatever they like to.", "time": 1642127268.0, "sentiment": "Bullish"}, {"id": 426518071, "text": "$SPY $DJIA $QQQ $AAPL $TSLA \n \nLarge numbers of Boomers been retiring and handing off bags to Millennials this last year at all time high prices and valuations. \n \nThey tell Millennial &quot;generational buying opportunity!&quot; \n \nBoomer love Millennial who buy Boomer lifetime bags!", "time": 1642127215.0, "sentiment": ""}, {"id": 426517013, "text": "$AAPL This selling hasn&#39;t even started yet AMZN down 2%, TSLA down 5% ... AAPL has to catch up .... down another 2% pretty quickly", "time": 1642127115.0, "sentiment": ""}, {"id": 426516252, "text": "$AAPL $182.94 will be an all time high in my lifetime (I&#39;m in my 30&#39;s)", "time": 1642127040.0, "sentiment": ""}, {"id": 426515458, "text": "$AAPL Just the start of megacaps correction,  many sheep thought they were safe buying great companies knowing very little about valuations.  Looking for a bleed into 150s", "time": 1642126965.0, "sentiment": "Bearish"}, {"id": 426515440, "text": "$AAPL under 168 tomorrow", "time": 1642126963.0, "sentiment": ""}, {"id": 426515070, "text": "$NDX $AAPL $BTC.X $TSLA 2018 correction. It\u2019s coming.", "time": 1642126927.0, "sentiment": "Bearish"}, {"id": 426514501, "text": "$AAPL everything is fake", "time": 1642126870.0, "sentiment": "Bullish"}, {"id": 426514341, "text": "$AAPL Ooo look. More bears to mute \ud83e\udd2b", "time": 1642126853.0, "sentiment": "Bullish"}, {"id": 426514278, "text": "$AAPL get out while you can (not a financial advisor) but let it cool off i\u2019m gonna buy calls later after 167 support", "time": 1642126847.0, "sentiment": ""}, {"id": 426513931, "text": "$AAPL \ud83c\udf4f options now $385 each from our buy this morning at $209 each - will close some of these rentals soon", "time": 1642126808.0, "sentiment": ""}, {"id": 426513633, "text": "$AAPL again weak pump.. then dump ! Remember market close Monday, 168ish tomrrow", "time": 1642126777.0, "sentiment": "Bearish"}, {"id": 426513346, "text": "$AAPL - Upcoming quarterly report is on 27th of January 2022. Steady price pattern shift\u2026 https://www.macroaxis.com/stocks/Math-Transform/Cosh-Values-Of-Price-Series/AAPL", "time": 1642126751.0, "sentiment": ""}, {"id": 426512904, "text": "$AAPL $TSLA $NVDA $FB How comes in days like this all stocks go down at the same time and then go up a little at the same time?", "time": 1642126708.0, "sentiment": ""}, {"id": 426512796, "text": "$AAPL all the people calling me mean names can eat a dick \ud83d\ude02 I win", "time": 1642126697.0, "sentiment": ""}, {"id": 426512424, "text": "$AAPL this was at 155 around Thanksgiving, chill out", "time": 1642126659.0, "sentiment": ""}, {"id": 426512393, "text": "$AAPL \ud83e\udd71", "time": 1642126655.0, "sentiment": ""}, {"id": 426512249, "text": "$AAPL who wants see $160?\ud83d\ude4b\ud83c\udffb", "time": 1642126641.0, "sentiment": "Bearish"}, {"id": 426512157, "text": "$AAPL gap down baby gap down", "time": 1642126631.0, "sentiment": ""}]