[{"id": 426614618, "text": "$QQQ confirmed the trend break today  \n \n$TSLA $AMZN $AAPL $MSFT", "time": 1642140761.0, "sentiment": ""}, {"id": 426611385, "text": "$CENN BOOOMMM!!!! Apple partner ship!!!! $AAPL  \ud83d\ude34 \ud83d\udcad \ud83d\udecc", "time": 1642140085.0, "sentiment": "Bullish"}, {"id": 426611284, "text": "#Nasdaq Closes At 3-Month Low $QQQ $AAPL $MSFT $IGV $ARKK https://talkmarkets.com/content/etfs/nasdaq-closes-at-3-month-low?post=341140", "time": 1642140063.0, "sentiment": ""}, {"id": 426611255, "text": "$AAPL Apple to Launch Ultra-high-performance XR Device\nHandset/IT Parts Industry: Apple XR, the Dawn of a New Hardware Era", "time": 1642140058.0, "sentiment": ""}, {"id": 426609424, "text": "$AAPL hope my leap calls print soon", "time": 1642139682.0, "sentiment": "Bullish"}, {"id": 426609406, "text": "Sweep Options Activity: $AAPL is the #2 ticker with sweep activity where institutions are trading options urgently with 77.4K sweep contracts, a leading indicator of market movement.\n\nMarket analysis and options contracts included in screenshot of dashboard from http://insiderfinance.io.", "time": 1642139678.0, "sentiment": ""}, {"id": 426609142, "text": "$AAPL JPMorgan expects Apple to beat on earnings, raise its outlook and then the shares to rise", "time": 1642139624.0, "sentiment": "Bullish"}, {"id": 426607709, "text": "The map for the rest of the year. If you can decipher this - you will make a fortune. #CONNECTTHEDOTS #macroeconomics #inflation  \n \n$AAPL $TSLA $ARKK $NVDA $AMD", "time": 1642139351.0, "sentiment": "Bearish"}, {"id": 426607210, "text": "$SPY perfect transitionary sell setup. Every move was methodical today. Called out live on stocktwits by yours truly. Did you follow your plan? $QQQ $TSLA $AAPL", "time": 1642139260.0, "sentiment": ""}, {"id": 426606550, "text": "$AAPL Don&#39;t nudists do better in bare markets?", "time": 1642139141.0, "sentiment": ""}, {"id": 426605057, "text": "$AAPL is this gonna test Monday low $168.17 tomorrow? \ud83e\udd14", "time": 1642138847.0, "sentiment": ""}, {"id": 426604338, "text": "$AAPL 168.30-168.5", "time": 1642138702.0, "sentiment": "Bearish"}, {"id": 426602996, "text": "$AAPL shouldn\u2019t earnings be good, it\u2019s apple right?", "time": 1642138442.0, "sentiment": ""}, {"id": 426601813, "text": "$AMD Daily-Bearish Engulfed \nBroke Bear Flag look 30 Minutes 119 -107. not Surprising \nMarket $SPY $QQQ $AAPL $MSFT about to correct (-10% close on trade day not intraday at least to -20% if conditions get worse for Stonks )", "time": 1642138209.0, "sentiment": "Bearish"}, {"id": 426599575, "text": "$SPY $AAPL $FB ath by next week !", "time": 1642137758.0, "sentiment": "Bullish"}, {"id": 426596751, "text": "Unusual Options Activity: $AAPL is the #20 ticker with unusual activity from institutional traders with an average of 10% out of the money, a leading indicator of market movement.\n\nMarket analysis and options contracts included in screenshot of dashboard from http://insiderfinance.io.", "time": 1642137217.0, "sentiment": ""}, {"id": 426596434, "text": "$AAPL lower high!", "time": 1642137155.0, "sentiment": "Bearish"}, {"id": 426596051, "text": "$AAPL    \ud83c\udf4fWayyyy early\u2026but, here you go:", "time": 1642137078.0, "sentiment": ""}, {"id": 426594643, "text": "$AAPL rip my calls heyyyy", "time": 1642136801.0, "sentiment": ""}, {"id": 426593854, "text": "$AAPL was analyzed by 49 analysts. The buy consensus is at 84%. So analysts seem to be very confident about $AAPL. https://www.chartmill.com/stock/analyzer/stock/AAPL?view=analyst-ratings&amp;utm_source=stocktwits&amp;utm_medium=ANALYST&amp;utm_content=AAPL&amp;utm_campaign=social_tracking", "time": 1642136640.0, "sentiment": ""}, {"id": 426593683, "text": "$AAPL fair value, $70. \nI\u2019ll wait", "time": 1642136602.0, "sentiment": ""}, {"id": 426592668, "text": "$AAPL Stuck in the middle of the channel here. Watch for continuation one way or the other very soon here.", "time": 1642136406.0, "sentiment": ""}, {"id": 426590603, "text": "$AAPL glad trump is out of office \ud83d\ude02\ud83d\ude02", "time": 1642136026.0, "sentiment": ""}, {"id": 426590193, "text": "@Pedro_Dickey @aby1 prime example I talked about with my stock group on Monday\u2026if $AAPL had a pivot price @ $163.42, looking at the 1Year chart it totally makes sense &amp; I can handle it..ya, if I\u2019m trading against it blindly without a target (just bullish for higher) I\u2019d be frustrated as fuck daily the way this turtle moves but I can see/imagine around that range $160s could be a nice pivot before ER or going into 2022 bull confident\u2026where I\u2019m @ now in my thought process is \u201cWhat will the market do, how long will it take, &amp; what type of catalysts/news is coming\u201d for it to create that price action lower for the entry", "time": 1642135944.0, "sentiment": ""}, {"id": 426589694, "text": "$AAPL \n\n $168 coming", "time": 1642135846.0, "sentiment": "Bearish"}, {"id": 426588165, "text": "$AAPL NEW ARTICLE : The risk reward in FAANG is not that great, says Hightower&#39;s Link https://www.stck.pro/news/AAPL/21269447", "time": 1642135573.0, "sentiment": ""}, {"id": 426588160, "text": "$AAPL  \ud83c\udf4f \u201cSurge\u201d in AfterHours Volume, 4.9 Million.", "time": 1642135571.0, "sentiment": "Bullish"}, {"id": 426587844, "text": "@Pedro_Dickey @aby1 that ain\u2019t it, this correction was long overdue\u2026if we zoom out &amp; look @ charts like $MSFT or $AAPL on a 5Year time range, it seems a little more clear what\u2019s going on for the next leg up eventhough this plunge was brutal &amp; out of nowhere after 3 straight days of gap ups &amp; bullishness with no catalysts\u2026we were kind of expecting negativity &amp; pain on Monday/Fed Powell meeting Tuesday &amp; we rallied like nothing happen \ud83d\udc40  this was the first day Nasdaq went red since &amp; it retraced half the rally from Monday", "time": 1642135513.0, "sentiment": ""}, {"id": 426587716, "text": "$AAPL  \n \nAre we headed for not a recession, but a &quot;#rescindsion&quot;? \n \nhttps://twitter.com/MeisaBonelli/status/1481758463223119872?s=20 \n \n$MSFT $TSLA $AMD $SPY", "time": 1642135488.0, "sentiment": ""}, {"id": 426585999, "text": "US Markets Most Active stocks during last session $F $BBIG $AAPL $AMD $SPCE  \n \nLearn more: https://www.finscreener.org/screener/most-active/stocks/us-markets", "time": 1642135176.0, "sentiment": ""}]