[{"id": 426547484, "text": "$AAPL Looking like $170 tomorrow. Or at least in the AM.", "time": 1642129870.0, "sentiment": ""}, {"id": 426547147, "text": "$AAPL  \ud83c\udf4f Note:  MSFT,  Closed down -13.47:  304.80.  Word on the Street for last 2 wks, is that WallSt wanted MSFT under $300.  So, it\u2019s Closer to the \u201cbuzz\u201d, after today.", "time": 1642129835.0, "sentiment": "Bullish"}, {"id": 426546928, "text": "$AMD $NVDA $FB $MSFT $AAPL What a shitty day.", "time": 1642129816.0, "sentiment": ""}, {"id": 426546751, "text": "$AAPL gonna get interesting tomorrow \nChuckling\u2026I shall look in just b 4 starting time\u26f3\ufe0f\ud83c\udfcc\ufe0f\u200d\u2642\ufe0f", "time": 1642129803.0, "sentiment": "Bullish"}, {"id": 426546517, "text": "$AAPL Buy the dips. We hav e been in Apple for years. If you are long term, you will never regret it.", "time": 1642129781.0, "sentiment": "Bullish"}, {"id": 426545922, "text": "$AAPL small pull back will bring everything down with it", "time": 1642129727.0, "sentiment": ""}, {"id": 426545080, "text": "$DOGE.X $NET $AAPL   For a limited time, we are opening our trading chatroom to the public., discord.io/KDNcDJw", "time": 1642129652.0, "sentiment": "Bullish"}, {"id": 426544932, "text": "$AAPL nice gains \ud83d\udcaa. Solid moves", "time": 1642129638.0, "sentiment": "Bearish"}, {"id": 426544505, "text": "$AAPL (Delayed) Trading Jan 21 $170 Puts here. Long term bullish, definitely short bear. Multiple sweeps noted here with notable OI increase.", "time": 1642129602.0, "sentiment": "Bearish"}, {"id": 426544311, "text": "$MSFT $SPY $AAPL why do bears like ass sexing me so so much? Let\u2019s get a turn around soon!", "time": 1642129583.0, "sentiment": "Bullish"}, {"id": 426543934, "text": "$TSLA Market correction due to inflation fear + potential war which NATO will jump into Eastern europe! $SPY $LULU $AAPL", "time": 1642129548.0, "sentiment": "Bullish"}, {"id": 426543755, "text": "$TSLA Did y\u2019all kill it with us?\nIf not, then see our feed- we are the most documented account on Stocktwits! Then click the follow button and STACK YOUR GAINS \nWe nailed $QQQ puts and $AAPL puts as well!", "time": 1642129533.0, "sentiment": ""}, {"id": 426543293, "text": "$SPY $AAPL $AFRM \ud83e\udd96", "time": 1642129495.0, "sentiment": "Bearish"}, {"id": 426542635, "text": "$LCID $AAPL $SPY $ARKK call chasers getting creampied left and right:", "time": 1642129436.0, "sentiment": "Bearish"}, {"id": 426542518, "text": "$AAPL \nAnyone else see they\u2019re profit disappear on puts", "time": 1642129426.0, "sentiment": ""}, {"id": 426542502, "text": "$AAPL \n\nWhat the fuck happened around 10:15 am EST? Excellent pull of the rug", "time": 1642129424.0, "sentiment": ""}, {"id": 426542381, "text": "$AAPL didn&#39;t you guys see the last minutes they spike up the options?  probably the house is doing this!", "time": 1642129413.0, "sentiment": ""}, {"id": 426542292, "text": "$AAPL Another low volume day. Institutions aren&#39;t selling yet. Lower volume than yesterday. The games they play to flush you out of your shares.", "time": 1642129406.0, "sentiment": "Bullish"}, {"id": 426542215, "text": "The ice man cometh ~? \nhttps://www.wimhofmethod.com/benefits\n$AMD \u2197\ufe0f + $XLNX \n$AAPL | $TSLA | $BTC.x", "time": 1642129399.0, "sentiment": ""}, {"id": 426542176, "text": "$LCID $ARKK $MSFT $AAPL TODAY&#39;S SUMMARY:", "time": 1642129395.0, "sentiment": "Bearish"}, {"id": 426541998, "text": "$AAPL has a Return On Equity of 150.07%. This is amongst the best returns in the industry. https://www.chartmill.com/stock/analyzer/stock/AAPL?view=fundamental-analysis&amp;key=bb853040-a4ac-41c6-b549-d218d2f21b32&amp;utm_source=stocktwits&amp;utm_medium=FA&amp;utm_content=AAPL&amp;utm_campaign=social_tracking", "time": 1642129380.0, "sentiment": ""}, {"id": 426541917, "text": "$AAPL LEAP calls still up 131%. Stay disciplined and stick to your respective plan(s). Change that plan if necessary.", "time": 1642129373.0, "sentiment": "Bullish"}, {"id": 426541571, "text": "$AAPL no such thing as free pussy but deeply discounted apple shares is close to that", "time": 1642129347.0, "sentiment": ""}, {"id": 426541292, "text": "Today&#39;s Top 5 Most Active Report: \n$F (Vol: 178.92M) \n$BBIG (Vol: 141.09M) \n$TQQQ (Vol: 87.34M) \n$SPY (Vol: 82.47M) \n$AAPL (Vol: 80.28M) \n \nAlerts &amp; Technical Analysis via tradethehalt.com", "time": 1642129326.0, "sentiment": "Bullish"}, {"id": 426541269, "text": "$AAPL what is happening to this crazy market??", "time": 1642129324.0, "sentiment": "Bullish"}, {"id": 426540868, "text": "$AAPL Bought some calls for earnings. \n\nAs the earnings start, we go higher. Fed news is priced in at this point.", "time": 1642129294.0, "sentiment": ""}, {"id": 426540579, "text": "$AAPL  \ud83c\udf4f Short Attacks, piling on into the Close.  That last severe Dip\u2026a very long \u201cWick\u201d to make it happen\u2026happened on no Volume movement.  Rough Dip, but no one was Selling.  Pure Games.", "time": 1642129269.0, "sentiment": ""}, {"id": 426540527, "text": "$AAPL did you see the last minute?  damn up in options...clearly cheated!", "time": 1642129265.0, "sentiment": ""}, {"id": 426540276, "text": "$AAPL \n\nFucking beating today.", "time": 1642129246.0, "sentiment": ""}, {"id": 426538493, "text": "$AAPL trying to fill that 172 gap to start a up trend no way", "time": 1642129089.0, "sentiment": ""}]