[{"id": 426699332, "text": "$AAPL Simulated 172.5C for Monday&#39;s open on StockOrbit. \n https://apps.apple.com/us/app/stockorbit/id1541560646", "time": 1642172485.0, "sentiment": ""}, {"id": 426699061, "text": "$AAPL \nThe market will drastically improve once this fraud is out. Increasing inflation and interest rates will only rise with China Joe.", "time": 1642172271.0, "sentiment": ""}, {"id": 426698872, "text": "No pumping just a friendly reminder I told you  \ud83d\ude02\n$AMC $GME $TSLA $AAPL", "time": 1642172059.0, "sentiment": ""}, {"id": 426697904, "text": "$AAPL oh shorts are getting pounded this morning.  Wheres that sweet bear nuts we about to roast.   Yummy.", "time": 1642170998.0, "sentiment": "Bullish"}, {"id": 426697500, "text": "$SPY $AAPL $FB $TSLA $SPCE", "time": 1642170566.0, "sentiment": ""}, {"id": 426697384, "text": "$AAPL bears might wanna lube up for today.", "time": 1642170423.0, "sentiment": "Bullish"}, {"id": 426697159, "text": "$TSLA Question: Do you think one could beat the market consistently (over the long run) with the following picks, and if so, what&#39;s the approx probability: $AMD $AAPL $TSLA $MSFT $NVDA", "time": 1642170186.0, "sentiment": "Bullish"}, {"id": 426696416, "text": "$FB N.Korea uses two short-range ballistic missiles in latest test: S.Korea military \nreuters.com \u00b7 2022/01/13 21:31 GMT-05:00 \n \nSEOUL, Jan 14 (Reuters) - North Korea used two short-range ballistic missiles in the latest weapons test on Friday, South Korea&#39;s Joint Chief of Staff said, adding they were fired from the northeastern province of North Pyongan. \n \n \n(Reporting by Hyonhee Shin; Editing by Himani Sarkar) \n \n((hyonhee.shin@thomsonreuters.com; 822 3704 5658;)) \n$MSFT $AAPL $AMZN $TSLA", "time": 1642169432.0, "sentiment": "Bearish"}, {"id": 426695934, "text": "$AMC $AAPL $FB $MSFT K E N is a sociopath", "time": 1642168906.0, "sentiment": ""}, {"id": 426695330, "text": "$SPY suicide hotline number for bears please\n\n$tsla $aapl", "time": 1642168286.0, "sentiment": "Bullish"}, {"id": 426694996, "text": "$AAPL $BRK.B   I can&#39;t imagine Buffett hasn&#39;t been trimming some of his position up here.  It&#39;s like 1/4 of the companies assets and poses a huge risk if it gets revalued.", "time": 1642167998.0, "sentiment": ""}, {"id": 426694984, "text": "$SPY fed is just sending gambler to McDonald&#39;s for work\n\n$tsla $aapl", "time": 1642167985.0, "sentiment": "Bullish"}, {"id": 426693433, "text": "$TSLA $AAPL $ABNB $UPST \n\nHeading in to a 3 day weekend. Should be interesting to see what the market does tomorrow. Markets closed Monday. Good luck to all !", "time": 1642166755.0, "sentiment": ""}, {"id": 426691743, "text": "$SPY someone on the $AAPL board asked if Apple will hit 95 after checking news wires inflation and the height of the market. I think it\u2019s possible in March if not before a crash could be coming. Stocks have been hitting ATH frequently in short periods of time", "time": 1642165530.0, "sentiment": ""}, {"id": 426691418, "text": "$AAPL Apple (AAPL): Investors are optimistic about upcoming Apple virtual reality devices, according to the Wall Street Journal", "time": 1642165302.0, "sentiment": ""}, {"id": 426691178, "text": "$AAPL if apple could make 90 to 95 million units for iPhone, it would be $127 billion alone from iPhone revenues alone, the March Qtr looks much more promising as well", "time": 1642165155.0, "sentiment": ""}, {"id": 426690992, "text": "$QQQ $SPY y\u2019all\u2026 this is not a \u201cbounce\u201d to be excited about.  Like two big red candles are gonna come in and it\u2019s back to red and then a big gap down. $AAPL $TSLA", "time": 1642165039.0, "sentiment": ""}, {"id": 426690943, "text": "$AAPL Apple will shatter its holiday quarter earnings record despite supply issues, analyst says\nhttps://appleinsider.com/articles/22/01/13/apple-will-shatter-its-holiday-quarter-earnings-record-despite-supply-issues-analyst-says", "time": 1642165005.0, "sentiment": ""}, {"id": 426688991, "text": "Apple Supplier TSMC To Spend Record $44B On Capacity Expansion This Year  $AAPL $TSM $INTC $NIVIDI \n\nhttps://newsfilter.io/a/0caae9f5816b1374a0b4ff85fbfce08a", "time": 1642163743.0, "sentiment": ""}, {"id": 426687685, "text": "$AAPL https://www.patentlyapple.com/patently-apple/2022/01/apple-updates-5-key-patents-covering-an-all-glass-iphone-with-a-wrap-around-display-gaze-controls-an-idevice-strobe-accesso.html", "time": 1642163032.0, "sentiment": ""}, {"id": 426687326, "text": "$AAPL $170 on deck. Buy off support.", "time": 1642162855.0, "sentiment": "Bearish"}, {"id": 426686598, "text": "$AAPL &quot; Wall Street Journal &quot; article today on AAPL with all analyst \npredicting a $200 price &amp; one calling for $202.  I personally put all my eggs in one basket selling everything &amp; putting it all in  \nAAPL at $118 back then. I now have 4 Tesla&#39;s in the driveway &amp; \nmy mistress a Mercedes.  My children all in Christian schools &amp;  \nmy wife off my back.  Imagine how Buffet feels owning 6% of \nAAPL?", "time": 1642162436.0, "sentiment": ""}, {"id": 426686008, "text": "$AAPL AAPL 2022-01-13 Technical Analysis Video: \nhttps://www.youtube.com/watch?v=AxXxWHFmBoU", "time": 1642162085.0, "sentiment": ""}, {"id": 426685558, "text": "$SPY $DJIA $GOOG $AAPL $ARKK", "time": 1642161850.0, "sentiment": ""}, {"id": 426685321, "text": "$SPY I don&#39;t think we make it to tech ERs starting 24th, we&#39;ll have both flushed and got Tutes&#39; analysts downgrades and revisions of Q1 earnings reports + that 7% CPI and .5% PPI is a nasty combo for inflation. Together they could bring a 10% #  Retail sales a good tell tom. too \ud83d\udc4d\n\nAdobe most certainly won&#39;t be the only one. \n\nApple $AAPL a good guess Cook comes out and admits iphone sales won&#39;t be good in next few days. Jensen too, from Nvidia, stock&#39;s chunked already but it&#39;s still quite aways from 230 where it belongs. \n\nBut, yeah, 10800 tech incoming, we&#39;ll be revisiting long ago. And staying there . \n$QQQ \n$SOXX", "time": 1642161722.0, "sentiment": ""}, {"id": 426685306, "text": "$AAPL Simulated 172.5C for Monday&#39;s open on StockOrbit. \n https://apps.apple.com/us/app/stockorbit/id1541560646", "time": 1642161718.0, "sentiment": ""}, {"id": 426683493, "text": "Nice wedge setup  $AAPL \n\nhttps://youtu.be/vEJe5L9ZtpE", "time": 1642160777.0, "sentiment": "Bullish"}, {"id": 426683273, "text": "$AAPL stock analysis \n\nhttps://youtu.be/vEJe5L9ZtpE", "time": 1642160678.0, "sentiment": ""}, {"id": 426679479, "text": "$AAPL Analyst Daniel Ives from Wedbush maintained a Buy rating on Apple, with a $200 price target.", "time": 1642159044.0, "sentiment": "Bullish"}, {"id": 426678891, "text": "$DOGE.X More importantly, Tesla (a trillion dollar company) selling out of merch within an hour of enabling Doge payment should give other big billion/trillion dollar companies comfort to do the same. I&#39;M LOOKING AT YOU $AAPL.", "time": 1642158813.0, "sentiment": "Bullish"}]