[{"id": 426634526, "text": "Trade Alert  - $AAPL - Apple- Watch the 50d Moving Avg.   Jan. 13,  2022.\nhttps://youtube.com/shorts/nfSGtHcvzi8?feature=share", "time": 1642145256.0, "sentiment": ""}, {"id": 426633386, "text": "$AAPL - Upcoming quarterly report is on 27th of January 2022. Steady momentum is detected\u2026 https://www.macroaxis.com/stocks/Momentum-Indicators/Rate-of-change/AAPL", "time": 1642144984.0, "sentiment": ""}, {"id": 426631515, "text": "Unusual Option Alert on $AAPL $2,145,025 put sweep traded with $170.0 strike expiring on 2023-01-20. Via: https://www.stockgrid.io/optionsflowcumulativestats/AAPL", "time": 1642144585.0, "sentiment": ""}, {"id": 426630572, "text": "$AAPL  \ud83c\udf4f AfterHours Volume, 5.4 Million.", "time": 1642144345.0, "sentiment": "Bullish"}, {"id": 426629180, "text": "Most active flow for today:\n\n$TSLA - 69% call flow\n$TSM - 67% call flow\n$NVDA - 56% put flow\n$AAPL - 51% put flow\n$F - 83% call flow", "time": 1642143992.0, "sentiment": ""}, {"id": 426629045, "text": "$AAPL was analyzed by 49 analysts. The buy consensus is at 84%. So analysts seem to be very confident about $AAPL. https://www.chartmill.com/stock/quote/AAPL/analyst-ratings?utm_source=stocktwits&amp;utm_medium=ANALYST&amp;utm_content=AAPL&amp;utm_campaign=social_tracking", "time": 1642143960.0, "sentiment": ""}, {"id": 426628838, "text": "$AAPL 3.1 million options expire on this next week, you know what that means....", "time": 1642143911.0, "sentiment": "Bearish"}, {"id": 426628730, "text": "$AAPL technical analysis for tomorrow.\n\nhttps://youtu.be/EFrxX5kKhxM", "time": 1642143889.0, "sentiment": ""}, {"id": 426627899, "text": "$AAPL Simulated 172.5C for Friday&#39;s open on StockOrbit. \n https://apps.apple.com/us/app/stockorbit/id1541560646", "time": 1642143692.0, "sentiment": ""}, {"id": 426627353, "text": "$TSLA I really thought the rug pull days were gonna be over and we&#39;d trade more like $AAPL but I guess you gotta be more ruthless and steal from your creators, and install suicide nets at your factory  if you want that kind of stability", "time": 1642143574.0, "sentiment": ""}, {"id": 426626970, "text": "$SPY Now I AM STARTING TO GET IT, WHY PANIC SETTING IN, probably ERs got 0% chance even small bumps.\n\nWe headin&#39; downANDQUICK! \n\nPowell, you remember said, &#39;2,or, 3, 4, more meetings b4 1st hike, these things take time,&quot;  yet, here was Powell&#39;s urgency to saying in same statement, &quot;,Inglation should be back around 2-3% by end of year.&quot; \n\nNow, MY QUESTION is HOW &amp; then I got an epiphany, we at 7% now, so, how in the FLIP can FED not aggressively raise rates if they have a bat&#39;s weenie chance of getting rates back to target , 2-3%?\n\nWell, here&#39;s how, they AGGRESSIVELY DO THINGS, FEBRUARY WILL NOW BE END OF TREASURY BUYS IN MARKETS &amp; 1st hike will be March , and, yes, bulls, listen up, aggressive means a DOUBLE HIKE. \n\nNow, this can give JOLTS! But, .50% is my guess for March, and, to be aggressive , they&#39;ll need to do FIVE TO SIX MORE HIK3LES IN 2023.\n\nThat&#39;s the tweet.\n\n$QQQ $SOXX $AAPL", "time": 1642143478.0, "sentiment": ""}, {"id": 426626778, "text": "$AAPL I think this is nearing lows. Should hit 180 by EOM.", "time": 1642143430.0, "sentiment": "Bullish"}, {"id": 426626267, "text": "$AAPL \n\nThe chart shows this is about the lowest it\u2019s been in awhile.  I bough some at $170 -171 two weeks ago and more today at $172.25", "time": 1642143309.0, "sentiment": ""}, {"id": 426626182, "text": "$AMC $spy $aapl hey smartie try reading for once \ud83e\udd23\ud83e\udd23 I said he hasn\u2019t sold shares in years, so he let us know last year that he would be selling some shares \ud83e\udd26\ud83c\udffc\u200d\u2642\ufe0f\ud83e\udd26\ud83c\udffc\u200d\u2642\ufe0f man your dumb", "time": 1642143289.0, "sentiment": ""}, {"id": 426625934, "text": "$AMC ape claims CEO hasnt sold shares. Oof $spy $aapl", "time": 1642143226.0, "sentiment": ""}, {"id": 426625734, "text": "$AAPL almost time to back up the truck! \n \nsteal this! \n \ngoing much higher in the weeks ahead.", "time": 1642143180.0, "sentiment": "Bullish"}, {"id": 426624786, "text": "$AAPL Weekly view.. holding the 10 day SMA, $167... Let&#39;s see how it closes", "time": 1642142961.0, "sentiment": ""}, {"id": 426624037, "text": "$TSM Muhahaha! 2033 will be the year of TSMC!  Kneel $GOOGL $AMZN $AAPL", "time": 1642142785.0, "sentiment": "Bullish"}, {"id": 426623922, "text": "$KMB, $AAPL and $SFM showing up in our technical breakout setup screen. https://www.chartmill.com/stock/stock-screener?sid=202&amp;f=v1_50b500,atrpct_a_1,sl_ta_7_X,sl_se_7_X,p_pg20,exch_us&amp;s=se&amp;v=3&amp;utm_source=stocktwits&amp;utm_medium=screener&amp;utm_content=Stock_Screener:_Technical_Breakout_Setups&amp;utm_campaign=social_tracking", "time": 1642142760.0, "sentiment": ""}, {"id": 426622328, "text": "$AAPL 50D inflection imo. Momentum waning", "time": 1642142401.0, "sentiment": ""}, {"id": 426622227, "text": "$AAPL for the love of fudge do not let her fail the whole market will follow @gpaisa", "time": 1642142378.0, "sentiment": ""}, {"id": 426621356, "text": "$AAPL interest rates go up stocks go down.  Doesn\u2019t matter the quality of stock.  It\u2019s never different", "time": 1642142193.0, "sentiment": "Bearish"}, {"id": 426620747, "text": "$aapl Apple will shatter its holiday quarter earnings record despite supply issues, analyst says\nhttps://appleinsider.com/articles/22/01/13/apple-will-shatter-its-holiday-quarter-earnings-record-despite-supply-issues-analyst-says https://appleinsider.com/articles/22/01/13/apple-will-shatter-its-holiday-quarter-earnings-record-despite-supply-issues-analyst-says", "time": 1642142057.0, "sentiment": ""}, {"id": 426620158, "text": "$AAPL AAPL 2022-01-13 Technical Analysis Video: \nhttps://www.youtube.com/watch?v=AxXxWHFmBoU", "time": 1642141925.0, "sentiment": ""}, {"id": 426620059, "text": "$AAPL $nvda Fortnite&#39; returns to the iPhone through Nvidia&#39;s Geforce Now\nhttps://appleinsider.com/articles/22/01/13/fortnite-returns-to-the-iphone-through-nvidias-geforce-now https://appleinsider.com/articles/22/01/13/fortnite-returns-to-the-iphone-through-nvidias-geforce-now", "time": 1642141902.0, "sentiment": ""}, {"id": 426618690, "text": "$AAPL Midday update from 13 January to members at www.elliottwave-forecast.com shows #Apple turning lower #elliottwave #trading", "time": 1642141620.0, "sentiment": ""}, {"id": 426618496, "text": "#Apple $AAPL video from 13 January looking at the #Elliottwave path https://youtu.be/q1xLRP7d8LA #trading", "time": 1642141579.0, "sentiment": ""}, {"id": 426618087, "text": "$AAPL buy the dip in the morning, gonna be a nice GREEEN DAY", "time": 1642141491.0, "sentiment": "Bullish"}, {"id": 426616680, "text": "$AAPL apple seems to be holding well others getting crashed net ect", "time": 1642141189.0, "sentiment": ""}, {"id": 426615630, "text": "$AAPL   keep buy easy go up to new higj", "time": 1642140971.0, "sentiment": "Bullish"}]