[{"id": 426654235, "text": "$AAPL Lots of Bears on here doing their scare tactics. They must be paid by the hedge funds or shorts to create panic to sell.  Taking like this company is going down and down. Crazy talk.", "time": 1642150407.0, "sentiment": ""}, {"id": 426652977, "text": "$AAPL -- Ready to dump. \n \nhttps://wallstreet-forecaster.asp", "time": 1642150051.0, "sentiment": "Bearish"}, {"id": 426652355, "text": "@StockCrusher1 Nancy didn&#39;t sell. She donated a portion of  $AAPL stock to Trinity College and George Town University.", "time": 1642149879.0, "sentiment": ""}, {"id": 426651877, "text": "$AAPL, $FB https://micabear.com/2022/01/13/surveillance-will-follow-us-into-the-metaverse-and-our-bodies-could-be-its-new-data-source/", "time": 1642149745.0, "sentiment": ""}, {"id": 426651290, "text": "$SPY $SPX $AAPL   *opinion* \n \ni had a thought/theory on WHY the Massive  many many $Millions in index PUTS with Fed 18 expiration the Past 2 days while markets were extremely Green.. \n i believe it has to do with the #VIX which looks at expected move and volatility in the Next 30 days.. Buying the Massive Feb 18th #SPY PUTS yesterday and today gets it just outside the 30 day window of pricing in a spike in volatility in 30 days..  much cheaper .. my theory would mean a big spike in VIX  into Friday close or tuesday January 18th .. will see. \n \n*Caution markets for the #Maybelline Pattern.", "time": 1642149592.0, "sentiment": ""}, {"id": 426651189, "text": "$AAPL 165 tomorrow", "time": 1642149563.0, "sentiment": ""}, {"id": 426650019, "text": "$AAPL next week fed talks we will go down more", "time": 1642149248.0, "sentiment": ""}, {"id": 426649141, "text": "@Bluweed Nothing wrong with concentration if its working imo. NICE! $AAPL is my largest holding as well. $ABBV my #4 As far as $SBUX goes its my third largest holding and I totally agree I cant stand their products but the sheep sure love em and it pays not the best but with my cb my yield is higher than the current yield and Im in it for more than that. Its a solid long imo so Ive held for years and continue to. As far as their products we feel the same I dont use em or like em. If I drink coffee which is occasionally, working on detaching completely, I make my own organic high quality and french pressed. Im more of an herbalist and love my herbs, whether its a good stinging nettle, some holy basil, plantain or thyme. Love some herbal alchemy. The weed and psychs yeah we seem to have some things in common and im sure a lot more. Great sharing and talking with ya Brother like I said im gonna follow you and do the same if you want and we can share here and there. Best to ya Broseidon!", "time": 1642149009.0, "sentiment": "Bullish"}, {"id": 426648680, "text": "$AAPL the beginning of the end\nEveryone and their mother makes phones now and really good ones so what this shit is going to do\nWait for the tesla phones Apple is done\nAny other shit they do the competition clearly crush them", "time": 1642148881.0, "sentiment": "Bearish"}, {"id": 426648653, "text": "I received this message from a fellow, &quot;this one shouldn&#39;t be in the stock market&quot;, correct for lack of sane judgement :) \n \n&quot;Bride cancels her wedding because her guests didn&#39;t &quot;donate&quot; a $1,500 each to fund the event&quot; \n \n$AAPL $TSLA $SPY $AMD $AMZN", "time": 1642148875.0, "sentiment": "Bullish"}, {"id": 426648498, "text": "$SPY $MSFT $AAPL @Bengp \n\nRemember\u2026 whatever this loser is thinking the opposite will happen..", "time": 1642148830.0, "sentiment": ""}, {"id": 426648265, "text": "$QQQ $AAPL $AMZN $GOOGL FMAGA complex channel", "time": 1642148768.0, "sentiment": ""}, {"id": 426647794, "text": "We are now live for #LOTTOFRIDAY ideas  \n\ud83d\udd25 #Livestream alert\ud83d\udd25 \n\ud83d\udcc8 I&#39;m going to breakdown \n\u2694\ufe0fTRADE IDEAS \n\ud83d\udd2bTRIGGERS \n\ud83c\udfafTARGETS  \nAND MORE CLICK  https://us02web.zoom.us/j/85712755744  $SPY  $TSLA  $AAPL", "time": 1642148649.0, "sentiment": ""}, {"id": 426646657, "text": "This is what the team is seeing\n\n$AAPL  = Bearish\n$BA  = Bullish\n$MSFT = Bearish\n$NKE = Bearish\n$CRM = Bearish", "time": 1642148377.0, "sentiment": ""}, {"id": 426644923, "text": "All he wanted is one innocent,  no harm intended :) \n \n$AAPL $TSLA $SPY $AMD $AMZN", "time": 1642147950.0, "sentiment": "Bullish"}, {"id": 426644313, "text": "$SPY time for apple to drop 150s and Microsoft to 270s. $AAPL $MSFT", "time": 1642147788.0, "sentiment": "Bearish"}, {"id": 426643467, "text": "@Harry_Poop_Sock what I like about $MSFT is that it often stays off the news. $FB, $GOOG, $TWTR, Reddit subpoenaed for 1/6? Not Softie. $AAPL invested for monopoly? Not Softie. It just sits there and silently make bank", "time": 1642147571.0, "sentiment": ""}, {"id": 426643446, "text": "$AAPL AAPL 2022-01-13 Largest Trades Data: \nhttps://www.youtube.com/watch?v=ZhcMonKfnYM", "time": 1642147567.0, "sentiment": ""}, {"id": 426643403, "text": "$AAPL don&#39;t wake up tomorrow - big drop bloody red day", "time": 1642147556.0, "sentiment": "Bearish"}, {"id": 426643232, "text": "$SPY $AAPL $TSLA $QQQ. We were busy today.", "time": 1642147507.0, "sentiment": "Bullish"}, {"id": 426643156, "text": "$AAPL big drop coming tmrw", "time": 1642147486.0, "sentiment": "Bearish"}, {"id": 426641928, "text": "$AAPL so many Bears...My mouth is watering..", "time": 1642147162.0, "sentiment": "Bullish"}, {"id": 426641357, "text": "$LCID $DWAC $AAPL $GME $AMC Successful rocket launch from 747 jumbo plane today and all satellites have reached their target orbits.  Commons and warrants still cheap at VORB and VORBW", "time": 1642147015.0, "sentiment": "Bullish"}, {"id": 426640009, "text": "$AMD $TSLA $AAPL $RBLX \n\nDaily Market Recap for Thursday 1/13/2022 for #Stocks #Bitcoin #Gold and #Silver\nhttps://youtu.be/psk1ue1I9qo\n\nTech has issues?", "time": 1642146663.0, "sentiment": ""}, {"id": 426639773, "text": "$AAPL The Stock Market Crash of 2022 and How To Prepare | Earnings Season Ahead!    \n    \nIs it imminent?    \n    \nLink - https://youtu.be/EVIylmk23Bo", "time": 1642146607.0, "sentiment": ""}, {"id": 426639516, "text": "$AAPL looking forward to seeing this break 169 tomorrow. Massive put position", "time": 1642146547.0, "sentiment": "Bearish"}, {"id": 426639037, "text": "$SPY until market correction completed, nothing can save this market $AAPL $MSFT", "time": 1642146415.0, "sentiment": "Bearish"}, {"id": 426638769, "text": "$AAPL Do not buy calls when it&#39;s free falling. I thought I learned my lesson...", "time": 1642146345.0, "sentiment": ""}, {"id": 426637754, "text": "$AAPL $200 is coming!", "time": 1642146081.0, "sentiment": ""}, {"id": 426634532, "text": "$SPY $BRK.B $AAPL $BAC $ARKK  \n \n2021 thru 2022 YTD \n \n+74% return from simple long Buffett (+39%) / short Cathie (-36%)", "time": 1642145257.0, "sentiment": ""}]