[{"id": 426800315, "text": "$AAPL worth the wait (buy low) like 150-160 and we RIP", "time": 1642195381.0, "sentiment": "Bearish"}, {"id": 426800279, "text": "$SPY what scares me is not fed\n\nIs dumb bear don&#39;t understand fed\n\n$tsla $aapl", "time": 1642195377.0, "sentiment": "Bullish"}, {"id": 426800274, "text": "$SPY $aapl $msft $tsla $bac of course they going to increase rate. Duhhh", "time": 1642195376.0, "sentiment": ""}, {"id": 426800112, "text": "$AABB $GOOG $AAPL $TSLA $MSFT", "time": 1642195359.0, "sentiment": "Bullish"}, {"id": 426799950, "text": "$AAPL  \n \nabout to explode past 174   \n \nanother hour or so", "time": 1642195344.0, "sentiment": "Bullish"}, {"id": 426799855, "text": "$AAPL $AAL Bloodbath next week if Russia invades Ukraine.", "time": 1642195334.0, "sentiment": ""}, {"id": 426798784, "text": "$AAPL greed", "time": 1642195236.0, "sentiment": ""}, {"id": 426798783, "text": "$AAPL   \ud83c\udf4f \u201cOpening Hour\u201d, Closing in 10 mins.  This is where we are:", "time": 1642195236.0, "sentiment": ""}, {"id": 426798491, "text": "$HD $SPY $AAPL $TSLA ENTIRE MARKET ABOUT TO PUMP!!!!! HERE WE Go!", "time": 1642195212.0, "sentiment": "Bullish"}, {"id": 426797677, "text": "$SPY If inflation only really affects poor people, well, they don&#39;t even know the stock market exists so this thing should be ripping. It&#39;s like a speakeasy for those with money. $QQQ $AAPL", "time": 1642195141.0, "sentiment": ""}, {"id": 426797516, "text": "$AABB $GOOG $MSFT $AAPL $TSLA Gold 2022 LOADING ZONE", "time": 1642195128.0, "sentiment": "Bullish"}, {"id": 426797203, "text": "$AAPL what go up must come down", "time": 1642195102.0, "sentiment": "Bearish"}, {"id": 426796882, "text": "$AAPL  (164) and load ? \ud83c\udf4f\ud83d\udc4d\ud83d\udcaa\ud83c\udffdApple Free Cash Flow is relatively stable at the moment as compared to the past year. The company&#39;s current value of Free Cash Flow is estimated at 60.43 Billion. Enterprise Value is expected to hike to about 1047 B this year, although Tangible Asset Value will most likely fall to nearly 358.4 B. \nApple Inc shows a prevailing Real Value of $164.17 per share.", "time": 1642195071.0, "sentiment": "Bullish"}, {"id": 426796722, "text": "Ping Pong between levels for you dte0 options. $AAPL", "time": 1642195057.0, "sentiment": ""}, {"id": 426794918, "text": "$AAPL https://appleinsider.com/articles/22/01/13/apple-will-shatter-its-holiday-quarter-earnings-record-despite-supply-issues-analyst-says", "time": 1642194882.0, "sentiment": ""}, {"id": 426794613, "text": "$SPY $QQQ $AAPL $AMD \n\nWow, the 2 year just shot to the moon, how will people finance expensive things like GPU, CPU, PHONES!!", "time": 1642194853.0, "sentiment": ""}, {"id": 426794467, "text": "$AAPL latest rating from Piper Sandler on 2022-01-14, setting target price at: USD 200.00 with a rating of Overweight. StockTargetAdvisor&#39;s own view is Slightly Bullish  with an average target price of USD 171.50. Details: https://www.stocktargetadvisor.com/stock/USA/NSD/AAPL", "time": 1642194842.0, "sentiment": ""}, {"id": 426794053, "text": "$AAPL this is gonna tank hard in a few", "time": 1642194801.0, "sentiment": "Bearish"}, {"id": 426793869, "text": "$AAPL slap that buy button", "time": 1642194786.0, "sentiment": "Bullish"}, {"id": 426793399, "text": "$AAPL POV: You are a short term bear who shorted at 176, covered at 170.xx , have a $5 margin per share to feed your inner bullish bias with the market. You also know the ER run is coming. You also know banks, the anti - heroes to big tech are bleeding. MegaCap is also the most fairly valued in the speculative bubble. Rates will be a headwind and macro outlook sucks, but so what? You got $5 margin to play and this is the best ER Apple is gonna have. You wanna play bullish side and print money to take your family to a first class trip to India and watch the Magnificient Hindu temples which survived so many islamic barbaric invasion. PRESS THAT BUY BUTTON BOOM", "time": 1642194747.0, "sentiment": "Bullish"}, {"id": 426792670, "text": "$AAPL show me $175 close", "time": 1642194680.0, "sentiment": "Bullish"}, {"id": 426792635, "text": "$SPY $aapl $msft $bac $tsla long weekend. Monday market is closed", "time": 1642194677.0, "sentiment": ""}, {"id": 426792576, "text": "$SPY  $AAPL reports sooooooooooon!!!!", "time": 1642194671.0, "sentiment": ""}, {"id": 426791280, "text": "@Stayygreen Not today. BUT, $180 is a given before ER. I wanna see if we actually follow the trend of breaking ATH by a whole Earning multiple before Q1 ER $aapl", "time": 1642194555.0, "sentiment": ""}, {"id": 426791182, "text": "$AAPL US will impose severe economic sanctions if Russia invades Ukraine. Going to have major economic impact", "time": 1642194546.0, "sentiment": ""}, {"id": 426790929, "text": "$AAPL $AMD &quot;Long.&quot;\n  no, no, NOOOOOO! \nDon&#39;t tell people this,  retail sales just proved INFLATION is poisoning the economy!!! \n\nForget omicron!!!!! \n\nWe have a new DEATH in the house, just sucked cash out of system like crazy spending retail. \n\n$SPY $QQQ\n\n*please do own DD, God bless your trades", "time": 1642194521.0, "sentiment": ""}, {"id": 426790602, "text": "$AAPL comeon ath next week", "time": 1642194488.0, "sentiment": "Bullish"}, {"id": 426789895, "text": "$SPY $QQQ $AAPL watch for breakout !!!", "time": 1642194424.0, "sentiment": "Bullish"}, {"id": 426789746, "text": "$AAPL reversal 177-79$?", "time": 1642194408.0, "sentiment": "Bullish"}, {"id": 426789704, "text": "$AAPL today is appl day.", "time": 1642194406.0, "sentiment": ""}]