[{"id": 426772986, "text": "$aapl I trust the $168 double retest and expect slowly up, got calls. $tsla don\u2019t trust the gap at $940 buying puts.", "time": 1642192947.0, "sentiment": "Bullish"}, {"id": 426772893, "text": "$TSLA lol, im green\n\nI&#39;m going sleep $spy $aapl", "time": 1642192939.0, "sentiment": "Bullish"}, {"id": 426772417, "text": "$AAPL  let it settle", "time": 1642192900.0, "sentiment": "Bearish"}, {"id": 426771892, "text": "$MSFT $AAPL lets close above 100 day please\u2026 pity for those who listened to hedge funds and sold gems to get into cyclicals\u2026", "time": 1642192857.0, "sentiment": "Bullish"}, {"id": 426771796, "text": "$aapl Banks fucking up seems to have accelerated the rotation to tech. This right here is the ER run (if we close above $173 today) , green close also is very bullish after the fuckup in PM", "time": 1642192850.0, "sentiment": ""}, {"id": 426771626, "text": "$AAPL market will poop again just profit taker . Careful", "time": 1642192838.0, "sentiment": "Bearish"}, {"id": 426771513, "text": "$SPY im happy that&#39;s bears put are worthless\n\n$tsla $aapl", "time": 1642192829.0, "sentiment": "Bullish"}, {"id": 426770986, "text": "$AAPL nice dip opportunity. Running stops and if any sort of pull back I\u2019ll take my profits and get on to the long weekend!!!", "time": 1642192786.0, "sentiment": "Bullish"}, {"id": 426770916, "text": "$AAPL \ud83d\udcb5\ud83d\udcb5", "time": 1642192781.0, "sentiment": "Bullish"}, {"id": 426770869, "text": "$AAPL ....ithiught we were crashing today. Wtf I suck at this", "time": 1642192777.0, "sentiment": ""}, {"id": 426770609, "text": "$AAPL", "time": 1642192759.0, "sentiment": "Bullish"}, {"id": 426770592, "text": "$AAPL added more 170 puts at .28", "time": 1642192758.0, "sentiment": "Bearish"}, {"id": 426770140, "text": "$AAPL $226 2022 September ??", "time": 1642192725.0, "sentiment": ""}, {"id": 426769829, "text": "$AAPL $MSFT $QQQ $SPY \nSlowly but surely getting to the target", "time": 1642192703.0, "sentiment": ""}, {"id": 426769631, "text": "$AAPL great opportunities to go short with puts. On a silver platter", "time": 1642192688.0, "sentiment": "Bearish"}, {"id": 426769368, "text": "$AAPL Earnings coming soon", "time": 1642192669.0, "sentiment": "Bullish"}, {"id": 426768827, "text": "$AAPL If we close green today. TODAY out of all days, we ll see ATH in Jan 100%", "time": 1642192625.0, "sentiment": "Bullish"}, {"id": 426768664, "text": "$QQQ freaking $AAPL again pumping", "time": 1642192610.0, "sentiment": ""}, {"id": 426768359, "text": "$aapl $msft is green , we ll be green too", "time": 1642192581.0, "sentiment": ""}, {"id": 426767759, "text": "$AAPL next support is 155", "time": 1642192524.0, "sentiment": "Bearish"}, {"id": 426767412, "text": "$AAPL $160 next support \ud83e\udd22", "time": 1642192492.0, "sentiment": "Bearish"}, {"id": 426767053, "text": "$AAPL i am now only short 3x $175Cs and i hope to god i get assigned on those.", "time": 1642192458.0, "sentiment": "Bullish"}, {"id": 426766825, "text": "$AAPL $200\ud83e\udd11\ud83d\ude80", "time": 1642192434.0, "sentiment": ""}, {"id": 426766253, "text": "Manipulation at its finest $AAPL", "time": 1642192374.0, "sentiment": ""}, {"id": 426766042, "text": "MASSIVE by the fkn dippage at the open $msft $aapl $qqq", "time": 1642192353.0, "sentiment": ""}, {"id": 426766013, "text": "$AAPL !!!!!!  Crypto Wallet Coming!!!!! \n \n1.6 Million of its users are awaiting the launch of its highly anticipated digital wallet coming out this month.  \n \n Robinhood&#39;s new wallet will support deposit and withdrawal of cryptocurrencies including Bitcoin, Dogecoin, and Ether.  \n  \nSHORTS HAVE NOT COVERED SINCE IPO.A GAMESTOP, CRYPTO WALLET  IN THE MAKING COMPANY, HOOD is CURRENTLY TRADING 50% below its IPO PRICE.   \n   \n31+ MILLION SHARES SHORTED IN HOOD (SINCE DEC 30, 2021). HOOD got 7.38  Billion cash at hand UNLIKE many HIGH FLYING companies are in debt.   \n   \n  HOOD is a CASH COW  company with 7+ billion, no dilution. No debt.   \n                            $$$$SQUEEZE  is imminent", "time": 1642192350.0, "sentiment": "Bullish"}, {"id": 426765884, "text": "$AAPL added more 170 puts at .36", "time": 1642192335.0, "sentiment": "Bearish"}, {"id": 426765419, "text": "$LCID Partnership $LCID \ud83e\udd1d $AAPL", "time": 1642192280.0, "sentiment": "Bullish"}, {"id": 426765364, "text": "$AAPL loaded the 170 puts at .43", "time": 1642192272.0, "sentiment": "Bearish"}, {"id": 426765331, "text": "$AAPL the world in crimson!!!! \ud83e\ude78", "time": 1642192269.0, "sentiment": ""}]