[{"id": 426765317, "text": "$AAPL TP182 let see", "time": 1642192267.0, "sentiment": "Bullish"}, {"id": 426763744, "text": "$AAPL $GS i must say I\u2019m a new user to the Apple Card and I love it. The ability to be able to make a payment early and any amount is amazing! Not to fucking mention a tool to show you the amount you need to pay off to avoid interest charges. I FUCKING LOVE IT. Apr could be better for a 24 year with a 716 credit score but hey who cares about APR when you\u2019re not really paying interest anyways", "time": 1642192080.0, "sentiment": "Bullish"}, {"id": 426763540, "text": "$AAPL ", "time": 1642192057.0, "sentiment": "Bullish"}, {"id": 426763492, "text": "$F I believe $F and $AAPL will follow the DOW when it starts to head back up.", "time": 1642192052.0, "sentiment": "Bullish"}, {"id": 426763051, "text": "$AAPL \u2764\ufe0f\n https://www.reddit.com/r/Epic_Economics/comments/s3tlg3/derating_the_indexes_most_expensive_stonks/?utm_source=share&amp;utm_medium=ios_app&amp;utm_name=iossmf", "time": 1642192000.0, "sentiment": "Bearish"}, {"id": 426762692, "text": "$AAPL fuck u apple \ud83d\ude02", "time": 1642191962.0, "sentiment": "Bearish"}, {"id": 426761982, "text": "$AAPL", "time": 1642191879.0, "sentiment": "Bullish"}, {"id": 426761055, "text": "January 14, 2022 \n$SPY $460 to $463. Over $463 to $465-$467. Below $460 to $458-$457.50 \n  \n$AAPL $170 to $172. Over $172 to $173.50. Below $170 to $169-$168.70 \n  \n$BA $220 to $222. Over $222 to $223.50-$224. Below $220 to $218-$216.75 \n  \n$NVDA $260 to $265. Over $265 to $270-$271.75. Below $260 to $255-$252 \n  \n$AMD $130 to $132. Over $132 to $134-$135. Below $129 to $126-$125", "time": 1642191768.0, "sentiment": ""}, {"id": 426760951, "text": "$TSLA Awesome gifts. Keep accumulating big winners at a discount throughout this year. It\u2019ll set you up for life for years to come 2023 onwards $MSFT $AAPL", "time": 1642191754.0, "sentiment": "Bullish"}, {"id": 426760431, "text": "$aapl", "time": 1642191692.0, "sentiment": ""}, {"id": 426760051, "text": "$SPY with 10Y yield falling to 1.7 the third rate increase probably will not happen and the the fourth is just an imagination of some Goldamn Sachs lunatic.\n(It\u2019s not from me tho)! $QQQ $AAPL $AMZN $TSLA", "time": 1642191645.0, "sentiment": "Bullish"}, {"id": 426758708, "text": "$TSLA Only watch this index for $NVDA, $AMD, $AAPL, $LCID\u2026It\u2019s up all up.", "time": 1642191487.0, "sentiment": "Bullish"}, {"id": 426758565, "text": "$AAPL      \u2757\ufe0f\ud83c\udf4f \u2757\ufe0fMultiple Analysts raising AAPL Price Targets this morning, this week:  Loop Capital, Piper Jeffrey, JPM\u2026.  Very significant!  These PT\u2019s are signaling very strong ERs &amp; Guidance are coming.  Trade smart.  The Street is excited.", "time": 1642191470.0, "sentiment": ""}, {"id": 426758538, "text": "$AAPL all dips today&gt;", "time": 1642191466.0, "sentiment": "Bullish"}, {"id": 426758463, "text": "$AAPL is recovering PM wow the manipulation", "time": 1642191456.0, "sentiment": ""}, {"id": 426758163, "text": "$MSFT $AAPL IIP missed \u2026", "time": 1642191419.0, "sentiment": "Bullish"}, {"id": 426757864, "text": "$AAPL 172 or 172.8 Reject buying 170P 1/14", "time": 1642191381.0, "sentiment": ""}, {"id": 426757308, "text": "$AAPL hitting 95 after ER oh my that would actually be a knee smacker, it\u2019s stuck in my head now", "time": 1642191315.0, "sentiment": ""}, {"id": 426756985, "text": "\ud83d\udea8 PRICE TARGET CHANGES \ud83d\udea8 :\n\n$PLUG: RBC cuts target price to $43 from $48\n\n$IRTC: Citigroup raises price target to $165 from $120\n\n$TSLA: RBC raises target price to $1045 from $1005\n\n$AAPL: Piper Sandler raises target price to $200 from $175\n\nFOLLOW ME HERE FOR MORE \ud83d\udc48\ud83c\udffb \ud83d\udc8e", "time": 1642191272.0, "sentiment": ""}, {"id": 426756840, "text": "$AMC Just unloaded my $AAPL to buy more @ open AMC will moon! Hedge Funds are trapped", "time": 1642191254.0, "sentiment": "Bullish"}, {"id": 426756639, "text": "$AAPL the problem with appl is it&#39;s a one trick pony basically and the market is pretty saturated with there phones. They ain&#39;t buying 1k phones in India sorry and that govt pandemic stimulus package is over . Apple best days are in the rearview mirror \ud83e\udd37", "time": 1642191231.0, "sentiment": "Bearish"}, {"id": 426756409, "text": "$SPY i finally understand,\n\nDip is free money\n\nPoor people just didn&#39;t pick up free money that&#39;s why they poor $tsla $aapl", "time": 1642191196.0, "sentiment": "Bullish"}, {"id": 426755748, "text": "$amzn $tsla $aapl when it\u2019s bloody buy.", "time": 1642191110.0, "sentiment": "Bullish"}, {"id": 426755665, "text": "$AAPL scalp them calls and puts today don&#39;t hold over the weekend", "time": 1642191099.0, "sentiment": ""}, {"id": 426754914, "text": "$AAPL dump", "time": 1642191000.0, "sentiment": "Bearish"}, {"id": 426754063, "text": "$AAPL \ud83c\udf4f\ud83d\udc47 \u2757\ufe0f This is very significant.  This week:  Multiple Analysts, are \u201cguiding higher\u201d ahead of ERs in 2 wks.  They do not do this often, so Close to ERs.  AAPL, \u201cgently\u201d suggests these actions.  Very nice!", "time": 1642190889.0, "sentiment": ""}, {"id": 426753875, "text": "$AAPL \n\nChill man ..\n\nToday is the holiday .. everyone is using the FUD news to mask holiday profit taking ..\n\nI have seen this before ..\n\nThey do that before very strong earnings.\n\nBank do worst earning that\u2019s why Bank got support from Fed but still irregardless of interest rate up and down ..\n\nThe bank still sluggish due to no new idea or no new strategies.\n\nDon\u2019t worry .. despite the sluggish sales report .. this is due to omicron fears but Apple has mostly ordered online .. this is more secure than the store that doesn\u2019t do online.\n\nExpect TGT, WMT that use online order and pick up service will do well \n\nSame concept !!\nDon\u2019t worry !! Ignore the FUD noises !!", "time": 1642190865.0, "sentiment": "Bullish"}, {"id": 426753841, "text": "$AAPL all we need is no ukraine invasion in the next 3 days to runnnnn \ud83d\ude02 on monday", "time": 1642190860.0, "sentiment": ""}, {"id": 426753297, "text": "$AAPL this trade sideways today to control the market", "time": 1642190789.0, "sentiment": ""}, {"id": 426752587, "text": "$AAPL it is", "time": 1642190700.0, "sentiment": ""}]