[{"id": 426723715, "text": "$AAPL dropping like a mf", "time": 1642185750.0, "sentiment": ""}, {"id": 426723698, "text": "$AAPL not related to AAPL, but if you want to get rich from $1000 investment put it in $FTM coin and hold the whole year. 50-100X likely.", "time": 1642185747.0, "sentiment": ""}, {"id": 426723617, "text": "Apple&#39;s PT raised by Loop Capital to $210.00. https://www.marketbeat.com/r/1699508 $AAPL", "time": 1642185724.0, "sentiment": ""}, {"id": 426723497, "text": "$AAPL Very easy to make money in this market , just block out the noise", "time": 1642185690.0, "sentiment": ""}, {"id": 426723012, "text": "$AAPL, $SPCE here goes on http://www.stocksequity.com/active-stocks/investors-alert-atr-analysis-apple-inc-nasdaqaapl-virgin-galactic-holdings-inc-nysespce/", "time": 1642185548.0, "sentiment": ""}, {"id": 426722927, "text": "@Kauai_Estate $AAPL i still believe will do a 10% correction from that 3trln private party the algos had.", "time": 1642185528.0, "sentiment": ""}, {"id": 426722733, "text": "@Kauai_Estate I am talking about day trades. Friday options trades. And a break of that level is a short. Never said it would hold. $AAPL", "time": 1642185470.0, "sentiment": ""}, {"id": 426722551, "text": "$AAPL $172.5 max pain", "time": 1642185418.0, "sentiment": "Bullish"}, {"id": 426722378, "text": "$AAPL NEW ARTICLE : Apple price target boosted to Street high at Loop Capital on iPhone upside https://www.stck.pro/news/AAPL/21304908", "time": 1642185366.0, "sentiment": ""}, {"id": 426720823, "text": "Equity Sentiment: $AAPL is the #2 stock that institutions are trading with 80.2K options contracts.\n\nMarket analysis included in screenshot of dashboard from http://insiderfinance.io.", "time": 1642184956.0, "sentiment": ""}, {"id": 426720820, "text": "$AAPL damn what happened. I leave for 3 days and bam back to Monday price", "time": 1642184956.0, "sentiment": ""}, {"id": 426720061, "text": "Apple $AAPL Stock Receives Three Price Targets Hikes Today, Wedbush Positive on Live Sports Content Opportunity https://www.streetinsider.com/Analyst+Comments/Apple+%28AAPL%29+Stock+Receives+Three+Price+Targets+Hikes+Today%2C+Wedbush+Positive+on+Live+Sports+Content+Opportunity/19461164.html", "time": 1642184716.0, "sentiment": ""}, {"id": 426719554, "text": "$AAPL AAPL done today", "time": 1642184554.0, "sentiment": "Bearish"}, {"id": 426719371, "text": "$GSAT somebody start another $AAPL rumor quick!", "time": 1642184496.0, "sentiment": "Bullish"}, {"id": 426719364, "text": "$AAPL A lot of you have been asking to keep up with the #dingletrades throughout the day send me a direct message and I had you on notification list and you\u2019ll get #Dinglealerts on my positions.    Glad to help any way i can and i dont ask for any payment for my services.", "time": 1642184494.0, "sentiment": "Bullish"}, {"id": 426718992, "text": "Account Challenge Update:~  \nStart Date: Nov 2, 2021  \nStarting Balance: $1,500 \nCurrent Balance: $96,349  \nGoal: $100,000 by end of January, 2022  \nStrategy: Swing Trade Options, Stocks  \n \nWatch out for next play.  discord.io/On_Alerts \n \n$AAPL $LCID $BBIG $RELI $PSTV", "time": 1642184373.0, "sentiment": "Bullish"}, {"id": 426717501, "text": "$AAPL AAPL 2022-01-13 Technical Analysis Video: \nhttps://www.youtube.com/watch?v=AxXxWHFmBoU", "time": 1642183865.0, "sentiment": ""}, {"id": 426717002, "text": "Watch that 170.83 on $AAPL today. It means something.", "time": 1642183693.0, "sentiment": ""}, {"id": 426716792, "text": "$AAPL \ud83d\udce1 Loop Capital reiterated coverage on Apple with a new price target\n\nhttps://quantisnow.com/insight/2255453?s=s\n\n45 seconds delayed.", "time": 1642183624.0, "sentiment": ""}, {"id": 426716752, "text": "$AAPL Loop Capital analyst Ananda Baruah maintains Apple with a Buy and raises the price target from $165 to $210.", "time": 1642183611.0, "sentiment": ""}, {"id": 426715802, "text": "$AAPL Simulated 172.5C for Monday&#39;s open on StockOrbit. \n https://apps.apple.com/us/app/stockorbit/id1541560646", "time": 1642183295.0, "sentiment": ""}, {"id": 426714773, "text": "$aapl fuck $jpm for", "time": 1642182925.0, "sentiment": ""}, {"id": 426714070, "text": "$AAPL my strategy for today. Will sell my 172.50 puts today when Apple breaks 170. It will likely bounce a bit back to above 170 by all the Apple perma bulls (read sheep) and then I\u2019ll buy the 170 puts for capitulation by eod (but with less risk)", "time": 1642182609.0, "sentiment": "Bearish"}, {"id": 426713794, "text": "@Snowball2013 @Ralvkr75 No already red. Tech futures 0.16% down, $AAPL down the same in PM.", "time": 1642182489.0, "sentiment": "Bearish"}, {"id": 426713573, "text": "$AAPL currently in downtrend therefore I will only buy PUTS as the risk reward is better.", "time": 1642182394.0, "sentiment": "Bearish"}, {"id": 426713354, "text": "$AAPL this will get hurt the most.", "time": 1642182284.0, "sentiment": "Bearish"}, {"id": 426712995, "text": "$AAPL Here we go again. Another optimistic day turns red anxbthe Bears are getting fat.", "time": 1642182112.0, "sentiment": ""}, {"id": 426712492, "text": "$AAPL pt raises and news while it\u2019s in the downtrend in my recent experience means\u2026. Side ways trading at best. There is alllllot of people in high roles invested in apple right now and they won\u2019t let it drop past $160 because of it.", "time": 1642181867.0, "sentiment": "Bearish"}, {"id": 426712306, "text": "$AAPL Piper Sandler Raises PT to $200 from $175!!", "time": 1642181788.0, "sentiment": "Bullish"}, {"id": 426712025, "text": "$AAPL would love to see a pullback...... Damn I miss trump running his mouth. He sure made swing traders happy", "time": 1642181670.0, "sentiment": ""}]