[{"id": 426731552, "text": "@Kauai_Estate @Darkside99 Look @ what happened to $AMZN after it tagged 1 trillion (almost to the penny). this is too funny. $AAPL", "time": 1642187410.0, "sentiment": ""}, {"id": 426731477, "text": "$AAPL \n\nRemember if the stock get beaten so bad, the stock will be more likely to fight back with very strong power.\n\nThat is what I see today\u2026\n\nGood luck !!", "time": 1642187398.0, "sentiment": "Bullish"}, {"id": 426731282, "text": "@Kauai_Estate @Darkside99 I have 163.50 as a level. That 3trillion was an algo party to run $QQQ and $SPY $AAPL", "time": 1642187364.0, "sentiment": ""}, {"id": 426731109, "text": "$AAPL a 164 handle is possible today.", "time": 1642187333.0, "sentiment": "Bearish"}, {"id": 426730777, "text": "$AAPL is down almost 7 points from yday high. 10% correction on deck.,", "time": 1642187267.0, "sentiment": ""}, {"id": 426730738, "text": "$AMD $MSFT $NVDA $AAPL  looks like they are selling the banks, are we getting some of that money", "time": 1642187261.0, "sentiment": ""}, {"id": 426730720, "text": "$AAPL Strange this is down 10% since its $3T break through. PT in being raised by everyone yet it still dropping and ER is just round the corner.\n\nAny explanation as it is beyond me?\n\nThese are surely bargain price now.", "time": 1642187257.0, "sentiment": ""}, {"id": 426730212, "text": "$AAPL AAPL 2022-01-13 Largest Trades Data: \nhttps://www.youtube.com/watch?v=ZhcMonKfnYM", "time": 1642187166.0, "sentiment": ""}, {"id": 426730169, "text": "See the joke &quot;$BA&quot;  compare with $AAPL $TSLA  acting silly....", "time": 1642187157.0, "sentiment": "Bearish"}, {"id": 426730125, "text": "$SPY $AAPL retail sales data may reverse this a bit or send it all sinking further", "time": 1642187149.0, "sentiment": ""}, {"id": 426729883, "text": "$SPY $MSFT $FB $AAPL imagine not buying the dip LOL !", "time": 1642187108.0, "sentiment": "Bullish"}, {"id": 426729857, "text": "$AAPL latest rating from Loop Capital on 2022-01-14, setting target price at: USD 210.00 with a rating of Buy. StockTargetAdvisor&#39;s own view is Slightly Bullish  with an average target price of USD 171.50. Details: https://www.stocktargetadvisor.com/stock/USA/NSD/AAPL", "time": 1642187101.0, "sentiment": ""}, {"id": 426729192, "text": "$SPY imo unless we break 450 bull mkt still intact.  Volume light.  Bios still making new lows $LABU Oil grinding higher. New high w gas prices. Inflation on fire and getting worse. \n$UCO $DIA $$AAPL  still bullish", "time": 1642186982.0, "sentiment": ""}, {"id": 426728677, "text": "$AAPL gotta love every desperate attempt by brokerage houses to keep apple propped up.  Every schmuck keeps reiterates their $200 price targets.  Every day bullish news articles. Not a single bear on TV.  Haha. There is so many suckers out there.  Thank you god for this!  \n\nWhen interest rates rise, stocks go\nDown.  The quality of Stock doesn\u2019t matter.  This Never changes.", "time": 1642186892.0, "sentiment": "Bearish"}, {"id": 426728569, "text": "$NVDA Without spike momentum major stocks $TSLA, $AAPL, $NVDA, $AMD just follow this index. No big deal.", "time": 1642186874.0, "sentiment": ""}, {"id": 426728143, "text": "$AAPL [Apple]: Loop Capital Maintains Buy Raises Price Target $165 --&gt; 210 \n \n \nSign-up free for beta ver.:https://app.jarvisalerts.com \ncharts: courtesy of finviz", "time": 1642186812.0, "sentiment": ""}, {"id": 426728017, "text": "$AAPL Damn should\u2019ve let my puts run Into eow. You win some you love some.", "time": 1642186791.0, "sentiment": "Bullish"}, {"id": 426727963, "text": "$AAPL \n\nGetting absolutely wrecked on my Calls.\n\nOh well. Back to work", "time": 1642186780.0, "sentiment": ""}, {"id": 426727638, "text": "$AAPL please drop 10% today!", "time": 1642186704.0, "sentiment": "Bearish"}, {"id": 426727526, "text": "The $QQQ plan for 350 seems to be the new program as trillions go poof for some while others on the Street and CT make billions on the nasty decline. \n \nThe easiest $$$ is always made on the slippery slopes of Mt Snow in VT.  Love Mt Snow where we can ski all day while our options explode quietly behind the scenes.  Enjoy the wrath! \n \nAhhhhhh....  $SPY   $VXX   $AAPL    $TEAM", "time": 1642186680.0, "sentiment": ""}, {"id": 426727482, "text": "$AAPL Demolish it before earnings", "time": 1642186668.0, "sentiment": "Bearish"}, {"id": 426727256, "text": "$FB $MSFT $AMD $AAPL all down in PM. Another bad day for tech $qqq in the card w/ higher rates looking?", "time": 1642186624.0, "sentiment": ""}, {"id": 426727025, "text": "$AMD $AAPL $NVDA $MSFT", "time": 1642186572.0, "sentiment": ""}, {"id": 426726907, "text": "$AAPL lol \n\nMore analysts upgrades again and this stock doesn\u2019t listen ..\n\nSo that means this stock is still drunk. Remember this is still oversold stock due to up and down swing at same price 172 range many times meaning from overbought has changed into oversold.\n\nLet\u2019s go!", "time": 1642186543.0, "sentiment": "Bullish"}, {"id": 426726679, "text": "$AAPL CoinMarketCap is DIRTY", "time": 1642186490.0, "sentiment": ""}, {"id": 426725754, "text": "$AAPL Yeah \u2026 I\u2019m scalping calls at open , might be a flat kind of day", "time": 1642186276.0, "sentiment": "Bullish"}, {"id": 426724968, "text": "$AAPL Piper Sandler analyst Harsh Kumar raised the firm&#39;s price target on Apple to $200 from $175 and keeps an Overweight rating on the shares. The analyst believes Apple has a favorable setup for 2022. iPhone momentum will continue due to 5G adoption, particularly in the United States and China, and growth in services and wearables will offset concerns in Mac and iPads, Kumar tells investors in a research note. The analyst feels &quot;technology investors should look at Apple as a &#39;place to hide&#39; in the current environment.&quot; In addition, he sees healthcare and automotive &quot;as the next major growth markets for the company.&quot;\n\nRead more at: \nhttps://thefly.com/n.php?id=3440616", "time": 1642186087.0, "sentiment": "Bullish"}, {"id": 426724936, "text": "Loop Capital Maintains Buy on Apple, Raises PT to $210 \n$AAPL \n \nGuggenheim Downgrades to Neutral, $165 PT \n$DIS \n \nRBC Capital Downgrades to Sector Perform, Raises PT to $26 \n$F \n \nKeybanc Maintains Overweight, Lowers PT to $25 \n$HOOD \n \nKeybanc Maintains Overweight, Lowers PT to $225 \n$SQ", "time": 1642186080.0, "sentiment": ""}, {"id": 426724851, "text": "$AAPL must be \ud83c\udf4f buy back time\u2026they get alot for their money\n\ud83d\udc41\ud83d\udc9a\u2764\ufe0f\ud83d\udc9c\ud83c\udf4f", "time": 1642186058.0, "sentiment": "Bullish"}, {"id": 426724494, "text": "$AAPL: The short term is neutral, but the long term trend is still positive. Not much to worry about for now. https://www.chartmill.com/stock/quote/AAPL/technical-analysis?key=bb853040-a4ac-41c6-b549-d218d2f21b32&amp;utm_source=stocktwits&amp;utm_medium=TA&amp;utm_content=AAPL&amp;utm_campaign=social_tracking", "time": 1642185960.0, "sentiment": ""}]