[{"id": 426743201, "text": "$BRQS Name one company good for investing under Biden/Brandon administration \n\nThis country is Heading for big truble/problems you haven&#39;t see nothing yet \n\nYou think you can live out the market yeap maybe with Trump but fucking Brandon is signing this country away the put a paper on front of Him and tell Him to sign it and He signs without even looking \nAll this country money is getting wiped you have to be crazy to run for president after Brandon is done destroying this country they even changing the law to doit on your face\nNow illegals got more voice than us tax payers free health care and can even vote\ud83e\udd23\n\nThey running away from their fuck up shit country and get here and want to turn this country the way their is? That tells you how stupid this people are\nAnd lazy people that don&#39;t work that don&#39;t want to work got more benefits than you a hard worker so that creates more lazy people actually people are quiting to live out of Brandon hands out in exchange for their votes$SPY $AAPL", "time": 1642189371.0, "sentiment": ""}, {"id": 426742776, "text": "$AAPL more inflation, faster taper! Go go go!", "time": 1642189310.0, "sentiment": "Bearish"}, {"id": 426742002, "text": "$AAPL $MSFT lets have a massive rotation back to stable mega tech with earnings growth after miserable bank earnings!", "time": 1642189190.0, "sentiment": "Bullish"}, {"id": 426741894, "text": "$AAPL bid in at $168.20", "time": 1642189175.0, "sentiment": "Bullish"}, {"id": 426741890, "text": "$SPY $QQQ $AAPL  $TSLA", "time": 1642189175.0, "sentiment": ""}, {"id": 426740990, "text": "$AAPL $SPY $TSLA $BABA $ARKK let\u2019s see now. iPhone just beginning in India, population 1.4 billion, barely scratching the surface in China, population $1.5 billion. \ud83e\udd23\ud83e\udd23\ud83e\udd23\ud83d\ude0a\ud83d\ude0a\ud83d\ude0a\ud83d\ude0a", "time": 1642189032.0, "sentiment": ""}, {"id": 426740594, "text": "$AAPL she is the only reason  why we aren\u2019t at zero $SPY", "time": 1642188965.0, "sentiment": ""}, {"id": 426740320, "text": "$AAPL $MSFT $GOOGL $FB Tech \n \n#AlgoFlow \n \nhttps://twitter.com/DANGSTRAT/status/1481983162565677061?s=20", "time": 1642188918.0, "sentiment": ""}, {"id": 426740154, "text": "$AAPL I still don&#39;t get why you throw away all tech just because the 10 year could go up to2.5%, the 30 year to 3.5%, fed funds rate 1%. Geez, rates were far higher than that most of the last 50 years, and America grew like gangbusters. 4% mortgage gonna kill real estate? Come on!!!!", "time": 1642188894.0, "sentiment": "Bullish"}, {"id": 426739307, "text": "$TSLA don\u2019t listen to anyone on Stocktwits lmao \ud83d\ude02 Do your own research \ud83e\uddd0  $AAPL", "time": 1642188762.0, "sentiment": ""}, {"id": 426739054, "text": "$AMD $MSFT $NVDA $AAPL $NVDA   We just saw bank er, it\u2019s a mix bag.  But tech, it\u2019s a revenue generating machine.  People need to take advantage of the sale now.", "time": 1642188726.0, "sentiment": "Bullish"}, {"id": 426738918, "text": "$AAPL Apple price target boosted to Street high at Loop Capital on iPhone upside. Apple (NASDAQ:AAPL) is getting some positive commentary from Wall Street, as Loop Capital raised its price target to $210, from $180, a high on Wall Street, as the investment firm believes there is still upside in the iPhone \ud83c\udf4f", "time": 1642188703.0, "sentiment": "Bullish"}, {"id": 426738607, "text": "$AAPL loop capital PT $210", "time": 1642188655.0, "sentiment": ""}, {"id": 426738558, "text": "$AAPL right side is bullish on multiple timeframes.  We only like to buy it in 3, 7 or 11 swing at the blue boxes.   We still favour lower to take place before the blue box equal leg is hit.  So we don\u2019t like to trade the middle areas here.   #Elliottwave #Trading #stocks", "time": 1642188648.0, "sentiment": ""}, {"id": 426738171, "text": "$AAPL great buying opportunity here.", "time": 1642188588.0, "sentiment": "Bullish"}, {"id": 426737988, "text": "$AAPL NEW ARTICLE : Apple likely to keep taking computer market share due to M1 chips, MS says https://www.stck.pro/news/AAPL/21307305", "time": 1642188555.0, "sentiment": ""}, {"id": 426737629, "text": "Nothing has really change on my $AAPL chart. Except we have 169.65 as support to deal with", "time": 1642188491.0, "sentiment": ""}, {"id": 426737355, "text": "$AAPL TODAY I WILL SELL $165  AND BUY $167.50. CALL CREDIT SPREADS FOR NEXT WEEK. FREE MONEY", "time": 1642188444.0, "sentiment": "Bearish"}, {"id": 426737084, "text": "$AAPL Apple \u2018Ready to Spend Billions\u2019 on Live Sports Content Over Next Four Years \n\nhttps://www.macrumors.com/2022/01/14/apple-to-spend-billions-live-sports-content/", "time": 1642188394.0, "sentiment": "Bullish"}, {"id": 426736949, "text": "$AAPL Need this thing to fall under 170 for max profits on my spread! Come one baby don&#39;t let me down.", "time": 1642188371.0, "sentiment": "Bearish"}, {"id": 426736364, "text": "Continued:\n\nThe computer and phone OS war winners have helped create some huge companies with 1.86 ($GOOGL), 2.31 ($MSFT) and 2.82 ($AAPL) Trillion dollar market caps!  If $ROKU continues to take over the TV OS market, they may also one day have a Trillion dollar market cap too.\n\nWhatDaFact", "time": 1642188278.0, "sentiment": ""}, {"id": 426736206, "text": "@Johninvests more like the stack of investor requests for $AAPL to become innovative again", "time": 1642188249.0, "sentiment": "Bearish"}, {"id": 426735608, "text": "@Snowball2013 COVID under control? This is all about FED needing to raise rates. $AAPL", "time": 1642188145.0, "sentiment": ""}, {"id": 426735586, "text": "$AAPL $MSFT $NVDA $GOOG $FB \n\nKeep compounding. Keep building long term wealth.", "time": 1642188142.0, "sentiment": "Bullish"}, {"id": 426735455, "text": "$ARKK $AAPL $AMZN CNBC was just pushing HP over Tech. Like shitty printers and a nice little Divy is the place to be instead of 15-60% off growth tech highs. \n\nCathy wasn\u2019t kidding when she spoke of irrational behavior of the markets but she failed to mention the Talking Heads as well\n\nThey really are trying to burn down the house.", "time": 1642188122.0, "sentiment": "Bullish"}, {"id": 426734596, "text": "$AAPL this is being propped up. Just wait till open \ud83d\ude02\ud83d\udcc9", "time": 1642187970.0, "sentiment": "Bearish"}, {"id": 426732650, "text": "$AAPL KEEP BUYING CALLS BULLS, WHILE I EAT UP YOUR PREMIUMS", "time": 1642187611.0, "sentiment": "Bearish"}, {"id": 426732243, "text": "$SPY Wendy or kfc or Starbuck or McDonald&#39;s pay higher\n\nI need job \n\n$tsla $aapl", "time": 1642187539.0, "sentiment": "Bullish"}, {"id": 426732127, "text": "My latest blog, \u201cQQQ &lt; $380, NASDAQ Closes At 3-Month Low\u201d, is available:\n\nhttps://www.topgunfp.com/qqq-380-nasdaq-closes-at-3-month-low/ \n\n$QQQ $MSFT $AAPL $IGV $ARKK", "time": 1642187519.0, "sentiment": "Bearish"}, {"id": 426731938, "text": "$AAPL \nApple Shares will Build Back Better \nJanuary 27, 2022 at 2:00 p.m. PT / 5:00 p.m\nAfter the bell \ud83d\udd14 listen to the conference call live.  https://www.apple.com/investor/earnings-call/", "time": 1642187486.0, "sentiment": "Bullish"}]