[{"id": 426781155, "text": "$AMC Chicago still here APEs!!!! Never sold !!! Imagine the deal $AAPL has with AMC for metaverse now that you can stream amc on Apple exclusively \ud83d\udc40\ud83d\udc40\ud83d\udc40\ud83e\udd8d\ud83e\udd8d\ud83e\udd8d\ud83e\udd8d\ud83e\udd8d\ud83e\udd8dthey\u2019re shorting to get you to sell!!! They\u2019re done!! Buy more now!!!!", "time": 1642193641.0, "sentiment": "Bullish"}, {"id": 426780388, "text": "$AAPL floor will fall soon", "time": 1642193570.0, "sentiment": "Bearish"}, {"id": 426780210, "text": "$AAPL take profit! $$$$$$$$$$$$$$$$$$$$$$$", "time": 1642193555.0, "sentiment": ""}, {"id": 426779885, "text": "$AAPL opposite of Monday\u2019s action.  The sell off is coming.  All noise right in here.", "time": 1642193530.0, "sentiment": ""}, {"id": 426779457, "text": "$MSFT $AAPL rotation back is violent \u2026 looks like a stampede to get in such cheap!", "time": 1642193497.0, "sentiment": "Bullish"}, {"id": 426779113, "text": "$FB $AAPL $SPY \ud83c\udf4f\ud83d\udc47 Not a reliable Poster.  Blocked.", "time": 1642193469.0, "sentiment": ""}, {"id": 426778731, "text": "$AAPL So who sold AAPL because the banks screwed up, does that make any sense? It\u2019s all about individual stock performance and AAPL is a mature stock with a record of beating \u201cexperts\u201d predictions. Only a few weeks until AAPL reports holiday earnings.", "time": 1642193437.0, "sentiment": ""}, {"id": 426778648, "text": "$AAPL Long Weekend. Market closed on Monday!", "time": 1642193429.0, "sentiment": "Bearish"}, {"id": 426778318, "text": "$TSLA $AMZN $SPY $AAPL $FB  Long @ 328.24 Target @ 334.15 Stop Loss @ 323.10 who is delusional now", "time": 1642193398.0, "sentiment": "Bullish"}, {"id": 426778166, "text": "$AAPL  \ud83c\udf4f Yesterday\u2019s \u201cClosing bald green candle\u201d, &amp; this morning\u2019s \u201cvery strong PT Raises/Upgrades\u201d\u2026signaled the \u201cStreet\u201d would defend the \u201cOpen\u201d.  Now, let\u2019s see how the \u201cOpening Hour\u201d Closes in 45 mins.", "time": 1642193384.0, "sentiment": "Bullish"}, {"id": 426777721, "text": "$FB hedge funds are mailing the fuck out of this market dipped to 322 then ran to 330 in under 20minutes 330c jan14 exp lottos are up all should be banned \n$AAPL $SPY", "time": 1642193343.0, "sentiment": ""}, {"id": 426777715, "text": "$SPY you&#39;re not alone bro\n\n$tsla $aapl\n\nFind job, try again, with long Tesla", "time": 1642193343.0, "sentiment": "Bullish"}, {"id": 426777623, "text": "$AAPL Biden needs to stfu, anytime he opens his mouth everything goes down", "time": 1642193335.0, "sentiment": "Bullish"}, {"id": 426776542, "text": "$AAPL Wow what a recovery", "time": 1642193241.0, "sentiment": "Bullish"}, {"id": 426776506, "text": "$AAPL bears right now, looking for a safe space", "time": 1642193238.0, "sentiment": "Bullish"}, {"id": 426776260, "text": "$AAPL&#39;s ROE of 150.07% is amongst the best returns of the industry https://www.chartmill.com/stock/analyzer/stock/AAPL?view=fundamental-analysis&amp;key=bb853040-a4ac-41c6-b549-d218d2f21b32&amp;utm_source=stocktwits&amp;utm_medium=FA&amp;utm_content=AAPL&amp;utm_campaign=social_tracking", "time": 1642193220.0, "sentiment": ""}, {"id": 426776120, "text": "$AAPL just protect your profits with tight stops. I say it over and over but it works!  Take emotion out of locking in gains on every trade. Even if you get taken out and it goes higher it will always present with a buying opportunity", "time": 1642193209.0, "sentiment": "Bullish"}, {"id": 426775796, "text": "$AAPL Nice quickie, OUT! $$$$$$$$$$$$$$$$$$$$$$", "time": 1642193183.0, "sentiment": ""}, {"id": 426775687, "text": "$AAPL I love Apple and have been balls deep for quite a while. My prediction is this climbs up into earnings, then dumps again after earnings, regardless of beat. Then the money continues to rotate out of tech just like last year for a while. Will be interesting to see what happens.", "time": 1642193173.0, "sentiment": ""}, {"id": 426775633, "text": "$AAPL Guessing that the tech strength we&#39;re seeing this morning is due to retail sales for December coming in MUCH weaker then expected. This is probably causing a reassessment as to how quickly (and how much) the Fed will raise (maybe not as strongly) which would be good for tech. The surprise in the number may also be leading to some shorts taking off their trades (again as the bet was for continued short term weakness). Having said all that however, I&#39;m still leaning towards continued weakness later in the day but will watching to see if price action holds up. Just my humble opinion. GLTA!  :  )", "time": 1642193168.0, "sentiment": ""}, {"id": 426775185, "text": "$AAPL honestly, i am just gonna let the broker exercise the $177.5 puts i shorted even tho i am like in a decent loss on them", "time": 1642193130.0, "sentiment": ""}, {"id": 426775042, "text": "$AAPL Apple needs to drop some heat going into earnings week/weekend", "time": 1642193119.0, "sentiment": ""}, {"id": 426774224, "text": "$AAPL I\u2019m bullish going into the weekend , what y\u2019all think?", "time": 1642193050.0, "sentiment": "Bullish"}, {"id": 426774147, "text": "$AAPL  \n \n174.50 close today \n178.50 close next Friday 21st \nJanuary 28h day after earnings call \n \n185.00 \n \nFebruary 28th 195.00 \n \nHave a nice weekend!", "time": 1642193044.0, "sentiment": "Bullish"}, {"id": 426774136, "text": "$AAPL Green apples with green $vix is the recipe for money shower for the cupertino bulls.", "time": 1642193043.0, "sentiment": "Bullish"}, {"id": 426774066, "text": "$AAPL got a bunch of cheaps calls for earnings, thanks", "time": 1642193037.0, "sentiment": ""}, {"id": 426773827, "text": "$AAPL let\u2019s go!! 175 EOW", "time": 1642193017.0, "sentiment": "Bullish"}, {"id": 426773377, "text": "$AAPL heheh, saved the 172.5 calls... will they try for 175?", "time": 1642192979.0, "sentiment": ""}, {"id": 426773267, "text": "$TSLA tesla turn green, you think bears have chance against Elon richest man? $spy $aapl", "time": 1642192971.0, "sentiment": "Bullish"}, {"id": 426773086, "text": "$AAPL 170 today possible???", "time": 1642192954.0, "sentiment": "Bearish"}]