[{"id": 426789394, "text": "3.3 Mil $AAPL @ 171.36", "time": 1642194373.0, "sentiment": ""}, {"id": 426788722, "text": "\u2615\ufe0f happy Friday!\nI see the problem.  My EoY 2022 targets felt too far.  Mea culpa! Here are my February EoM PTs:\n$AMRS 7\n$RNLX $22\n$EXAS $87\n$AAPL $183", "time": 1642194309.0, "sentiment": "Bullish"}, {"id": 426788562, "text": "$AAPL Patients to 200$$$$", "time": 1642194296.0, "sentiment": "Bullish"}, {"id": 426788360, "text": "$AAPL shorts have a margin of $6 to go long. so lots and lots of dry powder for bears turned bulls for the ER.", "time": 1642194278.0, "sentiment": "Bullish"}, {"id": 426787947, "text": "$AAPL brah, the only reason this is down is the market. Nasdaw down 83 nominal points taking its components with it. ER Run strong.", "time": 1642194237.0, "sentiment": "Bullish"}, {"id": 426786874, "text": "$SPY \n\nNo, seriously, could the only reason retail sales down is INFLATION. \n\nPeople&#39;s dollar traveling a lot less further, plus, inflation both forces people not to spend money plus, frankly, turns them off.\n\nHey, don&#39;t shoot the messenger, but, inflation is a  beast. \n\n$QQQ $AAPL $AMZN", "time": 1642194138.0, "sentiment": ""}, {"id": 426786420, "text": "Seems we are all just playing #TGIF here $MSFT $AAPL $REVB $ISPC", "time": 1642194095.0, "sentiment": ""}, {"id": 426786137, "text": "$AAPL loaded 0dte puts", "time": 1642194069.0, "sentiment": ""}, {"id": 426786084, "text": "$AAPL \ud83c\udf4f\ud83d\udcb0\u2b06\ufe0f", "time": 1642194064.0, "sentiment": ""}, {"id": 426785995, "text": "$AAPL grabbed puts on that fake pump", "time": 1642194056.0, "sentiment": "Bearish"}, {"id": 426785810, "text": "$AAPL 1/2 hour to hour in reversal incoming", "time": 1642194041.0, "sentiment": "Bearish"}, {"id": 426785622, "text": "$AAPL buy the bottom\ud83d\udcc8\ud83d\udcc8", "time": 1642194026.0, "sentiment": "Bullish"}, {"id": 426785355, "text": "$F$TSLA $AAPL $AMAZ $FB $MSFT Going Long? Wait for March 2nd week. I am sure you will thank me. DT until then. Do not buy into Pumpers weekly call players. Don\u2019t trust me either. I trade both ways. Only gonna go long in March . Nobody fucking knows how far markets will drop and how much time will take it even out on equities. Rather I wait. Its my hard earned cash. Not a lotto money from 2020 or 2021. Markets will be real by EOY and dont expect 15% increase every day (ignore Tsla cult) . Newbies (half of the traders joined in 2020) have no idea of regular market where 1% increase is flashed all over MSM. GLTA", "time": 1642194004.0, "sentiment": ""}, {"id": 426784797, "text": "$AAPL   downward pattern from here", "time": 1642193955.0, "sentiment": "Bearish"}, {"id": 426784604, "text": "$AAPL $ALL Russia is preparing to invade Ukraine, Markets will be F*CKED! $$$$$$$$$$$$$$$$$$$$$$", "time": 1642193937.0, "sentiment": "Bearish"}, {"id": 426784524, "text": "$AAPL Pin set at $173.75 for today", "time": 1642193928.0, "sentiment": ""}, {"id": 426783797, "text": "$SPY $QQQ $VIX $AAPL $NDX  \n \nlet&#39;s buy puts at open guys! Trumptard bulls are so stupid", "time": 1642193866.0, "sentiment": "Bullish"}, {"id": 426783534, "text": "$SPY repeat after me\n\nI will buy on every dip and be rich\n\n$tsla $aapl", "time": 1642193843.0, "sentiment": "Bullish"}, {"id": 426783515, "text": "$TSLA Hopefully Nasdaq 100 future add 200 points today!!! $NVDA, $AMD, $AAPL, $LCID would be up. \ud83d\udcc8\ud83d\udcc8\ud83d\udcc8\ud83d\udcc8 the index is a \ud83d\udd11", "time": 1642193841.0, "sentiment": "Bullish"}, {"id": 426783097, "text": "$AAPL $AAL US intelligence indicates Russia preparing operation to justify invasion of Ukraine https://www.cnn.com/2022/01/14/politics/us-intelligence-russia-false-flag/index.html", "time": 1642193804.0, "sentiment": "Bearish"}, {"id": 426782924, "text": "$NVDA $AAPL youtube.com/embed/OnzkhQsmSag", "time": 1642193789.0, "sentiment": "Bullish"}, {"id": 426782604, "text": "$AAPL wow what happened to sell the rip environment fuck", "time": 1642193762.0, "sentiment": ""}, {"id": 426782539, "text": "$AAPL as I predicted 3 trillion market cap $182.86 today idk Monday was a holiday I guess I\u2019m racist if idk know Monday was a holiday #woke", "time": 1642193757.0, "sentiment": "Bullish"}, {"id": 426782503, "text": "$SPY One crack and can see 450 , 438 levels , Our puts 505% Winner in room! \ud83d\udc1d \n \n$QQQ $AAPL $TSLA $AMZN Will follow if we crack", "time": 1642193754.0, "sentiment": ""}, {"id": 426782317, "text": "$AAPL ATH soon \ud83d\ude80", "time": 1642193739.0, "sentiment": "Bullish"}, {"id": 426782258, "text": "$AAPL The amount of money I\u2019ve made this week on calls and puts is obscene\ud83d\ude02\ud83d\ude02  . Just sold my Apple scalp . Im chilling for the rest of the day . Good luck trading today boys . I\u2019ll see y\u2019all next week", "time": 1642193735.0, "sentiment": ""}, {"id": 426781800, "text": "$AAPL $MSFT Like I said yesterday, pump at open. Lets see if MM continue or dump it", "time": 1642193697.0, "sentiment": ""}, {"id": 426781741, "text": "$AAPL Trade alert for 180C for 28th Jan.", "time": 1642193693.0, "sentiment": ""}, {"id": 426781714, "text": "$AAPL        \ud83c\udf4f There will be games.  But for now:  There is very nice \u201cAccumulation\u201d!", "time": 1642193690.0, "sentiment": ""}, {"id": 426781225, "text": "$AAPL", "time": 1642193646.0, "sentiment": "Bearish"}]