[{"id": 426752462, "text": "$AMzn $tsla $aapl everything in me is saying this is a second chance to load calls. And that little devil bull saying not yet they are right about the crash.. dropping my nutz I want in", "time": 1642190685.0, "sentiment": "Bullish"}, {"id": 426752060, "text": "$TSLA it is the end of artificially inflated companies (meme) and it is the year of fundamentals in real numbers (faang) like $FB $500\u2019s and $AAPL $250\u2019s, pure cash flow, cero debt.", "time": 1642190628.0, "sentiment": "Bearish"}, {"id": 426751782, "text": "$AAPL nice upgrade. Time for bounce and 180", "time": 1642190591.0, "sentiment": "Bullish"}, {"id": 426751734, "text": "Loop Capital Adjusts Apple&#39;s $AAPL  Price Target to $210 From $165, Reiterates Buy Rating", "time": 1642190585.0, "sentiment": "Bullish"}, {"id": 426751531, "text": "Piper Sandler Adjusts Apple&#39;s $AAPL  Price Target to $200 From $175, Reiterates Overweight Rating", "time": 1642190557.0, "sentiment": "Bullish"}, {"id": 426751453, "text": "$AAPL CISO (Cyber security company)new IPo at 5$ 2 M float revenue last year 12M ...last close on OTC Market 48$... have a look guyssssvv \nhttps://finance.yahoo.com/quote/CISO?p=CISO&amp;.tsrc=fin-srch \n \nnow trading around 6$", "time": 1642190546.0, "sentiment": "Bullish"}, {"id": 426751266, "text": "Evercore Adjusts Apple $AAPL  Price Target to $210 From $200, Maintains Outperform Rating!!!", "time": 1642190519.0, "sentiment": "Bullish"}, {"id": 426751067, "text": "$AAPL Simulated 172.5C for Monday&#39;s open on StockOrbit. \n https://apps.apple.com/us/app/stockorbit/id1541560646", "time": 1642190490.0, "sentiment": ""}, {"id": 426750943, "text": "$AAPL great time to accumulate ever growing safe big tech giants. Wait for the pt and accumulate mercilessly $MSFT $GOOG", "time": 1642190473.0, "sentiment": "Bullish"}, {"id": 426749656, "text": "$AAPL ahoy whale spotted. \ud83d\ude02\ud83d\ude80", "time": 1642190309.0, "sentiment": ""}, {"id": 426749228, "text": "$AAPL As it stands $LCID has a market cap of $68B.\n\nBetter looking than $TSLA which now looks old and dated. $AAPL should just buy $LCID add their tech and EV market lookout.", "time": 1642190247.0, "sentiment": ""}, {"id": 426748953, "text": "$AAPL $150\u2019s on deck", "time": 1642190205.0, "sentiment": ""}, {"id": 426748438, "text": "$AMZN back to 2500 \ud83d\ude08 $TSLA back to 800 $SHOP back to 900 $AAPL back to 120s \ud83d\udc3b\ud83d\udc3b\ud83d\udc3b\ud83d\udc3b\ud83d\udc3b\ud83d\udc3b\ud83d\udc3b\ud83d\ude0d bears won the first month of 2022. Lol bull trap for New Years and that\u2019s all they got \ud83e\udd10\ud83e\udd19\ud83d\udc3b\ud83d\udc3b\ud83d\udc3b", "time": 1642190132.0, "sentiment": ""}, {"id": 426748398, "text": "$AAPL 155-160 ill add my house \ud83d\ude04\ud83d\ude80\ud83c\udfe1\ud83d\ude09", "time": 1642190126.0, "sentiment": "Bullish"}, {"id": 426748373, "text": "$AMZN $AAPL hope you liberals are happy with your decision. We had it good under Trump. Seems he was correct that Biden would be a disaster for America and Americans.", "time": 1642190122.0, "sentiment": ""}, {"id": 426748192, "text": "$SPY $tsla $aapl for the gamblers out there like myself. Be careful people. Take a break if your feeling a Type of way. There will always be opportunities to make it.", "time": 1642190095.0, "sentiment": ""}, {"id": 426748070, "text": "$AAPL Tidsy NASDAQ drops to below 14000. To think it was no so long ago it was hearing to 17000.\n\nHow it all changes in a few weeks.\n\nCovid and blind government.\n\nUSA not looking so great at the moment.", "time": 1642190078.0, "sentiment": ""}, {"id": 426748020, "text": "$BA $DJIA $AAPL   \n-Would you get profiting from your investments if selling now \n-Did you buy a week ago at the top. How do you feel if this is just a beginning of market crash and all are going even slower. would it be good idea to cut lost now? \n-Most of companies can not produce more in short term because on high inflation which occur pressure to producing costs, transportation etc. \n-Most of companies in industry are out of needed resources. They are reporting top high results but from my point of view can not grow in short term \nCentral banks has informed that money price will raise as interest rates will hike. Your bank loan for the house etc will raise and less money to use. -&gt;less money to buy, less money to markets. markets will go down. \nPANIC FIRST NOT LAST to save money.", "time": 1642190072.0, "sentiment": "Bearish"}, {"id": 426748011, "text": "$BA $DJIA $AAPL  \nThink about this! I do not know, you do not know, nobody knows how markets eventually goes but think! \n- Do you have a lot of money to invest? Most of people are all in at the moment-&gt; not that much money to coming markets. FDA will raise the interest rates and stop pushing money to markets, think what will happen? \n-Have you taken a loan to invest-&gt;What will happen if markets will go down. Panic will occur when all people are selling same time to get back money which they loan. Think what will happen as FDA raise the interest rates this year. Your loan expenses will raise or you or any other will not get cheap money to invest anymore.", "time": 1642190070.0, "sentiment": "Bearish"}, {"id": 426747864, "text": "Apple&#39;s PT raised by Piper Sandler to $200.00. overweight rating. https://www.marketbeat.com/r/1699597 $AAPL", "time": 1642190049.0, "sentiment": ""}, {"id": 426747382, "text": "$SPY you&#39;re not alone $tsla $aapl", "time": 1642189980.0, "sentiment": "Bullish"}, {"id": 426747118, "text": "$AAPL the level of manipulation that is allowed and tolerated in the public markets is disgusting. These companies like LOOP capital are pathetic vultures. They reiterate their buy on the day of capitulation ONLY to get retail buyers to get in so they have a chance to liquidate their holdings before the bigger drop.", "time": 1642189943.0, "sentiment": "Bearish"}, {"id": 426746635, "text": "$AAPL https://cryptoslate.com/elon-musks-tesla-now-support-dogecoin-payment/", "time": 1642189881.0, "sentiment": "Bullish"}, {"id": 426746020, "text": "$AAPL to every bear on this board. Trust me you don\u2019t want to see this stock below 125. If we see levels these low, then not only is it poor for apple, but it\u2019s going to directly impact the economy. $MSFT $NVDA and many other large tech would suffer, and quite frankly the economy would have to take major leaps to recover. I am bearish short term, but bullish long term.", "time": 1642189790.0, "sentiment": ""}, {"id": 426745680, "text": "$amzn $tsla $aapl not going to lie I\u2019m not going to be able to resist these calls \ud83d\ude02 junky", "time": 1642189737.0, "sentiment": "Bullish"}, {"id": 426745520, "text": "$AAPL  FRED adv. retail sales for electronics today BAD... \n % change negative, US had two months of poor electronics sales in Nov and Dec. \nWORSE, FRED readjusted Novembers numbers from -4% to -7%!", "time": 1642189714.0, "sentiment": ""}, {"id": 426744531, "text": "$AAPL back to 120\u2019s \ud83d\ude07\ud83d\ude07", "time": 1642189563.0, "sentiment": "Bearish"}, {"id": 426744110, "text": "$AAPL this bitch right here is the only thing keeping $SPY up", "time": 1642189500.0, "sentiment": "Bearish"}, {"id": 426743922, "text": "$AMzn $tsla $aapl and interest hikes coming sheesh.. the crash", "time": 1642189474.0, "sentiment": ""}, {"id": 426743318, "text": "$amzn $tsla $aapl Wifey told me they messed up not passing vac mandates.. getting sued like crazy.. sheesh", "time": 1642189387.0, "sentiment": ""}]