[{"id": 426846501, "text": "$AAPL can we break above VWAP already? thanks.", "time": 1642200077.0, "sentiment": ""}, {"id": 426845099, "text": "$AAPL come on!!!!!", "time": 1642199927.0, "sentiment": "Bullish"}, {"id": 426845037, "text": "$AAPL 4trillion\ud83c\udf89\ud83c\udf89\ud83c\udf89\ud83c\udf89\ud83c\udf4f\ud83c\udf4f\ud83c\udf4f\ud83c\udf4f\ud83c\udf4f\u2764\ufe0f\u2764\ufe0f\u2764\ufe0f\u2764\ufe0f\ud83e\udd32\ud83c\udffb\ud83e\udd32\ud83c\udffb\ud83e\udd32\ud83c\udffb\ud83c\udf89\ud83c\udf4f\ud83c\udf4f\ud83c\udf4f\u2764\ufe0f\u2764\ufe0f\u2764\ufe0f", "time": 1642199920.0, "sentiment": "Bullish"}, {"id": 426844790, "text": "$QQQ $SPY $VIX $SPX $AAPL  \n \nall of you degenerate fuckwit bears suck at trading. All of you keep buying back into these selloffs and lose over and over again.  \n \nNo one gives a shit about you posting fake trades.", "time": 1642199893.0, "sentiment": "Bullish"}, {"id": 426844529, "text": "$SPY bought a new phone on shopee $SE\nLess than 200 usd $aapl", "time": 1642199864.0, "sentiment": "Bullish"}, {"id": 426844448, "text": "$AAPL come on, go green!", "time": 1642199856.0, "sentiment": ""}, {"id": 426843991, "text": "$AAPL I love how everyone here, both sides, says the same thing. It rises, &quot;it&#39;s a bull trap&quot;, it falls, &quot;it&#39;s a bear trap&quot;. Everything is a fake out, no matter which way it&#39;s going, and it&#39;s anything but normal trading and market pressures that make the price rise or fall.", "time": 1642199810.0, "sentiment": ""}, {"id": 426843933, "text": "$AAPL It is so weak it can&#39;t even track the NASDAQ. Garbage real garbage.", "time": 1642199804.0, "sentiment": ""}, {"id": 426843904, "text": "$SPY $SPX $AAPL \nInteresting theory. let\u2019s see if it comes true", "time": 1642199802.0, "sentiment": ""}, {"id": 426843625, "text": "$AAPL Apple Option Alert: Jan 2023 $180 Calls at the Bid: 24 vs 28955 OI; Earnings 1/27 After Close\ud83d\udc02 |\ud83e\udd47 Check out \u27a1\ufe0f SweepCast.com  #stockmarket", "time": 1642199769.0, "sentiment": ""}, {"id": 426843352, "text": "$AAPL    \ud83c\udf4f Where is AAPL headed\u2026with so much \u201cPositive News Today\u201d?  Here is where the Mkt Indices are NOW:", "time": 1642199741.0, "sentiment": ""}, {"id": 426843292, "text": "$AAPL gg bears \ud83e\udd37\ud83c\udffd\u200d\u2642\ufe0f", "time": 1642199734.0, "sentiment": "Bullish"}, {"id": 426843085, "text": "$SPY $AAPL $MSFT $FB imagine betting against money printing machines lmfao \ud83e\udd23 stick to your \u201chigh growth\u201d and keep listening to WSB retards and cathie wood. You can go belly up in a bull market if you\u2019re long the wrong or unicorn stocks.", "time": 1642199712.0, "sentiment": "Bullish"}, {"id": 426842538, "text": "$AAPL tried to go above MA let\u2019s see if it tries again", "time": 1642199653.0, "sentiment": ""}, {"id": 426842211, "text": "$AAPL $QQQ No stress! Aladdin is coming to make you ........  \n \na solid rug pull\ud83e\uddde\u200d\u2642\ufe0f\ud83e\uddde\u200d\u2642\ufe0f\ud83e\uddde\u200d\u2642\ufe0f", "time": 1642199618.0, "sentiment": "Bearish"}, {"id": 426841805, "text": "$SNAP $AAPL \nApple \ud83c\udf4e using \u201cprivacy\u201d as a way to monetize their system.\n\nOnce \ud83c\udf4e endeavors into the VR are official, Snapchat will bleed slowly until it joins MySpace and Tumblr", "time": 1642199580.0, "sentiment": "Bearish"}, {"id": 426841736, "text": "$AAPL Lots of desperate sounding clowns in here right now hahaha. Some of them hoping to afford a 13 Pro Max some day. Gobble up some cheap shares and then go have a fun, long weekend. GLTA", "time": 1642199574.0, "sentiment": "Bullish"}, {"id": 426841377, "text": "$AAPL 168ish soon. If not then Tuesday will see 168. I see a boooty curving down to anus formation.. once it meet the anus is a confirmation of more down side .. right now boooty curving down toward it so it still bearish !!  Careful bulls , I trade appl a lot so I know how it moves $spy", "time": 1642199537.0, "sentiment": "Bearish"}, {"id": 426840818, "text": "$AAPL  \ud83c\udf4f Europe, is Closed.  Let\u2019s see what WallSt/Mkt, \u201creally\u201d wants.", "time": 1642199474.0, "sentiment": "Bullish"}, {"id": 426840115, "text": "$QQQ $AAPL $AMZN Every pop is just a tease.  Almost enough to make me bearish.", "time": 1642199398.0, "sentiment": ""}, {"id": 426839400, "text": "High p/e tech still rolling over here, watching mega caps to further speed up this pull $AAPL $MSFT etc..", "time": 1642199323.0, "sentiment": ""}, {"id": 426838859, "text": "$AAPL PUTS PUTS", "time": 1642199273.0, "sentiment": "Bearish"}, {"id": 426838630, "text": "$AAPL over $183 11 days ago. Now struggling to stay above $170. What a piece of shit and ER is round the corner. This should be booming especially with all the raised PTs.", "time": 1642199248.0, "sentiment": ""}, {"id": 426837639, "text": "$AAPL ouch", "time": 1642199151.0, "sentiment": "Bearish"}, {"id": 426836856, "text": "$AAPL a dip?  what to do with a dip before earnings?  OL", "time": 1642199066.0, "sentiment": ""}, {"id": 426836484, "text": "$AAPL break break 140", "time": 1642199025.0, "sentiment": "Bearish"}, {"id": 426836014, "text": "$AAPL Max paon 170 Next week.. Huge premium sold at start of this Month.. when Price was 180..", "time": 1642198977.0, "sentiment": "Bearish"}, {"id": 426835430, "text": "$AAPL ", "time": 1642198921.0, "sentiment": "Bearish"}, {"id": 426834844, "text": "$AAPL calls are done for the day and now playing yo-yo with puts", "time": 1642198861.0, "sentiment": ""}, {"id": 426834791, "text": "Weight $AAPL $SPY", "time": 1642198855.0, "sentiment": ""}]