[{"id": 426819280, "text": "*APPLE $AAPL HEADSET FACING OVERHEATING, CAMERA, SOFTWARE CHALLENGES\n $AAPL\u2026 http://dlvr.it/SH7DX2 #NEWS", "time": 1642197306.0, "sentiment": ""}, {"id": 426819133, "text": "$AAPL Bell curve market......", "time": 1642197292.0, "sentiment": "Bullish"}, {"id": 426819085, "text": "$AAPL  \ud83c\udf4f Caution:  \u201cHFund Shills\u201d, on the Site\u2026NOW.  Here, to \u201cSell you Puts\u201d.  European Close underway.  Wonder why they chose NOW, to show up?  You know why!", "time": 1642197286.0, "sentiment": "Bullish"}, {"id": 426818799, "text": "$AAPL NEW ARTICLE : TINA Was Wrong, Cash Is Not Trash, And There Is An Alternative https://www.stck.pro/news/AAPL/21313195", "time": 1642197259.0, "sentiment": ""}, {"id": 426818157, "text": "$AAPL perfect time to average down in my opinion  \ud83e\udd1e", "time": 1642197197.0, "sentiment": ""}, {"id": 426817974, "text": "$ENVX $AAPL announced delay of vr/ar to 2023 in part due to overheating issues.", "time": 1642197181.0, "sentiment": ""}, {"id": 426816857, "text": "$AAPL pigs deserve the slaughter house", "time": 1642197074.0, "sentiment": ""}, {"id": 426816369, "text": "$AAPL  did you use Apple&#39;s VR headset in 2022?  You may be entitled to financial compensation.  Call now.", "time": 1642197026.0, "sentiment": "Bearish"}, {"id": 426816289, "text": "$AMD $AMZN $AAPL $TSLA \n\nRetail sales told you a lot, but the biggest tell: \n\nInflation is beginning to poison the economy.\n\nThis is an econ 101 term for U : Runaway Inflation", "time": 1642197020.0, "sentiment": ""}, {"id": 426816130, "text": "$AMZN, $TSLA, $ADBE, $AAPL, $FXI - Top delta impact", "time": 1642197005.0, "sentiment": ""}, {"id": 426815972, "text": "$AAPL we\u2019ll break through $SPY support soon enough and all will fall", "time": 1642196990.0, "sentiment": "Bearish"}, {"id": 426815918, "text": "$AAPL inverted hammer close", "time": 1642196983.0, "sentiment": "Bullish"}, {"id": 426815827, "text": "Apple&#39;s Virtual/Augmented Regality Headset Launch At Risk Of Being Delayed Until 2023, Cites Concern With Headset Overheating, Issues with Camera, Software \n \n$AAPL", "time": 1642196975.0, "sentiment": ""}, {"id": 426815750, "text": "$TSLA, $AMZN, $ADBE, $LCID, $AAPL - Top premium flow", "time": 1642196968.0, "sentiment": ""}, {"id": 426815749, "text": "$AAPL PUMP SO I CAN BUY PITS", "time": 1642196968.0, "sentiment": ""}, {"id": 426815583, "text": "$AAPL puts are getting LIT up \ud83d\udd25", "time": 1642196948.0, "sentiment": "Bearish"}, {"id": 426815568, "text": "*APPLE $AAPL HAD PLANNED TO ANNOUNCE VR/AR HEADSET AS EARLY AS JUNE\n *APPLE $AAPL\u2019S\u2026 http://dlvr.it/SH7ChJ #NEWS", "time": 1642196947.0, "sentiment": ""}, {"id": 426815512, "text": "$AAPL this is the back and forth action to make longs feel like there is a chance still. Then bammmmmm. Floor drop", "time": 1642196942.0, "sentiment": "Bearish"}, {"id": 426815457, "text": "$AAPL this should be at $180", "time": 1642196937.0, "sentiment": ""}, {"id": 426815307, "text": "$AAPL wow. That was a MASSIVE dump. My system just burped lmao", "time": 1642196924.0, "sentiment": "Bearish"}, {"id": 426814991, "text": "$AAPL Just a technical correction. Bear trap !", "time": 1642196895.0, "sentiment": "Bullish"}, {"id": 426814714, "text": "$AAPL @Scarecrow68 sold the 0dte for 120% profit just now lol", "time": 1642196868.0, "sentiment": ""}, {"id": 426814634, "text": "$AAPL second lowest CPI for Dec inflation rate. Now we got FED rate in 13 mins", "time": 1642196862.0, "sentiment": ""}, {"id": 426814122, "text": "$AAPL   \ud83c\udf4fEuropean Closing Trade, now underway.  Need to put Europe to bed in 45 mins, before WallSt/Mkt sets the \u201c true\u201d mood for the Day.  AAPL, looked Strong during the Opening Hour.", "time": 1642196810.0, "sentiment": "Bullish"}, {"id": 426813345, "text": "$AMC $AAPL selling off to join AMC", "time": 1642196730.0, "sentiment": "Bullish"}, {"id": 426813287, "text": "$aapl big red candle. Rotation", "time": 1642196724.0, "sentiment": ""}, {"id": 426813176, "text": "$AAPL can\u2019t go wrong with these prices", "time": 1642196712.0, "sentiment": "Bullish"}, {"id": 426812618, "text": "$TSLA $AMZN $SPY $AAPL Thank you bears for another good and consistent print lmao \n$FB Long @ 328.24 Target @ 334.15 Stop Loss @ 323.10 \nSold on 330.74", "time": 1642196654.0, "sentiment": "Bullish"}, {"id": 426812575, "text": "$AAPL they will manipulate you today with back and forth until the floor really drops", "time": 1642196649.0, "sentiment": "Bearish"}, {"id": 426811912, "text": "$AAPL Don\u2019t be GREEDY. JUST WAIT \u2026 Apple is \ud83e\udd75\ud83e\udd75\ud83e\udd75", "time": 1642196577.0, "sentiment": "Bearish"}]