[{"id": 426859820, "text": "$AAPL   \ud83c\udf4f All those FUD Posts this \u201cApe\u201d guy has posting\u2026now, he tells us what his \u201creal\u201d feelings are:", "time": 1642201438.0, "sentiment": ""}, {"id": 426858913, "text": "$AAPL rug pull time", "time": 1642201339.0, "sentiment": "Bearish"}, {"id": 426858866, "text": "$AAPL smart guy", "time": 1642201334.0, "sentiment": ""}, {"id": 426858155, "text": "$AAPL As I mentioned earlier today I believe techs early move up was due to this mornings MUCH weaker then expected retail sales number and which lead some to believe the reported consumer weakness may lead to a less hawkish Fed (although I&#39;m not necessary buying that). Also, the retail sales number reported does NOT take into effect inflation, so in fact retail sales were even WORSE then the - 1.9% reflected and which may indicate that the consumer is tapped out short term as much of the early Govt stimulus pumped into the system has now been drained (example no extension of child credits; no extended unemployment; credit card debt HIGHER now then pre-Covid levels; etc.). So, what does that mean for Apple? Well, lets keep it simple and remember that Apple SELLS stuff, right. So, any pull back in the consumer is probably going to hurt. Having said all that, Buy The Dip is a tough habit to break and I&#39;m just putting this post out there as something for everyone to chew on. GLTA! : )", "time": 1642201259.0, "sentiment": ""}, {"id": 426858056, "text": "$AAPL here\u2019s where the Algos will kick in.  Downside here we start", "time": 1642201250.0, "sentiment": "Bearish"}, {"id": 426857450, "text": "$AAPL NEW ARTICLE : Apple may delay its virtual reality headset until next year, report says https://www.stck.pro/news/AAPL/21315820", "time": 1642201188.0, "sentiment": ""}, {"id": 426856798, "text": "$SNAP Is AR/VR overblown or do they need that $AAPL headset? https://www.bloomberg.com/news/articles/2022-01-14/apple-s-hotly-anticipated-headset-risks-being-delayed-until-2023?utm_medium=email&amp;utm_source=newsletter&amp;utm_term=220114&amp;utm_campaign=author_19842959&amp;sref=9hGJlFio", "time": 1642201119.0, "sentiment": ""}, {"id": 426856394, "text": "$AAPL most of you post bad information.", "time": 1642201079.0, "sentiment": ""}, {"id": 426856369, "text": "$AAPL \n\nYikes to those who place short term puts ..\n\nNot good idea .. it killed your premiums already! \n\nLet\u2019s squeeze that mofo shorts outta here !!", "time": 1642201076.0, "sentiment": "Bullish"}, {"id": 426855055, "text": "$AAPL apple is expected to have 111-119 billion is 2022 Q1 earnings. Last year, apple stock went up 11.8% the 2 weeks before earnings.", "time": 1642200942.0, "sentiment": "Bullish"}, {"id": 426855011, "text": "$goog $aapl $nflx $ROKU  Google\u2019s living room strategy appears to be working: The company revealed at CES last week that there are now 110 million monthly active Android TV devices in the world. Thirty million of these have been added since last May alone, and a growing number are using the company\u2019s new Google TV interface https://www.protocol.com/newsletters/entertainment/whats-next-for-google-tv?rebelltitem=1#rebelltitem1", "time": 1642200938.0, "sentiment": "Bullish"}, {"id": 426854398, "text": "$AAPL 1-2 more 15 minute candle at this price should do it", "time": 1642200880.0, "sentiment": "Bearish"}, {"id": 426853587, "text": "$AAPL tech looks to have reached the top of the bounce here.", "time": 1642200797.0, "sentiment": "Bearish"}, {"id": 426852477, "text": "$AAPL \n\nSince major sports league are trying to sign deal rights to AAPL TV, I think that\u2019s very good news because:\n\nAAPL will have VR solution to watch sports .. very attractive ..\n\nLet\u2019s say if NBA inked with AAPL \u2026 I can subscribe to watch NBA games on VR.", "time": 1642200684.0, "sentiment": ""}, {"id": 426851243, "text": "$FB Today is officially a rotational day as Banks and DOW names have been showing nothing more than what we know already. You will the rewards in next 30 days when tech start reporting their numbers.  \n$BABA $AAPL $NFLX $TTD", "time": 1642200563.0, "sentiment": "Bullish"}, {"id": 426851010, "text": "$AAPL is currently trading in the upper part of its 52 week range, which is inline with the index. https://www.chartmill.com/stock/quote/AAPL/technical-analysis?key=bb853040-a4ac-41c6-b549-d218d2f21b32&amp;utm_source=stocktwits&amp;utm_medium=TA&amp;utm_content=AAPL&amp;utm_campaign=social_tracking", "time": 1642200540.0, "sentiment": ""}, {"id": 426850954, "text": "$AAPL odte puts decimated", "time": 1642200534.0, "sentiment": ""}, {"id": 426850921, "text": "$AAPL weak pump, lower highs.. drop coming", "time": 1642200531.0, "sentiment": "Bearish"}, {"id": 426850404, "text": "$DIS activist could also push for sale of espn to $AAPL or $AMZN", "time": 1642200484.0, "sentiment": ""}, {"id": 426849365, "text": "$AAPL no way they\u2019d let our 401ks or 403bs buy shares of our employers mutual funds at low prices today green by End of Day or sooner", "time": 1642200383.0, "sentiment": "Bullish"}, {"id": 426849015, "text": "$KOPN  will get the backing from a major tier one tech company by sept \n\n$NVDA $QCOM MSFT $AAPL\n\nDigital eyeballs is what\u2019s going to be needed on our Smartglasses \n\nKopin brings that with optics and backplaneSi", "time": 1642200347.0, "sentiment": "Bullish"}, {"id": 426848279, "text": "$cvac bear\n$spy $AAPL", "time": 1642200273.0, "sentiment": "Bearish"}, {"id": 426848188, "text": "$AAPL $210 PT LMAO \ud83e\udd23\ud83d\ude05\ud83e\udd23", "time": 1642200263.0, "sentiment": "Bullish"}, {"id": 426847896, "text": "$SPY $AAPL This is where the dumb money that just got purged from ARKK and other high valuation pieces of trash is hiding.  I expect a 10-15% drop here the day after earnings", "time": 1642200229.0, "sentiment": "Bearish"}, {"id": 426847780, "text": "$AAPL Fuck doomberg", "time": 1642200214.0, "sentiment": "Bullish"}, {"id": 426847375, "text": "$AAPL CNBC MORONS and manipulators laughing at Apple", "time": 1642200171.0, "sentiment": ""}, {"id": 426847292, "text": "$AAPL YES But 2.4 before", "time": 1642200163.0, "sentiment": "Bearish"}, {"id": 426847034, "text": "Just saying #cnbc ... I hate this #cnbc jawboner stupid ... fire the talking head arse ... his zhit talk in his own mind never stinks all the while pumping #cnbc crap as he is told to do ... rest assured Mikey ain&#39;t the only creep jawboning stupid to the Fraud Street and cronies sheoples ... pathetic ... https://www.cnbc.com/michael-santoli/ ... more, not all, but many at https://www.cnbc.com/anchors-and-reporters/ ... meanwhile, thank that I am here to help ... carry on sticking forks in the stock markets at large for profits @Profit_Maker https://stocktwits.com/Profit_Maker \ud83d\udc3b\u2764\ud83d\ude08\u2714 Rest assured severe stock market crashes in queue. Enjoy the Armageddon Depression \ud83e\udd11 $tsla $f $gm $GE $aapl and more.", "time": 1642200134.0, "sentiment": "Bearish"}, {"id": 426846815, "text": "$AAPL Tuesday more red?", "time": 1642200110.0, "sentiment": ""}, {"id": 426846685, "text": "$AAPL loaded on 175 calls, yolo!", "time": 1642200096.0, "sentiment": "Bullish"}]