[{"id": 426834736, "text": "$AAPL this seems to be hold around this price. Im glad I&#39;ve been holding.", "time": 1642198850.0, "sentiment": ""}, {"id": 426834585, "text": "$AAPL $DIS lets see or we see 168. because there are close to 500k + calls to wipe out above 170 Next week Options expiration.", "time": 1642198834.0, "sentiment": ""}, {"id": 426834353, "text": "$AAPL Bloomberg news out omg AAPL fall !!", "time": 1642198812.0, "sentiment": "Bearish"}, {"id": 426834207, "text": "$AAPL such a weird market today lol flat af. Waiting for a possible curl up going into lunch", "time": 1642198797.0, "sentiment": "Bullish"}, {"id": 426833906, "text": "$AAPL $DIS Watch the BUY volume pour in this afternoon", "time": 1642198767.0, "sentiment": "Bullish"}, {"id": 426833875, "text": "$AAPL \ud83c\udf4f\ud83d\udc47  Positive AAPL Articles, are so numerous today, posting Online so fast\u2026it\u2019s hard to keep up.  Very nice coverage.", "time": 1642198764.0, "sentiment": ""}, {"id": 426833740, "text": "$DOGE.X Hey anyone trading, today $AAPL movement leads DOGE by about a minute.", "time": 1642198750.0, "sentiment": ""}, {"id": 426833573, "text": "$TSLA nasdaq weak bounce off 200sma so far. If it breaks support, expect a correction in the whole market $AAPL $QQQ $SPY", "time": 1642198735.0, "sentiment": "Bearish"}, {"id": 426833429, "text": "Apples $AAPL", "time": 1642198720.0, "sentiment": ""}, {"id": 426833399, "text": "$AAPL IF THEY DELAY $FB is taking over it..", "time": 1642198717.0, "sentiment": ""}, {"id": 426833230, "text": "$AAPL right, we\u2019re not having ER runs lol not believing it", "time": 1642198700.0, "sentiment": "Bullish"}, {"id": 426832934, "text": "$SPY $AAPL $BAC $WFC $COST  FED LIED TO US HOPING WE WOULD REBOUND ON OUR OWN delaying any change. FACT IS FOMO - WILLIAM &quot;Inflation is high, in fact too high...&quot;", "time": 1642198670.0, "sentiment": ""}, {"id": 426832793, "text": "$AAPL fud", "time": 1642198657.0, "sentiment": "Bearish"}, {"id": 426832730, "text": "$AAPL  next 150 omg !!!", "time": 1642198652.0, "sentiment": "Bearish"}, {"id": 426832586, "text": "$AAPL in again here!\nStrong close ahead", "time": 1642198638.0, "sentiment": "Bullish"}, {"id": 426832449, "text": "$AAPL flush it", "time": 1642198627.0, "sentiment": "Bearish"}, {"id": 426832312, "text": "$AAPL ehh, yields are down and it drops sure. Options running the price.", "time": 1642198615.0, "sentiment": ""}, {"id": 426832159, "text": "$AAPL https://www.barrons.com/articles/apple-analysts-boost-targets-ahead-of-earnings-the-path-to-a-4-trillion-market-cap-51642175773", "time": 1642198598.0, "sentiment": ""}, {"id": 426832047, "text": "$AAPL FUCKKK I CLOSED MY PUTS WAYYY TO EARLY", "time": 1642198588.0, "sentiment": ""}, {"id": 426832038, "text": "$TSLA $SPY $QQQ $AAPL \n\nFLUSH THE BLOATED PIG \ud83d\udc16", "time": 1642198587.0, "sentiment": "Bearish"}, {"id": 426831789, "text": "$AAPL dangerous zone now", "time": 1642198565.0, "sentiment": "Bearish"}, {"id": 426831744, "text": "$AAPL broke lod. Timberrrr", "time": 1642198560.0, "sentiment": "Bearish"}, {"id": 426831701, "text": "$AAPL   \ud83c\udf4f Yep.  Looks like we have \u201cPrison Shill Labor\u201d, posting FUD\u2026NOW.  Take a look around, remember the names.  This is where HFunds are \u201chiring their Shill Labor\u201d\u2026.  Prison Labor, is a major source of Labor for \u201cCorporate Call Centers\u201d.  Now apparently, HFunds too.  SMH!", "time": 1642198557.0, "sentiment": ""}, {"id": 426831088, "text": "$AAPL anyone buying long right now is delusional. Direction is down. If you must go long wait until eod when we\u2019re in the 160\u2019s", "time": 1642198498.0, "sentiment": "Bearish"}, {"id": 426830922, "text": "$AAPL candles thinning boyz be ready it&#39;s the downfall", "time": 1642198482.0, "sentiment": "Bearish"}, {"id": 426830564, "text": "$AAPL I just buy more \ud83e\udd37\u200d\u2642\ufe0f\ud83d\ude02\ud83d\udc4d\ud83d\udcb2", "time": 1642198449.0, "sentiment": "Bullish"}, {"id": 426829752, "text": "$AAPL APPL", "time": 1642198367.0, "sentiment": ""}, {"id": 426829354, "text": "$AAPL looks like the candles are getting smaller and smaller \u2764", "time": 1642198326.0, "sentiment": ""}, {"id": 426828672, "text": "@grgfchs I didn&#39;t have money to buy $BTC.X so I bought $HUT mining stock at avg of $13 odd and I also sold my $AAPL &amp; $TSLA stocks &amp; kept on adding to it from my salary savings last 3 months and was able to bring my avg to $9.5.  \nIn short I went all in, in a hope to create wealth. If I succeed I will diversify it to protect it. But if I don&#39;t succeed I will have to start over.", "time": 1642198258.0, "sentiment": ""}, {"id": 426828626, "text": "$AAPL  sell sell sell", "time": 1642198254.0, "sentiment": "Bearish"}]