[{"id": 426811791, "text": "$AAPL dont forget those days!", "time": 1642196564.0, "sentiment": ""}, {"id": 426811746, "text": "$QQQ $AAPL $AMZN Apple and Amazon are too much of a drag to get bullish on QQQ today.  Unless the machines start buying FAANG, I&#39;m starting my weekend early.", "time": 1642196559.0, "sentiment": ""}, {"id": 426811342, "text": "$AAPL right now !!! it had started", "time": 1642196520.0, "sentiment": "Bearish"}, {"id": 426810323, "text": "$DJIA $BA $AAPL Why to suffer. Sell and enjoy earning now or keep and suffer losts at bottom. panic first not last", "time": 1642196417.0, "sentiment": "Bearish"}, {"id": 426810074, "text": "$MSFT $AAPL", "time": 1642196393.0, "sentiment": ""}, {"id": 426810068, "text": "$AAPL Are these guys who bought 8m shares yesterday at 172.2 gonna hold? So far no volume downward, but that may change EOD. I think yesterday surprised us all with the drop.", "time": 1642196392.0, "sentiment": ""}, {"id": 426809900, "text": "@Snowball2013 besides after the 170.35 print we saw in the pre market, i am v grateful lmao $aapl", "time": 1642196377.0, "sentiment": ""}, {"id": 426809844, "text": "$AAPL buy some puts and come back in 3 hours. $$$$$$", "time": 1642196372.0, "sentiment": "Bearish"}, {"id": 426809118, "text": "$AAPL https://www.tipranks.com/news/blurbs/wedbush-believes-apple-aapl-wont-stop-here-5", "time": 1642196299.0, "sentiment": "Bullish"}, {"id": 426808623, "text": "$AAPL give me $200.\nI need to pay off my pro max", "time": 1642196250.0, "sentiment": "Bullish"}, {"id": 426807942, "text": "$AAPL remember, $tsm earnings are derivative of Apple Earnings. So if TSM ER was so good, imagine how good Apple ER is gonna be!", "time": 1642196177.0, "sentiment": ""}, {"id": 426807069, "text": "$AAPL get out before the real pain comes by eod", "time": 1642196089.0, "sentiment": "Bearish"}, {"id": 426806730, "text": "$AAPL buyyyyy", "time": 1642196053.0, "sentiment": "Bullish"}, {"id": 426806179, "text": "$AAPL well we are at max pain for the day lol", "time": 1642195996.0, "sentiment": ""}, {"id": 426805672, "text": "$AAPL Not looking good.", "time": 1642195942.0, "sentiment": ""}, {"id": 426805459, "text": "$AAPL \ud83e\udd78", "time": 1642195919.0, "sentiment": "Bearish"}, {"id": 426805096, "text": "$AAPL https://twitter.com/lilmoonlambo/status/1482002394011648001?s=21", "time": 1642195879.0, "sentiment": "Bullish"}, {"id": 426804972, "text": "$SPY $QQQ $TSLA $AAPL \ud83d\udc80 \ud83d\udc08\u200d\u2b1b \ud83d\udcc9", "time": 1642195866.0, "sentiment": "Bearish"}, {"id": 426804902, "text": "$AAPL Russia going into war with Ukraine will involve NATO countries. Mess of epic proportions", "time": 1642195859.0, "sentiment": ""}, {"id": 426804079, "text": "$AAPL thanks for that fake pump bulls. Gave me a perfect opportunity to load huge puts", "time": 1642195765.0, "sentiment": "Bearish"}, {"id": 426803548, "text": "$AAPL Who\u2019s expecting pre ER run next week?", "time": 1642195707.0, "sentiment": "Bullish"}, {"id": 426803061, "text": "$AAPL WAIT 160", "time": 1642195657.0, "sentiment": "Bearish"}, {"id": 426802811, "text": "$MSFT Breaking down... \n \n$AAPL $TSLA $QQQ $FB", "time": 1642195632.0, "sentiment": ""}, {"id": 426802317, "text": "$SPY $TSLA and $AAPL will carry us today", "time": 1642195581.0, "sentiment": "Bullish"}, {"id": 426801954, "text": "$SPY $AAPL $AMD $QQQ \n\nAnyone care to explain since we&#39;ve had a freaky friday retail sales drop like that b4?\n\nOH, and by all means, keep pushing your Apple dream car narrative and new EXPENSIVE R6500 or whatever GPU and metaverse Nvidia, inflation has got your NECK and it&#39;s squeezing....\n\nYou will, like the FED, have 0% choice but to let go, 7% inflation ALREADY the biggest # surprise historically in history of MoM retail #s just drove you from your \n\nvirtual reality to what&#39;s really real \ud83d\udc4d", "time": 1642195546.0, "sentiment": ""}, {"id": 426801286, "text": "$AAPL puts here are unique in that they actually go up when it rallies and down when it drops and up if only it drops considerably.", "time": 1642195478.0, "sentiment": ""}, {"id": 426801275, "text": "$AAPL  \ud83d\udd1c1\ufe0f\u20e35\ufe0f\u20e35\ufe0f\u20e3 $SPY #WhosKnow???", "time": 1642195477.0, "sentiment": "Bearish"}, {"id": 426801240, "text": "$aapl $173.3 close is what is needed. and $174.04 &lt; is just amazing", "time": 1642195474.0, "sentiment": "Bullish"}, {"id": 426801116, "text": "$SPY $AAPL $MSFT $TSLA $BAC get ready for rate hikes in 30 mins", "time": 1642195461.0, "sentiment": ""}, {"id": 426800939, "text": "$AAPL One of the sanctions to be imposed will be on electronics. I\u2019m sure going to impact Apple", "time": 1642195443.0, "sentiment": ""}]