[{"id": 426890510, "text": "@Itsabdullah with all due respect, all i can offer you is Bidens poop stained undies from Vatican $aapl", "time": 1642204899.0, "sentiment": ""}, {"id": 426890210, "text": "$AAPL lets put in a double bottom and close at 174 now!", "time": 1642204865.0, "sentiment": "Bullish"}, {"id": 426890061, "text": "$AMZN $GOOG $FB $AAPL $NVDA dont trade stocks now, if u r an IT guy, change ur job and get in any of the top tech companies in next 6 months\u2026 that\u2019s enough, by the time market recovers u wud have RSU\u2019s at a cheaper price and next 4-5 years u will be a millionaire all by just doing ur job", "time": 1642204850.0, "sentiment": "Bullish"}, {"id": 426889732, "text": "$AAPL lemme smell 170", "time": 1642204813.0, "sentiment": "Bearish"}, {"id": 426889203, "text": "$AAPL $DIS watch the inflow into these two", "time": 1642204749.0, "sentiment": "Bullish"}, {"id": 426889153, "text": "$AAPL What a roller coaster the stock chart looks to be!   Uhmm, does it look like ... double bottom?", "time": 1642204742.0, "sentiment": ""}, {"id": 426888198, "text": "$AAPL the mother of all stocks. Watch out below (though this Inverse cup and handle not like the others)", "time": 1642204636.0, "sentiment": ""}, {"id": 426887897, "text": "$AAPL go back to outperforming the index majorly thanks", "time": 1642204603.0, "sentiment": ""}, {"id": 426886374, "text": "$AAPL puts baby", "time": 1642204439.0, "sentiment": "Bearish"}, {"id": 426885322, "text": "$AAPL lower highs", "time": 1642204326.0, "sentiment": "Bearish"}, {"id": 426884923, "text": "$AAPL Just putting this out there for those who have yet to see it.  \n \nProblematic line in story was: \n \n &quot;Apple was reportedly planning to debut the headset at its developer\u2019s conference but is reportedly facing issues with overheating, cameras, and software&quot;. \n \nhttps://www.cnbc.com/2022/01/14/apple-vr/ar-headset-may-get-delayed-until-next-year-report.html", "time": 1642204280.0, "sentiment": ""}, {"id": 426884421, "text": "$AAPL added for\nLonger term here. 165% of my portfolio.", "time": 1642204223.0, "sentiment": "Bullish"}, {"id": 426884261, "text": "$AAPL 170 incoming", "time": 1642204206.0, "sentiment": "Bearish"}, {"id": 426882313, "text": "$AAPL   \ud83c\udf4f You are Blocked.  Posts, are embarrassing.  Troll, Shill\u2026making it up as you go.", "time": 1642203989.0, "sentiment": ""}, {"id": 426881743, "text": "$SPY $DJIA $QQQ $AAPL $TSLA  \n \n7% inflation + 2 TRILLION in reverse repos \n \nThere is HUGE liquidity in the system and the FED is *still* pumping. \n \nWhy?", "time": 1642203923.0, "sentiment": ""}, {"id": 426881053, "text": "$AAPL 169.xx please - then bounce", "time": 1642203848.0, "sentiment": "Bullish"}, {"id": 426879679, "text": "$AAPL upgrade, upgrade, news, etc\u2026 still moving sideways. \n\nThis pup may just be sideways through earnings or down. Wait for the break above the channel or below if you are playing it bearish. Until then, shut the fuck up because you probably have no clue.", "time": 1642203693.0, "sentiment": ""}, {"id": 426879643, "text": "The respect is real $NFLX  ... $SPY $AAPL", "time": 1642203689.0, "sentiment": ""}, {"id": 426879495, "text": "$AAPL NEW ARTICLE : Closed-End Funds: A Look At 2021, And Looking Forward To 2022 https://www.stck.pro/news/AAPL/21317035", "time": 1642203672.0, "sentiment": ""}, {"id": 426878486, "text": "Today &#39;s  #DOW30 HeatMap of  #large  market stocks: $AAPL \n$MSFT $UNH $JNJ $JPM \n  \nfinscreener.org/map/map", "time": 1642203560.0, "sentiment": ""}, {"id": 426878171, "text": "$AAPL  Upgrades\n\nhttps://apple.news/Aiq0cfilZTG-92mPB7PCEBA", "time": 1642203527.0, "sentiment": "Bullish"}, {"id": 426878028, "text": "#SP500 Today &#39;s HeatMap of  #mega  market stocks:  $GOOG \n$GOOGL $AMZN $TSLA $AAPL \n  \nfinscreener.org/map/map", "time": 1642203510.0, "sentiment": ""}, {"id": 426877988, "text": "$SPY $DJIA $QQQ $AAPL $TSLA  \n \n7% inflation + 2 TRILLION in reverse repo liquidity and JPOW still stuffing Wall Street with BILLIONS each month? \n \nWhat the fuck is going on and why is there not a single article discussing it? \n \nINCREDIBLE", "time": 1642203504.0, "sentiment": ""}, {"id": 426876994, "text": "$AAPL  \ud83c\udf4f Noontime Shorting, as usual.  Coinciding, with \u201cHFunds Cashing Out Early Today\u201d over the next 90 mins, ahead of 3-Day Weekend.  Patience, as the HFunds Close-Out Early.  Note:  Half Time Report\u2019s Kevin O\u2019Leary:  Today\u2019s disastrous Bank ERs &amp; Guidance, will now give way to \u201cBest Tech Mulitiple Expansion\u201d, as these Stocks will be where WallSt will NOW rotate back into\u2026. BestTech, is now your friend again.", "time": 1642203388.0, "sentiment": "Bullish"}, {"id": 426876710, "text": "$AAPL when she goes red, knife drop.", "time": 1642203357.0, "sentiment": "Bearish"}, {"id": 426875577, "text": "$AAPL run up to earning 1/27", "time": 1642203227.0, "sentiment": "Bullish"}, {"id": 426875502, "text": "$AAPL  that\u2019s mess up ..", "time": 1642203218.0, "sentiment": "Bearish"}, {"id": 426874293, "text": "$SPY 450s next week. Daily and 4jour curving down , careful .. also 4 days trade for next week. $AAPL", "time": 1642203082.0, "sentiment": "Bearish"}, {"id": 426874266, "text": "$AAPL fly please lol", "time": 1642203079.0, "sentiment": "Bullish"}, {"id": 426874047, "text": "$KOPN \n\n$aapl expected to sell 7-10 mill #VR units when they launch \n\n$FB is at 10m units annually run rate \n\nOthers will be 5m \n\nDisplays and optics are needed and kopin will get big move up here \n\nOwn the king bcuz qcom nvda Sony Apple will be partnering and acquiring kopin one day for billions\n\nThere\u2019s 14 billions eyes", "time": 1642203051.0, "sentiment": "Bullish"}]