[{"id": 426872206, "text": "Best week of my trading \u201ccareer\u201d\u2026 started with overnight $SPY calls to begin the week,. Then I went all in on overnight $AAPL puts. Then immediately yeeted my whole account into $F overnight puts. \n\nLove you all. Time to get drunk", "time": 1642202834.0, "sentiment": ""}, {"id": 426871765, "text": "$AAPL this should flush to $150 in near term", "time": 1642202779.0, "sentiment": "Bearish"}, {"id": 426870696, "text": "$AAPL go green you pos like $MSFT !!!", "time": 1642202661.0, "sentiment": "Bullish"}, {"id": 426870549, "text": "$AAPL  green close", "time": 1642202642.0, "sentiment": "Bullish"}, {"id": 426870474, "text": "$AAPL you think this will be good hold over 3 days? Or $TSLA maybe $COST", "time": 1642202633.0, "sentiment": ""}, {"id": 426870102, "text": "$AAPL nice", "time": 1642202590.0, "sentiment": "Bearish"}, {"id": 426869183, "text": "Good move or bad move? $AAPL in Downtrend: its price expected to drop as it breaks its higher Bollinger Band on December 10, 2021. View odds for this and other indicators: https://srnk.us/go/3324577", "time": 1642202478.0, "sentiment": ""}, {"id": 426869009, "text": "$AAPL if we close green td next week we can see over 177", "time": 1642202456.0, "sentiment": "Bullish"}, {"id": 426868729, "text": "$AAPL CNBC trying to manipulate again! We know Josh browns short, no one cares !", "time": 1642202424.0, "sentiment": "Bullish"}, {"id": 426868293, "text": "$AAPL Green have a calming effect?", "time": 1642202370.0, "sentiment": ""}, {"id": 426867852, "text": "$INVZ It is the best time to buy some more shares to lowers the average cost per share.  \nBest chance to earn some money before some good news announcement ( $AAPL ) in a few weeks.", "time": 1642202322.0, "sentiment": "Bullish"}, {"id": 426867478, "text": "$SPY $DJIA $QQQ $AAPL $TSLA  \n \nInflation at 7%! \n \nReverse repos at damn near 2 TRILLION! \n \nAnd JPOW still stuffing Wall Street with BILLIONS of dollars EACH MONTH! \n \nWhat the fuck is going on here? And why is no one talking about it? \n \nWOW!!!", "time": 1642202280.0, "sentiment": ""}, {"id": 426865801, "text": "$AAPL ohooooooo \ud83d\ude80\ud83d\ude80\ud83d\ude80", "time": 1642202086.0, "sentiment": "Bearish"}, {"id": 426864902, "text": "$AAPL feels just really trappy", "time": 1642201982.0, "sentiment": ""}, {"id": 426864866, "text": "$SPY how is the market this high? Definitely 400 coming or below. Everything is down besides $TSLA &amp; $AAPL they can\u2019t hold up the whole market for long", "time": 1642201979.0, "sentiment": ""}, {"id": 426862582, "text": "$AAPL \n\nYikes I won\u2019t be giving out the technical details anymore on this ST \n\nThis ST always unblock the blocked list. ST need to fix that !! \n\nI just say this stock will close 173 to 174 plus this is oversold stock anyways.\n\nEnjoy your puts premiums burning day. Fuck shorts and puts that\u2019s all!", "time": 1642201733.0, "sentiment": "Bullish"}, {"id": 426862463, "text": "$AAPL below 9 and 50 EMA, it must maintain $172.3, otherwise it will revisit $168.", "time": 1642201722.0, "sentiment": "Bullish"}, {"id": 426862354, "text": "$BBIG is a multiday-Runner! On watch for +100% within 2 weeks! $AAPL $TSLA", "time": 1642201710.0, "sentiment": "Bullish"}, {"id": 426862136, "text": "$AAPL dummmmmmmmp", "time": 1642201687.0, "sentiment": "Bearish"}, {"id": 426861825, "text": "$SPY $WFC $AAPL $INTC $DAL it&#39;s only 12pm going into 3 day weekend", "time": 1642201656.0, "sentiment": ""}, {"id": 426861707, "text": "$AAPL Let&#39;s dump it then pump it", "time": 1642201644.0, "sentiment": "Bullish"}, {"id": 426861490, "text": "$AAPL $amd $NVDA CNBC half time doom and gloom traders at it again today \u2026.", "time": 1642201615.0, "sentiment": ""}, {"id": 426861313, "text": "$AAPL been showing some strength to the market dipping", "time": 1642201598.0, "sentiment": ""}, {"id": 426861146, "text": "$AAPL just got puts ready", "time": 1642201580.0, "sentiment": "Bearish"}, {"id": 426860859, "text": "$AAPL Crook Jon Najarian who every day  pumps options on CNBC and then he and his associate dump them, is again on  CNBC now spewing doom and gloom because he has bought Puts on Russel", "time": 1642201546.0, "sentiment": "Bullish"}, {"id": 426860754, "text": "Sweep Options Activity: $AAPL is the #3 ticker with sweep activity where institutions are trading options urgently with 14.9K sweep contracts, a leading indicator of market movement.\n\nMarket analysis and options contracts included in screenshot of dashboard from http://insiderfinance.io.", "time": 1642201534.0, "sentiment": ""}, {"id": 426860579, "text": "$AAPL down baby", "time": 1642201514.0, "sentiment": "Bearish"}, {"id": 426860140, "text": "$AAPL Can we all agree this is whats happening every hour?", "time": 1642201468.0, "sentiment": "Bullish"}, {"id": 426860046, "text": "$VERB \nBears &amp; bulls battle for perception as a New live streaming ecommerce website is built &amp; 100mm dollar market cap company transforms to a  multibillion dollar\n\nOver this last year \nVerb built 100&#39;s of 1000&#39;s of mlm distributors using verb&#39;s live streaming app\n\nhttps://youtu.be/lpvFxCdvSjk\n\nAs Verb signed merchants, they also were building their new ecommerce site in private. Verb put together a beta testing site to test only ui/ux functionality while the final product site was being built in private\n\nhttps://www.shoppopup.tv\n\nAs verb finished up the final product site they released a demo what the site looks like\nhttps://youtu.be/c5xKOK6VhZg\n\nVerb accomplished all of that, over the last year. \nThe start of a sports teams vertical to make videos shoppable for the Pittsburgh Penguins.\n\nThe collaboration w/David Meltzer whom was recently signed by $AAPL  to add shoppabilty to his programming.\n\nJanuary is verb&#39;s 1st Promo event, as February will be the launch.\nWe&#39;ll see what happens then", "time": 1642201459.0, "sentiment": ""}, {"id": 426859901, "text": "$AAPL harderrrrrr please \ud83e\udd32\ud83c\udffb\ud83e\udd32\ud83c\udffb\ud83e\udd32\ud83c\udffb\ud83c\udf4f\ud83c\udf4f\u2764\ufe0f\u2764\ufe0f\u2764\ufe0f\u2764\ufe0f\u2764\ufe0f\ud83d\ude02\ud83d\ude02\ud83d\ude02\ud83d\ude02\ud83d\ude02\ud83e\udd70\ud83e\udd70\ud83e\udd29\ud83e\udd29\ud83e\udd29\ud83e\udd29\u203c\ufe0f\u203c\ufe0f\u203c\ufe0f", "time": 1642201445.0, "sentiment": "Bullish"}]