[{"id": 426979520, "text": "$AAPL my puts crashed BAD", "time": 1642214968.0, "sentiment": "Bullish"}, {"id": 426979388, "text": "$AAPL please close 173.00", "time": 1642214955.0, "sentiment": ""}, {"id": 426979363, "text": "$AABB $SPY $TSLA $AAPL $MSFT Everybody have a great holiday weekend. Watchlist AABB", "time": 1642214952.0, "sentiment": "Bullish"}, {"id": 426978273, "text": "$AAPL this should be 180$ by now", "time": 1642214831.0, "sentiment": ""}, {"id": 426977512, "text": "$aapl out of context, while this candle does look bullish, if you saw it being constructed, then you know its VERY bullish.", "time": 1642214748.0, "sentiment": "Bullish"}, {"id": 426976027, "text": "$AAPL $pltr seems to have had an awesome run. Insane, seems like market found its bottom lol.", "time": 1642214594.0, "sentiment": "Bullish"}, {"id": 426975448, "text": "FMK #FAANG Edition: \n \nF*ck: $NFLX \nMarry: $AAPL \nKill: $FB", "time": 1642214531.0, "sentiment": ""}, {"id": 426974234, "text": "$AAPL earnings in less than 2 weeks.  Higher highs", "time": 1642214398.0, "sentiment": "Bullish"}, {"id": 426973715, "text": "$AAPL I mean, even bears got fucked today lmfao. Unless they unloaded at bottom.. i know a few on this board who are diamond handing puts.", "time": 1642214344.0, "sentiment": ""}, {"id": 426972500, "text": "$AAPL", "time": 1642214202.0, "sentiment": "Bullish"}, {"id": 426972497, "text": "@piku99 Apple was stronger than all tech by many 100 points, in case of fang. Stronger against nasdaq by 50 points. Today, $aapl carried $ndx and $nasdaq for the most part, while being beat down due to its involvement in DJIA. Tuesday is  a runner day. Fact", "time": 1642214202.0, "sentiment": "Bullish"}, {"id": 426972359, "text": "$AAPL gimme 50\u00a2 more", "time": 1642214186.0, "sentiment": "Bullish"}, {"id": 426972258, "text": "$AAPL", "time": 1642214172.0, "sentiment": "Bearish"}, {"id": 426971676, "text": "$AAPL  \ud83c\udf4f       \ud83d\ude01.", "time": 1642214108.0, "sentiment": "Bullish"}, {"id": 426971566, "text": "@WH0RUFOOLING_ brah are you new ? Check the bottom wick forming on the daily candle lmfao $aapl", "time": 1642214096.0, "sentiment": ""}, {"id": 426971396, "text": "$AAPL why has apple not responded so well to market $NASDAQ like its peers? is market going wrong or apple?", "time": 1642214077.0, "sentiment": ""}, {"id": 426971265, "text": "$AAPL next week is so bullish omg i know this stock.. I was short 20x$150Cs which were gonna expire worthless, had a  $2 run to be $1.5 in the money by the end of it. Next week then was so fucking bullish, face ripping bullish.", "time": 1642214062.0, "sentiment": "Bullish"}, {"id": 426970116, "text": "$AAPL would be nice to break the HOD into the close!!  Come on baby you can do it!!", "time": 1642213942.0, "sentiment": "Bullish"}, {"id": 426969766, "text": "@Victorn18 my $AAPL calls are doing even worse. Stock up and calls down. \ud83d\ude44", "time": 1642213905.0, "sentiment": ""}, {"id": 426969658, "text": "$AAPL apple a week before earning last year", "time": 1642213891.0, "sentiment": "Bullish"}, {"id": 426969405, "text": "$AAPL Toni S. the bear again on CNBC", "time": 1642213860.0, "sentiment": ""}, {"id": 426969303, "text": "GOLDEN SWEEP OPTION ALERT: $AAPL $172.5 PUTS Expiring on 01/28/22; Premium: $1.2M; \ud83d\udfe2BULLISH More details at https://marketaction.live/cyber-monday-sale/", "time": 1642213848.0, "sentiment": "Bullish"}, {"id": 426967004, "text": "$AAPL h&amp;s on the daily still in tact", "time": 1642213603.0, "sentiment": ""}, {"id": 426965971, "text": "$aapl Money where my mouth is Going into the next week with ZERO hedge.", "time": 1642213499.0, "sentiment": "Bullish"}, {"id": 426965826, "text": "$AAPL over 172.94 I\u2019ll load boat on calls", "time": 1642213484.0, "sentiment": "Bullish"}, {"id": 426965017, "text": "$AAPL please everyone buy into the three day weekend with everything going on. It\u2019ll be great", "time": 1642213400.0, "sentiment": ""}, {"id": 426964816, "text": "$AAPL Shorts better cover, long weekend ahead", "time": 1642213380.0, "sentiment": "Bullish"}, {"id": 426963954, "text": "$AAPL Stated this AM, pins at 173.25", "time": 1642213292.0, "sentiment": ""}, {"id": 426963776, "text": "$AAPL looking to go north", "time": 1642213277.0, "sentiment": "Bullish"}, {"id": 426963301, "text": "$AAPL 173 close, let&#39;s go!", "time": 1642213229.0, "sentiment": "Bullish"}]