[{"id": 426945926, "text": "$AAPL Tug of War continues. Earnings run will be fun", "time": 1642211266.0, "sentiment": "Bullish"}, {"id": 426943536, "text": "$AAPL Is that Kermit...&quot;It&#39;s Not Easy Being Green&quot;...the Frog peeking out again?", "time": 1642210985.0, "sentiment": ""}, {"id": 426942814, "text": "$GOOG $AMZN $NEUY.X $AAPL  \n \nPICKFOLIO 1-3 MONTHS \n \nhttps://finance.neuy.io/stocks/pickfolio.aspx", "time": 1642210904.0, "sentiment": ""}, {"id": 426941952, "text": "$LCID hint! $AAPL", "time": 1642210798.0, "sentiment": "Bullish"}, {"id": 426941160, "text": "$AAPL bying pressure", "time": 1642210711.0, "sentiment": ""}, {"id": 426940310, "text": "$AAPL Epic Sidesteps Apple To Reenter iOS Devices Through Nvidia&#39;s Cloud Gaming Service; Analysts Say Move Isn&#39;t &#39;Viable Business Alternative&#39; \n\nhttps://newsfilter.io/a/afd9f62c3d2202bb3b58be58bf2b3a78", "time": 1642210613.0, "sentiment": ""}, {"id": 426939541, "text": "$SQ  \ud83d\ude02\ud83d\ude02\ud83d\ude02. I am just happy you guys are just making this way better at a reversal. Here are my profit levels thanks to all the cheap calls. I will be rich at when this reverse from now to June\u2026 first PT $160 to take profit. $AAPL $PYPL $DXCM", "time": 1642210520.0, "sentiment": "Bullish"}, {"id": 426939319, "text": "$SPY \n\nHave you tried $aapl pamp?", "time": 1642210493.0, "sentiment": "Bearish"}, {"id": 426939224, "text": "@Niedermeyer @SunnyDaze My turn: Afghanistan debacle and troops dead and equipment left, Border crisis, world record for covid cases and no testing available, shutting down our oil independence = gas prices through the roof, inflation highest in 30 years, build back better not passing, hasn&#39;t added one job and claims he did when every job has been workers returning to work and still millions of jobs short from prepandemic, world record for job openings at 11 million, stock market has been destroyed with spy only up bc of five stocks, Gaza and Israel going to war, Russia about to invade Ukraine, China eyeing invasion of Taiwan all bc they see his weakness, Him tripping like an idiot going into the plane, wants to raise taxes and add business red tape, hasn&#39;t done one thing for african americans, loses vaccine mandate in supreme court, supply chain issues and he doesn&#39;t add resources to help, damn i&#39;m tired of writing hahaha. Pathetic! $spy $qqq $msft $aapl $AMZN", "time": 1642210480.0, "sentiment": ""}, {"id": 426938797, "text": "$AAPL what is your estimate for apple next week close?", "time": 1642210429.0, "sentiment": ""}, {"id": 426938319, "text": "$AAPL Did you trust Bloomberg last time (with their fake news)? Did Apple actually say what \u201cBloomberg reported\u201d? I want to see the comments directly from Apple.", "time": 1642210372.0, "sentiment": "Bullish"}, {"id": 426938130, "text": "Epic Sidesteps Apple To Reenter iOS Devices Through Nvidia&#39;s Cloud Gaming Service; Analysts Say Move Isn&#39;t &#39;Viable Business Alternative&#39; $NVDA $AAPL https://www.benzinga.com/analyst-ratings/analyst-color/22/01/25059750/epic-sidesteps-apple-to-reenter-ios-devices-through-nvidias-cloud-gaming-service-an#.YeHPt_HQRd4.twitter", "time": 1642210346.0, "sentiment": ""}, {"id": 426937372, "text": "$AAPL i use to trade this around $110-125, then i stop trading this and been holding since $147.  My position is sitting good, but if i held since $110, my position would be a whole lot better.  Best Advice I received, DON\u2019T trade It, OWN it!", "time": 1642210253.0, "sentiment": "Bullish"}, {"id": 426936951, "text": "$AAPL  \ud83c\udf4f Oil Mkts Closing, in seconds.", "time": 1642210201.0, "sentiment": "Bullish"}, {"id": 426936824, "text": "$AMZN  all we looking for is $3230 to be broken.  I think we are holding very strong.. $FB $AAPL", "time": 1642210187.0, "sentiment": "Bullish"}, {"id": 426936504, "text": "$AAPL bought back 50 of the 172.50 puts at .75", "time": 1642210149.0, "sentiment": "Bearish"}, {"id": 426935758, "text": "$AAPL \n\nOne last pop before 3 day break.", "time": 1642210058.0, "sentiment": ""}, {"id": 426935107, "text": "$SNIPF $AAPL $SPY", "time": 1642209979.0, "sentiment": "Bullish"}, {"id": 426933200, "text": "$AAPL Download Hungry Bull App: https://apps.apple.com/us/app/hungry-bull/id1563856658. Great news and stock app!", "time": 1642209736.0, "sentiment": "Bullish"}, {"id": 426933199, "text": "$AAPL  \ud83c\udf4f Nasdaq, \u201cDipped below it\u2019s 200 Day Moving Average\u201d today, before bouncing slightly Higher:  14,725/200 Day.  This was the \u201cBuy Level\u201d, many WallSt Firms were awaiting.  Now, these Firms are accessing \u201cconfirmation of a Bottom\u201d.  Bank ERs were disastrous today, weighing in the Bulls favor, that WallSt/Tutes will \u201cBuy/Rotate\u201d sooner than later.  But, with the 3-Day Wkend, many may chose to wait till Tuesday to initiate new positions.  While Greed, may cause others to \u201cposition\u201dToday.  AAPL, is top of mind for many on the Street today, as \u201cpositive PT Upgrades &amp; Articles\u201d dominate the News.", "time": 1642209736.0, "sentiment": "Bullish"}, {"id": 426932912, "text": "$AAPL waiting for closing pop so i can open a weekly covered call for next week.  175 - 180 PT next Friday or more?", "time": 1642209699.0, "sentiment": "Bullish"}, {"id": 426932738, "text": "$AAPL i took profit at 177 ($1,200 nothing crazy to lust but great for me) I\u2019m hoping to get back in around 165 if possible and I\u2019m going to hold for the next 5 years until the car releases I\u2019ll be buy shares not calls, and I\u2019ll be investing $13,000 in Apple wish me luck.", "time": 1642209677.0, "sentiment": "Bullish"}, {"id": 426932710, "text": "$AAPL  Get in Folks with any spare $$$&#39;s \n$ OCGN - Ocugen Inc. - Looking at full on FDA Approval anytime now .. BOOM!! \nhttps://finance.yahoo.com/news/ocugens-ocgn-covid-19-booster-152903603.html?guccounter=1&amp;guce_referrer=aHR0cHM6Ly93d3cud2VidWxsLmNvbS8&amp;guce_referrer_sig=AQAAAJakcUJhFSKDKd7oR-IPjEWfbrpLWDvXJHO3z2vSJl2JnUulOtitmh-R1iFPRXg2V4-dX-ka6fTNDmWsA43-OCw34p6S5fOvwSju3UYd1Y-7PPt0xDYpOsF9lNsnzPCM9yPlIzskvpYJOuW2I-QrIihIBhBhGyRAmzMspjiAlYvM", "time": 1642209674.0, "sentiment": "Bullish"}, {"id": 426931921, "text": "@SunnyDaze You dumb twat, everyone is vaccinated and we have more cases than ever before. Go get your tenth booster shot retardo haha. You voted with your emotions and put an incompetent retard into office. Worst President of all time and Worst Vice President of all time. What have they achieved since taking office? List one thing numbnuts. I&#39;ll be waiting forever bc he hasn&#39;t done a thing but ruin everything. Go get your free handout you bum! $SPY $aapl $msft $qqq", "time": 1642209577.0, "sentiment": ""}, {"id": 426931821, "text": "$SPY \n\nWhat\u2019s the point of even having an S&amp;P index if all it does is move like $AAPL", "time": 1642209565.0, "sentiment": ""}, {"id": 426931635, "text": "$SPY $QQQ $TSLA $AAPL havent seen some boom boom candles in a while can we get some today", "time": 1642209544.0, "sentiment": ""}, {"id": 426931068, "text": "$BA $DJIA $AAPL Panic first not last", "time": 1642209471.0, "sentiment": "Bearish"}, {"id": 426931061, "text": "$F Never say never on Ford. Remember back some time ago $AAPL was weeks from bankruptcy n trading at like $3 for Years , Never could get it right n well you know what happened", "time": 1642209470.0, "sentiment": ""}, {"id": 426930817, "text": "Apple stock is a &#39;place to hide&#39; amid volatile markets, says analyst - MarketWatch $AAPL  https://www.marketwatch.com/story/apple-stock-is-a-place-to-hide-amid-volatile-markets-says-analyst-11642186482", "time": 1642209439.0, "sentiment": ""}, {"id": 426929968, "text": "$AAPL I sold out of my call. Small profit on that rip. Done for the weekend now", "time": 1642209332.0, "sentiment": ""}]