[{"id": 426995365, "text": "$AAPL bears be like do I take a chance and stay in and worry all  weekend or take profits now", "time": 1642216590.0, "sentiment": "Bullish"}, {"id": 426994912, "text": "$SPY Richard Dennis was one of the GOATs, he created the &quot;Turtle Traders (google it) he once famously said &quot;You could publish trading rules in the newspaper and no one would follow them&quot; \n \nThe entire month of Dec I was &quot;publishing the rules&quot; Selling some  Longs, raising cash for the dip &amp; Buying Puts because,....we all knew what was coming,... right? \n \nIts not like WS changes folks, they always do the same, damn thing  \n \n$aapl $bb $baba $amzn", "time": 1642216531.0, "sentiment": ""}, {"id": 426994855, "text": "$AAPL Street (Pro Analyst) quarterly estimate is extremely off, predict again the non Pro\u2019s will be much closer, AAPL will easily beat street predictions.", "time": 1642216525.0, "sentiment": ""}, {"id": 426993748, "text": "$AAPL $SPCE $GE $WMT \nHave you met Imperium Motor$dsgt ? Currently trading at .14 cents \ud83d\ude4b\u26a1\ud83d\udd0b\nhttps://youtu.be/aAXLRS4IPB8", "time": 1642216389.0, "sentiment": ""}, {"id": 426992692, "text": "$AAPL gotta wonder how much of a gap up on Tuesday after a long weekend of multiple potential positive press releases ahead of earnings", "time": 1642216266.0, "sentiment": "Bullish"}, {"id": 426989897, "text": "$AAPL Bear checking his 1/15 puts. \ud83d\udcb8\ud83d\udcc9", "time": 1642215948.0, "sentiment": "Bullish"}, {"id": 426989774, "text": "$AAPL $174.04, $174.23 and $175.47 are the 3 resistances on the daily before we see $182.33. You can begin hedging at 175.47 though.", "time": 1642215937.0, "sentiment": "Bullish"}, {"id": 426988912, "text": "$AMD never worry buying this great stock! ER release season is coming. $NVDA, $TSLA , $AMD, $AAPL\u2026 Jump and jump for next several weeks!\ud83d\udcc8\ud83d\ude80\ud83d\udc48\u2705\ud83d\udcaf", "time": 1642215850.0, "sentiment": "Bullish"}, {"id": 426988243, "text": "$AAPL AAPL 2022-01-14 Technical Analysis Video: \nhttps://www.youtube.com/watch?v=E4WWp762j1o", "time": 1642215787.0, "sentiment": ""}, {"id": 426987434, "text": "$AAPL Dam, that ride down  to 100 was tough. Silly bears \ud83e\udd21\ud83e\udd21\ud83e\udd21\ud83e\udd21\ud83e\udd21", "time": 1642215718.0, "sentiment": "Bullish"}, {"id": 426987165, "text": "$AAPL https://www.torquenews.com/16714/will-apple-and-lucid-team-create-apple-car", "time": 1642215695.0, "sentiment": ""}, {"id": 426986765, "text": "$AAPL Above $173 - beautiful!", "time": 1642215666.0, "sentiment": ""}, {"id": 426986584, "text": "$AAPL don\u2019t mess with appl it will always fck your ass", "time": 1642215654.0, "sentiment": "Bullish"}, {"id": 426986331, "text": "$AAPL I can\u2019t complain at that close.", "time": 1642215635.0, "sentiment": "Bullish"}, {"id": 426986283, "text": "$aapl didnt sell em", "time": 1642215631.0, "sentiment": ""}, {"id": 426986264, "text": "@BAbull that why I think should be more easy a project between $AAPL  and $RIDE or $FSR . But I would like to see lordstown and Fisker as one, one company two brands", "time": 1642215629.0, "sentiment": ""}, {"id": 426986195, "text": "$AAPL AAAGH those cunts lmfao. still hella bullish", "time": 1642215624.0, "sentiment": ""}, {"id": 426985513, "text": "$AAPL cmon cmon close above 173.27", "time": 1642215560.0, "sentiment": "Bullish"}, {"id": 426984129, "text": "$AAPL ", "time": 1642215433.0, "sentiment": ""}, {"id": 426984068, "text": "$AAPL  \ud83c\udf4f Nasdaq, taking off into the Close!", "time": 1642215427.0, "sentiment": "Bullish"}, {"id": 426983477, "text": "$AAPL NEW ARTICLE : TSMC Buries Competitors With Capex Spend https://www.stck.pro/news/AAPL/21325202", "time": 1642215372.0, "sentiment": ""}, {"id": 426982608, "text": "$AAPL Wow! a little volume and buying into the close...Lets go Brandon!", "time": 1642215285.0, "sentiment": "Bullish"}, {"id": 426982491, "text": "$AAPL  \ud83c\udf4f The same \u201cLarge Derivative Player\u201d as last week, throwing money at the Tape, to Short the Tape.  Battle Royale.  AAPL, wants to break free.  Being, strangled by the Cartel Player.  Next week, Bulls\u2026we slay the Dragon!", "time": 1642215272.0, "sentiment": "Bullish"}, {"id": 426982222, "text": "$AAPL The US economy is a raging bull charging forward.  Get out of the way, or get run over.  This summer will be a magnificent summer, not an ordinary one.  It&#39;s going to be beautiful.", "time": 1642215245.0, "sentiment": ""}, {"id": 426981134, "text": "$AAPL closing red would be grrrreat", "time": 1642215133.0, "sentiment": "Bearish"}, {"id": 426981017, "text": "$AAPL is currently trading in the upper part of its 52 week range, which is inline with the index. https://www.chartmill.com/stock/analyzer/stock/AAPL?key=bb853040-a4ac-41c6-b549-d218d2f21b32&amp;utm_source=stocktwits&amp;utm_medium=TA&amp;utm_content=AAPL&amp;utm_campaign=social_tracking", "time": 1642215120.0, "sentiment": ""}, {"id": 426980581, "text": "$AAPL Tuesday put", "time": 1642215076.0, "sentiment": ""}, {"id": 426980345, "text": "$AAPL $185 pre earning run and then down to $180.", "time": 1642215051.0, "sentiment": "Bullish"}, {"id": 426980188, "text": "$LCID Lot of comments here mention $AAPL and lucid having a project together... Don&#39;t make me laugh! The people like rumours! But since we are here sending comments with no sense I will make one with more sense, would be more probable having a partnership between $RIDE than $LCID or maybe $FSR, and just one reason for me saying that foxconn", "time": 1642215035.0, "sentiment": "Bullish"}, {"id": 426980087, "text": "@investclem1682 bro we are gonna take the 3ema on the daily hahahahahahahaha if we do its legendary!!! $aapl", "time": 1642215025.0, "sentiment": ""}]