[{"id": 426929871, "text": "$AAPL 172.94 we break out the downtrend for the day would be huge", "time": 1642209321.0, "sentiment": "Bullish"}, {"id": 426928480, "text": "$AAPL buying more I might as well go down as the band plying music on the titanic rather than fighting over a Life Jacket", "time": 1642209149.0, "sentiment": "Bullish"}, {"id": 426928466, "text": "$SPY $DJIA $AAPL $TSLA  \n \nPREDICTIONS 1-2 WEEKS \nAI Predictions, Price Targets, News, Sentiment and Momentum Tracking \n$NEUY.X  \nhttps://finance.neuy.io/predictions.aspx", "time": 1642209148.0, "sentiment": ""}, {"id": 426927051, "text": "$SPY Build Back Worse \n$QQQ Make America Worst Than Ever Before\n$AAPL I&#39;m not going to shut down the economy, I&#39;m going to shut down the virus.\n$MSFT I Did That: Gas Prices = $7/Gallon\n$AMZN Thanks Sleepy Joe Biden", "time": 1642208967.0, "sentiment": "Bearish"}, {"id": 426926959, "text": "Equity Sentiment: $AAPL is the #4 stock that institutions are trading with 14.9K options contracts.\n\nMarket analysis included in screenshot of dashboard from http://insiderfinance.io.", "time": 1642208956.0, "sentiment": ""}, {"id": 426926466, "text": "$AAPL Actually holding up well. Boring is good in this market.", "time": 1642208896.0, "sentiment": "Bullish"}, {"id": 426926121, "text": "$MSFT MSFT is better than $AAPL. At the current price. Sell $AAPL and buy MSFT", "time": 1642208851.0, "sentiment": ""}, {"id": 426926103, "text": "$SPY $QQQ $TSLA $AAPL\ud83d\udc02 \ud83e\udea4", "time": 1642208847.0, "sentiment": "Bearish"}, {"id": 426925592, "text": "$SPY $TSLA \n\nUsually, $TSLA &amp; $AAPL get sell off right after earnings. \nIt won\u2019t happen this time. \nBoth, will have spectacular quarter. \n\n$TSM\u2019s largest customer is apple &amp; we saw yesterday that TSM had a bumper quarter. \n\nJust buy the dip. \nAlso, Feds are not going to raise 4 times. They want the interest rate increase with growth as Biden tweeted 2 days back. So, inflation will come down with 2 hikes &amp; growth will come by not getting 4 hikes. They just play out ahead of the time &amp; will back out from 4 so Markets ( economy ) will go up.", "time": 1642208785.0, "sentiment": "Bullish"}, {"id": 426925148, "text": "$AAPL doesn\u2019t change a thing, as I say weak pump then more drops . Later today if not Tuesday we see 168ish", "time": 1642208736.0, "sentiment": "Bearish"}, {"id": 426925036, "text": "$KOPN needs a semiconductor analyst that has a network to discover the hidden Apple relationship \n\n$aapl \nVR needs kopn", "time": 1642208722.0, "sentiment": "Bullish"}, {"id": 426924281, "text": "$AAPL that was fast and easy. Once it\u2019s break 172.50 I\u2019ll be out with a trailing stop", "time": 1642208636.0, "sentiment": "Bullish"}, {"id": 426923924, "text": "$AAPL will price drop like back on Jan 10 next week before moving up ?", "time": 1642208593.0, "sentiment": ""}, {"id": 426923388, "text": "$AAPL AAPL 2022-01-14 Technical Analysis Video: \nhttps://www.youtube.com/watch?v=E4WWp762j1o", "time": 1642208530.0, "sentiment": ""}, {"id": 426923291, "text": "$AAPL LEts get this party started.  Back to the highs of the day.", "time": 1642208518.0, "sentiment": ""}, {"id": 426922906, "text": "$AAPL NEW ARTICLE : The Ratings Game: Apple stock is a \u2018place to hide&#39; amid volatile markets, says analyst https://www.stck.pro/news/AAPL/21320516", "time": 1642208474.0, "sentiment": ""}, {"id": 426922411, "text": "$AAPL  \ud83c\udf4f Bulk of \u201cHFund Early-Day Cash Outs\u201d, complete.  NOW:  Margin Calls, going out.  Oil Mkts Closiing, in 30 mins.", "time": 1642208418.0, "sentiment": "Bullish"}, {"id": 426922167, "text": "$VIAC it\u2019s either $AAPL or $CMCSA inmo .", "time": 1642208391.0, "sentiment": "Bullish"}, {"id": 426922012, "text": "$AAPL  beautiful", "time": 1642208372.0, "sentiment": "Bullish"}, {"id": 426921831, "text": "$AAPL I have access to some pre ipo stocks. If anyone would like to jump on stocks like Discord, Green Life Farms, Triller, Space X, Impossible Foods, contact me. All investments will be registered in the sec website.", "time": 1642208354.0, "sentiment": ""}, {"id": 426921294, "text": "$AAPL It\u2019s Apple. It has a lot of room to run as soon as this madness stops with panic selling. It was $182 recently at an all time high. They are not going away and nothing but sells worldwide. $171 is a steal I think. Earning report the 27th.", "time": 1642208299.0, "sentiment": ""}, {"id": 426921282, "text": "$MSFT $AAPL $NDX violent bounce off the 200 the sma of nasdaq \u2026 $vix collapsed from 21.5 to 20.45 \ud83e\udd1e", "time": 1642208298.0, "sentiment": "Bullish"}, {"id": 426921085, "text": "$VIAC ready for $37? Anything under $40 you should buy. Paging Tim Cook, your takeover target gets more expensive by the day. $aapl.", "time": 1642208275.0, "sentiment": ""}, {"id": 426921046, "text": "$AAPL $RMSL \ud83d\udd25", "time": 1642208270.0, "sentiment": "Bullish"}, {"id": 426920811, "text": "$AAPL $RBLX cmon green incoming", "time": 1642208246.0, "sentiment": "Bullish"}, {"id": 426919649, "text": "$AAPL do we make it back to 180 before earnings anyone ????", "time": 1642208105.0, "sentiment": ""}, {"id": 426919081, "text": "$AAPL  next week over $175 for sure", "time": 1642208043.0, "sentiment": ""}, {"id": 426919071, "text": "$AAPL Do not sleep on big tech like $MSFT and $AAPL etc. Buy quality.", "time": 1642208042.0, "sentiment": "Bullish"}, {"id": 426918991, "text": "$AAPL Let\u2019s go!", "time": 1642208032.0, "sentiment": "Bullish"}, {"id": 426918756, "text": "$AAPL just bought some puts... Will more at the dip ...", "time": 1642208003.0, "sentiment": "Bearish"}]