[{"id": 426918622, "text": "$AAPL price run up for EARNINGS AnYONE???", "time": 1642207986.0, "sentiment": ""}, {"id": 426918611, "text": "$AAPL massive eod squeeze set up incoming \ud83d\udd2e\ud83d\ude80\ud83c\udfcc\ufe0f\u200d\u2642\ufe0f\ud83d\udc4d", "time": 1642207985.0, "sentiment": "Bullish"}, {"id": 426917533, "text": "$AAPL I have a feeling we can even close near HOD", "time": 1642207864.0, "sentiment": "Bullish"}, {"id": 426917421, "text": "$AAPL just loaded Feb18 calls. Looking prime for eod day run", "time": 1642207850.0, "sentiment": "Bullish"}, {"id": 426916990, "text": "$AAPL ..", "time": 1642207802.0, "sentiment": "Bullish"}, {"id": 426916973, "text": "$AAPL has a good Piotroski-F score of 7.00. This indicates a good health and profitability. https://www.chartmill.com/stock/quote/AAPL/fundamental-analysis?key=bb853040-a4ac-41c6-b549-d218d2f21b32&amp;utm_source=stocktwits&amp;utm_medium=FA&amp;utm_content=AAPL&amp;utm_campaign=social_tracking", "time": 1642207800.0, "sentiment": ""}, {"id": 426913278, "text": "Bulls talk shit all last year they get a couple bad days this year start bugging out $tsla $aapl $SPY", "time": 1642207386.0, "sentiment": ""}, {"id": 426913226, "text": "$AAPL $TSLA $AMZN Search it &quot;cJwADRBAsp&quot; on Google and checkout the first link.", "time": 1642207381.0, "sentiment": "Bullish"}, {"id": 426912481, "text": "$AABB $VYGVF $BNB.X $COIN $AAPL", "time": 1642207298.0, "sentiment": "Bullish"}, {"id": 426912241, "text": "$AAPL  next support 150", "time": 1642207271.0, "sentiment": "Bearish"}, {"id": 426911405, "text": "Intraday Option Volumes\n\n$TSLA 1.097m (50% call/50% put)\n$AAPL 837k (54% call/46% put)\n$NVDA 542k (53% call/47% put)\n$F 493k (69% call/31% put)\n\nLynk in bayo for my channl", "time": 1642207179.0, "sentiment": ""}, {"id": 426911293, "text": "$SPY $GME $AAPL Took profits again! Done for day! Have a great weekend all!", "time": 1642207166.0, "sentiment": ""}, {"id": 426910606, "text": "$AAPL Green \ud83c\udf4f apples \ud83c\udf4f are the best they just taste better", "time": 1642207085.0, "sentiment": ""}, {"id": 426910409, "text": "$SPY Thank god I still have my jazz tap dancing to work the corners and help pay the bills. And you guys all laughed at me taking those lessons with 2nd graders. Well, who&#39;s laughing now? $QQQ $AAPL $TSLA", "time": 1642207064.0, "sentiment": ""}, {"id": 426910276, "text": "$AAPL build back better yay", "time": 1642207050.0, "sentiment": ""}, {"id": 426910099, "text": "$AAPL this thing can go up down loopy loops ain\u2019t fuckjn selling", "time": 1642207026.0, "sentiment": "Bullish"}, {"id": 426910006, "text": "$AAPL \n\nHoly shit ..\n\nAll the options on Jan and Feb for 170 is very very bad \n\nVery similar to consolidation month like Sept to October.\n\nThis is recipe for take off when it strike 175 to 180 again awaiting for catalyst news coming out.", "time": 1642207017.0, "sentiment": "Bullish"}, {"id": 426908393, "text": "$AAPL time to sell I think, not worth holding unless you have equity. Will buy back if it wants to move.", "time": 1642206845.0, "sentiment": ""}, {"id": 426908185, "text": "$AAPL  \n \nEarnings 27th. \n \nShould be at least 177? \n \nWhat am I missing? \n \nNice dip of all yearly dips to load up!", "time": 1642206824.0, "sentiment": ""}, {"id": 426907724, "text": "Here\u2019s an interpretation of $PCG in a market with $SPY $TSLA $AAPL", "time": 1642206775.0, "sentiment": ""}, {"id": 426906363, "text": "$AAPL it\u2019s down less than $1 for the week.  Longs should be having a fucking party.", "time": 1642206624.0, "sentiment": "Bearish"}, {"id": 426904702, "text": "$SPY $QQQ $AAPL $TSLA Biden sucks sucks sucks", "time": 1642206449.0, "sentiment": ""}, {"id": 426904306, "text": "$AAPL one small .20 change and value from options gone", "time": 1642206410.0, "sentiment": ""}, {"id": 426903551, "text": "$AAPL $AMZN $MSFT Search it &quot;cJwADRBAsp&quot; on Google and checkout the first link.", "time": 1642206325.0, "sentiment": "Bullish"}, {"id": 426903445, "text": "$TSLA $AAPL $SPY $QQQ  be careful y\u2019all nasdaq broke 200sma", "time": 1642206314.0, "sentiment": ""}, {"id": 426903319, "text": "$AAPL", "time": 1642206301.0, "sentiment": "Bearish"}, {"id": 426903280, "text": "$AAPL short attack alert still in effect .. watch out til oil market closes!", "time": 1642206297.0, "sentiment": "Bullish"}, {"id": 426903061, "text": "$wkey $aapl $tsla  https://twitter.com/creusmoreira/status/1482023865861685253?s=12", "time": 1642206274.0, "sentiment": ""}, {"id": 426902768, "text": "Most Traded Contracts \n\n$AAPL 14 January $172.50 Call\n$AAPL 14 January $172.50 Put\n$TSLA 14 January $1000 Put\n$TSLA 14 January $1050 Call\n$F 14 January $25 Call\n\nLynk in bayo for the channel. See you at the other side", "time": 1642206244.0, "sentiment": ""}, {"id": 426902283, "text": "Omicron slows in early U.S. hot spots, offering first hopes of a peak - The Wall Street Journal $BTC.X $QQQ $SPY $AAPL $NVDA https://apple.news/AleFZm-c4SwWeE_mDcBzrhw", "time": 1642206191.0, "sentiment": ""}]