[{"id": 426963205, "text": "$AAPL OOPS i did it again. The max pain pin is confirmation that nothing is wrong with Apple. Its the option fluff, which I have been claiming", "time": 1642213219.0, "sentiment": ""}, {"id": 426962359, "text": "$AAPL lol perfectly pinned at max pain very week", "time": 1642213130.0, "sentiment": ""}, {"id": 426962351, "text": "$AAPL can the fourth attempt get er done", "time": 1642213129.0, "sentiment": "Bullish"}, {"id": 426961639, "text": "$AAPL this thing has great relative strength!  Besides everything else you could ask for in a stock!", "time": 1642213056.0, "sentiment": "Bullish"}, {"id": 426961465, "text": "$AAPL do we go to 180 for earnings or 177?", "time": 1642213036.0, "sentiment": ""}, {"id": 426961365, "text": "$SPY $AAPL The real selloff begins on Jan 28th, when this badly misses and offers poor guidance.  Retail loaded in, the perfect set up", "time": 1642213025.0, "sentiment": "Bearish"}, {"id": 426961237, "text": "$AAPL is this really gonna close at the same price for the 3rd time this week?", "time": 1642213011.0, "sentiment": ""}, {"id": 426960846, "text": "$VERB everyone is loading. Tried to tell u. \nWatch the pr&#39;s we get. Boom boom boom.\n\nThis is a buy and hold till right before the site comes out.  If it runs to 7,8 ater the events. Because if its 7,8,9 before the site, its a sell on the news. The site will come out. Being that the stock ran 300-500% in a few weeks people will take profits on the website release, no matter how well it is put together.\n\nThere will be a dip right after the site launch and then a huge rip to 25\n\nPeople are gonna start saying David Meltzer produces for $AAPL tv, right? David says he is gonna make Apple shoppable. Yea using Verb\nLol", "time": 1642212963.0, "sentiment": ""}, {"id": 426959467, "text": "$TWTR $TSLA $AAPL $RIVN $NFLX Earnings season on my ETFs be like", "time": 1642212795.0, "sentiment": ""}, {"id": 426959179, "text": "$SPY  $QQQ $UVXY $AAPL $JPM \n\nIf SPX is positive for the week next week, (monthly Op/EX), it would make 5 straight January Op/Ex S&amp;P 500 was higher.", "time": 1642212758.0, "sentiment": ""}, {"id": 426958462, "text": "$SOFI $ARKK $TSLA $AAPL $PLTR  Give it up old man", "time": 1642212670.0, "sentiment": "Bearish"}, {"id": 426958215, "text": "$AAPL big sell off last 30min will be under 170", "time": 1642212639.0, "sentiment": ""}, {"id": 426957208, "text": "$AAPL the best stock in the world. Just bought 2000 shares today", "time": 1642212519.0, "sentiment": "Bullish"}, {"id": 426955744, "text": "$AAPL     \ud83c\udf4f Oh look, the Nasdaq is green.", "time": 1642212363.0, "sentiment": ""}, {"id": 426954121, "text": "$AAPL Can someone do a well check on whorefoolish_? That poor clown has been hyperventilating all day long hahaha", "time": 1642212198.0, "sentiment": "Bullish"}, {"id": 426953447, "text": "$AAPL nice price action in the last 10 min \ud83d\udc4c \ud83d\ude02", "time": 1642212130.0, "sentiment": ""}, {"id": 426952577, "text": "$AAPL guys how do your puts feel??", "time": 1642212039.0, "sentiment": ""}, {"id": 426952338, "text": "$LCID its 430 cars think about when $AAPL wants to target their first car. \n \n2024 \n \nLucid will have 100k vechiles per year", "time": 1642212011.0, "sentiment": "Bullish"}, {"id": 426951895, "text": "$AAPL", "time": 1642211962.0, "sentiment": "Bearish"}, {"id": 426951422, "text": "@Niedermeyer @SunnyDaze Good talk guys. I enjoyed owning you. At the end of the day we are all Americans and we should get along. Now go F yourselves and that dementia filled old man Joe and his hoeski of a vice president harris. Lube up bc it&#39;s going to be a red wave from here on out. Even dems are switching side. $SPY $QQQ $aapl $msft $AMZN", "time": 1642211906.0, "sentiment": ""}, {"id": 426951143, "text": "$AAPL free profits adding here", "time": 1642211877.0, "sentiment": "Bullish"}, {"id": 426950580, "text": "$VERB no doubt this goes to 20 bucks now. Verb did it all this year but they kept it secret so other companies couldnt copy, &amp; the quietness made it able for shorts to paint their own picture. But in reality\n\nVerb has 100&#39;s of 1000&#39;s of mlm distributors using verb live doing this\n\nhttps://youtu.be/lpvFxCdvSjk\n\nLaunched their beta, for testing ui/ux functionality for the entire year.\n\nhttps://www.shoppopup.tv\n\nBuilt the final product website parallel to the beta using a different development team in private so it wouldnt be copied, demo here:\n\nhttps://youtu.be/c5xKOK6VhZg\n\nStarted sports teams vertical to make videos shoppable w/the Pittsburgh Penguins.\n\nThen signing David Meltzer to produce shoppable programming weeks before $AAPL signs him to their streaming tv.\n\nLets be honest verb couldve turned the beta site into a 500mm site, nope verb said our finished product site is going to whoo u", "time": 1642211811.0, "sentiment": ""}, {"id": 426950351, "text": "$AAPL resilience. . . May due a breakout", "time": 1642211783.0, "sentiment": ""}, {"id": 426949519, "text": "$OXY even with such energy crisis, mkt cap of entire energy sector is lower than $AAPL    Once upon a time $xom used to the king. I believe tech is preventing the recession which is past due", "time": 1642211680.0, "sentiment": ""}, {"id": 426949127, "text": "$VIAC how hasn\u2019t $AAPL or $NFLX bought this out ?", "time": 1642211632.0, "sentiment": "Bullish"}, {"id": 426948615, "text": "$AAPL $AAPL\n\nApple&#39;s Virtual/Augmented Regality Headset Launch At Risk Of Being Delayed Until 2023, Cites Concern With Headset Overheating, Issues with Camera, Software", "time": 1642211571.0, "sentiment": ""}, {"id": 426948549, "text": "$VIAC anything under $45 is insane. Paying less than 10p/e. $aapl $nflx would easily get regulatory approval.", "time": 1642211562.0, "sentiment": ""}, {"id": 426947884, "text": "$AAPL damn ugly daily long entry... broken minor weekly trend... extended pretty from its major weekly trend... Dangling in swing short trap territory... where am i supposed to buy in at? holy cow this the place to hide? Jeez... i&#39;m trying really trying to see the upside here...", "time": 1642211488.0, "sentiment": ""}, {"id": 426946784, "text": "$AAPL    \ud83c\udf4f Here\u2019s where the Indices are sitting.  Let\u2019s see how Mkt Algo \u201cResets\u201d, at the top of the Hour\u2026in 10 mins.", "time": 1642211367.0, "sentiment": ""}, {"id": 426946420, "text": "$SPCE 134k watchers is a lot, #1 space company, look at the ticker!!! This one could easily be like $AAPL or $TSLA leader in industry (in this case space travel) and hit $500 within the next 5-10 years making 50x gains and gaining up to 750k watchers by then!", "time": 1642211326.0, "sentiment": "Bullish"}]