[{"id": 427018139, "text": "$AAPL Apple Option Alert: Fri $175 Puts at the Bid: 100 vs 16896 OI; Earnings 1/27 After Close\ud83d\udc3b |\ud83e\udd47 Check out \u27a1\ufe0f SweepCast.com  #stockmarket", "time": 1642220542.0, "sentiment": ""}, {"id": 427017471, "text": "@Mferg we don\u2019t target homeruns - we target consistency and accumulating gains with low risk/stress - once and a while our plays run harder than planned and we get our honeruns\nYou ready for your free month trial to see first hand?\nWe primarily play tickers like $TSLA $AAPL and $DIS", "time": 1642220413.0, "sentiment": ""}, {"id": 427017186, "text": "$AAPL NEW ARTICLE : Buckle Up: December Retail Sales Miss Is Worse Than It Appears https://www.stck.pro/news/AAPL/21327013", "time": 1642220358.0, "sentiment": ""}, {"id": 427015928, "text": "$AAPL \n\nCrowned The Maker of The Apple Car\nCould Lucid Possible Land the Apple automotive Contract\n\nWill Apple and Lucid Team up to create an Apple Car?\nLucid Motors and Apple have been long rumored to partner up in the future.If this is indeed the case then we could see an enormous increase in Lucids stock price.A partnership with LC,as one of the leaders in the Electric Vehicle race.\n\nApple has just announced that they will be choosing who will make the Apple car in late 2022.This news caused a rumble in the Electric Vehicle space as many companies will be trying to win this once in a lifetime opportunity to create an Apple car.Apple had the opportunity to buy Tesla for around $60B.When Elon Musk,before Tesla almost had to declare bankruptcy.\nWhy Lucid?\nLucid Motors has prided themselves with having the best battery technology in the Electric Vehicle industry.Peter Rawlinson has also been foreshadowing a future Lucid x Apple Partnership.\n\nhttps://www.torquenews.com/16714/will-apple-and-lucid-team-create-apple-car", "time": 1642220117.0, "sentiment": "Bullish"}, {"id": 427015628, "text": "$AAPL Simulated 175.0C for Saturday&#39;s open on StockOrbit. \n https://apps.apple.com/us/app/stockorbit/id1541560646", "time": 1642220054.0, "sentiment": ""}, {"id": 427013744, "text": "@Darkpool4u $AAPL\ud83d\udc40", "time": 1642219659.0, "sentiment": "Bullish"}, {"id": 427013024, "text": "$SPY $AAPL rally next week with $SPY before earnings", "time": 1642219509.0, "sentiment": ""}, {"id": 427012325, "text": "$AAPL stair stepping lower...low 160s next week...", "time": 1642219362.0, "sentiment": "Bearish"}, {"id": 427012135, "text": "$AAPL strong recovery next week as apple leads the world", "time": 1642219328.0, "sentiment": "Bullish"}, {"id": 427011451, "text": "$AAPL 185C Exp:17-Jun-22 \u2191  \ud83d\ude80 Total(Day): $48,320 \n#UnusualActivity \n \n \nSign-up free for beta ver.:https://app.jarvisalerts.com \ncharts: courtesy of finviz", "time": 1642219208.0, "sentiment": ""}, {"id": 427011057, "text": "$AAPL BOOM!!", "time": 1642219134.0, "sentiment": "Bullish"}, {"id": 427010401, "text": "$AAPL They produce the IPhones we all have and get upgraded every year or so.  Technology drives everything so the whole sector is down. The earning comes out the 27th.  Nice to loaded before.  A lot of times the actual earning is factored in before the report is released.  The estimates are leaked well before.  My advice is BUY BUY BUY", "time": 1642218995.0, "sentiment": ""}, {"id": 427008171, "text": "$AMD $NFLX $LXRX $TSLA $AAPL PRINTING GREEN AND GREENER!!!  \n \nLEXY - MULTI BILLION DOLLARS CLUB IN THE MAKING...   UNLIMITED POTENTIAL... \n \nSOME SEE OPPORTUNITY WHILE OTHERS..... OH WELL!!!", "time": 1642218542.0, "sentiment": "Bullish"}, {"id": 427006587, "text": "$AAPL who see the bull flag on aapL and the qqq", "time": 1642218264.0, "sentiment": ""}, {"id": 427005758, "text": "Unusual Option Alert on $AAPL $1,233,973 put sweep traded with $172.5 strike expiring on 2022-01-28. Via: https://www.stockgrid.io/optionsflowcumulativestats/AAPL", "time": 1642218146.0, "sentiment": ""}, {"id": 427004822, "text": "$SPY $MSFT $AAPL $TSLA account hit new highs again for the year today... thanks to my players.  Gotta a grass fed t-bone, some bourbon... and a nice stogie to celebrate. \n \ngood luck to you all.", "time": 1642217979.0, "sentiment": ""}, {"id": 427004326, "text": "$AAPL NEW ARTICLE : Apple Might Delay VR/AR Headset Until 2023 https://www.stck.pro/news/AAPL/21325357", "time": 1642217895.0, "sentiment": ""}, {"id": 427004179, "text": "$AAPL $SPY  I will answer your question. You are fooling yourself.", "time": 1642217873.0, "sentiment": ""}, {"id": 427003992, "text": "$AAPL see y\u2019all at $150 next week... \n\nBears this weekend \ud83d\udc47\ud83c\udffb", "time": 1642217847.0, "sentiment": "Bearish"}, {"id": 427003967, "text": "Friday Option Volumes\n\n$TSLA 1.808m (51% call/49% put)\n$AAPL 1.281m (54% call/46% put)\n$NVDA 787k (53% call/47% put)\n$F 748k (70% call/30% put)\n\nLynk in bayo for option trading ideas", "time": 1642217841.0, "sentiment": ""}, {"id": 427003483, "text": "5-Day Equity Sentiment Recap: $AAPL is the #1 stock that institutions are trading over rolling 5 day window with 413.9K options contracts.\n\nMarket analysis included in screenshot of dashboard from http://insiderfinance.io.", "time": 1642217763.0, "sentiment": ""}, {"id": 427003347, "text": "$AAPL btd always. Apple is A++++ quality", "time": 1642217740.0, "sentiment": ""}, {"id": 427003266, "text": "$MSFT I think the tech correction is over. Today money from bank stocks went to tech. It is the first time in the year that tech has a better performance than banks. I have a theory that this is what happened today. Throughout the year the banking sector has risen dramatically due to turnover. But now the wheel will turn to the opposite side.\n\nToday The money went from Banks to Tech. Ladies an gentlemen, today pre market was the bottom for $FB $SPY $NASDAQ $AAPL", "time": 1642217722.0, "sentiment": "Bullish"}, {"id": 427002963, "text": "$AAPL/$SPY: rising?", "time": 1642217676.0, "sentiment": ""}, {"id": 427002634, "text": "$AAPL Buy signal alert\nhttps://www.youtube.com/watch?v=Pk2j9tX1bz4", "time": 1642217625.0, "sentiment": "Bullish"}, {"id": 427002357, "text": "$AMD closed above MA looking good so far \n$AAPL still giving us fight on the downside", "time": 1642217591.0, "sentiment": ""}, {"id": 427001182, "text": "$SPY $QQQ $VIX $AAPL $TSLA  \n \nshoutout to all the bears this week. \n \nYou clueless degenerates always make trading full time possible.", "time": 1642217421.0, "sentiment": "Bullish"}, {"id": 426998550, "text": "Most Traded Contracts \n\n$AAPL 14 January $172.50 Call\n$TSLA 14 January $1050 Call\n$F 14 January $25 Call\n$AAPL January $172.50 Call\n$TSLA 14 January $1040 Call\n$AAPL 14 January $170 Put\n$AAPL January $180 Call\n$AAPL January $175 Call\n$BBIG January $4 Call\n\nLynk in bayo for option trading ideas \ud83d\udca1", "time": 1642217015.0, "sentiment": ""}, {"id": 426998491, "text": "01/13 #DayTrade Ideas Recap: \n \n$AAPL \ud83d\udcc9 .45 \u2014&gt; 1.50 | +233% \n$SNAP \ud83d\udcc9 .31 \u2014&gt; 1.80 | +481% \n$SPY \ud83d\udcc8 | Failed \n$SPY \ud83d\udcc9 1.00 \u2014&gt; 4.18 | +318% \n \nhttps://youtube.com/watch?v=BsfIKPvZJjo \n \nJoin the COmmunity at https://chartingoptions.com/", "time": 1642217007.0, "sentiment": ""}, {"id": 426998304, "text": "$AAPL  \ud83c\udf4f In the \u201cfinal second\u201d of the Close, 7.7 Million AAPL Shares traded to the \u201cBuy Side\u201d.", "time": 1642216982.0, "sentiment": "Bullish"}]