[{"id": 427049600, "text": "$SPY \n \n #QQQ the nasdaq. mentioned the retest and rejection of white line 26 day average line for a cloud bottom test . now rejecting cloud bottom resistance! caution for the unload down the #TeePee Channel..   bearish below the cloud in ichimoku terms.. $AAPL", "time": 1642229215.0, "sentiment": ""}, {"id": 427048495, "text": "$AAPL 180 or 160 next week?", "time": 1642228851.0, "sentiment": ""}, {"id": 427047939, "text": "$BTC.X Give me liberty or give me death. $AAPL", "time": 1642228680.0, "sentiment": "Bullish"}, {"id": 427046227, "text": "Epic Sidesteps Apple To Reenter iOS Devices Through Nvidia&#39;s Cloud Gaming Service; Analysts Say Move Isn&#39;t &#39;Viable Business Alternative&#39;\n\n$NVDA $AAPL  \n\nhttps://www.benzinga.com/analyst-ratings/analyst-color/22/01/25059750/epic-sidesteps-apple-to-reenter-ios-devices-through-nvidias-cloud-gaming-service-an", "time": 1642228142.0, "sentiment": ""}, {"id": 427043991, "text": "$AAPL  \nI like long puts against 174 \nwill grab some likely if it does not open down Monday", "time": 1642227433.0, "sentiment": ""}, {"id": 427043378, "text": "@CAMDENBEER add $AAPL to that list they banned Parlor .. throw your iPhones and Android phones away .. also $MSFT and Bill Gates are trying to microchip you throw your desktop PCs away too and keep living in the stone ages retards", "time": 1642227248.0, "sentiment": "Bearish"}, {"id": 427042949, "text": "$AABB $AAPL $TSLA $GOOG $MSFT AABBG.X (mine to token)", "time": 1642227117.0, "sentiment": "Bullish"}, {"id": 427042844, "text": "$AAPL $HOMERUN.X  \nhttps://homeruntoken.com/", "time": 1642227086.0, "sentiment": "Bullish"}, {"id": 427042783, "text": "$AAPL NEW ARTICLE : Buy, trim or hold Apple? https://www.stck.pro/news/AAPL/21333864", "time": 1642227067.0, "sentiment": ""}, {"id": 427041620, "text": "$SLDP -&gt; $F -&gt; $RIVN \n$SLDP -&gt; SK Innovation -&gt; $AAPL Car\n\nFollow the partnerships", "time": 1642226740.0, "sentiment": ""}, {"id": 427041483, "text": "$AAPL AAPL 2022-01-14 Technical Analysis Video: \nhttps://www.youtube.com/watch?v=E4WWp762j1o", "time": 1642226705.0, "sentiment": ""}, {"id": 427041183, "text": "$AAPL $TSLA if your buying all these hype aglo pumps everyday you will be in for a rude awakening when you continue to average down for next few months until you cant anymore and you sell for a loss", "time": 1642226622.0, "sentiment": "Bearish"}, {"id": 427039398, "text": "Sweep Options Activity: $AAPL is the #2 ticker with sweep activity where institutions are trading options urgently with 44.5K sweep contracts, a leading indicator of market movement.\n\nMarket analysis and options contracts included in screenshot of dashboard from http://insiderfinance.io.", "time": 1642226107.0, "sentiment": ""}, {"id": 427037090, "text": "$AAPL $BA $DIS New Episode ALERT!\nY\u2019all should gain well from the pro tip and e-mails segments! Make sure you subscribe so you get all of our info as we release them.\nIf unfamiliar with what we do, just see our feed! We have been doing this since 2015\n\ud83d\udcaa\ud83d\ude07\ud83d\udcc8 https://youtu.be/evpX_NgENwQ", "time": 1642225473.0, "sentiment": ""}, {"id": 427034811, "text": "$SPY $DJIA $QQQ $AAPL $TSLA  \n \nMan, if the FEDs continue to support this bull market with unlimited liquidity newbie traders are never gonna get the chance to employ one of the best amateur strategies out there. The &quot;buy high, sell low&quot; strategy. \n \nInstead of &quot;buy high, sell low&quot; most newbies these days employ a more sophisticated strategy of &quot;buy high, add lower, sell higher&quot;. \n \nIn some ways I feel sorry for newbies who never got to experience a true, two-sided, risk-adjusted financial market. They truly miss out on some of the best lessons free market capitalism has to offer!", "time": 1642224856.0, "sentiment": ""}, {"id": 427033506, "text": "$AAPL picked up 177.5 calls but some puts to hedge just incase \n\n$ROKU 177.5 calls already up 70% \n\nGoing to be a fun Tuesday Let\u2019s get this bread", "time": 1642224487.0, "sentiment": "Bullish"}, {"id": 427032557, "text": "$RBLX Short squeeze+ RBLX Montly Report= $120 PT Next week. Book it. $NFLX $TLSA $AAPL $FB", "time": 1642224214.0, "sentiment": "Bullish"}, {"id": 427029821, "text": "$TSLA $SPY $QQQ $AAPL\n\nhow it feels holding poots, hang in there bear brothers, one day they\u2019ll print bigly for us.\n\n\ud83d\udc3b have \ud83d\udc8e \ud83d\ude4c", "time": 1642223429.0, "sentiment": "Bearish"}, {"id": 427028056, "text": "$AAPL Simulated 175.0C for Tuesday&#39;s open on StockOrbit. \n https://apps.apple.com/us/app/stockorbit/id1541560646", "time": 1642222959.0, "sentiment": ""}, {"id": 427027529, "text": "$SPY ps...  pretty much everything I said in this video (and the one linked below it) is still relevant.. \n\nAgain...  above 474 (SPY) and bulls celebrate: below that and things get bloody red... \n\n$TSLA $NVDA $AAPL etc will all be affected.  \n\nMaybe sit on the sidelines and play stuff like $SBEV until the dust settled (&lt;&lt;&lt;I also called this move btw \ud83e\udd37\u200d\u2642\ufe0f) \n\nI can&#39;t hammer home this point more clearly.  \n\nABOVE 474 on SPY is bullish...BELOW 474 IS VERY, VERY BAD FOR THE MARKETS IN GENERAL. \n\nDon&#39;t shoot the messenger \ud83d\udc40\n\nhttps://youtu.be/vYumq5Wu4YA", "time": 1642222829.0, "sentiment": ""}, {"id": 427027004, "text": "$LCID \ud83d\udc47\ud83c\udffd\ud83d\udd25\ud83d\ude80 Louisiana State Employees Retirement System Buys Lucid Group Inc, $LCID @LucidMotors top holding for Louisiana state employees system are $AAPL $TSLA $MSFT Amazon, Facebook and others", "time": 1642222695.0, "sentiment": "Bullish"}, {"id": 427026471, "text": "The industry average ROA is 5.50%. $AAPL outperforms 97% of its industry peers. https://www.chartmill.com/stock/analyzer/stock/AAPL?view=fundamental-analysis&amp;key=bb853040-a4ac-41c6-b549-d218d2f21b32&amp;utm_source=stocktwits&amp;utm_medium=FA&amp;utm_content=AAPL&amp;utm_campaign=social_tracking", "time": 1642222560.0, "sentiment": ""}, {"id": 427025775, "text": "$SPY that close wasn&#39;t bullish...  I hate to say it, but the mostly likely scenario is a gap down over the weekend.  \n\nIf we continue up, there are multiple reasons to think the &quot;bounce&quot; will be short-lived. \n\nAbove 474 (on SPY) and I&#39;m a &quot;bull&quot; again.  Anything below this area and I&#39;m still leaning toward red days ahead.  \n\nDon&#39;t shoot the messenger \ud83e\udd37\u200d\u2642\ufe0f\n\n$aapl $tsla $BTC.X and pretty much the entire S&amp;P is in trouble.  Go look at the $HD chart if you wanna&#39; see trajectory.  \n\nAgain...  the pivot (on SPY) is in that 474 area.  Above it&#39;s a long, below it&#39;s a bloody short \ud83e\udd22", "time": 1642222384.0, "sentiment": ""}, {"id": 427024336, "text": "$AAPL Straying from my usual MO but past experience tells me there\u2019s gonna be a bounce next week \ud83e\udd98\ud83d\udcb0\ud83e\udd37\ud83c\udffb\u200d\u2640\ufe0f", "time": 1642222016.0, "sentiment": "Bullish"}, {"id": 427023693, "text": "$AAPL", "time": 1642221856.0, "sentiment": ""}, {"id": 427023462, "text": "$AAPL manage to score 8K from the top shorting aapl... got out at the close bottom.... gave alerts too", "time": 1642221803.0, "sentiment": "Bullish"}, {"id": 427022827, "text": "$SPY $DJIA $QQQ $AAPL $TSLA  \n \nNow that JPOW pump asset prices with trillions of dollars and inflation is at 7% Millennials can finally afford to buy a home! \n \nJPOW use inflation to help Millennial on path to home ownership!", "time": 1642221650.0, "sentiment": ""}, {"id": 427020157, "text": "$AAPL AAPL 2022-01-14 Largest Trades Data: \nhttps://www.youtube.com/watch?v=lNi11p1RDNg", "time": 1642221007.0, "sentiment": ""}, {"id": 427019616, "text": "Well Done bacraziak on the $AAPL and $DIS plays!\nKeep Stacking!!!", "time": 1642220879.0, "sentiment": "Bullish"}, {"id": 427019196, "text": "$AAPL there has been a fair amount of forewarning by the company itself - will be interesting to see earnings especially after some generous price expansion - can bulls push higher to the 261.8%? - held by the hair of its chin today - daily &gt;177 and entire market can levitate", "time": 1642220784.0, "sentiment": ""}]