[{"id": 427211216, "text": "$AAPL you are stupid. Apple is trash. Get a life", "time": 1642331140.0, "sentiment": ""}, {"id": 427210551, "text": "$AAPL\nWorld is all about those who have\nThose who don\u2019t \nCrazy, if you have the dopest  phone\nNo one has anything on you\nReally is an equalizer \nApple still trash\nCan\u2019t get my photos organized", "time": 1642330617.0, "sentiment": ""}, {"id": 427207742, "text": "$AAPL ecosystem is the best. Apple made it that way. All devices sink up to one another flawlessly. Got to give them credit for creating this great eco product", "time": 1642328466.0, "sentiment": "Bullish"}, {"id": 427204590, "text": "$AAPL Analyzing the past five years&#39; historical data. There were 30 data points (Tuesday after a long weekend) The average low on this Tuesday is -1.1% of the previous close and the average high is +0.6% of the previous close. \n \nTherefore, empirical data predicts Tuesday&#39;s range will be $\ud835\udfcf\ud835\udfd5\ud835\udfcf.\ud835\udfcf\ud835\udfd5 \ud835\udc25\ud835\udc28\ud835\udc30 and $\ud835\udfcf\ud835\udfd5\ud835\udfd2.\ud835\udfcf\ud835\udfcf \ud835\udc21\ud835\udc22\ud835\udc20\ud835\udc21.", "time": 1642326493.0, "sentiment": ""}, {"id": 427203062, "text": "$TQQQ $QQQ $AAPL $TSLA\n\nWhat happens if future close 1% up on Monday and by Tuesday morning another 0.5% up from Monday close \nThen Nasdaq would open about 1.5% up on Tuesday?\n\nJust wondering", "time": 1642325567.0, "sentiment": "Bullish"}, {"id": 427199487, "text": "$AAPL Simulated 175.0C for Tuesday&#39;s open on StockOrbit. \n https://apps.apple.com/us/app/stockorbit/id1541560646", "time": 1642323655.0, "sentiment": ""}, {"id": 427197946, "text": "Apple \ud83c\udf4e \ud83c\udf4f  stock analysis based on closing price.  Full analysis is available on youtube \n\nhttps://youtu.be/FCMNF65t3yA\n\nHere is snapshot of $AAPL chart", "time": 1642322806.0, "sentiment": ""}, {"id": 427197076, "text": "$AAPL: The long term trend is positive and the short term trend is neutral. So the benefit of the doubt for now. https://www.chartmill.com/stock/analyzer/stock/AAPL?key=bb853040-a4ac-41c6-b549-d218d2f21b32&amp;utm_source=stocktwits&amp;utm_medium=TA&amp;utm_content=AAPL&amp;utm_campaign=social_tracking", "time": 1642322280.0, "sentiment": ""}, {"id": 427196903, "text": "BBQ barbecue in the middle of a snow storm, unstoppable fellow like my portfolio :) \n \n \n$AAPL $TSLA $SPY $AMD $AMZN", "time": 1642322175.0, "sentiment": "Bullish"}, {"id": 427194568, "text": "$AAPL stock analysis \n\nhttps://youtu.be/FCMNF65t3yA", "time": 1642320856.0, "sentiment": ""}, {"id": 427189665, "text": "$AAPL Apple Watch, it saves lives. Apple, saves lives. Your wrist can save your life if you wear Apple Watch.  Not wearing it is suicide. Buy Apple Watch. Buy Apple stock. Buy. BUY.  Also name this movie.", "time": 1642318102.0, "sentiment": "Bullish"}, {"id": 427189613, "text": "$AAPL the emergency watch commercials are so good\u2026 instant emotional reaction", "time": 1642318075.0, "sentiment": ""}, {"id": 427187383, "text": "$VERB This could be huge. \nDavid Meltzer &amp; Rory have been hinting about shoppable programing on the 2 minute Drill show where Meltzer is the host &amp; Rory is a judge. Now the background &amp; a few events.\n\nDavid Meltzer is best buddies with Rory, Verb&#39;s CEO. They&#39;re on a streaming show together that the 1st 2 seasons were on $AMZN , &amp; bloomberg tv &amp; the 3rd season will air on amzn, bloomberg tv &amp;  Verbtv. However the show will only be shoppable thru verbtv. On top of that David Meltzer signs a contract w/Apple to work with their Apple tv. One big piece of that puzzle is Verbs&#39;s board member is Apple&#39;s long time General Counsel Nancy Heinen hired by Steve Jobs &amp; very good friends with Tim Cook.\n\nThen Meltzer tweets this something Big is Coming.\nThat could mean anything but omg imagine a program soon using verbtech for streaming shoppabilty. When does Meltzer start with $AAPL", "time": 1642316697.0, "sentiment": ""}, {"id": 427187348, "text": "$AAPL oh yea Friday after market closed... delays", "time": 1642316676.0, "sentiment": "Bearish"}, {"id": 427186908, "text": "$AAPL Simulated 175.0C for Tuesday&#39;s open on StockOrbit. \n https://apps.apple.com/us/app/stockorbit/id1541560646", "time": 1642316458.0, "sentiment": ""}, {"id": 427186612, "text": "$AAPL u r the \ud83c\udf4f of my \ud83d\udc41", "time": 1642316296.0, "sentiment": "Bullish"}, {"id": 427185111, "text": "$AAPL - $MOT is back. $TSLA  could buy this company and reinvent the Star Trek phone.", "time": 1642315324.0, "sentiment": "Bearish"}, {"id": 427184799, "text": "Friday Option Volumes\n\n$TSLA 1.808m (51% call/49% put)\n$AAPL 1.281m (54% call/46% put)\n$NVDA 787k (53% call/47% put)\n\nLynk in bayo for option trading ideas", "time": 1642315124.0, "sentiment": ""}, {"id": 427183475, "text": "$LCID Wait till Lucid says The $AAPL rumor was BS... Stock drops 5-10% in one day then more when PIF unloads due to bad publicity. Good luck", "time": 1642314312.0, "sentiment": ""}, {"id": 427183453, "text": "$AAPL Loop Capital hikes Apple target $45 to $210", "time": 1642314295.0, "sentiment": ""}, {"id": 427181323, "text": "$AAPL AAPL 2022-01-14 Technical Analysis Video: \nhttps://www.youtube.com/watch?v=E4WWp762j1o", "time": 1642313105.0, "sentiment": ""}, {"id": 427180673, "text": "$BTC.X $TSLA $ETH.X $AAPL is that diversified enough?", "time": 1642312766.0, "sentiment": ""}, {"id": 427180523, "text": "$AAPL: In looking purely at the historic price action, at the current price of $17304 (as of 1/14/22 3:56 PM), this stock is at FAIR EXPECTED VALUE &amp; therefore, PERFECTLY PRICED \n \nThis stock is trending upwards based on its moving average and is performing perfectly in line with market performance levels but not outperforming it \n \nI&#39;m rating this stock a 7/10 based on its current situation\ud83d\ude0a  \n \nThe Positive Sentiment Price level is between $14638-$17566  \n \nFor me, a short/long term Sell target for active traders from the current price would be between $19034-$20493  \n \nOne year ago from today, $AAPL was trading at $12891 so at the current price, $AAPL is up 3423%! \n \n \ud83d\udcb0Want to know if a stock is undervalued before you buy in real-time, tag me with a stock symbol &amp; I&#39;d be happy to analyze it! :) Plz also follow :) https://wwwyoutubecom/watch?v=yd84VDW2v_4", "time": 1642312697.0, "sentiment": "Bullish"}, {"id": 427180129, "text": "$AAPL enters bullish trend https://srnk.us/go/3328335", "time": 1642312498.0, "sentiment": "Bullish"}, {"id": 427177436, "text": "$MSFT January option expiry is next Friday. Be prepared to buy puts on Monday for the week. \n\n$AAPL $TSLA $FB $QQQ", "time": 1642311089.0, "sentiment": ""}, {"id": 427177037, "text": "$AABB $AMD $TSLA $MSFT $AAPL Watchlist AABB 2022", "time": 1642310898.0, "sentiment": "Bullish"}, {"id": 427176271, "text": "$AAPL I don\u2019t think apple should make cars. If they do it\u2019s going to be 10 years out", "time": 1642310481.0, "sentiment": ""}, {"id": 427175512, "text": "Equity Sentiment Weekly Recap: $AAPL is the #1 stock that institutions traded this week with 462.4K options contracts.\n\nMarket analysis included in screenshot of dashboard from http://insiderfinance.io.", "time": 1642310079.0, "sentiment": ""}, {"id": 427175455, "text": "$LCID seen the $AAPL pump before. Made decent money. I\u2019ll get calls after the 19th", "time": 1642310049.0, "sentiment": ""}, {"id": 427174815, "text": "https://rumble.com/vsky8v-live-president-donald-j.-trump-in-florence-arizona.html TRUMP LIVE ON $CFVI RUMBLE TONIGHT \ud83d\udd25\ud83d\udd25 $DWAC $TWTR $GOOGL $AAPL", "time": 1642309744.0, "sentiment": "Bullish"}]