[{"id": 427145938, "text": "$SPY Sub 400 heading into March $AAPL", "time": 1642294680.0, "sentiment": ""}, {"id": 427145845, "text": "$AAPL NEW ARTICLE : Apple to require employee proof of COVID-19 booster -The Verge https://www.stck.pro/news/AAPL/21371341", "time": 1642294633.0, "sentiment": ""}, {"id": 427145790, "text": "$SPY So funny to hear &quot;Content Creators&quot; working &quot;full time&quot; lol no. Go out and actually be productive for our country $AAPL", "time": 1642294604.0, "sentiment": ""}, {"id": 427144439, "text": "@Islanders71 $AAPL traded on the pink sheets for over 10 years", "time": 1642293920.0, "sentiment": ""}, {"id": 427144231, "text": "$AABB $TSLA was 4$ during the infancy stage $AAPL $NFLX $AMZN were all below 10$ during the infancy stage. Back in the day a man with a vision Steve Jobs started up $AAPL in a 1 car garage with a vision. Elon Musk Jeff Bezos had vision and look at them now. AABBG.X is the First To Market Global Gold currency system!", "time": 1642293817.0, "sentiment": "Bullish"}, {"id": 427143736, "text": "$GME buying all the shares of GME I can get $AAPL $NFLX", "time": 1642293544.0, "sentiment": "Bullish"}, {"id": 427143102, "text": "$IMMR is an acquisition or merger possible ?  \n$NVDA $MSFT $AAPL $FB", "time": 1642293222.0, "sentiment": "Bullish"}, {"id": 427142185, "text": "Sweep Options Activity Weekly Recap: $AAPL is the #1 ticker with sweep activity that institutions traded urgently this week options with 343.8K sweep contracts, a leading indicator of market movement.\n\nMarket analysis and options contracts included in screenshot of dashboard from http://insiderfinance.io.", "time": 1642292787.0, "sentiment": ""}, {"id": 427142073, "text": "$AAPL bulls bout to get blindsided", "time": 1642292744.0, "sentiment": "Bearish"}, {"id": 427141612, "text": "Just go to $COST and see what people are buying for phones.\nSamsung comes out ahead from I saw.\nLike a leaky faucet, $AAPL is losing.", "time": 1642292520.0, "sentiment": ""}, {"id": 427141245, "text": "$DISCK $DISCA In five years, $AAPL TV+ will likely be the biggest competitor of Warner Media Discovery, followed by $VIAC, Netflix, and Amazon Prime Video.  \n   \nThat\u2019s my call on how the top five will shake out, in that order, by 2027.  \n  \nThe demographic shift is going to have an impact; retirement aged folks are not into Netflix and are finally cutting their cable/dish and turning to streaming.    \n \nIn the end, good content will win.  People with money will pay for good content. I think Apple thoroughly understands the value of quality; that plus their ecosystem is going to be powerful, although their current  app needs work. \n \nNetflix, on the other hand, has taken a quantity approach. A sea of cheap trash. Warner-Discovery and Viacom have quality. Amazon is somewhere in betwern but doesn seem to be prioritizing video.   \n \nNetflix will eventually become the AOL of streaming.", "time": 1642292354.0, "sentiment": ""}, {"id": 427138649, "text": "$AMZN $MSFT $AAPL  \nSome of my other favorite small cap names to round out my favorite large cap names. Worth a look for those looking for very beat up values plays with large growth, huge potential and amazing balance sheets. \n \nVIOT \nMakes loT smart appliances.  Price - $2.10 ($150 mill MC).  $2.88 per share in cash ($211 million).  $3.68 Book Value.  $900 million in trailing revenues. 0.39 per share earnings.  P/E = 5.  $30 mill FCF.  $10 million buyback.      \n \nYI \nB2B distributor to 370,000 pharmacies.  Price - $3.10 ($277 mill MC). $1.90 in cash ($168 million). $2 billion in revenues (41% growth). $10 million buyback.     \n \nZEPP \nMakes smart health technology.  Price \u2013 5.10 ($312 million MC). $7.07 per share in cash ($433 million). $1 billion in revenue. 0.54 per share earnings.  P/E = 9. $60 mill FCF.", "time": 1642291115.0, "sentiment": ""}, {"id": 427137950, "text": "Does this make you nervous? $AAPL in Uptrend: Stochastic indicator peaks and leaves oversold zone. View odds for this and other indicators: https://srnk.us/go/3327407", "time": 1642290787.0, "sentiment": ""}, {"id": 427136822, "text": "$TSLA $SPY $QQQ $AAPL \n\nThis is some of the most bearish new I\u2019ve ever seen. Anytime GS comes around be cautious. \n\nhttps://www.marketwatch.com/story/worried-about-a-bubble-why-you-should-overweight-u-s-equities-this-year-according-to-goldman-sachs-11642117373", "time": 1642290244.0, "sentiment": "Bearish"}, {"id": 427136457, "text": "$AAPL Simulated 175.0C for Tuesday&#39;s open on StockOrbit. \n https://apps.apple.com/us/app/stockorbit/id1541560646", "time": 1642290071.0, "sentiment": ""}, {"id": 427135964, "text": "$AAPL \ud83d\udc41\u2764\ufe0f\ud83c\udf4f\ud83d\udc41\u2764\ufe0f", "time": 1642289833.0, "sentiment": "Bullish"}, {"id": 427135497, "text": "$AAPL wasn\u2019t able to get a new desktop last year because of reduced hours, but this year i reallllly want to get a new iMac Pro plus maybe a new headset to go along with it, please make the updates good \ud83d\ude4f\ud83c\udffd", "time": 1642289615.0, "sentiment": "Bullish"}, {"id": 427134582, "text": "1 of 11 $AAPL $AMGN $AXP Daily and 30 min charts of the DJIA Components with the SSI indicator, a proprietary indicator based exclusively on the eSignal platform, are posted here weekends \u2026 see 2/11", "time": 1642289206.0, "sentiment": ""}, {"id": 427133897, "text": "$AMD $SPY $QQQ $AAPL here is what kills me. The answer to inflation is obvious. Just let businesses produce crap. Stop saying and doing crap that makes it harder to produce things.", "time": 1642288874.0, "sentiment": "Bullish"}, {"id": 427133874, "text": "$AAPL $DIS $BA Hope y\u2019all enjoyed the week of gains we posted here on these tickers! If you missed them the see our feed and click follow if you want the hook up!\nSee you next week with MOAR!\ud83d\udcb0\ud83d\udc4a\ud83c\udffc\ud83e\udd11", "time": 1642288863.0, "sentiment": ""}, {"id": 427133168, "text": "$SPY $QQQ $AAPL $AMD Don&#39;t believe Ultradea on this one and.....\n\ndon&#39;t fight the FED.\n\nFED were selling bonds all session &amp; even AH strength Friday and bond markets too, this will be a continuation pattern .\n2 yr, 89 to 97 and 10 yr 175 to 177 to 179, the biggest jump for latter in last hour of trading--Power Hour \ud83d\udc4d", "time": 1642288550.0, "sentiment": ""}, {"id": 427132358, "text": "$AAPL - Just upgraded old iPhone to the new Samsung.\nMuch better pricing.", "time": 1642288175.0, "sentiment": "Bearish"}, {"id": 427131594, "text": "$AAPL just picked up a pair of AirPods max. They\u2019re pretty amazing.", "time": 1642287811.0, "sentiment": "Bullish"}, {"id": 427131123, "text": "Highly Anticipated Apple AR/VR HeadSet May Not Be Released Until 2023; Technical Issues Are To Blame  $AAPL $FB $SONY \n\nhttps://newsfilter.io/a/6ffaa6107854bb6fc321202829d71f8c", "time": 1642287595.0, "sentiment": ""}, {"id": 427131049, "text": "$BKKT \nThe bear thesis generally seems to be that bakkt haven\u2019t released PR to counter the massive shorting which brought the company from its recent all time high to where it is today. This is some serious nonsense The refuse to acknowledge the value in the partnerships being developed (I presume as we speak) And indicated by the mass hiring program going on - there is a potential MOASS approaching which could easily be triggered by its parent, the owner of the NYSE - So anyone right now holding a short - you may wish these points over this long weekend, and just hope the company don\u2019t decide to annihilate your entire wealth with a PR between now and Tuesday when the market reopens. The $AAPL partnership has been mentioned in previous PR - what makes you think this won\u2019t happen - the staff hiring program indicates it will", "time": 1642287562.0, "sentiment": ""}, {"id": 427131045, "text": "$AAPL here we are at $173\u2026..remember $135 and $150 here we are still", "time": 1642287562.0, "sentiment": "Bullish"}, {"id": 427128028, "text": "@Mrs_BlackINKEconomics $AAPL, $MSFT, $GOOG please", "time": 1642286243.0, "sentiment": ""}, {"id": 427127678, "text": "$AAPL AAPL owes me 20%\uff0c and I want it back next week.", "time": 1642286093.0, "sentiment": ""}, {"id": 427127585, "text": "$AAPL is the safest investment. No brainer. The company is not going no where anytime soon. Still strong for the years to come with no real/quality competitions. You just need to own a Samsung to understand that.", "time": 1642286048.0, "sentiment": "Bullish"}, {"id": 427127167, "text": "$AAPL NEW ARTICLE : Will Lucid Make the Apple Car? https://www.stck.pro/news/AAPL/21365480", "time": 1642285868.0, "sentiment": ""}]