[{"id": 427303075, "text": "$AAPL   Contracting BB&#39;s with the alligator rolling over indicating a fall.", "time": 1642401354.0, "sentiment": "Bearish"}, {"id": 427302643, "text": "$AAPL AAPL 2022-01-16 Technical Analysis Video: \nhttps://www.youtube.com/watch?v=BAnnG_dJL4Q", "time": 1642401125.0, "sentiment": ""}, {"id": 427302091, "text": "$AAPL H&amp;S forming on the daily at the top of the linear regression channel where reversals always &amp; imminently occur. It looks to have a date with destiny at the classic 61.8 Fib retracement level around 158. The McClellan is still falling indicating breadth is declining along with a falling RSI &amp; macd &amp; ADX. You want to sell the ADX at the top &amp; buy at the bottom. Plus it is in an Elliott abc corrective wave &amp; the BB&#39;s are contracting with the alligator rolling over indicating a fall. Those charts to follow.", "time": 1642400820.0, "sentiment": "Bearish"}, {"id": 427299021, "text": "$AAPL staffing issues, store closures &amp; supply chain issues should be fun come earnings... \n\nWho remembers blockbuster video? Round 2", "time": 1642399258.0, "sentiment": "Bearish"}, {"id": 427298321, "text": "$AAPL https://people.com/health/apple-closes-20-retail-stores-across-u-s-due-to-surge-in-covid-cases/", "time": 1642398856.0, "sentiment": "Bearish"}, {"id": 427298214, "text": "$AAPL https://dfw.cbslocal.com/2021/12/28/apple-closing-stores-shoppers-spike-covid/", "time": 1642398795.0, "sentiment": "Bearish"}, {"id": 427297449, "text": "$AAPL \n\nTroll account !! You are blocked !!", "time": 1642398330.0, "sentiment": ""}, {"id": 427295529, "text": "Sweet, nice to see indices-futures UK, EU, JAPAN in the red ... nwezt up China ans USA implode \ud83d\udc3b\u2764\ud83d\ude08\u2714\ud83d\ude01 $tsla $f $aapl $ccl $h and more \ud83e\udd11", "time": 1642397342.0, "sentiment": "Bearish"}, {"id": 427293903, "text": "Equity Sentiment Weekly Recap: $AAPL is the #1 stock that institutions traded this week with 462.4K options contracts.\n\nMarket analysis included in screenshot of dashboard from http://insiderfinance.io.", "time": 1642396511.0, "sentiment": ""}, {"id": 427293041, "text": "here is the right chart $AAPL", "time": 1642396116.0, "sentiment": ""}, {"id": 427292969, "text": "$AAPL looking like it wants to test support again", "time": 1642396076.0, "sentiment": ""}, {"id": 427291986, "text": "$AAPL Markets closed tomorrow", "time": 1642395618.0, "sentiment": ""}, {"id": 427290984, "text": "$AAPL   \ud83c\udf4f Get therapy.  Very disturbed Stream.", "time": 1642395119.0, "sentiment": ""}, {"id": 427289885, "text": "The Piotroski-F score of $AAPL is 7.00. This indicates good health for $AAPL. https://www.chartmill.com/stock/quote/AAPL/fundamental-analysis?key=bb853040-a4ac-41c6-b549-d218d2f21b32&amp;utm_source=stocktwits&amp;utm_medium=FA&amp;utm_content=AAPL&amp;utm_campaign=social_tracking", "time": 1642394580.0, "sentiment": ""}, {"id": 427289194, "text": "$AAPL Apple shop are corrupt and support convid mandates and discrimination", "time": 1642394226.0, "sentiment": "Bearish"}, {"id": 427286251, "text": "$AAPL $TSLA \nThese two been up 20 percent over the past three months!! \nIt\u2019s time for those beautiful profits to flow to small caps like $LCID $SOFI $AFRM", "time": 1642392710.0, "sentiment": "Bullish"}, {"id": 427285726, "text": "Pathetic USA is closed Monday as worlwide indices , stocks and commodities implode stsrting at 6 PM EST Sunday \ud83d\udc3b\u2764\ud83d\ude08\u2714 Enjoy the Armageddon Depression. Thank dog that I am here to help https://www.investing.com/markets/ \ud83e\udd11 $tsla $f $aapl $ccl $h and more", "time": 1642392421.0, "sentiment": "Bearish"}, {"id": 427285385, "text": "$BABA $AAPL $KO $AXP $BAC Warren Buffet: How to become RICH with 5 Simple Rules\nhttps://youtu.be/HcLFP1yMIwE", "time": 1642392242.0, "sentiment": ""}, {"id": 427285198, "text": "Invest with an outcome based approach on $AAPL. Accelerate gains by 4.5x and make up to 18.3% (24.5% annualized) on $AAPL through 10/21/2022.\n\nBuy 2 $170 calls\nSell 2 $180 calls\nSell 1 $180 put\n 10/21/22 expiration\nhttps://o.oliveinvest.com/1qq74r", "time": 1642392134.0, "sentiment": ""}, {"id": 427284830, "text": "Cathie is orgasmic about shortinthe indices and stock markets for profits re must read at https://finance.yahoo.com/news/cathie-wood-rejects-feds-inflation-jawboning-pivots-back-to-deflation-narrative-220631072.html \ud83d\udc3b\u2764\ud83d\ude08\u2714 $tsla $f $aapl $ccl $h and more \ud83e\udd11", "time": 1642391930.0, "sentiment": "Bearish"}, {"id": 427284152, "text": "Not surprisingly at all https://www.bloomberg.com/news/articles/2022-01-16/target-ceo-sees-fewer-store-trips-as-shoppers-confront-inflation ... anything bullish is fair game to short for profits ... so dramatically overpriced indices and stocks are ... enjoy the Armageddon Depression \ud83d\udc3b\u2764\ud83d\ude08\u2714 $tsla $f $aapl $ccl  $h  and more.  Thank dog that I am here to help \ud83e\udd11 . Thank dog that I am here to help \ud83e\udd11", "time": 1642391600.0, "sentiment": "Bearish"}, {"id": 427284007, "text": "$AAPL NEW ARTICLE : Trouble For Technology https://www.stck.pro/news/AAPL/21431991", "time": 1642391526.0, "sentiment": ""}, {"id": 427283890, "text": "Apple $AAPL Stock Up On Bullish Analysts 2022 View: AAPL stock has received bullish\u2026 http://dlvr.it/SHF8YV", "time": 1642391464.0, "sentiment": ""}, {"id": 427282830, "text": "$AAPL Horace Dediu from Asymco:", "time": 1642390880.0, "sentiment": ""}, {"id": 427282772, "text": "$AAPL Car Key feature expanding \n\nhttps://9to5mac.com/2022/01/16/report-apples-carkey-feature-to-expand-beyond-bmw-with-new-automakers-starting-this-summer/", "time": 1642390853.0, "sentiment": "Bullish"}, {"id": 427282057, "text": "$AAPL they need to to hike prices by 25 to 40% across the board on all of their products ..we\u2019ll get to 5T market cap in an instant", "time": 1642390471.0, "sentiment": "Bullish"}, {"id": 427281777, "text": "$AAPL after or a week before earnings load up to see past 200\u20265T market cap coming..", "time": 1642390352.0, "sentiment": "Bullish"}, {"id": 427281556, "text": "Earnings season HAS BEGUN and is going to be much better than expected and priced in by the market (including your favorites,  $TSLA, $AAPL, $MSFT).  $QQQ around 8% down from ATH we are going to see a modest rally this week until EONW when we are going to go absolute parabolic after FOMC kicks the interest rate hike down the road as new data will come out and general narrative changes, saying omicron peaked and supply chain issues/chip shortage are becoming alleviated.  $QQQ 420 / $SPY  500 by EOF.  3-4 week call options on any major dip and ride the indices all the way back up.", "time": 1642390255.0, "sentiment": "Bullish"}, {"id": 427281485, "text": "Apple will now require employees to submit proof of COVID-19 booster shot \n \nUnvaccinated employees will need negative COVID-19 tests before entering the workplace \n \n$AAPL  \n \nhttps://www.theverge.com/2022/1/15/22885181/apple-vaccine-covid-19-booster-shot-employees", "time": 1642390222.0, "sentiment": ""}, {"id": 427281224, "text": "Excellent, welcome to the Armageddon Depression \ud83d\udc3b\u2764\ud83d\ude08\u2714 https://link.investopedia.com/view/597a8c0398cb75926c8b4568fpkse.o2vb/5b3c3344 $tsla $f $aapl $ccl $h and more \ud83e\udd11", "time": 1642390096.0, "sentiment": "Bearish"}]