[{"id": 427281052, "text": "$AAPL 20 F...cking year and they didnt learn a thing.... Apple is always slow starter (i have 5 - 6  or more examples about that)... but when APPLE builds a product it is a light years away from all the existing products in the market. The Day Apple announce Apple Car... its the begging of the end for Tesla. I like Tesla by the way :) Nothing against the company or Elon, but these stupid analysts are so fucking short sided.  \n \nhttps://www.stck.pro/news/AAPL/21430372", "time": 1642390026.0, "sentiment": "Bullish"}, {"id": 427279820, "text": "Apple To Require Proof Of COVID Booster Shot For Store And Corporate Employees $AAPL \n \nAmazon, UPS, And FedEx Packages Ransacked And Stolen From Los Angeles Trains $AMZN $UPS $FDX", "time": 1642389379.0, "sentiment": ""}, {"id": 427278909, "text": "$AAPL NEW ARTICLE : Apple vs. Tesla: Can the world&#39;s most valuable company compete against Elon Musk? https://www.stck.pro/news/AAPL/21430372", "time": 1642388887.0, "sentiment": ""}, {"id": 427277736, "text": "$AAPL Is Apple releasing a upgrade with their iPhones using 5G? \n\nI saw an article on the possibility.", "time": 1642388241.0, "sentiment": ""}, {"id": 427277523, "text": "$AAPL Yeah!!!", "time": 1642388134.0, "sentiment": ""}, {"id": 427276552, "text": "$SPY Don&#39;t try to be a hero into options expiry on Friday kids. Puts on Tuesday... \n \n$MSFT $AAPL $TSLA $QQQ", "time": 1642387550.0, "sentiment": ""}, {"id": 427276515, "text": "#Levermann #Global #MegaCap #Sell WK2 $AAPL (1), $AMZN (-4), $FB (1), $0700.HK (-1), $JPM (2), UNH (2), JNJ (2), HD (2), BAC (0), WMT (-2)", "time": 1642387520.0, "sentiment": "Bearish"}, {"id": 427276143, "text": "$CCIV $AAPL", "time": 1642387307.0, "sentiment": ""}, {"id": 427275780, "text": "$AAPL  \ud83c\udf4f That Post gets you Blocked.  No  tolerance for your games.", "time": 1642387100.0, "sentiment": ""}, {"id": 427275446, "text": "$AAPL Apple employee gonna strike over mandate?", "time": 1642386933.0, "sentiment": "Bearish"}, {"id": 427274800, "text": "$AAPL https://youtu.be/HcLFP1yMIwE what do you think", "time": 1642386564.0, "sentiment": ""}, {"id": 427272548, "text": "$AAPL Simulated 175.0C for Tuesday&#39;s open on StockOrbit. \n https://apps.apple.com/us/app/stockorbit/id1541560646", "time": 1642385397.0, "sentiment": ""}, {"id": 427272219, "text": "$SPY Wow, pump prices in just the last week up 10 cents gases, and that&#39;s the cheap stuff, Arco, Chevron even more, like 15 cents.\n\nYou REALLY trying to tell me inflation is going to peAK anytime soon. \n\n$SPY $AMD $AAPL", "time": 1642385237.0, "sentiment": ""}, {"id": 427271938, "text": "$AAPL AAPL 2022-01-16 Largest Trades Data: \nhttps://www.youtube.com/watch?v=MglgCb8wofM", "time": 1642385106.0, "sentiment": ""}, {"id": 427271650, "text": "$AAPL blocked", "time": 1642384953.0, "sentiment": ""}, {"id": 427271628, "text": "$AAPL Using empirical data for the past 16 quarters. I plotted AAPL&#39;s price movement two weeks before and one week after the earnings day. I found that there is a general linear correlation. The slope is positive when you average the past 16 quarters at a rate of +\ud835\udfec.\ud835\udfec\ud835\udff1% per day leading up to the earnings day and a +\ud835\udfec.\ud835\udff0\ud835\udfec% per day after the earnings day. \n \nUsing this model, it is estimated AAPL will be at $\ud835\udfed\ud835\udff3\ud835\udfef.\ud835\udff5\ud835\udff0 on earnings day.", "time": 1642384939.0, "sentiment": ""}, {"id": 427269695, "text": "$AAPL i hope all their employees quit", "time": 1642383969.0, "sentiment": ""}, {"id": 427269589, "text": "So, what happens iF \ud83c\udde8\ud83c\uddf3 gives @LisaSu the \ud83d\udc4d\ud83c\udffc tomorrow on MLK day when \ud83c\uddfa\ud83c\uddf8 stock mkt. is closed?! \ud83d\udca1\n\n$AMD \u2197\ufe0f\u2795 $XLNX \ud83d\udc8d\n\n$MSFT $AAPL $NVDA", "time": 1642383919.0, "sentiment": ""}, {"id": 427268657, "text": "$AAPL  and $LCID \naesthetics \ud83d\ude0d", "time": 1642383473.0, "sentiment": ""}, {"id": 427267394, "text": "$NIO If China cut rate tonight, all chinese stocks like $BABA $BIDU  will spike at least 20% within a week. It&#39;s very good move to invest Chinese stocks now.  $TSLA $AAPL", "time": 1642382830.0, "sentiment": "Bullish"}, {"id": 427267298, "text": "$SPY $DWAC $AAPL $BRK.B", "time": 1642382794.0, "sentiment": "Bullish"}, {"id": 427266616, "text": "@nytrader60 @TheGrumpyAlbion @xiaozhm Couple things here: \n \n1.) &quot;I don&#39;t like to be bought.&quot; ~Tony Aquila \n \n2.) If an $AAPL buyout has been the $GOEV secret plan all along (Which I HIGHLY DOUBT), warrants would also be bought out at the agreed price, less 11.5 ps. \n \n3.) The buyout price of #Canoo at this stage, road tested and production ready, to include all of its patents and IP (lock stock and barrel), I don&#39;t see Aquila settling for anything less than $500B (Half of Tesla, 1/6th Apple). \n \n4.) Rough math puts that buyout SP around 1700 per share. \n \n5.) Many will call me a loony for talking such ridiculous numbers on a company with a MC under 3B ATM, but I can assure you, the &quot;Media Announced&quot; number would be around there.", "time": 1642382458.0, "sentiment": "Bullish"}, {"id": 427265761, "text": "Apple To Require Proof Of COVID Booster Shot For Store And Corporate Employees  $AAPL $FB $GOOGL \n\nhttps://newsfilter.io/a/cdc809ecf2b7fc7bfda2723fd7e2aed3", "time": 1642382071.0, "sentiment": ""}, {"id": 427265402, "text": "$AAPL \ud83c\udf4f\ud83d\udc4d", "time": 1642381894.0, "sentiment": "Bullish"}, {"id": 427263596, "text": "@Arbitraged But what a dream. $AAPL anx $LCID. This combo would be the dream team.", "time": 1642380995.0, "sentiment": ""}, {"id": 427263065, "text": "@adamister44 @Lebo8675 $AAPL has underperformed compared to its peers like $FB, $MSFT, $AMZN etc the last year and although it looks like not so great value, it is undervalued and still has some serious upside circuit 15% just to catch up.\n\nSo jump on and get that 15% extra.", "time": 1642380733.0, "sentiment": "Bullish"}, {"id": 427262088, "text": "$AAPL Apple&#39;s CarKey Coming To More Auto Brands; Unlock And Start Your Vehicle With iPhone, Apple Watch \n\nhttps://newsfilter.io/a/d3c3a98eac322d62aac908c8f09624b3", "time": 1642380271.0, "sentiment": ""}, {"id": 427260427, "text": "$AAPL Are you STACKING from the Pro Tips, Emails, and latest info released in every episode? If not, then you are missing out! Check it out  https://podcasts.apple.com/us/podcast/whats-next-wall-street/id1574968879", "time": 1642379469.0, "sentiment": ""}, {"id": 427259893, "text": "Sweep Options Activity Weekly Recap: $AAPL is the #1 ticker with sweep activity that institutions traded urgently this week options with 343.8K sweep contracts, a leading indicator of market movement.\n\nMarket analysis and options contracts included in screenshot of dashboard from http://insiderfinance.io.", "time": 1642379221.0, "sentiment": ""}, {"id": 427259542, "text": "$AAPL let\u2019s see 175+ Tuesday", "time": 1642379068.0, "sentiment": "Bullish"}]