[{"id": 427228572, "text": "$NVDA $AAPL Why Nvidia Stock Could Be Worth More Than Apple in a Decade https://www.fool.com/investing/2022/01/14/why-nvidia-stock-could-worth-more-apple-in-decade/", "time": 1642360824.0, "sentiment": "Bullish"}, {"id": 427227932, "text": "$TSLA $AAPL Bitcoin millionaires are moving to Puerto Rico for lower taxes and island living \n\nhttps://newsfilter.io/a/40043171c45aff8a0572057d0cbbd4ca", "time": 1642360109.0, "sentiment": ""}, {"id": 427227761, "text": "$AAPL NEW ARTICLE : Big Investor Tripled Its AMC Stake and Bought Apple, NIO, and Nikola Stock https://www.stck.pro/news/AAPL/21411942", "time": 1642359907.0, "sentiment": ""}, {"id": 427227674, "text": "$AAPL \n\ud83c\udf4f\ud83d\udc4d\ud83c\udffb\nBig Investor Tripled Its AMC Stake and Bought Apple, NIO, and Nikola Stock\nPublished: Jan. 16, 2022 at 7:00 a.m. ET. \n\n\ud83c\udf4fApple\u2019s market capitalization briefly reached $3 trillion earlier this month. The company\u2019s fourth-quarter shipments of Mac computers surged, according to the market-research firm IDC, while AirPods were strong sellers over the holidays.\n\nhttps://www.barrons.com/articles/amc-stock-apple-nio-nikola-51642117302", "time": 1642359807.0, "sentiment": "Bullish"}, {"id": 427227256, "text": "$AAPL \n\ud83c\udf4f\nGood Morning!! \nResume Last Week.", "time": 1642359382.0, "sentiment": "Bullish"}, {"id": 427226318, "text": "$AAPL was analyzed by 49 analysts. The buy consensus is at 84%. So analysts seem to be very confident about $AAPL. https://www.chartmill.com/stock/quote/AAPL/analyst-ratings?utm_source=stocktwits&amp;utm_medium=ANALYST&amp;utm_content=AAPL&amp;utm_campaign=social_tracking", "time": 1642358100.0, "sentiment": ""}, {"id": 427226293, "text": "$AAPL the pullback from the peak can reach $162.10- $152.80 area lower where buyers should be waiting to appear again #Elliottwave #Trading #Apple", "time": 1642358055.0, "sentiment": ""}, {"id": 427226267, "text": "$AAPL 1hr view from 1/14 Pre-Market update presented to members at elliottwave-forecast.com #Elliottwave #Trading #Apple", "time": 1642358009.0, "sentiment": ""}, {"id": 427226053, "text": "$AAPL #Apple cotd video from 12 January looking at the #Elliottwave path https://youtube.com/watch?v=q1xLRP7d8LA  #Trading #Stocks", "time": 1642357648.0, "sentiment": ""}, {"id": 427225764, "text": "$AAPL Chart of The Day 1/12/2022 update. #Apple can see further downside https://elliottwave-forecast.com/stock-market/elliott-wave-view-apple/  #Elliottwave #Trading", "time": 1642357211.0, "sentiment": ""}, {"id": 427225110, "text": "Big Investor Tripled Its AMC Stake and Bought Apple, NIO, and Nikola Stock  $AMC $AAPL $NIO $NKLA $USAK \n\nhttps://newsfilter.io/a/38ed65b9eae42618b293e475ed63b228", "time": 1642356086.0, "sentiment": ""}, {"id": 427225086, "text": "$AAPL Simulated 175.0C for Tuesday&#39;s open on StockOrbit. \n https://apps.apple.com/us/app/stockorbit/id1541560646", "time": 1642356054.0, "sentiment": ""}, {"id": 427224643, "text": "$AAPL Apple&#39;s iPhone 13 tops China&#39;s smartphone sales for six consecutive weeks", "time": 1642355181.0, "sentiment": ""}, {"id": 427221726, "text": "$AAPL $MOT $TSLA tsla is a shit company. Most of their vehicles are recalled. Musk is a snake oil salesman bullshitting you all the way to the bank..", "time": 1642347748.0, "sentiment": ""}, {"id": 427221620, "text": "$AAPL buh buh buh blocked", "time": 1642347462.0, "sentiment": ""}, {"id": 427221457, "text": "$AAPL who cares about China\u2019s GDP. People are buying Apple products at a record pace. $$$$", "time": 1642346951.0, "sentiment": ""}, {"id": 427221423, "text": "$AAPL and you\u2019re blocked \ud83e\udd21\ud83e\udd21!", "time": 1642346866.0, "sentiment": ""}, {"id": 427220735, "text": "$AAPL Simulated 175.0C for Tuesday&#39;s open on StockOrbit. \n https://apps.apple.com/us/app/stockorbit/id1541560646", "time": 1642345256.0, "sentiment": ""}, {"id": 427218556, "text": "Excellent, https://www.reuters.com/article/china-economy-gdp/chinas-q4-gdp-growth-seen-hitting-1-1-2-year-low-raising-heat-on-policymakers-idUSKBN2JQ00Q \ud83d\udc3b\u2764\ud83d\ude08\u2714 $tsla $f $gm $aapl $ge  and more", "time": 1642340419.0, "sentiment": "Bearish"}, {"id": 427217763, "text": "$AAPL Bear flag at its best, people can&#39;t see this. See you at 160", "time": 1642338951.0, "sentiment": "Bearish"}, {"id": 427217736, "text": "$AAPL yo I just remembered Monday is MLK day", "time": 1642338908.0, "sentiment": ""}, {"id": 427216911, "text": "$TSLA $SPY $QQQ $AAPL", "time": 1642337511.0, "sentiment": "Bearish"}, {"id": 427216673, "text": "New ratings for Alcoa Corp( $AA ), Apple( $AAPL ),\u2026 https://www.macroaxis.com/invest/marketRatings?s=AA,AAPL,MCHP,MAT,CTAS,CYDVF,JPM,EW,HAS,AMD,GWW #correlations #stocks #stockratings", "time": 1642337132.0, "sentiment": ""}, {"id": 427215597, "text": "$AAPL \nApple has great cameras \nCan\u2019t manage photos\nA music service\nCan\u2019t manage legacy music\nPlenty of Afros In the ads\nSuper capitalist company\nTrying to come across as a savior \nFuck Apple", "time": 1642335685.0, "sentiment": ""}, {"id": 427215443, "text": "$GBHL &quot;Coming late January is the World Premiere of &quot;Damsel of Death, the True Story of&quot; \n \nWatch on $AMZN Fire, $AAPL tv, $ROKU, and via the GBHL Subsidiary - Muskrat Media LLC. / Crimes &amp; Capers below \n   \nhttps://sw-ke.facebook.com/CrimesnCapers/videos/956043502014706 \n \nhttps://www.crimesncapers.com/crimes---capers \n \nhttps://player.lightcast.com/live/MzN1YDM", "time": 1642335506.0, "sentiment": "Bullish"}, {"id": 427215316, "text": "$AAPL I&#39;m a true supporter. I bought myself a new MacBook Pro. With Apple you can&#39;t go wrong. I bought shares and hope for good performance in 2022.", "time": 1642335342.0, "sentiment": ""}, {"id": 427215279, "text": "$AAPL AAPL 2022-01-16 Largest Trades Data: \nhttps://www.youtube.com/watch?v=MglgCb8wofM", "time": 1642335307.0, "sentiment": ""}, {"id": 427214558, "text": "$AAPL Simulated 175.0C for Tuesday&#39;s open on StockOrbit. \n https://apps.apple.com/us/app/stockorbit/id1541560646", "time": 1642334458.0, "sentiment": ""}, {"id": 427212207, "text": "$ATOM the MST for 5g phones is very interesting. If $AAPL is involved they will demand  exclusivity I could see a large up front payment for it. They don\u2019t like royalties. Any connections between $Atom and $AAPL ?", "time": 1642332005.0, "sentiment": "Bullish"}, {"id": 427212172, "text": "$NKE $AAPL $MMM \nMaking the most of 2022\n\nhttps://youtu.be/K2d6TKYTzPI", "time": 1642331975.0, "sentiment": ""}]