[{"id": 427383262, "text": "$DWAC can\u2019t wait tomorrow  to open a position in dwac- my 3 favorite stocks $LCID $AAPL and $DWAC !! Lets make money!!", "time": 1642460334.0, "sentiment": "Bullish"}, {"id": 427382820, "text": "$AAPL $BA $AMD Print, Post, and STACK!\nSee you all tomorrow with more great trade plans!", "time": 1642460161.0, "sentiment": ""}, {"id": 427382504, "text": "$SPY Happy MLK day. $QQQ $AAPL $DWAC\n\n&quot;I have a dream, that....!&quot;", "time": 1642460034.0, "sentiment": ""}, {"id": 427381445, "text": "$AMD $AMZN $TSLA $AAPL $MSFT", "time": 1642459585.0, "sentiment": ""}, {"id": 427380982, "text": "$AAPL Next A16 will use 4nn chips from $TSMC. \ud83d\udcc8\ud83d\udcc8\ud83d\udcc8", "time": 1642459399.0, "sentiment": "Bullish"}, {"id": 427379957, "text": "$AAPL Does the market shift it\u2019s narrative from the bearish Fed to bullish earnings tomorrow or will it be another week?", "time": 1642458989.0, "sentiment": ""}, {"id": 427379478, "text": "Ready to STACK MORE $AAPL gains tomorrow?\nLet\u2019s do this!", "time": 1642458816.0, "sentiment": ""}, {"id": 427379363, "text": "$AAPL NEW ARTICLE : The Retirees&#39; Dividend Portfolio: John And Jane&#39;s December Taxable Account Update https://www.stck.pro/news/AAPL/21475775", "time": 1642458773.0, "sentiment": ""}, {"id": 427377823, "text": "$BTC.X $AAPL screaming buy", "time": 1642458165.0, "sentiment": "Bullish"}, {"id": 427377762, "text": "Some students off to a great start in 2022! We embrace volatility.. when many traders are sitting sidelines and don\u2019t know how to play downside or quick spikes back up and then re short opportunities, we are alive and making plays. We thrive when markets are on edge up or down! Let\u2019s stay focused and continue to crush it, 2022 IS GOING TO BE A TRADING YEAR, traders should do really well! $TSLA $QQQ $SBEV $LGVN $AAPL", "time": 1642458141.0, "sentiment": "Bearish"}, {"id": 427377442, "text": "$AAPL trying to sell but noone buying? WTH \ud83e\udd26\u200d\u2640\ufe0f", "time": 1642458014.0, "sentiment": "Bearish"}, {"id": 427377066, "text": "$AAPL like this said all tech stocks will be flat this year", "time": 1642457868.0, "sentiment": ""}, {"id": 427376927, "text": "$BTC.X $AAPL roaring 20s will continue this week", "time": 1642457814.0, "sentiment": "Bullish"}, {"id": 427374467, "text": "$AAPL I am seeing more ads of Apple watches than I have ever seen before, and phone companies selling iPhones at 1/3 the prices to get new customers.   Something I have not seen before.    Is this concerning?", "time": 1642456813.0, "sentiment": ""}, {"id": 427374264, "text": "Looks like $DIS $AAPL are bailing out on Pelosi!", "time": 1642456734.0, "sentiment": "Bearish"}, {"id": 427373986, "text": "$AAPL the pullback from the peak can reach $162.10- $152.80 area lower where buyers should be waiting to appear again #elliottwave #trading #stocks", "time": 1642456606.0, "sentiment": ""}, {"id": 427373585, "text": "$AAPL 1hr view from 1/14 Pre-Market update presented to members at elliottwave-forecast.com/ #elliottwave #trading #stocks", "time": 1642456434.0, "sentiment": ""}, {"id": 427373503, "text": "$AAPL will this hit $200 this year.   When?  Thoughts ?", "time": 1642456401.0, "sentiment": ""}, {"id": 427373301, "text": "$AAPL NEW ARTICLE : Dutch consumer watchdog to vet Apple dating app payment reforms https://www.stck.pro/news/AAPL/21475044", "time": 1642456317.0, "sentiment": ""}, {"id": 427372943, "text": "$AAPL video from 12 January looking at the #Elliottwave path https://www.youtube.com/watch?v=q1xLRP7d8LA  #trading", "time": 1642456170.0, "sentiment": ""}, {"id": 427372506, "text": "$AAPL Chart of The Day 12 January: #Apple can see further downside https://elliottwave-forecast.com/stock-market/elliott-wave-view-apple/  #elliottwave #trading", "time": 1642455983.0, "sentiment": ""}, {"id": 427372477, "text": "$AAPL Steve Jobs would never have allowed this policy at his company. https://www.reuters.com/technology/apple-require-employee-proof-covid-19-booster-the-verge-2022-01-15/", "time": 1642455971.0, "sentiment": "Bearish"}, {"id": 427372387, "text": "How do you think the market will react to this? $AAPL in Uptrend: Stochastic indicator peaks and leaves oversold zone. View odds for this and other indicators: https://srnk.us/go/3331989", "time": 1642455937.0, "sentiment": ""}, {"id": 427372189, "text": "$SHOP $AAPL $NVDA when is the growth Stock turnaround???", "time": 1642455856.0, "sentiment": ""}, {"id": 427370747, "text": "In The Group 3 live analysis session today, talked about $AAPL liking to buy the dips in 3, 7 or 11 swing at the blue boxes when given the chance. Do not like to sell short AAPL, only like to buy it at the blue box extreme areas #Elliottwave #Trading #Stocks", "time": 1642455259.0, "sentiment": ""}, {"id": 427368729, "text": "$AAPL does anybody remember all the money I lost trading apple options?  I wrote the book.  Enjoy on your day off!\n\nhttps://books.apple.com/us/book/hedged/id1604296804", "time": 1642454361.0, "sentiment": "Bearish"}, {"id": 427368432, "text": "$AAPL was analyzed by 49 analysts. The buy consensus is at 84%. So analysts seem to be very confident about $AAPL. https://www.chartmill.com/stock/analyzer/stock/AAPL?view=analyst-ratings&amp;utm_source=stocktwits&amp;utm_medium=ANALYST&amp;utm_content=AAPL&amp;utm_campaign=social_tracking", "time": 1642454220.0, "sentiment": ""}, {"id": 427367313, "text": "$AAPL NEW ARTICLE : Apple requiring corporate, store employees to have COVID-19 boosters https://www.stck.pro/news/AAPL/21474223", "time": 1642453707.0, "sentiment": ""}, {"id": 427366164, "text": "$GPCO Chase decline,not rise.Keep buying baby! $AAPL $DWAC", "time": 1642453167.0, "sentiment": ""}, {"id": 427363581, "text": "9 Monster Stock Market Predictions - The Week of January 17, 2022 Edition https://mottcapitalmanagement.com/9-monster-stock-market-predictions-the-week-of-january-17-2022-edition/ $AAPL, $RBLX, $NFLX, $MO, $SQ,", "time": 1642451991.0, "sentiment": ""}]