[{"id": 427363388, "text": "$MSFT $AAPL $TSLA $AMD $AMZN", "time": 1642451908.0, "sentiment": ""}, {"id": 427362674, "text": "$AAPL Why don\u2019t you wake up. Do you realize that you have already been vaccinated several times in your lifetime and you are still here? Our society is what it is because we collectively have subjected our arms to the polio , measles, chicken pox vaccines and a host of others. It\u2019s nothing new. So get over it and get your jab and join society. jerk", "time": 1642451593.0, "sentiment": ""}, {"id": 427362024, "text": "$AAPL  \ud83c\udf4f Delusional Post.  No place for this kind of misinformed rant, on this Trading Site.  Blocked.", "time": 1642451291.0, "sentiment": ""}, {"id": 427361785, "text": "$AAPL Been looking at $180 calls for a week now. \n\nAny catalysts or such I should be aware of before I pull the TRIGGER??? Thnx in advance!", "time": 1642451170.0, "sentiment": "Bullish"}, {"id": 427358725, "text": "$AAPL Simulated 175.0C for Tuesday&#39;s open on StockOrbit. \n https://apps.apple.com/us/app/stockorbit/id1541560646", "time": 1642449658.0, "sentiment": ""}, {"id": 427358455, "text": "$SPY $AAPL $AMZN Follow me for more shit that you could\u2019ve just googled", "time": 1642449539.0, "sentiment": "Bearish"}, {"id": 427357359, "text": "We&#39;re still waiting on $AMD, $AMZN, etc. to schedule dates, but here&#39;s a look at #earnings season with $TSLA, $AAPL, and $MSFT topping the list \n\nhttp://eps.sh/cal", "time": 1642448895.0, "sentiment": ""}, {"id": 427356062, "text": "$AAPL $SPY $QQQ $msft $FB  what&#39;s going on traders do yourself a favor and be prosperous and stay profitable bears and bulls alike.", "time": 1642448154.0, "sentiment": ""}, {"id": 427356008, "text": "$AAPL right side is bullish on higher time frames.  We only like to buy it in 3, 7 or 11 swing at the blue boxes.   We still favour lower to take place before the blue box equal leg is hit further down which can play a part in dragging world indices lower this week.    #Elliottwave #Trading #stocks", "time": 1642448117.0, "sentiment": ""}, {"id": 427355703, "text": "Portfolio prediction for next week: Apple( $AAPL ),\u2026 https://www.macroaxis.com/invest/marketRatings?s=AAPL,MMM,MKC,AIZ,ABC,ZION,AZO,NWBI,TER,ETN,QCOM,WFC #insidertrading #stocks #fintechnews", "time": 1642447927.0, "sentiment": ""}, {"id": 427355413, "text": "$AAPL NEW ARTICLE : RH: Unjustified Clearance Sale On This Best Of Breed Luxury Furniture Brand https://www.stck.pro/news/AAPL/21468998", "time": 1642447755.0, "sentiment": ""}, {"id": 427354802, "text": "$AAPL stfu. If you aren\u2019t vaccinated your an idiot and an asshole. Chicken shit ..", "time": 1642447351.0, "sentiment": ""}, {"id": 427354789, "text": "$NVDA $AAPL $MSFT FIRE \ud83d\udd25 SALE but if you want to benefit from the drop buy and sell PUTS like I do in this video https://youtu.be/6I0fTbMvQ-o no BS. $study", "time": 1642447341.0, "sentiment": ""}, {"id": 427353548, "text": "$AAPL                 F\u2026\u2026..apple \n\nThey are forcing employees to take vaccines\u2026\u2026\n\nWake up people\u2026..\nTHIS IS AMERICA\u2026\u2026.\nThe people are in charge\u2026..\n\nTell apple to go to h\u2026\nTime to buy SAMSUNG OR ANYTHING BESIDES APPLE\u2026\u2026\n\nThis is how it works\u2026\u2026\nIf you don\u2019t buy apple they go out of business\u2026\u2026.\n\nIf you want the vaccines (( gene therapy ))\nThen you or your family can be next!", "time": 1642446459.0, "sentiment": ""}, {"id": 427351911, "text": "$AAPL NEW ARTICLE : Can 2021&#39;s Best-Performing FAANG Stock Do It Again in 2022? https://www.stck.pro/news/AAPL/21465204", "time": 1642445234.0, "sentiment": ""}, {"id": 427350732, "text": "Equity Sentiment Weekly Recap: $AAPL is the #1 stock that institutions traded this week with 462.4K options contracts.\n\nMarket analysis included in screenshot of dashboard from http://insiderfinance.io.", "time": 1642444065.0, "sentiment": ""}, {"id": 427350170, "text": "$AAPL it they build it (VR headset), they will come", "time": 1642443444.0, "sentiment": "Bullish"}, {"id": 427349858, "text": "$AAPL AAPL 2022-01-16 Technical Analysis Video: \nhttps://www.youtube.com/watch?v=BAnnG_dJL4Q", "time": 1642443064.0, "sentiment": ""}, {"id": 427349632, "text": "$AAPL NEW ARTICLE : How are Adtech Companies Preparing for a Cookieless World? https://www.stck.pro/news/AAPL/21465206", "time": 1642442772.0, "sentiment": ""}, {"id": 427349298, "text": "$AAPL Simulated 175.0C for Tuesday&#39;s open on StockOrbit. \n https://apps.apple.com/us/app/stockorbit/id1541560646", "time": 1642442459.0, "sentiment": ""}, {"id": 427349246, "text": "#Levermann #US #MegaCap #Sell WK2 $AAPL (1), $AMZN (-4), $FB (1), $JPM (2), $UNH (2), JNJ (2), HD (2), BAC (0), WMT (-2), MA (2)", "time": 1642442418.0, "sentiment": "Bearish"}, {"id": 427348089, "text": "$AAPL They\u2019ve helped me grow my account to 25.0 million PER DAY!  You too can join liars.com for $1 per month!", "time": 1642440859.0, "sentiment": "Bullish"}, {"id": 427347653, "text": "$AAPL NEW ARTICLE : The Capital Sponge https://www.stck.pro/news/AAPL/21464653", "time": 1642440187.0, "sentiment": ""}, {"id": 427346599, "text": "Sweep Options Activity Weekly Recap: $AAPL is the #1 ticker with sweep activity that institutions traded urgently this week options with 343.8K sweep contracts, a leading indicator of market movement.\n\nMarket analysis and options contracts included in screenshot of dashboard from http://insiderfinance.io.", "time": 1642438290.0, "sentiment": ""}, {"id": 427345855, "text": "$AAPL outperforms 90% of all stocks! https://www.chartmill.com/stock/quote/AAPL/technical-analysis?key=bb853040-a4ac-41c6-b549-d218d2f21b32&amp;utm_source=stocktwits&amp;utm_medium=TA&amp;utm_content=AAPL&amp;utm_campaign=social_tracking", "time": 1642437060.0, "sentiment": ""}, {"id": 427345380, "text": "$AAPL NEW ARTICLE : Big Tech Meets White House to Tackle Software Security Concerns https://www.stck.pro/news/AAPL/21459883", "time": 1642436179.0, "sentiment": ""}, {"id": 427345332, "text": "ROTFLMAO, what a crock of EU unregulated manipulated self serving bs renliarsnfigure, figures lie ... Financial spreadbetters expect London&#39;s FTSE to open 21 points higher at 7,564, Frankfurt&#39;s DAX to open 43 points higher at 15,927 and Paris&#39; CAC to open 19 points higher at 7,162. Asian share markets were choppy as a slew of Chinese economic data confirmed the deadening effect of coronavirus restrictions on consumer spending, prompting Beijing to again ease monetary policy. Oil prices rose, with Brent crude futures at their highest in more than three years, as investors bet supply will remain tight amid restrained output by major producers with global demand unperturbed by the Omicron coronavirus variant. ... rest assured severe stock market crashes in queue $tsla $f $ccl $h $aapl and more  \ud83d\udc3b\u2764\ud83d\ude08\u2714", "time": 1642436089.0, "sentiment": "Bearish"}, {"id": 427344964, "text": "$AAPL AAPL 2022-01-16 Largest Trades Data: \nhttps://www.youtube.com/watch?v=MglgCb8wofM", "time": 1642435386.0, "sentiment": ""}, {"id": 427344313, "text": "$TSLA $AAPL $SPY idiocy won\u2019t ever go 100% away.", "time": 1642434276.0, "sentiment": ""}, {"id": 427344035, "text": "$AAPL NEW ARTICLE : Apple Abides by a Dutch Ruling \u2013 Report https://www.stck.pro/news/AAPL/21459891", "time": 1642433733.0, "sentiment": ""}]