[{"id": 427399654, "text": "$AAPL THE \ud83c\udf4f component car can make billions\u2026imagine easy load components to the \ud83c\udf4f\ud83d\udc41\ud83d\ude99\u2026 update your car by visiting \ud83c\udf4fstore\u2026drop new electric motors in\u2026new computers..screens..batteries..etc. even change car panels for color differentiation!! \nJust can\u2019t drop this idea\u2026be creative \ud83c\udf4f make folks future more creative and fun!!!\n$$$$$$", "time": 1642466941.0, "sentiment": "Bullish"}, {"id": 427399034, "text": "New correlation matrix for Altria( $MO ), Apple( $AAPL\u2026 https://www.macroaxis.com/invest/marketCorrelation?s=MO,AAPL,THC,APD,ICE,EFX,SUN #correlations #stocks #stockratings", "time": 1642466704.0, "sentiment": ""}, {"id": 427398434, "text": "$AAPL If Apple crashed w&#39;all ded", "time": 1642466446.0, "sentiment": ""}, {"id": 427397912, "text": "$SPY $AMD $AAPL $QQQ Don&#39;t be fooled by China bad retail sales from Covid crap, they only started lockdowns in Xian province 3 weeks ago and then couple other cities in lockdown, rest of China OPEN.\n\nSo Q4 retail sales miss from something other than that?\n\nWhat was it?\n\nUSA INFLATION! Mostly.\n\nI&#39;d be remiss and biased to mention a other factor too, the dollar was HIGHER Oct. &amp; Nov. so it doubly served to hammer China&#39;s shopping for global shipped goods too Q4\ud83d\udc4d\n\nBut, I&#39;m telling you, I&#39;m telling you, I&#39;m telling you: \n\nINFLATION WILL RULE THE DAY (FOR YEARS NOW)", "time": 1642466250.0, "sentiment": "Bearish"}, {"id": 427397636, "text": "$AAPL $BA $AMD We hope enjoy this video on PRICE ACTIONS PATTERNS!\nMake sure you SUBSCRIBE, LIKE, and COMMENT so you can enjoy all of our valuable content. \n\nhttps://youtu.be/7NZ0OTdFvsE", "time": 1642466134.0, "sentiment": ""}, {"id": 427397537, "text": "$SPY ....Tech looks... \ud83d\udc68\u200d\ud83d\udcbb Yakety smackity blah blah blah Resistance correlation yakety smackity Support Breakout Fibonacci yakety smackity.....\ud83c\udf40 Yall know what ta do \ud83d\udc4d $STUDY $QQQ $UVXY $AAPL \ud83c\udf40", "time": 1642466086.0, "sentiment": ""}, {"id": 427396534, "text": "$AAPL will retest 180 as pre earnings run", "time": 1642465680.0, "sentiment": ""}, {"id": 427396081, "text": "$SPY $AAPL $FB $COIN $RBLX No one really expects much from you anyway Patrick.  So we have learned to ignore you", "time": 1642465509.0, "sentiment": ""}, {"id": 427395756, "text": "$AAPL $T $NFLX $DIS  \n \nhttps://www.benzinga.com/news/22/01/25074951/apple-app-store-analysis-netflix-and-disney-heat-up-at-ts-hbo-max-catches-fire", "time": 1642465398.0, "sentiment": ""}, {"id": 427394984, "text": "$AAPL Apple Option Alert: Jan 21 $140 Calls at the Ask: 10 vs 38948 OI; Earnings 1/27 After Close\ud83d\udc02 |\ud83e\udd47 Check out \u27a1\ufe0f SweepCast.com  #stockmarket", "time": 1642465098.0, "sentiment": ""}, {"id": 427394699, "text": "$AAPL https://youtu.be/z1VWMsV3EqE", "time": 1642464993.0, "sentiment": "Bullish"}, {"id": 427393050, "text": "$AAPL Apple Option Alert: Jan 2024 $175 Puts at the Bid: 158 vs 1349 OI; Earnings 1/27 After Close\ud83d\udc3b |\ud83e\udd47 Check out \u27a1\ufe0f SweepCast.com  #stockmarket", "time": 1642464376.0, "sentiment": ""}, {"id": 427392966, "text": "$TSLA 10, 000 more watchers and we surpass $AAPL !", "time": 1642464337.0, "sentiment": "Bullish"}, {"id": 427391798, "text": "$SPY $QQQ   \n \nBased on Friday&#39;s close (stats below), which way are we going the week? \n \nhttps://twitter.com/MeisaBonelli/status/1483134882595459072?s=20 \n \n$TSLA $AAPL $MSFT", "time": 1642463873.0, "sentiment": ""}, {"id": 427390870, "text": "$SPY $QQQ $AAPL Mark these words all over:\n\nTHE MOVE at end of day and afterhours for Nasdaq was a bull trap, that 80 point afterhours run-up Friday is where now in futures? \n\nAnd, let&#39;s see where $NDX opens Monday to confirm, IT&#39;S A _____ !!!!", "time": 1642463497.0, "sentiment": ""}, {"id": 427390062, "text": "$SPY $AAPL $FB $COIN I&#39;m just gonna leave this here for you metaverse fans and parents that have kids. $RBLX &lt;- https://youtu.be/8Mr4a84prMc", "time": 1642463162.0, "sentiment": "Bearish"}, {"id": 427389926, "text": "$AAPL Thank god for this break. The tug of war continues until the run up. Have fun bull/bears", "time": 1642463109.0, "sentiment": "Bullish"}, {"id": 427389907, "text": "$AMD $XLNX $MSFT $TSLA $AAPL", "time": 1642463103.0, "sentiment": ""}, {"id": 427389585, "text": "@livinonabeach their first customer isn\u2019t $RIDE its $AAPL.  Politicians will love it because they can \u201cbe concerned\u201d and keep floating ideas to fix it as long as they get elected just one more time.", "time": 1642462989.0, "sentiment": ""}, {"id": 427389020, "text": "Today &#39;s  #DOW30 HeatMap of  #large  market stocks: $AAPL \n$MSFT $UNH $JNJ $JPM \n \nfinscreener.org/map/map", "time": 1642462760.0, "sentiment": ""}, {"id": 427388946, "text": "Incoming, https://www.youtube.com/watch?v=N_jGOKYHxaQ unfortunately re due diligence, Armageddon Depression, great movie, saw it in the theatres in the 1970&#39;s, be prepared my friends, followers, haters and those on block for jawboning nonsense. Thank dog that I am here to help @Profit_Maker https://stocktwits.com/Profit_Maker \ud83d\udc3b\u2764\ud83d\ude08\u2714 $tsla $f $aapl $ccl $h and more", "time": 1642462736.0, "sentiment": "Bearish"}, {"id": 427388901, "text": "#SP500 Today &#39;s HeatMap of  #mega  market stocks:  $GOOG \n$GOOGL $AMZN $TSLA $AAPL \n  \nfinscreener.org/map/map", "time": 1642462719.0, "sentiment": ""}, {"id": 427388617, "text": "$AAPL $200 soon!", "time": 1642462600.0, "sentiment": "Bullish"}, {"id": 427388258, "text": "Semi news as relates to \ud83c\udde8\ud83c\uddf3 \n\n&gt; https://www.cnbc.com/2022/01/17/meituan-backs-chip-start-up-as-chinese-giants-pour-money-into-space.html\n$AMD \u2197\ufe0f\u2795 $XLNX \ud83d\udd90\ud83d\udc8d\n$INTC | $NVDA | $AAPL", "time": 1642462453.0, "sentiment": ""}, {"id": 427385831, "text": "$AAPL has an average volume of 96865000. This is a good sign as it is always nice to have a liquid stock. https://www.chartmill.com/stock/analyzer/stock/AAPL?key=bb853040-a4ac-41c6-b549-d218d2f21b32&amp;utm_source=stocktwits&amp;utm_medium=TA&amp;utm_content=AAPL&amp;utm_campaign=social_tracking", "time": 1642461480.0, "sentiment": ""}, {"id": 427385818, "text": "$RIDE $AAPL $F it\u2019s going to be a sad, sad day when all the $RIDE bulls find out that Foxconn bought out their production facility not so they could partner with them, but so they could build the $AAPL car there inside the US and qualify for the federal tax incentives\u2026. Just think about who does $AAPL production now, does anyone really see this going any other way?  Foxconn could have bailed out LMC with a loan but instead they bought specific parts of their yet unused production line, wake up people!", "time": 1642461474.0, "sentiment": "Bearish"}, {"id": 427385310, "text": "$AAPL Apple Option Alert: Jan 21 $60 Calls at the Bid: 5 vs 685 OI; Earnings 1/27 After Close\ud83d\udc02 |\ud83e\udd47 Check out \u27a1\ufe0f SweepCast.com  #stockmarket", "time": 1642461252.0, "sentiment": ""}, {"id": 427385115, "text": "$SPY $AAPL $AMD $QQQ About to see how inflation has already begun wrecking things and it&#39;s poison will gush blood.\n\n1) Supply chain disruptions USA started October, however, look at inflation data, like PCE Deflator Core index put out monthly by govt, inflation ALREADY out of control and, for TWO MONTHS! \n\nIn fact, infkation Core PCE Deflator index data OVER 2% HIGHER THAN FED FUNDS \ud83c\udfaf RATE OF 2% \ud83d\udc4c (4.2% Core) as of August 2021\ud83d\udc4d\n\nThen, it just snowballs from there, both CPI + PCE  wickedly jumping. 28th next PCE read, so, get ready.\n\nAnd it don&#39;t matter what China, Europe, or anyone wants, all that posturing will do is further irrerepair our relationships w/ both, esp. China. \n\nChina cutting its RATE is further warning and understanding inflation is winning and its cutting deeply soon to the global economy, you did just see Goldman Sachs SLASH growth forecast for USA 2022, no?", "time": 1642461170.0, "sentiment": ""}, {"id": 427384396, "text": "Apple App Store Analysis: Netflix And Disney+ Heat Up, AT&amp;T&#39;s HBO Max Catches Fire  $T $NFLX $DIS $AAPL \n\nhttps://newsfilter.io/a/65e4318475fd024601d05b5d45690081", "time": 1642460871.0, "sentiment": ""}, {"id": 427383378, "text": "$AAPL $AMD $BA", "time": 1642460389.0, "sentiment": ""}]