[{"id": 427321399, "text": "Big Investor Tripled Its AMC Stake and Bought Apple, NIO, and Nikola Stock $amc $aapl $nio https://apple.news/AxQ_qeZlmTS2JGlGRrX0QWQ", "time": 1642410829.0, "sentiment": ""}, {"id": 427320585, "text": "$AAPL It is funny that $GOOGL complained about Apple iMessage \u201cSuperiority\u201d while they in the last 20 years had many opportunities to make their own, but instead they just killed them. This website is showing all the apps that Google killed over the years. (Posted originally by AppleInsider).\n\nhttps://killedbygoogle.com", "time": 1642410362.0, "sentiment": ""}, {"id": 427320026, "text": "$AAPL Simulated 175.0C for Tuesday&#39;s open on StockOrbit. \n https://apps.apple.com/us/app/stockorbit/id1541560646", "time": 1642410058.0, "sentiment": ""}, {"id": 427319947, "text": "$SPY  Futures showing a direct correlation to perceived weakness, like to see the dollar drop to red and continuance of oil to $84 futures,  for a slam ____.\n\nPlus, you get a load of that data out of China, wow, Goldman Sachs just slashing our growth forecasts attributable hours BEFORE China&#39;s release of \ud83d\udd25 industrial production, GDP data. \nRetail sales s&#39;pose to be 3.9% and was -1.7% , WOW, that is. a. shocker. \nChina wasn&#39;t buying a lot probably from companies like $AMD $AAPL $SOXX \nThis kind of data SHOULD get AMD &amp; Apple to revise 4Q outlooks\ud83d\ude31\ud83d\udc4d", "time": 1642410018.0, "sentiment": "Bearish"}, {"id": 427318421, "text": "$AAPL stock analysis https://youtu.be/FCMNF65t3yA", "time": 1642409221.0, "sentiment": ""}, {"id": 427317560, "text": "$ZOM $IDXX $AAPL $WHSI $SPY", "time": 1642408755.0, "sentiment": "Bullish"}, {"id": 427316906, "text": "@Tvizzle2 @Doubleup2022 @StewieBear Na Na Na your wrong Home Depot got no competition and compeer to $TSLA abd $AAPL tjisbproce us free", "time": 1642408405.0, "sentiment": "Bullish"}, {"id": 427316302, "text": "$AAPL Here is an example of an unhinged poster that think that his unhinged post will push the stock up \ud83d\ude02\ud83d\ude02\ud83d\ude02\nThe moron doesn\u2019t even know what he\u2019s talking about\ud83d\ude02\ud83d\ude02", "time": 1642408103.0, "sentiment": ""}, {"id": 427314767, "text": "$SPY $QQQ $AMD $AAPL OH, gees,I just got a tweet, Powell was kiCKED OUT of the same restaurant he treated Trump to dinner 3+ years ago, early Nov. 2018, when meeting over the FOMC about to make aggressive rates moves.\n\nTrump said, &quot;no, Jay, you don&#39;t have to raise rates, inflation is in check &amp; economy weak from China trade war.&quot; \n\nJay listened.\n\nNow,  3+ yrs later, \nBiden said, at same restaurant, &quot;C&#39;mon, man, you got to hold off on QE til midterms.&quot; \n\nPowell replied, &quot; No, sir, inflation grossly different 2018 from now plus economy opposite of weak, to strain matters even more. We&#39;ll see 15% inflation by summer IF we don&#39;t take drastic measures now. Short-term 6 mo. pain now IF huge move now, Joe.&quot; \n\nBiden, &quot;Ahh, I see, well, gotta go.&quot;\n\nThen, Powell gets the meal bill,  &quot;WHAT THE HECK! I PAID $20 LESS FOR THE EXACT SAME MEAL BACK IN 2018!&quot;", "time": 1642407322.0, "sentiment": ""}, {"id": 427314726, "text": "$AAPL \n\nHey fellas check out these stock targets for next week along with market analysis! \ud83d\udc47\ud83d\udc47\n\nhttps://youtu.be/plZi519v5iU", "time": 1642407300.0, "sentiment": ""}, {"id": 427313733, "text": "@KeanJacques $AAPL  should learn Nio&#39;s customer services, I went to Baclay center one and Manhattan one. They are both retarded, all stuffs proud of they work there but with sucks customer services.", "time": 1642406770.0, "sentiment": "Bullish"}, {"id": 427313727, "text": "$AAPL AAPL 2022-01-16 Largest Trades Data: \nhttps://www.youtube.com/watch?v=MglgCb8wofM", "time": 1642406767.0, "sentiment": ""}, {"id": 427313185, "text": "$AAPL I see a lot of posters that are thinking that if they invent a new rumor the stock will fly. \nReally unhinged thinking considering that it is not a 500k stock but a 3T stock.", "time": 1642406495.0, "sentiment": ""}, {"id": 427312667, "text": "$CLIFF.X $AAPL \ud83d\ude02\ud83d\ude02\ud83d\ude02 Catchy.", "time": 1642406255.0, "sentiment": ""}, {"id": 427312352, "text": "$AAPL Very positive future for Apple in VR &amp; AR. Phone &amp; computer markets are saturated, lots of room to grow over here.", "time": 1642406119.0, "sentiment": ""}, {"id": 427311928, "text": "$AAPL was analyzed by 49 analysts. The buy consensus is at 84%. So analysts seem to be very confident about $AAPL. https://www.chartmill.com/stock/analyzer/stock/AAPL?view=analyst-ratings&amp;utm_source=stocktwits&amp;utm_medium=ANALYST&amp;utm_content=AAPL&amp;utm_campaign=social_tracking", "time": 1642405920.0, "sentiment": ""}, {"id": 427310406, "text": "How about them cowboys $aapl $SPY $DJIA $LRCX $MSFT", "time": 1642405145.0, "sentiment": ""}, {"id": 427309249, "text": "$AAPL almost 3 T market cap... you want to make money, invest in small caps now.", "time": 1642404578.0, "sentiment": ""}, {"id": 427308827, "text": "$AABB $AAPL $AMZN $TSLA $MSFT all had infancy stages https://microcapdaily.com/asia-broadband-otcmkts-aabb-crypto-operator-launches-its-aabb-crypto-exchange-continues-rollout-of-200-trading-pairs/", "time": 1642404369.0, "sentiment": "Bullish"}, {"id": 427308193, "text": "$tsla $f $aapl $ccl $h she is making big bets on companies that aren\u2019t gonna make it. Obvious exception is TSLA. She is a dot com investor and we know how that worked out last time.", "time": 1642404048.0, "sentiment": ""}, {"id": 427307491, "text": "$AAPL https://www.macrumors.com/2022/01/14/airpods-pro-2-could-new-accessories/", "time": 1642403690.0, "sentiment": ""}, {"id": 427306100, "text": "$AAPL No negative comments apple keep doing your thing. Could be $600 per share. I&#39;m sure it will come eventually. When we get a phone equivillent to huaweii&#39;s.", "time": 1642402995.0, "sentiment": ""}, {"id": 427305758, "text": "$AAPL Simulated 175.0C for Tuesday&#39;s open on StockOrbit. \n https://apps.apple.com/us/app/stockorbit/id1541560646", "time": 1642402865.0, "sentiment": ""}, {"id": 427305574, "text": "$AAPL  Seems projected ER is agreeing with my TA.", "time": 1642402789.0, "sentiment": "Bearish"}, {"id": 427305244, "text": "$AAPL blocking all the bear negative dumpsters", "time": 1642402592.0, "sentiment": "Bullish"}, {"id": 427305220, "text": "$AAPL market open tomorrow?", "time": 1642402577.0, "sentiment": ""}, {"id": 427304864, "text": "$AAPL  Strategy is showing a short entry on the hourly.", "time": 1642402358.0, "sentiment": "Bearish"}, {"id": 427304130, "text": "Excellent, as expected, and advised USA indices-futures are red. Enjoy the Armageddon Depression \ud83d\udc3b\u2764\ud83d\ude08\u2714 https://www.investing.com/indices/indices-futures $tsla $f $aapl $ccl $h and more", "time": 1642401937.0, "sentiment": "Bearish"}, {"id": 427303772, "text": "$AAPL  This is in an abc corrective Elliott wave phase now &amp; currently in &quot;a.&quot;  b will be up &amp; it will get a little reprieve but beware when falling off the cliff c commences for that is when it will take the big hit.", "time": 1642401726.0, "sentiment": "Bearish"}, {"id": 427303269, "text": "$AAPL  TDSequential Demark indicator indicating a pullback. I never argue with this one.", "time": 1642401453.0, "sentiment": "Bearish"}]