[{"id": 427343221, "text": "$AAPL wait wtf are futures open ?", "time": 1642432110.0, "sentiment": ""}, {"id": 427343121, "text": "$AAPL some euro trading stats for today:\nIt saw $173.64 \nIt dropped to $173 \nIt went back to $173.07\nIt is now trading at US AH close of $173.28\nIt has a new Ask of $173.50\nIt has a current bid of $173.36", "time": 1642431941.0, "sentiment": ""}, {"id": 427342955, "text": "$AAPL Simulated 175.0C for Tuesday&#39;s open on StockOrbit. \n https://apps.apple.com/us/app/stockorbit/id1541560646", "time": 1642431656.0, "sentiment": ""}, {"id": 427342765, "text": "@szaero only 60% growth??? SHORT! $aapl", "time": 1642431282.0, "sentiment": ""}, {"id": 427342749, "text": "$aapl ftse, nikkei , sensex , SSE all green. Only Hang seng taking a dump.", "time": 1642431240.0, "sentiment": ""}, {"id": 427342536, "text": "$CLIFF.X $AAPL I love the CliffBigRedDog track. Great promotional song with a pumping beat. Very Bullish", "time": 1642430720.0, "sentiment": ""}, {"id": 427341941, "text": "$AAPL $FB $WIMI $GME Four major technology trends you can&#39;t ignore in 2022 are gradually approaching\n\nhttps://medium.com/@elyseewpryh67/four-major-technology-trends-you-cant-ignore-in-2022-are-gradually-approaching-6c56df414787", "time": 1642429512.0, "sentiment": "Bullish"}, {"id": 427341859, "text": "$AAPL LFGG green week", "time": 1642429376.0, "sentiment": "Bullish"}, {"id": 427341337, "text": "$AAPL dip at open and go up substantially please. I want to buy my disabled German Shepard a wheelchair.", "time": 1642428395.0, "sentiment": ""}, {"id": 427337468, "text": "$AAPL idk about you but when i look at this companies revenue i think it sucks. sell it all /s", "time": 1642422905.0, "sentiment": ""}, {"id": 427337394, "text": "$AAPL \nThis company needs\nAfros and freckles to sell\nChinese slave labor electronics\nGreat Xmas gifts", "time": 1642422802.0, "sentiment": ""}, {"id": 427336449, "text": "$AAPL Airpod revenue is literally market caps of some of the garbage in $IWM", "time": 1642421717.0, "sentiment": ""}, {"id": 427336201, "text": "$AAPL \n$3,000,000,000,000\nSounds like a deal", "time": 1642421441.0, "sentiment": ""}, {"id": 427336014, "text": "$AAPL AAPL 2022-01-16 Technical Analysis Video: \nhttps://www.youtube.com/watch?v=BAnnG_dJL4Q", "time": 1642421284.0, "sentiment": ""}, {"id": 427335540, "text": "$AAPL Simulated 175.0C for Tuesday&#39;s open on StockOrbit. \n https://apps.apple.com/us/app/stockorbit/id1541560646", "time": 1642420856.0, "sentiment": ""}, {"id": 427335152, "text": "$AAPL \u27a1\ufe0f $200", "time": 1642420485.0, "sentiment": "Bullish"}, {"id": 427333744, "text": "$AAPL If you need an indicator for a breakout just check stocktwits sentiment. If it falls under 70% the stock breaks out to new ATH. \n \nKeep being dumb ST.", "time": 1642419034.0, "sentiment": "Bullish"}, {"id": 427332957, "text": "$SPY $AAPL $FB  HIGHER DOLLAR most  Q4 = less money from foreign facebookers, AR Peeeeee ewwwwwU. And December bad for u.s. folks, lower dollar. \n\nDump this social experiment", "time": 1642418347.0, "sentiment": ""}, {"id": 427332501, "text": "$SPY $QQQ $AMD $AAPL  Oil higher, dollar lower, let&#39;s gooooooo, Bufffffalo!!!!!!\n\nSome good NFLs today and yesterday, eh, boys, and, ladies, two, to be exact, aye. \nGees, wild card games all about money, mostly were blowouts.\nI expect the Rams to throttle Cards tom. too. \n\nOh, MARKETS, yeah, them, inflation looks raw, even though it&#39;s ramped 3 months now,.experts saying supply chain disruptions and shortages of tech stuff, phones, semiconductor chips, food, eyc. to continue to Oct. 2022.\n\nWell, ok, I guess, next major indicator will be PCE Core Deflator.\n\n4.2% August\n4.4% Sept.\n5.1% Oct.\n5.7% Nov.\n\nLooks like it is going to push rates to higher and higher #s, more volatile than CPI. \n FED uses PCE for funds target rate, you know, 2%\ud83d\ude02\ud83d\ude05\n\nThe HIGH DOLLAR most of Q4 tough on U.S. tech companies because a lot of their profits from overseas foreign folk.\n\nWhat might be just as concerning is dollar dropped most of the holiday shopping season so U.S. consumers money buying less December.", "time": 1642417975.0, "sentiment": ""}, {"id": 427330984, "text": "$AAPL $TSLA $PTON  I&#39;m revising my PT here based on a price increase as demand is falling. Clearly, PTON management slept throughout all economics classes. \n\nNew PT: $10 ($3 billion MC)\n\nOuch. This thing is going to tank.", "time": 1642416762.0, "sentiment": ""}, {"id": 427330944, "text": "$AAPL was analyzed by 49 analysts. The buy consensus is at 84%. So analysts seem to be very confident about $AAPL. https://www.chartmill.com/stock/quote/AAPL/analyst-ratings?utm_source=stocktwits&amp;utm_medium=ANALYST&amp;utm_content=AAPL&amp;utm_campaign=social_tracking", "time": 1642416720.0, "sentiment": ""}, {"id": 427330550, "text": "$TSLA creating there phone version, If that new phone is been release. This can be the big competitor of $AAPL", "time": 1642416428.0, "sentiment": "Bullish"}, {"id": 427330323, "text": "$AAPL rather then ever coming out with anything new, they\u2019re just gonna add a camera to the same iPhone they\u2019ve made for decades  and remove the USB port from the laptop and make it thinner and slower...\n\nRIGHTTTTTT... zero innovation \n\nOh yea and change the charging cord for the iPhone and not include the charging block. So when you buy an iPhone you have no way of charging it...", "time": 1642416266.0, "sentiment": "Bearish"}, {"id": 427330286, "text": "$AAPL glad we closed tomorrow or we would&#39;ve seen red. Features are down", "time": 1642416239.0, "sentiment": ""}, {"id": 427329928, "text": "$FUBO Whos buying $FUBO ? $AAPL $CMCSA ??", "time": 1642415983.0, "sentiment": "Bullish"}, {"id": 427328505, "text": "$NEXCF  $AAPL", "time": 1642414950.0, "sentiment": "Bullish"}, {"id": 427325552, "text": "$AAPL back to green. Easy setup to see.", "time": 1642413171.0, "sentiment": "Bullish"}, {"id": 427322163, "text": "$SPY $AAPL $QQQ nice try anyone, saying China slowing growth.\n It is faster now, and their retail sales slowing down last few months is due a lot to rising inflation on our high priced tech, since iPhone took over as #1 seller in China news last week\ud83d\ude31\ud83d\udd25\ud83d\udea8\ud83d\udc40\n\nChina beat on GDP and Industrial production, so, good data ON THEIR HOMEFRONT.\nWith US in an inflation fix, it won&#39;t help us any guaranteed because it points to future growth for China and spend on our already expensive products. \nRetail sales missed, but guessing that due in part to inflation, buying mass Apple phones &amp; tech at exhorbitant prices, buying less too cuz so damn expensivev\ud83d\udc4c\nChina is GROWING, so there QE will be taken away , Japan too. Kuroda going to have to raise rates soon \ud83d\udc4d", "time": 1642411245.0, "sentiment": ""}, {"id": 427321995, "text": "$AAPL $FB $MSFT $GOOG $TSLA \n\nKeep compounding, stay long!!!!!", "time": 1642411150.0, "sentiment": "Bullish"}, {"id": 427321429, "text": "$SPY $AAPL $TSLA $AMC Compounding interest is a powerful tool for the disciplined", "time": 1642410850.0, "sentiment": ""}]