[{"id": 427448509, "text": "$SPY $AAPL $BA Thanks a lot fintwit. You are really encouraging. Trying out this new content and almost 2k with 1k subscribers. Crazy! \n\n\u27a1\ufe0f https://youtu.be/Spp5_M0aWCc", "time": 1642487503.0, "sentiment": ""}, {"id": 427446347, "text": "$AAPL Data suggest that the overall analyst sentiment for AAPL  is bullish. Simplify the way you research stocks with Invescent   \nhttps://play.google.com/store/apps/details?id=org.invescent.invescent&amp;hl=en_US&amp;gl=US", "time": 1642486609.0, "sentiment": ""}, {"id": 427446218, "text": "Happy Hunting $AAPL $AMD $LCID $GM", "time": 1642486561.0, "sentiment": ""}, {"id": 427445430, "text": "$SPY $UBER and $DASH Drivers work solely on tips now, pretty sad $AAPL", "time": 1642486241.0, "sentiment": ""}, {"id": 427445293, "text": "$AAPL let&#39;s start the week green", "time": 1642486188.0, "sentiment": ""}, {"id": 427444950, "text": "$AAPL NEW ARTICLE : Apple, Amazon, and Ford Contend With Payment Models https://www.stck.pro/news/AAPL/21492746", "time": 1642486027.0, "sentiment": ""}, {"id": 427444059, "text": "$FUBO TV would be an awesome fit for $AAPL", "time": 1642485686.0, "sentiment": "Bullish"}, {"id": 427443355, "text": "$AAPL tech bout to get crushed!", "time": 1642485395.0, "sentiment": "Bearish"}, {"id": 427443280, "text": "$AAPL $SPY $QQQ Sell in the am buy in the pm market", "time": 1642485361.0, "sentiment": ""}, {"id": 427443156, "text": "$AAPL  $SPY $QQQ  this aint no bear or bull market , this is a dang \ud83e\udd21 clown market \ud83e\udd26\u200d\u2642\ufe0f", "time": 1642485304.0, "sentiment": ""}, {"id": 427442206, "text": "New signal generated on $AAPL by the Momentum factor with an expected return of 16.54% and an historical probability of profit of 77.27%. Via: https://www.stockgrid.io/factor-analysis/momentum/daily/AAPL", "time": 1642484894.0, "sentiment": "Bullish"}, {"id": 427441779, "text": "$AAPL \n\nThat\u2019s very encouraging news for people who live in NY .. it will bring back to normal with reopening of Apple Stores and more people will come out slowly.\n\nThank you Apple for mandating own vaccine policies to ensure safety of the consumers and employee likewise so people can shop with ease and confidence!", "time": 1642484735.0, "sentiment": "Bullish"}, {"id": 427441209, "text": "$AABB $AAPL started out in a 1 car garage FACT! $AMD started out on OTC FACT! $TSLA was a penny stock under 5$ FACT! $NFLX was also a penny stock under 5$ all facts. $AABB is DEBT FREE! with 5 Gold producing mines NO DEBT an a Global exchange. All FACTS https://microcapdaily.com/asia-broadband-otcmkts-aabb-crypto-operator-launches-its-aabb-crypto-exchange-continues-rollout-of-200-trading-pairs/", "time": 1642484499.0, "sentiment": "Bullish"}, {"id": 427441070, "text": "$AAPL 50ema as support if it comes https://youtu.be/e-8S_YikPx8", "time": 1642484441.0, "sentiment": ""}, {"id": 427441062, "text": "$SPY $QQQ $AAPL $TSLA $BTC.X So cute some Asians actually thought they got a POC card too. They, work way to hard and make way too much money to have a card, \nsoon they will wake up to the Authoritarians categorizing them as CaucASIANS", "time": 1642484435.0, "sentiment": ""}, {"id": 427440545, "text": "Omicron shows signs of easing in states hit early by contagious variant - CNBC $BTC.X $QQQ $SPY $AAPL $NVDA  https://apple.news/AO2rZSCCcRiefjmVl3rk3oQ", "time": 1642484223.0, "sentiment": ""}, {"id": 427440232, "text": "$SPY $QQQ $AAPL $TSLA $BTC.X And to think a few short years ago the \nFIRE (Financial Independence Retire Early) kids were gaining major steam.\nSmart hardworking kids, grinding out technical and good paying degrees, \nliving like monks, socking away money, buying mutual funds for as long as it took to get 20x yearly fixed bills in the bank, then doing what want when they want", "time": 1642484089.0, "sentiment": ""}, {"id": 427439123, "text": "$SPY $QQQ $AAPL $TSLA $BTC.X \nSame as high paying, blue collar small businesses owners but usually only takes 1 generation, partly parents unintended consequences of wanting their children to do better than them, nice car instead of pickup with ladder rack, college, fancy car, debt, cubicle life", "time": 1642483598.0, "sentiment": ""}, {"id": 427438222, "text": "$AABB  $SPY $AAPL $AMD $SHOP Pro Alert&gt; MAJOR Basher campaign all weekend! Tomorrow have your DD done and ready", "time": 1642483227.0, "sentiment": "Bullish"}, {"id": 427438122, "text": "$AAPL I am thinking we can make it 250 to 300 by end of year easily!!", "time": 1642483190.0, "sentiment": "Bullish"}, {"id": 427437521, "text": "$SPY $QQQ $AAPL $TSLA $BTC.X The idealism of socialism skips a few generations. Grandpa flees socialism and escapes into the USA with nothing but a dream to \u201cbuild something\u201d of his own. His kids pick up on his dream and bring it into full fruition. The grandkids, live a life with everything handed to them (even their jobs).  The great grand kids no longer know the value of a hard \u201cwork ethic\u201d\u2026socialism begins to sound like a viable way for society.  Socialism fails when work ethic vanishes and you run out of other peoples money!", "time": 1642482946.0, "sentiment": ""}, {"id": 427435872, "text": "$aapl $msft $googl https://www.youtube.com/watch?v=9XIaFT4uTzE&amp;ab_channel=UnlimitedOptionsInvesting", "time": 1642482259.0, "sentiment": ""}, {"id": 427435596, "text": "$AAPL nails is with marketing... \npurchased #mom a #AppleWatchSeries7 \u231a\ufe0f \nhttps://youtu.be/VHtffwyHauU", "time": 1642482145.0, "sentiment": "Bullish"}, {"id": 427434455, "text": "$SPY $QQQ $AMD $AAPL\n\nI&#39;m thinking FED may take a peak at PCE Deflator data due the 28th pre their 26th FOMC meeting.\n\n&quot;That&#39;s cheatin&#39;! Dem can&#39;t do dat!&quot; \n\nWell, yes, they can, LOL, they are the FED.\n\nBUT, yeah, and it a big &quot;but,&quot; I think, IF you hear &#39;balance sheet to ZERO by March 1 and 1st rate rise March will be high,&#39; maybe, they give #, maybe not.\nMy predict: BB DONE + .75-1% rate hike.\n\nPCE is going to be a doozy of a #.\n\nI&#39;m guessing OVER, wow, am I really saying this, over 7%. \n\nLet&#39;s be honest, too, that high a jump will drop markets A MINIMUM 10% immediately after data announced.\nSo already we got a 10% drop from the balance sheet done + aggressive, large 1st rate hike on 26th before a brutal inflation report the 28th.\n\nGee, sounds so fun a whole week really, the ANTICIPATION of 26 &amp; 28 will be to die for.\nAnd likely starting tomorrow the build to THAT NEWS starts ramping, who even cares about....\n\nbank ERs; we pretty much hot gist already too\ud83d\udc4dJPM BAC--THEY WILL BE BAD", "time": 1642481690.0, "sentiment": "Bearish"}, {"id": 427432333, "text": "$SPY $QQQ $AAPL $DIS  This just doesn&#39;t sound positive for sentiment tomorrow: \n\n&quot;Goldman Sachs slashes US GDP 2022 3.8% to 3.4%.&quot; \n\n&quot;JP Morgan CEO says there could be 6 or 7 interest rate hikes 2022.&quot;", "time": 1642480822.0, "sentiment": ""}, {"id": 427431634, "text": "$AAPL Bear season lol", "time": 1642480534.0, "sentiment": "Bearish"}, {"id": 427430763, "text": "$AAPL AAPL 2022-01-16 Largest Trades Data: \nhttps://www.youtube.com/watch?v=MglgCb8wofM", "time": 1642480207.0, "sentiment": ""}, {"id": 427429779, "text": "$SPY $QQQ $AAPL $TSLA $BTC.X \n \nNo wonder Biden is not making Millennials and GenZ pay back their student loans. \n \nThey don&#39;t want to work let alone pay back their debts...lol \n \nhttps://www.youtube.com/watch?app=desktop&amp;v=Vzl16lOXtNw", "time": 1642479837.0, "sentiment": ""}, {"id": 427429484, "text": "$AAPL $DIS $PYPL Love these tickers this week!\nLet\u2019s STACK GAINS", "time": 1642479733.0, "sentiment": "Bullish"}, {"id": 427428138, "text": "$AAPL stock analysis \n\nhttps://youtu.be/FCMNF65t3yA", "time": 1642479171.0, "sentiment": ""}]