[{"id": 427498952, "text": "$AAPL In the recent reporting quarter: 100 institutions increased their position, while 143 decreased https://insider-analysis.com/search_whales.php?ticker=TABLE_AAPL", "time": 1642515471.0, "sentiment": ""}, {"id": 427498688, "text": "$SPY I&#39;ve got to think too, why Putin is choosing now to invade Ukraine is he don&#39;t think sanctions that big a deal, country already near 4-year lows its markets and just thinks attacking Ukraine is with nothing to lose. \n\nI&#39;m guessing, Biden said something when two talked around Dec. 30.\nAnd, Putin didn&#39;t like it, one bit.\n\nLet&#39;s not forget either, Xi&#39;s already expressed forceful verbiage about taking over Taiwan and if Putin asks China for help--and Putin will if UK and others, including USA help Ukraine--well, the writing is on the wall. Xi will ask Putin for back-up, or, moral support, at least, in taking over Taiwan\ud83d\udc4d\n\nMy thoughts, do your own DD.\n\nGod be with ya, and, your trades \n\n$QQQ $AAPL $AMD", "time": 1642515174.0, "sentiment": "Bearish"}, {"id": 427498671, "text": "... WSJ Armageddon Depression update at https://wsjtodaysedition.cmail20.com/t/ViewEmail/d/01555BD909BDBCDD2540EF23F30FEDED/75AE69E778A6687AA4A88C2FAEAC43DE?alternativeLink=False $tsla $aapl $f $ccl $aal and more", "time": 1642515156.0, "sentiment": "Bearish"}, {"id": 427498504, "text": "$AAPL yall act like I didn\u2019t make 40% on this last year. Out of 10 years apple only didn\u2019t end green 2 of those years. It was red about 11%. The next year it went above 70%. Just hold on. You\u2019ll be fine.", "time": 1642514972.0, "sentiment": ""}, {"id": 427497945, "text": "$AAPL Destroy it..", "time": 1642514382.0, "sentiment": ""}, {"id": 427497492, "text": "$SPY Longer it stays, red, the more chance you bullies just need to cash in your chips early and take the day off, probably take longer off than that, but, that&#39;s a start \n\n*do own DD \n\n$QQQ $AMD $AAPL", "time": 1642513702.0, "sentiment": ""}, {"id": 427497123, "text": "$AAPL In the recent reporting quarter: 6.79% of institutions made no changes to their position https://insider-analysis.com/search_whales.php?ticker=TABLE_AAPL", "time": 1642513219.0, "sentiment": ""}, {"id": 427496976, "text": "$AAPL today gonna be", "time": 1642513039.0, "sentiment": "Bearish"}, {"id": 427496788, "text": "Max A. Cherney follows #semiconductor biz for Protocol \n\n$AMD $XLNX $INTC $NVDA $AAPL \n\nTwitter link:  https://twitter.com/chernandburn?s=11", "time": 1642512796.0, "sentiment": ""}, {"id": 427495624, "text": "$AAPL $SPY EMPLOYEES SELLING ENMASS and then leaving", "time": 1642511451.0, "sentiment": ""}, {"id": 427495474, "text": "$AAPL NEW ARTICLE : The Trade Desk Stock: Another Great Buy Opportunity With 1 Caveat https://www.stck.pro/news/AAPL/21505897", "time": 1642511286.0, "sentiment": ""}, {"id": 427495071, "text": "$AAPL adding on any dips", "time": 1642510925.0, "sentiment": ""}, {"id": 427495050, "text": "$AAPL HAHA wtf", "time": 1642510909.0, "sentiment": ""}, {"id": 427495034, "text": "$AAPL HQ is in shape of an O for Omicron?\nOr\nZero employees needed?", "time": 1642510895.0, "sentiment": ""}, {"id": 427494863, "text": "$AAPL $QQQ $SPY will they also require Boosters to operate an iPhone? AirPods? iShake Weight? \n\niMembers Only? \n\nGot iBrandon?", "time": 1642510762.0, "sentiment": ""}, {"id": 427494529, "text": "$AAPL Stock is at ATH top\u2026.\n\nWhy ruin your body/life for the Company?", "time": 1642510435.0, "sentiment": ""}, {"id": 427494521, "text": "$AAPL end of week predictions\ud83e\udd14\ud83e\udd14", "time": 1642510426.0, "sentiment": ""}, {"id": 427494425, "text": "$SPY $QQQ $AAPL THE FINAL Countdown\u2026. 4 weeks. \n\nhttps://www.theverge.com/2022/1/15/22885181/apple-vaccine-covid-19-booster-shot-employees\n\nhttps://m.youtube.com/watch?v=9jK-NcRmVcw", "time": 1642510331.0, "sentiment": ""}, {"id": 427493775, "text": "$AAPL I know everyone is bearish on this one but i&#39;m hoping positive going this week. let&#39;s see", "time": 1642509777.0, "sentiment": "Bullish"}, {"id": 427493390, "text": "$AAPL In the recent reporting quarter: 100 institutions increased their position, while 143 decreased https://insider-analysis.com/search_whales.php?ticker=TABLE_AAPL", "time": 1642509429.0, "sentiment": ""}, {"id": 427493328, "text": "$AAPL wow bears are here nice and early", "time": 1642509368.0, "sentiment": "Bullish"}, {"id": 427492345, "text": "$AAPL advice to the Employees\nListen to ol\u2019Johnny Paycheck\n\nhttps://m.youtube.com/watch?v=gj2iGAifSNI", "time": 1642508526.0, "sentiment": ""}, {"id": 427492083, "text": "$SPY $QQQ $AMD $AAPL  This has been escalating, escalating, escalating, and, as soon as I first heard it, I said, we&#39;re in trouble.\n\nWe don&#39;t have a wartime president, and, IF UK is going to go help Ukraine then China will be helping Russia. They are about to become VERY GOOD oil and energy buddies. \n\nThey will be axis powers vs Western world, you watch, Putin will call on China&#39;s help when UK and other countries go to Ukraine.\n\nAnd, 100% certainty, USA will become involved", "time": 1642508293.0, "sentiment": ""}, {"id": 427491403, "text": "$AAPL AAPL 2022-01-16 Technical Analysis Video: \nhttps://www.youtube.com/watch?v=BAnnG_dJL4Q", "time": 1642507685.0, "sentiment": ""}, {"id": 427491318, "text": "$CRM Futures looking bad for tomorrow $AAPL $MSFT $AI   \ud83d\ude29", "time": 1642507616.0, "sentiment": ""}, {"id": 427491133, "text": "$AAPL PT raised, ER a round the corner and this is going to plummet today.\nWorst case today down to $170. \ud83d\ude1e\ud83d\ude1e\ud83d\ude1e\ud83d\ude1e", "time": 1642507477.0, "sentiment": ""}, {"id": 427490813, "text": "$AAPL Simulated 175.0C for Tuesday&#39;s open on StockOrbit. \n https://apps.apple.com/us/app/stockorbit/id1541560646", "time": 1642507260.0, "sentiment": ""}, {"id": 427490692, "text": "$SPY USA said any statement yet ? \n\n$QQQ $AAPL $GOOG", "time": 1642507172.0, "sentiment": ""}, {"id": 427490397, "text": "$AAPL I dont get it. How is apple 172 and tesla over 1000? Tesla isnt 10 times better than apple. It makes no sense. ( yes i am just kidding, i am making fun of some of the stupid stupid things some people say) @NovaJed", "time": 1642506935.0, "sentiment": ""}, {"id": 427489264, "text": "$AAPL Based on Friday\u2019s trade , Aaple will go up 5", "time": 1642506046.0, "sentiment": "Bullish"}]