[{"id": 427477990, "text": "@dr_ikjyotsinghk \n\nChecked out $AAPL quarterly earlier tonight &amp; wouldn\u2019t be surprised at sub $100.. $90 even.", "time": 1642499918.0, "sentiment": ""}, {"id": 427476642, "text": "$QQQ $SPY $MSFT $AAPL\n\nHead shoulders knees n toes\nKnees n toes \ud83e\udd23\ud83e\udd23\ud83e\udd23\ud83e\udd23", "time": 1642499351.0, "sentiment": "Bearish"}, {"id": 427476414, "text": "$AAPL futes in free fall damn", "time": 1642499262.0, "sentiment": ""}, {"id": 427475979, "text": "@Triumph87 you asked to see TA on $AAPL and after this tech shellacking to start 2022 I am curious as to a potential reversal. \n\nThe techs suggest a slight bullish move here, and I\u2019ll get into that. But first, notice the black VWAP line dropped below the blue WMA line in the chart. After that period, the blue line tends to act as resistance.  What\u2019s more, the WMA line has kind of turned from upwards trending to downwards trending. So until the VWAP gets back over the WMA, I think the blue line will be the PT. Might be something to play options with, but until we get past the Fed meeting in 9 days, it looks like this might be stuck or slightly downwards trending generally. \n\nThe short term techs, as in tomorrow, suggest s slight bullish move to 175-177 range:\nPPS and scalper bullish \u2705\nWilliams over -50 \u2705\nTTMTrend is blue, bidders cutting the line \u2705\nRandomWalk red over green \u2705\nDPO above MOBO \u2705\n\nSo like I said, I think it\u2019ll be green tomorrow, But I think it\u2019ll struggle at the WMA line", "time": 1642499089.0, "sentiment": ""}, {"id": 427475945, "text": "\ud83d\udc8e**DAILY WATCHLIST**\ud83d\udc8e\n\n$MU  above 98.30\ud83d\udcc8 under 95.24\ud83d\udcc9\n\n$AAPL  over 173.89\ud83d\udcc8 under 171.00\ud83d\udcc9\n\n$TSM over 141.53\ud83d\udcc8 under 140.00\ud83d\udcc9\n\nGood luck! Live-streaming in my server. \n\n \ud83d\udd25\ud83d\udd25LINK IN BIO\ud83d\udd25\ud83d\udd25", "time": 1642499080.0, "sentiment": "Bullish"}, {"id": 427475787, "text": "$MSFT $SPY  \n \nSee...sooner than I thought. \n \n$AAPL $QQQ $TSLA", "time": 1642499009.0, "sentiment": ""}, {"id": 427474015, "text": "$MSFT $SPY We&#39;re going &quot;down, down, baby&quot; after the morning pop. \n \nhttps://finance.yahoo.com/quote/MSFT/options?p=MSFT \n \n$AAPL $QQQ $TSLA", "time": 1642498218.0, "sentiment": ""}, {"id": 427472490, "text": "$AAPL $SPY $QQQ Hmmm Apple\u2026.GOTTA TRIM THE FAT TO MAKE EARNINGS???????\n\nForcing loyal employees2 quit/become a layoff?????? \n\u2026\u2026\nApple is one of the first major corporations going on the record and telling its employees that it doesn&#39;t just need to see proof of vaccination, but now it also needs proof of a booster shot. \n\nThe company is requiring boosters for store and corporate employees, according to an internal email seen by The Verge.\n\nEmployees have &quot;four weeks to comply&quot; once they become eligible for booster shots, or else they will have to take &quot;frequent tests to enter a retail store, partner store, or Apple office starting on February 15th,&quot; the report says.", "time": 1642497548.0, "sentiment": ""}, {"id": 427470465, "text": "$AAPL AAPL 2022-01-16 Technical Analysis Video: \nhttps://www.youtube.com/watch?v=BAnnG_dJL4Q", "time": 1642496705.0, "sentiment": ""}, {"id": 427469860, "text": "$AAPL Simulated 175.0C for Tuesday&#39;s open on StockOrbit. \n https://apps.apple.com/us/app/stockorbit/id1541560646", "time": 1642496457.0, "sentiment": ""}, {"id": 427469689, "text": "$SPY Infkationary prices gon roCk your world tomorrow, bulls.\nThose rates at parabolic pace, just like I said Friday. \nOil? \ud83d\udc40\ud83d\udd25\nDollar dropping next.\n\nThis country going into recession, soon, from INFLATION. \n\nAll the talking heads say don&#39;t do it, the problem with not doing it is HISTORY is clear, high inflation that just goes higher and is not contained gets out of control QUICKLY AT 7% STAGE WE ARE AT NOW.\nIt is too late, the Summer Of Wait killed chances to take it slow now.\n26th announcement comes, bond buying ends by March 1 and rate hikes begin, 0.75-1%\ud83d\udc4c\n\nSure, you have no growth for 2-3 years IF you cut the head off the hydra now but you have no growth for a DECade if u wait. See 1970s\ud83d\udc4d\ud83d\udea8\n$QQQ $AMD $AAPL", "time": 1642496388.0, "sentiment": ""}, {"id": 427468526, "text": "$AAPL $MSFT $TSLA huge earnings next week for some great companies. Easy money in calls.", "time": 1642495896.0, "sentiment": ""}, {"id": 427468301, "text": "$AAPL has a Return On Equity of 150.07%. This is amongst the best returns in the industry. https://www.chartmill.com/stock/analyzer/stock/AAPL?view=fundamental-analysis&amp;key=bb853040-a4ac-41c6-b549-d218d2f21b32&amp;utm_source=stocktwits&amp;utm_medium=FA&amp;utm_content=AAPL&amp;utm_campaign=social_tracking", "time": 1642495800.0, "sentiment": ""}, {"id": 427468069, "text": "$AMD $TSLA $INTC \n\nI wonder, if these guys paid a premium like Apple &quot;to ensure capacity&quot; this quarter for their customers\ud83e\udd14\n\n\ud83d\udea8\n\n$AAPL", "time": 1642495711.0, "sentiment": ""}, {"id": 427467952, "text": "$AAPL tech getting annihilated! $spy \n\nCrash this pos", "time": 1642495668.0, "sentiment": "Bearish"}, {"id": 427467367, "text": "$AAPL last year, apple ran up 9.38% this week", "time": 1642495380.0, "sentiment": "Bullish"}, {"id": 427465846, "text": "$AAPL If the last couple of week\u2019s trend continues, $175 until about 11 am and then back to $173 again just before close \ud83e\udd37\ud83c\udffb\u200d\u2640\ufe0f\ud83e\udd98", "time": 1642494739.0, "sentiment": ""}, {"id": 427465184, "text": "$AAPL\n\nOh wow!! I\u2019m not a bear because I want to be. I\u2019m a bear because every time frame on AAPL is calling for a huge 50%-ish haircut down to the potential double digit range at this point in time. Don\u2019t hate me bulls, but the bull run definitely caused this and the volume drop off.. wowzers. I could go on &amp; on but all I\u2019ll say is that this is just unsustainable. If you\u2019re a long I would definitely consider hedging.  \n\n\ud83e\udd2e\ud83e\udd2e\ud83e\udd2e", "time": 1642494460.0, "sentiment": "Bearish"}, {"id": 427464733, "text": "$AAPL why are we fricken red again man\u2026", "time": 1642494266.0, "sentiment": ""}, {"id": 427464621, "text": "$SPY green now , red at open that\u2019s how they get y\u2019all . Bond yields and inflations.. remember that ! $QQQ $AAPL", "time": 1642494226.0, "sentiment": "Bearish"}, {"id": 427464612, "text": "$FUBO this company is going to do a lot better than if $AAPL buys them", "time": 1642494223.0, "sentiment": "Bullish"}, {"id": 427464129, "text": "$AAPL Subida artificial.O pre\u00e7o n\u00e3o perdoa", "time": 1642494021.0, "sentiment": "Bearish"}, {"id": 427463926, "text": "@Partridge $AAPL &amp; Navy Seals. Just wait until tomorrow. $FUBO acquired both.", "time": 1642493941.0, "sentiment": "Bullish"}, {"id": 427463338, "text": "$FUBO $TSLA Fails to realize profits ! ! ! $FUBO acquires $TSLA with the force of Seal Team Six &amp; Tim Cook $AAPL  ! ! !", "time": 1642493712.0, "sentiment": ""}, {"id": 427462604, "text": "$FUBO FUBO just bought $AAPL", "time": 1642493409.0, "sentiment": ""}, {"id": 427462243, "text": "$AAPL $180 this week.", "time": 1642493266.0, "sentiment": "Bullish"}, {"id": 427462220, "text": "$AAPL I wish this and $MSFT was the only sticks I ever.  https://www.apple.com/apple-watch-series-7/?afid=p238%7CsUddUdUXd-dm_mtid_20925qtb42335_pcrid_571113956391_pgrid_130165756274_&amp;cid=wwa-us-kwgo-watch-slid---Brand-AppleWatchSeries7-newyear-", "time": 1642493258.0, "sentiment": "Bullish"}, {"id": 427462071, "text": "$AAPL this stock is sexy!", "time": 1642493199.0, "sentiment": ""}, {"id": 427462062, "text": "$FUBO Not to feed into it, but $AAPL has the cash to buy it even double the current market cap and gives them a true \u201cSports Streaming Platform\u201d, an international presence (read \u201csoccer/futbol\u201d), and an interface for Live that\u2019s as good as any without even making a dent in their cash reserves. Not saying it\u2019s happening, but ask me a few months from now and it could be a serious option. Inflation means your cash on the sidelines loses value, companies will put theirs to work if they see a positive return from it in the long run.", "time": 1642493194.0, "sentiment": "Bullish"}, {"id": 427461995, "text": "$AAPL AAPL 2022-01-16 Largest Trades Data: \nhttps://www.youtube.com/watch?v=MglgCb8wofM", "time": 1642493167.0, "sentiment": ""}]