[{"id": 427549815, "text": "$AAPL Simulated 175.0C for Tuesday&#39;s open on StockOrbit. \n https://apps.apple.com/us/app/stockorbit/id1541560646", "time": 1642536061.0, "sentiment": ""}, {"id": 427548953, "text": "$AAPL $QQQ $SPY \nApple price target raised at Deutsche Bank as growth estimates are too low. ... Apple (AAPL) shares are down almost 1.5% to $170.58 in pre-market trading on Tuesday. Loop Capital recently raised its price target on Apple (AAPL) to $210, tying a Wall Street high, on near-term iPhone strength.", "time": 1642535954.0, "sentiment": "Bullish"}, {"id": 427548333, "text": "$AAPL Should buy $RBLX    $ATVI $MSFT", "time": 1642535843.0, "sentiment": ""}, {"id": 427547014, "text": "$AAPL \n\nWhen you see analysts raise PT to 200, the market is not reacting to it.\n\nRelax not so fast .. Analysts are like Doctors .. that prescribed medicine ..\n\nHow long it will react? It will react for couple of days or weeks to finally see the results.\n\nSame concept..\n\nNo need to panic!", "time": 1642535627.0, "sentiment": "Bullish"}, {"id": 427546528, "text": "$DJIA $BA $AAPL  Sell first not last. Are we breaking 200 MA today or this week? US 10 year yield hikind, FED maneuvering. customer markets plumging. You can not ell first anymore but do not be last :D", "time": 1642535532.0, "sentiment": "Bearish"}, {"id": 427546415, "text": "$AAPL mega fall today", "time": 1642535512.0, "sentiment": "Bearish"}, {"id": 427545413, "text": "$AAPL Deutsche Bank raises PT to $200 from $175", "time": 1642535333.0, "sentiment": "Bullish"}, {"id": 427545398, "text": "$AAPL       \ud83c\udf4f PT Raised:  $200.  Very Nice, on a \u201cDown Open Morning\u201d.", "time": 1642535330.0, "sentiment": ""}, {"id": 427545119, "text": "$AAPL $MSFT $ATVI Make sure you catch this 3 part series on Stock Price Movement and Patterns\u2026 it\u2019s how we have predicted these moves and more!\n\nhttps://youtu.be/ZrSJjR0qOmc", "time": 1642535283.0, "sentiment": ""}, {"id": 427544664, "text": "$VIAC retails shares stolen PM. $aapl should just announce, take away MSFT&#39;s thunder.", "time": 1642535195.0, "sentiment": ""}, {"id": 427543310, "text": "everyone buy $RBLX that is going to be the next monster acquisition. RBLX makes Activision look like a useless acquisition. Any potentials could be $FB $AAPL and many more. It is going to be monstrous. You will thank me.", "time": 1642534939.0, "sentiment": "Bullish"}, {"id": 427542991, "text": "$AAPL idea shown to members over the weekend @ www.elliottwave-forecast.com right side is bullish on higher time frames.  We only like to buy it in 3, 7 or 11 swing at the blue boxes.   We still favour lower to take place before the blue box equal leg is hit, which can play a part in dragging world indices lower in the sessions to come.    #Elliottwave #Trading #stocks", "time": 1642534877.0, "sentiment": ""}, {"id": 427542986, "text": "$AAPL Bargain prices anywhere near $170.", "time": 1642534876.0, "sentiment": ""}, {"id": 427542938, "text": "$RBLX again markets are currently down &gt;1%. If the markets turn green then we will be over $85+. RBLX has over 50 million users btw ages 4-15. How much is that worth to $fb $AAPL $WMT $goog ? The meta verse will be here before everyone know it!  These companies gotz to start moving. Hopefully by March we can get back over $100 again.", "time": 1642534868.0, "sentiment": "Bullish"}, {"id": 427542460, "text": "$AAPL Apple upgraded to $200 by Duesth Bank.  Load and wait.", "time": 1642534779.0, "sentiment": ""}, {"id": 427542180, "text": "$AAPL this will be green momentarily", "time": 1642534724.0, "sentiment": ""}, {"id": 427542030, "text": "@allen4prez $aapl. Wait for it.", "time": 1642534694.0, "sentiment": ""}, {"id": 427541815, "text": "$VIAC $msft buying $ATVI ... your turn $aapl.", "time": 1642534655.0, "sentiment": ""}, {"id": 427541224, "text": "@crude_bang Why do people even compare $SE to $AAPL? This makes no sense at all. No similar market cap, no similar products and even not the same sector/industry", "time": 1642534545.0, "sentiment": ""}, {"id": 427541161, "text": "$AAPL", "time": 1642534533.0, "sentiment": ""}, {"id": 427540633, "text": "$AAPL let apple buy unisoft now", "time": 1642534434.0, "sentiment": "Bullish"}, {"id": 427540491, "text": "$RBLX getting sympathy bid up on $ATVI news and rightfully so. So now what? $GOOGL $AAPL $FB buys $RBLX. $RBLX headed to $100 and fast!", "time": 1642534410.0, "sentiment": "Bullish"}, {"id": 427540101, "text": "$RBLX hold your shares. If markets turn green then $85+ today. There are a lot of companies out there that aren\u2019t going to make the same mistake they did in the late 1990\u2019s when they didn\u2019t get into the internet. They will jump into the meta verse blindly and buy all meta related companies! Minecraft + activison makes $msft very strong \ud83d\udcaa. What are $aapl, $fb, $goog going to do now? Lol go on buying spree!! Lol", "time": 1642534338.0, "sentiment": ""}, {"id": 427539781, "text": "$ARKK $roku $tdoc good morning Vietnam!\nActually, it looks bad across the board for all tech stocks, even $AAPL and $AMZN are looking rough.  \n\nI Would like to remind my followers that it doesn\u2019t matter if your stocks drop 20 or 90%, you have not lost a dime unless you sell in a panic.  What\u2019s old is new and vice versa, so buy what you like and hold on to it. Arkk is not invested in Penny Stocks, these companies are leaders in their fields of innovation and most have market caps over $10 billion dollars so they are not going out of business, only down into deep value for additional reversal profit. \n\nMy advice is to average in at these low levels and stay out of the Margin so you can hold on until all of your money is returned to you. Perhaps you may even make a buck or two if you are patience. \n\nWhat ever you do, take it easy and abide.", "time": 1642534287.0, "sentiment": "Bullish"}, {"id": 427538870, "text": "$AAPL we crashing yet long terms puts want to see money", "time": 1642534136.0, "sentiment": ""}, {"id": 427538715, "text": "$RBLX $MSFT BUYING $ATVI\u2026so $AAPL CaN BUY $RBLX ??? Let the rumors reign", "time": 1642534106.0, "sentiment": "Bullish"}, {"id": 427538044, "text": "$SPY $QQQ $TSLA $AAPL\n\nwill the fed backed bull step in today and buy these \u201ccheapies?\u201d", "time": 1642533967.0, "sentiment": ""}, {"id": 427537456, "text": "$AAPL Call options this morning. Just might..", "time": 1642533838.0, "sentiment": ""}, {"id": 427537178, "text": "Tech Is Getting Slammed Again. Why Apple, Tesla, and 11 Other Stocks Remain Buys.  $AAPL $MSFT $TSLA $LICY $ZS \n\nhttps://newsfilter.io/a/e4c3c4eeee8910e46010e2f997975a84", "time": 1642533778.0, "sentiment": ""}, {"id": 427536993, "text": "$SLRX $CRSP $MKD $AAPL $ARKK", "time": 1642533742.0, "sentiment": "Bullish"}]