[{"id": 427536881, "text": "$AAPL raising targets to sell the bags \ud83d\ude05", "time": 1642533717.0, "sentiment": "Bearish"}, {"id": 427536390, "text": "$AAPL $GOOGL U.S. Senate panel to debate app store reform bill -  Reuters\n\nhttp://ooc.bz/l/90913", "time": 1642533618.0, "sentiment": ""}, {"id": 427535983, "text": "$AAPL take profits, gonna drop below $169", "time": 1642533527.0, "sentiment": "Bearish"}, {"id": 427535363, "text": "$NVDA $AAPL $TSLA $QQQ bids set.", "time": 1642533382.0, "sentiment": "Bullish"}, {"id": 427535184, "text": "$VERB \nThis guy David Meltzer who just signed the deal w/$AAPL tv &amp; has a show on $AMZN  prime is Verb&#39;s new producer to produce shoppable streaming content w/verb.  When you are watching a streaming show or a commercial online, Verb is making those shoppable where all you have to do if you to buy the actors pants is click on them, the hat click on it.  With the launch of their new ecommerce live streaming website &quot;Market&quot;\nhttps://youtu.be/c5xKOK6VhZg\n\n the entire $SPY  can shit the bed but this stock  is trading under replacement value when the site launches\n\nThe assets verb built last year &amp; now thanks to recent finance verb will be launching imminently a string of promo shopping streaming events...the stock will show to be at a minimum 10 bucks undervalued \n\nAlso moving in premarket trade bunking the down market today is $BBIG . its up 100% off the bottom so will new buying over profit takers i dont know. I own 2.30 looking for 5 really but holding just in case we do something crazy", "time": 1642533345.0, "sentiment": ""}, {"id": 427534885, "text": "$QCOM $AAPL $AMZN TNX is ripping and over 1.8 thats killing these.  Charts looks great on QCOM but no help form rates", "time": 1642533276.0, "sentiment": ""}, {"id": 427534769, "text": "$AAPL hey stonk, go up. Or else", "time": 1642533248.0, "sentiment": "Bullish"}, {"id": 427534443, "text": "The industry average ROA is 5.50%. $AAPL outperforms 97% of its industry peers. https://www.chartmill.com/stock/analyzer/stock/AAPL?view=fundamental-analysis&amp;key=bb853040-a4ac-41c6-b549-d218d2f21b32&amp;utm_source=stocktwits&amp;utm_medium=FA&amp;utm_content=AAPL&amp;utm_campaign=social_tracking", "time": 1642533180.0, "sentiment": ""}, {"id": 427534353, "text": "$MSFT $AAPL got upgrade.. MSFT is going to get upgrades soon", "time": 1642533156.0, "sentiment": "Bullish"}, {"id": 427534091, "text": "$DWAC $WISA $BBIG $AAPL $TSLA  \n\nSee profile to get access to free training info and videos I used to learn\ud83c\udf7b \n\nAll full members get access to \n\u2705 my custom chart settings and access\n\u2705all my custom Thinkorswim intraday scans and daily scans\n\u2705live alerts on the top stocks and options everyday!!", "time": 1642533097.0, "sentiment": ""}, {"id": 427533890, "text": "$SPY $QQQ $IWM  \n \nHeavy puts on Friday told the story of what this week will be like... \n \nhttps://twitter.com/MeisaBonelli/status/1483134882595459072?s=20 \n \n$TSLA $AAPL", "time": 1642533052.0, "sentiment": ""}, {"id": 427533682, "text": "$AAPL latest rating from Deutsche Bank on 2022-01-18, setting target price at: USD 200.00 with a rating of . StockTargetAdvisor&#39;s own view is Slightly Bullish  with an average target price of USD 172.98. Details: https://www.stocktargetadvisor.com/stock/USA/NSD/AAPL", "time": 1642533001.0, "sentiment": ""}, {"id": 427533073, "text": "$AAPL \ud83c\udf7f", "time": 1642532856.0, "sentiment": ""}, {"id": 427533050, "text": "$AAPL thought we lived in a free country https://9to5mac.com/2022/01/18/possibility-of-huge-changes-to-app-store/ \ud83d\ude44\ud83e\udd23\ud83d\udcc8\ud83d\udcc8\ud83d\udcc8\ud83d\udcc8\ud83d\udcc8\ud83d\udcc8\ud83d\udcc8\ud83d\udcc8\ud83d\udcc8\ud83d\udcc8\ud83d\udef0\ud83d\udef0\ud83d\udef0\ud83d\udef0\ud83d\udef0\ud83d\ude97\ud83d\ude97\ud83d\ude97\u2708\ufe0f\u2708\ufe0f\u2708\ufe0f\ud83d\udef0\ud83d\udef0\ud83d\udef0\ud83d\udef0\ud83d\udef0", "time": 1642532850.0, "sentiment": "Bullish"}, {"id": 427532765, "text": "$AAPL \n\nThe argument for market is drunk is true.\n\nWhy?\n\nIf you look at the past trend at the old higher yield rate, the market was fine at that time.\n\nNow, it is not fine. Practically the market is absent minded about the past.\n\nOnce time goes on, the pain goes away and the market will rise ..\n\nSo AAPL will do fine no matter what.\n\nWhy?  Profit, dividends and buybacks. And use this kind as dipping mode.", "time": 1642532778.0, "sentiment": "Bullish"}, {"id": 427532676, "text": "$AAPL AAPL 2022-01-16 Largest Trades Data: \nhttps://www.youtube.com/watch?v=MglgCb8wofM", "time": 1642532767.0, "sentiment": ""}, {"id": 427532336, "text": "$NOK $AAPL $ERIC NEW ARTICLE : Ericsson sues Apple again for infringement of 5G patents licensing https://seekingalpha.com/news/3788601-ericsson-sues-apple-again-for-infringement-of-5g-patents-licensing?utm_source=stck.pro&amp;utm_medium=referral", "time": 1642532698.0, "sentiment": "Bullish"}, {"id": 427532295, "text": "$SPY $AAPL How do these clown analysts expect this to keep up with pandemic like growth and maintain sales at the projected levels.  I&#39;d say 2 years of sales were pulled forward.  This is a Cathie Wood type pandemic play in megacap form, bloated valuation on historical basis, I expect massive misses all 2022.", "time": 1642532687.0, "sentiment": "Bearish"}, {"id": 427531520, "text": "Last week we smashed $AAPL $DIS and $TSLA \u2026 y\u2019all ready for this weeks plays? \nWe offer our followers a FREE Course, LIVE ACCESS, and our alerts! See next post below for your ST Room access!", "time": 1642532522.0, "sentiment": ""}, {"id": 427531498, "text": "$AAPL just bought a small trading position. Will add to it in further dip", "time": 1642532517.0, "sentiment": "Bullish"}, {"id": 427530734, "text": "$AAPL GET THESE OUT OF THE MONEY, CHOP CHOP \ud83d\udc4f. Your premiums are mine bulls! I have a handful of puts too", "time": 1642532409.0, "sentiment": "Bearish"}, {"id": 427530476, "text": "$AAPL y\u2019all see max pain this week is starting at 155? Lol", "time": 1642532344.0, "sentiment": ""}, {"id": 427529664, "text": "$GGPI $AAPL v $TSLA? https://seekingalpha.com/news/3788026-apple-vs-tesla-can-the-worlds-most-valuable-company-compete-against-elon-musk?lctg=60daf3d6fc783754fa13d425&amp;mailingid=26399757&amp;messageid=wall_street_breakfast&amp;serial=26399757.1466531&amp;userid=54565036&amp;utm_medium=email&amp;utm_source=seeking_alpha", "time": 1642532104.0, "sentiment": "Bullish"}, {"id": 427529630, "text": "$MSFT $AAPL nothing has changed", "time": 1642532096.0, "sentiment": "Bullish"}, {"id": 427529463, "text": "$AAPL over 170.90 we start to fill the gap up", "time": 1642532047.0, "sentiment": "Bullish"}, {"id": 427529356, "text": "$AAPL the safest investment on earth\ud83c\udf4f\nBest hedge against 20 to 30% inflation \ud83c\udf4f\nHighly creative company with major innovations on its way\ud83c\udf4f\n\ud83d\udc41\u2764\ufe0f\ud83c\udf4f", "time": 1642532006.0, "sentiment": "Bullish"}, {"id": 427528395, "text": "$AAPL \n\nDid Dan Ives of Wedbush raise his price target to $300 yet?\n\nMaybe tomorrow?", "time": 1642531706.0, "sentiment": ""}, {"id": 427527404, "text": "$AAPL big gap to fill up probably make it\u2019s way back up before open if not at open", "time": 1642531408.0, "sentiment": "Bullish"}, {"id": 427527292, "text": "$AAPL \n\nLol GS just failed and missed the expectations \n\nThis will be rotation to tech stocks again .. !! \n\nThis is same old FUD news about yield and oil. In the past, the market is ok with that rate but now they are not ok .. it\u2019s such an irony !!\n\nIt\u2019s nothing new .. we should be patient and I don\u2019t see any reason you need to be afraid of. Just buy and hold.", "time": 1642531368.0, "sentiment": "Bullish"}, {"id": 427527135, "text": "Still have the two levels on $AAPL to content with. A break below 170 gets use cloer to that -10%", "time": 1642531322.0, "sentiment": ""}]