[{"id": 427597547, "text": "$AAPL the markets are punished on a daily basis lately?  inflation?  Pandemic?  Republicans?", "time": 1642541024.0, "sentiment": ""}, {"id": 427597172, "text": "$AAPL weak can\u2019t even drop 1-2%", "time": 1642540984.0, "sentiment": ""}, {"id": 427595620, "text": "$EA maybe $FB $AAPL or $GOOG will buy out EA.", "time": 1642540813.0, "sentiment": ""}, {"id": 427595438, "text": "$AAPL my $173 account is now $1,878 with todays scalp gains  of $240 in 3 min. $SPY .. easy money", "time": 1642540793.0, "sentiment": ""}, {"id": 427595259, "text": "$aapl our little brother $tsla is up 180 points, so i am very confident we ll end the week green .", "time": 1642540773.0, "sentiment": "Bullish"}, {"id": 427594355, "text": "$AAPL thats the sound of a thousand bear dreams being shattered.", "time": 1642540687.0, "sentiment": ""}, {"id": 427593587, "text": "You Ask, We Analyze: Why Apple Stock May Remain Volatile Heading Into Fed Meeting, Monthly Opex $AAPL https://www.benzinga.com/trading-ideas/technicals/22/01/25086939/you-ask-we-analyze-why-apple-stock-may-remain-volatile-heading-into-fed-meeting-monthly-", "time": 1642540614.0, "sentiment": ""}, {"id": 427593072, "text": "$RBLX $AAPL buy $RBLX", "time": 1642540564.0, "sentiment": "Bullish"}, {"id": 427592177, "text": "$AAPL WEDBUSH- STREET IS UNDERESTIMATING THE UPCOMING TECH EARNINGS NEXT WEEK AND WUEL A RALLY IN TECH STOCKS despite overdone fears of fed tightening", "time": 1642540482.0, "sentiment": "Bullish"}, {"id": 427591823, "text": "$AAPL", "time": 1642540446.0, "sentiment": "Bullish"}, {"id": 427591759, "text": "The industry average ROA is 5.50%. $AAPL outperforms 97% of its industry peers. https://www.chartmill.com/stock/analyzer/stock/AAPL?view=fundamental-analysis&amp;key=bb853040-a4ac-41c6-b549-d218d2f21b32&amp;utm_source=stocktwits&amp;utm_medium=FA&amp;utm_content=AAPL&amp;utm_campaign=social_tracking", "time": 1642540440.0, "sentiment": ""}, {"id": 427590102, "text": "$V Amazon is back in action! hope you didn&#39;t believe the news! bargain tactics. $MA $AAPL $SBUX $WEN  \n \nhttps://gizmodo.com/amazon-simmers-down-says-it-won-t-block-visa-credit-ca-1848373945", "time": 1642540293.0, "sentiment": "Bullish"}, {"id": 427590075, "text": "$AAPL NEW ARTICLE : Lawmakers eye Big Tech legislation in 2022, prepare to debate antitrust bills https://www.stck.pro/news/AAPL/21524573", "time": 1642540291.0, "sentiment": ""}, {"id": 427589826, "text": "$AAPL everything else is green, Apple will be soon", "time": 1642540270.0, "sentiment": ""}, {"id": 427589051, "text": "$AAPL \ud83d\ude80", "time": 1642540203.0, "sentiment": "Bullish"}, {"id": 427588945, "text": "$AMD $AAPL $NDX $MSFT. So, yay, we get to wait for ERs til u can get to 10800 to 10200 , nasdaq ? \n\nFine by me \n\n25, 27, 31, 25", "time": 1642540194.0, "sentiment": ""}, {"id": 427587683, "text": "$AAPL is that it bear? Lord I was hopping bigger dip to load up.. weak asss drop , weak bear $SPY", "time": 1642540081.0, "sentiment": ""}, {"id": 427587669, "text": "$MSFT this mf can\u2019t lose\u2026look it fuck stick pick some up below 310.  Cannot lose owning $MSFT $AAPL", "time": 1642540080.0, "sentiment": "Bullish"}, {"id": 427587611, "text": "$AAPL green green green today!!!", "time": 1642540075.0, "sentiment": ""}, {"id": 427587562, "text": "$CGC Looks like the socialist democrats &quot;ALL OR NOTHING&quot; strategy is working \ud83d\ude02\ud83d\ude02\ud83d\ude02 when it comes to passing bill that will benefits USA.  NO CLIMATE BILL, NO MARIJUANA BILL, NO ECONOMIC REFORM unless EXPENSIVE SOCIALIST BS pass as well... ITS WORKING \ud83e\udd23\ud83e\udd23\ud83e\udd23 nothing done in this PANDEMIC \ud83e\udd71\ud83e\udd71\ud83e\udd71 \n \nTHEY ARE MAKING A BAD SITUATION WORST FOR EVERYBODY. now everything on the brink of being ruin. \n \ntiming is everything asking for more FREEBIES and insisting to have them otherwise nothing will be done &quot;ALL OR NOTHING&quot; works well in ruining the lives of everybody... GOOD JOB SOCIALIST, can&#39;t wait to fire all of you in the coming elections. \n \ncc $MSFT $TSLA $TLRY $AAPL", "time": 1642540071.0, "sentiment": ""}, {"id": 427587483, "text": "$SBUX look at the RSI!!!!!!!! its jump off the golden gate bridge!!! BUY $V $MA $AAPL $WEN", "time": 1642540064.0, "sentiment": "Bullish"}, {"id": 427587469, "text": "$AAPL can we see green today ?", "time": 1642540063.0, "sentiment": "Bullish"}, {"id": 427586825, "text": "$AAPL Looking for 140-45 post earnings", "time": 1642540013.0, "sentiment": "Bearish"}, {"id": 427586561, "text": "$AAPL volatility is off the charts", "time": 1642539993.0, "sentiment": "Bullish"}, {"id": 427585763, "text": "$AAPL a dip?  volume  low ...what o do with this dip? LOL", "time": 1642539928.0, "sentiment": ""}, {"id": 427585462, "text": "@CH89 not sure but I know $MSFT and $AAPL next week. I&#39;m using some special ETFs.", "time": 1642539904.0, "sentiment": ""}, {"id": 427585404, "text": "$CLOV no large corps who benefit from slave labor in China give a flying fk about anything other than profits either.  Right $NKE $AAPL ?", "time": 1642539900.0, "sentiment": ""}, {"id": 427585033, "text": "$DIS Doing as expected-  now let\u2019s see $AAPL make the move I also expect", "time": 1642539866.0, "sentiment": "Bullish"}, {"id": 427584640, "text": "@Riverking77 who gives a fkkk?! $NKE $AAPL and many more dont care either", "time": 1642539827.0, "sentiment": ""}, {"id": 427584592, "text": "$AAPL $160 this week! You have been warned", "time": 1642539822.0, "sentiment": "Bearish"}]