[{"id": 427506126, "text": "$AAPL what should he do? \ud83e\udd23\ud83e\udd23\ud83e\udd23 are you paying attention to his agenda? It\u2019s all bs and designed to buy Dem votes. Simple as that. I don\u2019t want to be like ever other socialist country. I want to be better. Blocked for ignorance.", "time": 1642521306.0, "sentiment": ""}, {"id": 427506116, "text": "Looking at the yearly performance, $AAPL did better than 90% of all other stocks. https://www.chartmill.com/stock/analyzer/stock/AAPL?key=bb853040-a4ac-41c6-b549-d218d2f21b32&amp;utm_source=stocktwits&amp;utm_medium=TA&amp;utm_content=AAPL&amp;utm_campaign=social_tracking", "time": 1642521300.0, "sentiment": ""}, {"id": 427505995, "text": "$MSFT $AAPL $FB $GOOG $AMZN. \nBears act like the whales will stop buying those companies. \nJust buy the dip, that\u2019s simple", "time": 1642521207.0, "sentiment": "Bullish"}, {"id": 427505875, "text": "$SPY $AAPL $arkk $tsla $QQQ  bulls checking their OTM calls be like:", "time": 1642521116.0, "sentiment": "Bearish"}, {"id": 427505460, "text": "$SPY $QQQ $AAPL Will the Fruit Generals mandate Pan relationships only?\n\n iHAL9000 on Tap\n\nGot Dictators?", "time": 1642520830.0, "sentiment": ""}, {"id": 427505389, "text": "$AAPL look at the  history of the  ten year yield rate. At 2% it\u2019s historically low. At 3% it\u2019s historically low. What is wrong with the market is the new investor only sees 1  day ahead. Idiotic.", "time": 1642520788.0, "sentiment": ""}, {"id": 427505198, "text": "$AAPL \ud83e\udd22", "time": 1642520651.0, "sentiment": "Bullish"}, {"id": 427505195, "text": "$AAPL all you turds talking about Joe Biden when each president has blown  a hole in our budget should stfu. I don\u2019t like Biden but what should he do, make the fed keep rates low so you can make a few thousands of dollars. Stfu", "time": 1642520650.0, "sentiment": "Bullish"}, {"id": 427505128, "text": "$AAPL doubters to believers..\n \ud83e\udd1e\ud83e\uddf8\n\n$TSLA $MARA $FB", "time": 1642520603.0, "sentiment": "Bearish"}, {"id": 427505073, "text": "$AAPL joe bidens economy!", "time": 1642520569.0, "sentiment": ""}, {"id": 427505008, "text": "$AAPL NEW ARTICLE : Apple: Digital Key on its Way to Hyundai Cars https://www.stck.pro/news/AAPL/21512387", "time": 1642520531.0, "sentiment": ""}, {"id": 427504870, "text": "$AAPL if you voted for joe let me tell you as nicely as I can . Each voter destroyed america", "time": 1642520428.0, "sentiment": ""}, {"id": 427504720, "text": "$AAPL you want to change voting rights so we call all be dumb like liberals . Way to go left nice economy get your booster and wear a mask and shut up. Trillion dollars no test. What no city burning.", "time": 1642520325.0, "sentiment": "Bearish"}, {"id": 427504529, "text": "$AAPL $BBIG no you\u2019re a past mature overripe fruit. And a total idiot . And blocked", "time": 1642520198.0, "sentiment": ""}, {"id": 427504525, "text": "$AAPL symbol is trending\u2026.\n\nPoorly", "time": 1642520194.0, "sentiment": ""}, {"id": 427504437, "text": "$AAPL you should own and work for a growth company like $BBIG\n\nNO MANDATES EITHER\n\nAPPLE IS PAST MATURE\nOVERRIPE FRUIT", "time": 1642520123.0, "sentiment": ""}, {"id": 427504171, "text": "$AAPL shouldn\u2019t even be red today", "time": 1642519951.0, "sentiment": ""}, {"id": 427504144, "text": "$MARA no signs of recovery. \n\nEverything going as planned.\ud83e\uddf8\ud83e\udd1e\n\nLovely.\n\n$AAPL $GREE $FB", "time": 1642519938.0, "sentiment": "Bearish"}, {"id": 427504014, "text": "$SPY $QQQ LOLLLLLLLLL\nOK DROP ANCHOR\n\nHEY YOU SCRATCHED MY ANCHOR!!!\n\n$AAPL", "time": 1642519848.0, "sentiment": ""}, {"id": 427503772, "text": "$GREE now u know..\ud83e\udd1e\ud83e\uddf8\n\n$AAPL $MARA", "time": 1642519687.0, "sentiment": "Bearish"}, {"id": 427503505, "text": "$AAPL \n\nHits down $4, might see a real Biden Bear Bust even lower.\n\nPutin is going in and Ukraine in NATO was always a moron US strategy.", "time": 1642519535.0, "sentiment": ""}, {"id": 427503388, "text": "$AAPL now u know..\ud83e\udd1e\ud83e\uddf8", "time": 1642519455.0, "sentiment": "Bearish"}, {"id": 427503316, "text": "$AAPL the 3T milestone was the end", "time": 1642519406.0, "sentiment": ""}, {"id": 427503004, "text": "$AAPL welcome to new bag holder orientation", "time": 1642519194.0, "sentiment": ""}, {"id": 427502654, "text": "If you kill someone in the metaverse, do you get arrested in real life?\n\n$FB $MANA.X $SPY $QQQ $AAPL", "time": 1642518950.0, "sentiment": ""}, {"id": 427502088, "text": "$AAPL What Name Could Apple Assign To Its Highly-Anticipated Mixed Reality Headset? \n\nhttps://newsfilter.io/a/3b55b1af19abab336f2ea13ec9664847", "time": 1642518535.0, "sentiment": ""}, {"id": 427501841, "text": "$AAPL \n\nBiden can\u2019t stop Putin.\n\nRaise price targets all you want.\n\nBear Market Joe.", "time": 1642518370.0, "sentiment": ""}, {"id": 427501374, "text": "$AAPL Simulated 175.0C for Tuesday&#39;s open on StockOrbit. \n https://apps.apple.com/us/app/stockorbit/id1541560646", "time": 1642518061.0, "sentiment": ""}, {"id": 427500922, "text": "Hell yea, bears love this zhit ... https://www.cnbc.com/2022/01/18/us-bonds-10-year-treasury-yield-jumps-to-2-year-high-topping-1point83percent.html?__source=newsletter%7Cbreakingnews $tsla $f $ccl $aal $aapl ...", "time": 1642517638.0, "sentiment": "Bearish"}, {"id": 427500161, "text": "$AMD $NVDA $AAPL $MSFT hold meeeeee", "time": 1642516782.0, "sentiment": ""}]