[{"id": 427526924, "text": "Deutsche Bank hikes price target for Apple, sees more than 15% upside\n$AAPL https://www.cnbc.com/2022/01/18/deutsche-bank-hikes-price-target-for-apple-sees-more-than-15percent-upside-for-tech-giant.html?__source=iosappshare%7Ccom.stocktwits.StockTwits.STShareExtension", "time": 1642531260.0, "sentiment": ""}, {"id": 427526770, "text": "Well\u2026on this week\u2019s episode of market drama\ud83c\udf7f bonds mooning\ud83d\udcc8 causing beartivities\ud83d\udcc9 in crypto &amp; equities\ud83d\udc40\n\n*U.S. 10-YEAR TREASURY YIELD JUMPS TO 2-YEAR HIGH, TOPPING 1.85% \n\n*NASDAQ 100 FUTURES TUMBLE AS TREASURY YIELDS SURGE TO PRE-PANDEMIC LEVELS\n\n$spy $arkk $btc.x $tsla $aapl", "time": 1642531213.0, "sentiment": ""}, {"id": 427526766, "text": "@OptionsPlayers I agree loading up on $AAPL AND $DIS", "time": 1642531212.0, "sentiment": "Bullish"}, {"id": 427526169, "text": "$AAPL $DIS $NUGT Buying the dip", "time": 1642531025.0, "sentiment": "Bullish"}, {"id": 427525758, "text": "$AAPL piece of shet lol lol", "time": 1642530915.0, "sentiment": ""}, {"id": 427525661, "text": "Apple&#39;s PT raised by Deutsche Bank Aktiengesellschaft to $200.00. https://www.marketbeat.com/r/1700440 $AAPL", "time": 1642530880.0, "sentiment": ""}, {"id": 427525395, "text": "$AAPL who farted in the market today?", "time": 1642530814.0, "sentiment": ""}, {"id": 427524980, "text": "$AAPL $MSFT the great decline of financials and cyclicals\u2026. Rotation back to GARP like msft and aapl Goldman Sachs shares decline after fourth-quarter earnings miss estimates https://www.cnbc.com/2022/01/18/goldman-earnings-4q-2021.html?__source=iosappshare%7Ccom.apple.UIKit.activity.CopyToPasteboard", "time": 1642530698.0, "sentiment": "Bullish"}, {"id": 427523042, "text": "$AAPL NEW ARTICLE : Read Why Deutsche Bank Remains Bullish On Apple; Bumps Up Price Target BY 14% https://www.stck.pro/news/AAPL/21519755", "time": 1642530073.0, "sentiment": ""}, {"id": 427522497, "text": "$AAPL \n\nLol this is just overreaction to just small rates jump plus oil ..\n\nAgain this is clearly people are here to use that to buy dipping before recorded earnings.\n\nNothing new. They didn\u2019t want earning to go higher should if market ignores rates.\n\nActually rates 1.8 before pandemic  .. there were a lot of rallies and people were cheering in the past .. now people are panic ..\n\nCome on! It\u2019s just they want you to have fear again. Be patient !!", "time": 1642529862.0, "sentiment": "Bullish"}, {"id": 427522054, "text": "$AAPL piece of shit needs to open below $170", "time": 1642529679.0, "sentiment": "Bearish"}, {"id": 427521587, "text": "$AAPL Read Why Deutsche Bank Remains Bullish On Apple; Bumps Up Price Target BY 14% \n\nhttps://newsfilter.io/a/ab10e586348087c6e9fb6277a4cd36b9", "time": 1642529517.0, "sentiment": ""}, {"id": 427521408, "text": "$AAPL AAPL 2022-01-16 Technical Analysis Video: \nhttps://www.youtube.com/watch?v=BAnnG_dJL4Q", "time": 1642529465.0, "sentiment": ""}, {"id": 427521401, "text": "8.21% of insitutions would consider $AAPL a core holding, constituting over 8% of their portfolio https://insider-analysis.com/search_whales.php?ticker=TABLE_AAPL", "time": 1642529460.0, "sentiment": ""}, {"id": 427520826, "text": "$AAPL market is down", "time": 1642529232.0, "sentiment": "Bullish"}, {"id": 427520650, "text": "$AAPL blocked", "time": 1642529181.0, "sentiment": ""}, {"id": 427520469, "text": "$AAPL will probably dip some before then run market open", "time": 1642529128.0, "sentiment": ""}, {"id": 427520213, "text": "$AAPL Better to be here than airlines....", "time": 1642529035.0, "sentiment": "Bullish"}, {"id": 427519895, "text": "$AAPL price action last few minutes, clearly shows markets are manipulated", "time": 1642528935.0, "sentiment": ""}, {"id": 427519634, "text": "$AAPL Simulated 175.0C for Tuesday&#39;s open on StockOrbit. \n https://apps.apple.com/us/app/stockorbit/id1541560646", "time": 1642528856.0, "sentiment": ""}, {"id": 427519077, "text": "$AAPL \n\nNow 17% away from most new price targets and Earnings are next week, and still dropping?\n\nLotta talk but no buying?", "time": 1642528709.0, "sentiment": "Bullish"}, {"id": 427518347, "text": "$SPY what brings it down? I see $AAPL is still not in deep red..", "time": 1642528415.0, "sentiment": ""}, {"id": 427518324, "text": "$TSLA $AAPL \nAdd consistently on every corrections", "time": 1642528403.0, "sentiment": "Bullish"}, {"id": 427518194, "text": "$AAPL haha you brain dead\u2019s", "time": 1642528348.0, "sentiment": "Bullish"}, {"id": 427517284, "text": "$AMZN  volume is too low to justify this amount of drop. Don\u2019t get caught in a Bear trap. There is no reason to stay Red especially with the earnings around the corner. Just knew to say this once Buy the fcking dip. The 10 Year Yield with adjust itself. Don\u2019t underestimate the FAANG POWER. $FB $AAPL $AMZN $NFLX $GOOG", "time": 1642527989.0, "sentiment": "Bullish"}, {"id": 427517091, "text": "TECH STOCKS SHARPLY OVER LONG WEEKEND\nNumerous tech stocks take a hit over the weekend, with Tesla ($TSLA), Netflix ($NFLX), Apple ($AAPL),", "time": 1642527910.0, "sentiment": ""}, {"id": 427516895, "text": "$AAPL the pullback from the peak can reach $162.10- $152.80 area lower where buyers should be waiting to appear again #elliottwave #trading #stocks", "time": 1642527840.0, "sentiment": ""}, {"id": 427516646, "text": "$AAPL 1hr view from 1/14 Pre-Market update presented to members at elliottwave-forecast.com/ #elliottwave #trading #stocks", "time": 1642527751.0, "sentiment": ""}, {"id": 427516441, "text": "$AAPL #Apple video from 12 January looking at the #Elliottwave path https://www.youtube.com/watch?v=q1xLRP7d8LA  #trading #stocks", "time": 1642527650.0, "sentiment": ""}, {"id": 427516322, "text": "$AAPL Chart of The Day 12 January: #Apple can see further downside https://elliottwave-forecast.com/stock-market/elliott-wave-view-apple/  #elliottwave #trading #stocks", "time": 1642527602.0, "sentiment": ""}]