[{"id": 427612948, "text": "$AAPL \n\n\u203c\ufe0f\u203c\ufe0f Strong Buy Push \u203c\ufe0f\u203c\ufe0f \n\nEurope are rushing to buy \u2026 this month will be Boxing Day Month .. everyone is rushing to buy at discount before the close of EU day.\n\nExpect very strong buying .. \n\nLet\u2019s go!!", "time": 1642542660.0, "sentiment": "Bullish"}, {"id": 427612518, "text": "$AAPL Gap filled , time to fly!", "time": 1642542612.0, "sentiment": ""}, {"id": 427611630, "text": "$AAPL .", "time": 1642542513.0, "sentiment": "Bullish"}, {"id": 427611450, "text": "$SPY $AAPL Crash day imo is Jan 28th, an Apple miss and guidance drop...Can&#39;t wait to see the looks on analysts faces the next day, JPM was hilarious", "time": 1642542494.0, "sentiment": "Bearish"}, {"id": 427611290, "text": "$SPY $AAPL $BAC $MO $INTC Just keep buying; today. You can get some good companies for a discount.  These are the days to set yourself up for some good future gains. Just buy buy buy.", "time": 1642542475.0, "sentiment": ""}, {"id": 427611125, "text": "$AAPL Keep buying calls bulls", "time": 1642542457.0, "sentiment": "Bearish"}, {"id": 427610017, "text": "$AAPL                    NURO\n        FDA Breakthrough Designation \n          Trending in play now \u2026\u2026\u2026!", "time": 1642542335.0, "sentiment": "Bullish"}, {"id": 427609704, "text": "$SPY selling eased but absolutely no buyers st these levels $TICK pretty negative $AAPL holding up. $ARKK holding up w buyers\nOil up $UCO ?$DIA", "time": 1642542301.0, "sentiment": ""}, {"id": 427609428, "text": "$AAPL \n\nIt looks like a very strong movement of fund coming to US at discount rates .. in anticipation of earnings.\n\nEU will fight to keep discount rates. We must push this price action to higher.\n\nThat\u2019s why it\u2019s a very volatile market .. everyone is fighting for discount..\n\nIt\u2019s time to buy and hold.", "time": 1642542271.0, "sentiment": ""}, {"id": 427609382, "text": "$AAPL apple will end .5% green today", "time": 1642542265.0, "sentiment": "Bullish"}, {"id": 427608176, "text": "$AAPL $TSLA start moving lower it&#39;s going to get #Ugly $SPY $QQQ", "time": 1642542135.0, "sentiment": ""}, {"id": 427607764, "text": "$AAPL How about those call options on that dip, .20 contract profit.", "time": 1642542088.0, "sentiment": ""}, {"id": 427606265, "text": "$AAPL the pullback from the peak can reach $162.10- $152.80 area lower where buyers should be waiting to appear again #Elliottwave #Trading #Apple", "time": 1642541934.0, "sentiment": ""}, {"id": 427606202, "text": "$AAPL  \ud83c\udf4f European Closing Trade, begins in 10 mins.  You know the Drill, the Players.  Mkt/WallSt, won\u2019t show it \u201ctrue hand\u201d, until it puts Europe to bed at 11:30am/EDT.  Patience.  AAPL, is under \u201cStrong Accumulation\u201d this morning.", "time": 1642541927.0, "sentiment": "Bullish"}, {"id": 427606077, "text": "$AAPL 1hr view from 1/14 Pre-Market update presented to members at http://elliottwave-forecast.com #Elliottwave #Trading #Apple", "time": 1642541912.0, "sentiment": ""}, {"id": 427605833, "text": "$AAPL #Apple cotd video from 12 January looking at the #Elliottwave path https://youtube.com/watch?v=q1xLRP7d8LA  #Trading #Stocks", "time": 1642541887.0, "sentiment": ""}, {"id": 427605617, "text": "$AAPL Chart of The Day 1/12/2022 update. #Apple can see further downside https://elliottwave-forecast.com/stock-market/elliott-wave-view-apple/  #Elliottwave #Trading", "time": 1642541863.0, "sentiment": ""}, {"id": 427605456, "text": "$MSFT $AMZN $AAPL  \nNasdaq is at the bottom...nearing a reversal...could be today... \nThis is what I&#39;m hearing in the Industry...", "time": 1642541846.0, "sentiment": "Bullish"}, {"id": 427605050, "text": "$AAPL a lot of y\u2019all will get trap .. times to lock in gains from 2020-2021 bull run .  We will decide as vr  glass and apple car get closer .. that will be the new trend for it to have big run . Until then we will see lower highs and lower lows .  Trader like me isn\u2019t effected since I scalp intraday, learn some skills $SPY $QQQ", "time": 1642541799.0, "sentiment": "Bearish"}, {"id": 427603834, "text": "$AAPL ZzzZzzz more drop as the day comes .. careful", "time": 1642541671.0, "sentiment": "Bearish"}, {"id": 427603671, "text": "@Holako money are moving away from growth to value. Are they even profitable ? $AAPL to the rescue.", "time": 1642541654.0, "sentiment": "Bearish"}, {"id": 427603598, "text": "Apple $AAPL Stock Up to $2 Million Sold By Nancy Pelosi At End Of December: Nancy Pelosi\u2026 http://dlvr.it/SHLjw8", "time": 1642541646.0, "sentiment": ""}, {"id": 427602239, "text": "$SPY $QQQ $AAPL $TSLA GO JEROME GO!!", "time": 1642541504.0, "sentiment": ""}, {"id": 427601837, "text": "$AAPL dump", "time": 1642541457.0, "sentiment": "Bearish"}, {"id": 427601694, "text": "$AAPL not going down easy", "time": 1642541443.0, "sentiment": "Bullish"}, {"id": 427600717, "text": "$AAPL burn all bears", "time": 1642541341.0, "sentiment": ""}, {"id": 427600242, "text": "$AAPL lol .. I gonna love Europe coming back to us .. gonna kiss for their support !!", "time": 1642541292.0, "sentiment": "Bullish"}, {"id": 427600097, "text": "$AAPL  \ud83c\udf4f Opening Hour, Closing in 2 mins.  \nNasdaq, coming off LOD.", "time": 1642541280.0, "sentiment": "Bullish"}, {"id": 427599271, "text": "$AAPL higher lows .. now watch low of the day coming", "time": 1642541197.0, "sentiment": "Bearish"}, {"id": 427599079, "text": "$AAPL weak higher lower .. low of day coming", "time": 1642541177.0, "sentiment": "Bearish"}]