[{"id": 427584137, "text": "$AAPL \ud83c\udf4f\ud83d\udc4d", "time": 1642539777.0, "sentiment": ""}, {"id": 427583695, "text": "$AAPL \ud83c\udf4f\ud83c\udfc6", "time": 1642539730.0, "sentiment": ""}, {"id": 427583450, "text": "Good move or bad move? $AAPL in Uptrend: Stochastic indicator peaks and leaves oversold zone. View odds for this and other indicators: https://srnk.us/go/3334792", "time": 1642539708.0, "sentiment": ""}, {"id": 427583331, "text": "$AAPL watch this next bounce - should be a $1.50 move and flirt us near green", "time": 1642539698.0, "sentiment": "Bullish"}, {"id": 427581929, "text": "$AAPL apple is down less than $SPY\u2026 think about thag", "time": 1642539566.0, "sentiment": "Bullish"}, {"id": 427581684, "text": "$AAPL gap fill to 165 then buy", "time": 1642539543.0, "sentiment": "Bearish"}, {"id": 427581283, "text": "$AAPL \n\nShort attack trying to engage too early ..\n\nTsk tsk ..\n\nThis is good bear trap again !!", "time": 1642539504.0, "sentiment": "Bullish"}, {"id": 427580743, "text": "$MSFT MSFT is better at this price than $AAPL , $GOOG , $AMZN . Load MSFT", "time": 1642539456.0, "sentiment": "Bullish"}, {"id": 427580327, "text": "$AAPL 04-Feb-22 170 Puts Traded 5,149 Times for $1.9 Million in Premium. https://tinyurl.com/y535ruze", "time": 1642539416.0, "sentiment": ""}, {"id": 427579068, "text": "$AAPL Back to $180", "time": 1642539297.0, "sentiment": "Bullish"}, {"id": 427579051, "text": "$amzn $tsla $aapl dropping em\ud83d\udc47\ud83c\udffe! not stunting Putin and his Putin \ud83d\udca9", "time": 1642539296.0, "sentiment": "Bullish"}, {"id": 427578249, "text": "$AAPL These are now circa $14 discounted. Every fucker has raised PT to $200 or higher so grab a bargain.", "time": 1642539225.0, "sentiment": "Bullish"}, {"id": 427577965, "text": "&quot;Apple accounted for 22% of global smartphone shipments in Q4 2021, down from 23% in 2020, followed by Samsung (20%), Xiaomi (12%), Oppo (9%), and Vivo (8%).&quot; (via Canalys) \n \n$AAPL $SPY", "time": 1642539198.0, "sentiment": ""}, {"id": 427577727, "text": "$baba Good to see this price action, lost of HFT using the day but not a lot of real Sellers. \n \nIf the ER Date is correct than look at the time zone after 10:40, they may run some Buybacks as well today as all of tech is flushing out \n \n$aapl $jd $qqq $bidu", "time": 1642539177.0, "sentiment": ""}, {"id": 427577505, "text": "$AAPL New iPhone SE and iPad Air surface in regulatory database | AppleInsider https://appleinsider.com/articles/22/01/18/new-iphone-se-and-ipad-air-surface-in-regulatory-database", "time": 1642539158.0, "sentiment": ""}, {"id": 427577198, "text": "$AMD $NVDA $AAPL $GOOG \n\nPeople not buying as many phones, just no use for them , their iPhone 11 still does the job just fine for 3/4 customers.\nSame with Samsung? Do I really need an S21 when my S10 is perfectly good working? \nSpend $1000 on that, LOCK myself into a new 2-year contract ? \n\nWhat, do I have &#39;stupid&#39; written all over my face? \n\nMobile gaming, dying too, just not. much. growth.\nSame games, Candy Crush and Clash , just nothing real good new. So, let&#39;s say the word:", "time": 1642539131.0, "sentiment": ""}, {"id": 427576893, "text": "$AAPL time to go long", "time": 1642539105.0, "sentiment": ""}, {"id": 427576002, "text": "$AAPL \ud83c\udf4e \ud83c\udf4e \ud83c\udf4e how we looking? \ud83d\udc40", "time": 1642539023.0, "sentiment": ""}, {"id": 427575382, "text": "$AAPL trap?", "time": 1642538970.0, "sentiment": ""}, {"id": 427575029, "text": "$AAPL lol there we go", "time": 1642538936.0, "sentiment": ""}, {"id": 427574787, "text": "$AAPL  lining up very well for a run at 178 eow", "time": 1642538913.0, "sentiment": "Bullish"}, {"id": 427574782, "text": "$AAPL \n\nhttps://finance.yahoo.com/news/why-apple-is-a-200-stock-deutsche-bank-135256312.html", "time": 1642538913.0, "sentiment": "Bullish"}, {"id": 427574534, "text": "$AAPL \n\n Yikes \ud83d\udea8", "time": 1642538889.0, "sentiment": ""}, {"id": 427574477, "text": "$AAPL \ud83e\udd2e\ud83e\udd2e\ud83e\udd2e\ud83e\udd2e\ud83e\udd2e", "time": 1642538884.0, "sentiment": ""}, {"id": 427573651, "text": "$AAPL \n\nhttps://www.barrons.com/articles/tech-stocks-are-getting-slammed-apple-microsoft-tesla-51642512041", "time": 1642538808.0, "sentiment": "Bullish"}, {"id": 427572582, "text": "$AAPL \ud83c\udf4f\ud83d\udc47   Never,  a reliable Poster.", "time": 1642538720.0, "sentiment": ""}, {"id": 427572410, "text": "$AAPL do something today :) thanks", "time": 1642538703.0, "sentiment": "Bullish"}, {"id": 427572004, "text": "$AAPL omg AAPL done", "time": 1642538667.0, "sentiment": "Bearish"}, {"id": 427571573, "text": "When any one jawbone METAVERSE whatever ... I very well may re due diligence short the stock and put the cult followers on block \ud83d\udc3b\u2764\u2714\ud83d\ude08 $tsla $aapl $arkk $f $fb and more", "time": 1642538631.0, "sentiment": "Bearish"}, {"id": 427571261, "text": "$AAPL lmfao volatile asf bonds still sitting up there though\u2026", "time": 1642538605.0, "sentiment": ""}]