[{"id": 427560884, "text": "$AAPL iPhone Was the Most Popular Smartphone in Q4 2021 https://www.macrumors.com/2022/01/18/iphone-most-popular-smartphone-in-q4-2021/?fbclid=IwAR0w6wEszTfrk96-8UTKHGpHKstH_QFYZ1pDLFxFxrjMyL4yjXzGC167qiI", "time": 1642537588.0, "sentiment": ""}, {"id": 427560828, "text": "@GoodieGood $amzn $tsla $aapl time to buy for the future when it\u2019s bloody. Big opportunities with everything going on. Soon as it\u2019s done call ya point", "time": 1642537581.0, "sentiment": ""}, {"id": 427560816, "text": "$AAPL The first perfect market timer has yet to be born, that\u2019s why dollar cost averaging is the best way to build a position. \ud83c\udf4f", "time": 1642537580.0, "sentiment": ""}, {"id": 427559156, "text": "$amzn $tsla $aapl volume through the roof big buying or selling at open", "time": 1642537358.0, "sentiment": ""}, {"id": 427558640, "text": "$AAPL Bank earnings are for shit and $APPL is going to kill it \ud83d\ude02 \n \nLet all the dumbfucks rotate out of tech and into financials so long term dip buyers can buy shares like crazy right now and ride future rockets to the moon \ud83e\udd29\ud83e\udd73\ud83d\ude0e", "time": 1642537289.0, "sentiment": "Bullish"}, {"id": 427558370, "text": "$AAPL Did you hear, 10 year bond yields are going up a microscopic percent, so sell AAPL  or any other profitable tech, something only a lunatic would do. Check back, see how that works for you.", "time": 1642537251.0, "sentiment": ""}, {"id": 427558211, "text": "$CTXR Worst case scenario, trial gets completed towards the end of the year. In that case, we would have both E777 and Mino-Lok being sold by the beginning of 2024.  \nTwo products with exclusive rights AND close to no additional capital needed to maintain these products. \n***The small capital requirements of this business is also very attractive during inflationary times. Warren Buffet says the best businesses are those that require little capital. Ex. $GOOG , $AAPL , $MSFT , $FB . These companies earn billions on relatively small capital requirements. The same is true here once we get approved for this simple but life saving product.  \n \nIts all money in the bank after that.", "time": 1642537232.0, "sentiment": "Bullish"}, {"id": 427558006, "text": "$AAPL buy the dip....obvs \nhttps://www.cnbc.com/2022/01/18/deutsche-bank-hikes-price-target-for-apple-sees-more-than-15percent-upside-for-tech-giant.html", "time": 1642537205.0, "sentiment": "Bullish"}, {"id": 427557567, "text": "January 18, 2022 \n$SPY $460 to $461.50. over $461.50 to $463. Below $460 to $458 \n  \n$AAPL $170 to $171.50. Over $171.50 to $172.50. Below $170 to $169-$168.80 \n  \n$BA $222 to $224. Over $224 to $226. Below $222 to $220 \n  \n$NVDA $265 to $270. Over $270 to $273.50. Below $265 to $260-$258 \n  \n$AMD $135 to $137. Over $137 to $138.50. Below $135 to $133. Below $133 to $131.50", "time": 1642537143.0, "sentiment": ""}, {"id": 427557209, "text": "$ATVI $MSFT $QQQ $AAPL \n\nThese companies like Microsoft and Take Two Interactive are buying into a dying industry too; games are stale, boring. Candy Crush, Clash Royale, I mean, sure, you got the faithful playing still but how many candies can you place before you, finally, just say, &quot;Do I really like doing this so much?&quot;\n\nSo, your engagement time wanes, playing Candy Crush, and, just ANY iOS or Android Google phone games. \n\nI mean, it&#39;s America&#39;s prison,  what else spend money on? \n\nVR headsets, pedestrian at best, Metaverse is a joke.\n\nTruly, Microsoft made a BAD 68 BILLION PURCHASE now, ATVI languishing in $60 range, had internal sexual or something abuses inside company.\nIt is a bit poisonous environment, don&#39;t ya think, like CBS???\n\nBut, yeah, what&#39;s done is done, Microsoft just ruined their EPS and future income as this just IS NOT THE FUTURE to buy into.\n\nSorry, it&#39;s not.\n\nConsole gaming -6.6% sales though so these big companies slaking for REVENUE but looking for it in all...", "time": 1642537096.0, "sentiment": ""}, {"id": 427557038, "text": "$AAPL why these idiots try to pump when AAPL is falling ?", "time": 1642537073.0, "sentiment": "Bearish"}, {"id": 427556382, "text": "$AAPL why these idiots try to pump knowing that AAPL is falling ?", "time": 1642536977.0, "sentiment": "Bearish"}, {"id": 427556074, "text": "$U $rblx $atvi $aapl $goog someone will buy $u or/both $rblx", "time": 1642536939.0, "sentiment": ""}, {"id": 427555962, "text": "$TSLA $SPY $QQQ $AAPL \n\na live look at bulls....\ud83d\ude31\ud83d\udcc9\ud83e\ude78", "time": 1642536923.0, "sentiment": "Bearish"}, {"id": 427555682, "text": "$AAPL NEW ARTICLE : This Potential Metaverse Winner Is Down 13% in 2022, and It Is a Screaming Buy https://www.stck.pro/news/AAPL/21522095", "time": 1642536889.0, "sentiment": ""}, {"id": 427555440, "text": "$AAPL need a tech bounce today", "time": 1642536854.0, "sentiment": "Bullish"}, {"id": 427555410, "text": "$AAPL open green", "time": 1642536850.0, "sentiment": "Bullish"}, {"id": 427555097, "text": "$AAPL rising bulls\ud83d\udc4a\ud83c\udffc\ud83d\udc4a\ud83c\udffc\ud83d\udc4a\ud83c\udffc\ud83e\udd32\ud83c\udffb\ud83e\udd32\ud83c\udffb\ud83e\udd32\ud83c\udffb\u2764\ufe0f\u2764\ufe0f\u2764\ufe0f\u2764\ufe0f\u2764\ufe0f\u2764\ufe0f\ud83c\udf4f\ud83c\udf4f\ud83c\udf4f\ud83c\udf4f\ud83c\udf4f\ud83c\udf4f\ud83c\udf4f\ud83c\udf4f\ud83c\udf4f\ud83e\udd32\ud83c\udffb\u2764\ufe0f\u2764\ufe0f\u2764\ufe0f", "time": 1642536805.0, "sentiment": "Bullish"}, {"id": 427554840, "text": "$AAPL \n\nThis current price action is a bear trap ..\n\nI don\u2019t need to explain why \u2026 \n\nIt\u2019s very easy to spot !! Just do your thing - buy and hold \u2026. Nothing to worry and you do your own things today.\n\nGood luck ..", "time": 1642536772.0, "sentiment": "Bullish"}, {"id": 427553801, "text": "@glosoliys depends on a few factors like is it cash? Yes\nWill deal get approved , yes, govt will lose in court, will there be other bids , could be, but people will be hesitant to battle Microsoft with their huge cash balance and low interest rate access to unlimited capital , so no likely competitive bid other then maybe $AAPL who really doesn&#39;t do that at least historically $ATVI should  be trading at 93-94 so it&#39;s a tough call at 88 , spread is too high \n\nAt 88 I&#39;ll hold for guaranteed money at 93 + I would likely sell", "time": 1642536620.0, "sentiment": "Bullish"}, {"id": 427553507, "text": "$AAPL open greennnn\ud83c\udf4f\ud83c\udf4f\ud83c\udf4f\ud83c\udf4f\u2764", "time": 1642536579.0, "sentiment": ""}, {"id": 427553227, "text": "$SPY $QQQ $TSLA $AAPL\n\nGonna hedge my puts with calls, bears won\u2019t say it, but I will. We fear the fed backed bull &amp; powell\u2019s printer. \n\n\ud83d\udda8 \ud83d\udcb5 \ud83d\udcb5 \ud83d\udcb5 \ud83d\udcb5 \ud83d\udcb5 \ud83d\udcb5 \ud83d\udcb5 \ud83d\udcb5 \ud83d\udcb5 \ud83d\udda8", "time": 1642536538.0, "sentiment": ""}, {"id": 427552854, "text": "$QQQ $SPY  \n \nPuts are getting paid ALL WEEK. \n \n$AAPL $FB $AMD", "time": 1642536482.0, "sentiment": ""}, {"id": 427552681, "text": "$AAPL good way to start the short week", "time": 1642536460.0, "sentiment": ""}, {"id": 427552621, "text": "$LCID if you think $40B is even a lot to the Saudis, you just don\u2019t know what liquid cash is. They have more cash on hand than $AAPL $TSLA $MSFT $GOOG", "time": 1642536453.0, "sentiment": "Bullish"}, {"id": 427551971, "text": "$AAPL 168 eod", "time": 1642536361.0, "sentiment": ""}, {"id": 427551905, "text": "Why Apple is a $200 stock: Deutsche Bank - Yahoo Finance $AAPL $QQQ  https://apple.news/ACkRpTEwZQYOFxKUtNfS3xA", "time": 1642536350.0, "sentiment": ""}, {"id": 427551570, "text": "3 FAANG Stocks That Are \u2018Buy the Dip\u2019 Candidates - Entrepreneur $AAPL $AMZN $FB  https://apple.news/AGX662qfcQgWCIgSeD_fzbw", "time": 1642536306.0, "sentiment": ""}, {"id": 427551171, "text": "$AAPL  \ud83c\udf4f Massive surging PreMkt  Volume\u201d, 2.3 Million+.", "time": 1642536249.0, "sentiment": "Bullish"}, {"id": 427550032, "text": "$AAPL ", "time": 1642536084.0, "sentiment": ""}]