[{"id": 427714544, "text": "$AMD let&#39;s poke into 131andthen130129.... .\n\nNvidia , you allowed to be pokey too, 249 is where u should end today.\nMetaverse, Jensen boosted you up, don&#39;t feel bad , Tutes taken to the cleaners too \n\n$AAPL, just &quot;think supply chain&quot; and &quot;apple car dreaming&quot; n u good.\n\n$TSLA People just will decline spend so high for your EVs in future, waaay more comp. now that waay less price .\n\nTimes a-changin. $SPY", "time": 1642554077.0, "sentiment": ""}, {"id": 427714209, "text": "$AAPL  \ud83c\udf4f Yep, it\u2019s that time of Day.  Margin Calls going out, &amp; the Oil Mkts will Close in 30 mins.", "time": 1642554038.0, "sentiment": "Bullish"}, {"id": 427713696, "text": "$AAPL lets just get a green hammer and call it a day eh? I only want $185 , not too much more than that. Heck, even 190 is ok. Think about it bears, would you rather short at 170.41 and cover at 175 or short at 190 and cover at 175  ? Maybe even 170 after?", "time": 1642553978.0, "sentiment": "Bullish"}, {"id": 427713562, "text": "Volatility in the Nasdaq 100 vs Canada Fund US Equity \ud83d\udcc8 \n \n$QQQ $AAPL $SPY $MSFT $GOOGL \n \n#unitedtraders #news #report #stockmarket", "time": 1642553964.0, "sentiment": ""}, {"id": 427713494, "text": "$AAPL $AAL U.S. aims sanctions at pro-Russian separatists as Blinken plans Ukraine, Russia meetings https://www.marketwatch.com/story/u-s-aims-sanctions-at-pro-russian-separatists-as-blinken-plans-ukraine-russia-meetings-11642532194?mod=mw_latestnews", "time": 1642553956.0, "sentiment": ""}, {"id": 427712906, "text": "$aapl 60+ points outperformance against the market. This stock is strong, and only being dragged by the markets. Other names over 7% down.", "time": 1642553887.0, "sentiment": ""}, {"id": 427712332, "text": "$AAPL $NVDA $PLTR 10 yr yield for the past 20 years: message RELAX\nAvg yld.                       Highest yld \n2021 - 1.45%.              1.74%\n2020 - .89%.                 1.88%\n2019 - 2.14%.              2.79%\n2018 - 2.91%.              3.24%\n2017 - 2.33%.              2.63%\n2016 - 1.84%.              2.60%\n2015 - 2.14%.             2.50%\n2014 - 2.54%.             3.01%\n2013 - 2.35%.             3.04%             \n2012 - 1.80%.            2.39%\n2011 - 2.78%.            3.75%\n2010 - 3.22%.            4.01%\n2009 - 3.26%.            3.98%\n2008 - 3.66%.            4.27%\n2007 - 4.63%.            5.26%\n2006 - 4.80%.             5.25%\n2005 - 4.29%.            4.66%\n2004 - 4.27%.           4.79%\n2003 - 4.01%.            4.61%\n2002 - 4.61%.           5.44%\n2001 - 5.02%.            5.54%\n2000 - 6.03%.           6.79%", "time": 1642553816.0, "sentiment": ""}, {"id": 427712049, "text": "$SBUX $AAPL $V $MA $WEN when this rate hike passes by, you will all regret not getting the dip.", "time": 1642553784.0, "sentiment": "Bullish"}, {"id": 427710157, "text": "$AAPL $SPY $QQQ 11:30 dumper?", "time": 1642553561.0, "sentiment": ""}, {"id": 427709402, "text": "$AAPL \n\nLet\u2019s close oil market!", "time": 1642553468.0, "sentiment": "Bullish"}, {"id": 427709292, "text": "$AAPL 10 year likely won\u2019t dip till ah. It\u2019s a theta burn on options and another market dip if the banks reporting tomorrow have yet another miss on earnings.", "time": 1642553455.0, "sentiment": ""}, {"id": 427708940, "text": "$SPY $TSLA $AAPL $AMD $$NVDA use the stop loss all the time to protect your cap. Be smart!", "time": 1642553414.0, "sentiment": ""}, {"id": 427708919, "text": "$AAPL Wild ride today. She\u2019s shown signs of going towards $143 early.", "time": 1642553412.0, "sentiment": ""}, {"id": 427708449, "text": "$AAPL Would you guys consider this a head and shoulders pattern? \ud83e\udd14", "time": 1642553358.0, "sentiment": ""}, {"id": 427708442, "text": "$ARKK I am so curious to see what her strategy is from here.  She has to sell some to buy some.  Most of her stocks are painfully cut.  $TDOC is at 75.5-76.  Her average is now more than 170.  So where does she go to fix this?  She still has $HOOD it is also more than 50% off from her cost average.  Her genomic space purchase was too premature.  Right now she has to make really smart prudent choices to focus.  I am not seeing her focus on anything.  She bought $Z and sold at loss.  That is some thoughtless trading.  She also sold $AAPL - how could you sell out of that when you love innovation?  What the fuck is going on?", "time": 1642553357.0, "sentiment": ""}, {"id": 427706240, "text": "$KOPN  being dragged down by the Algoes \n\n3.25 is a 300m mkt cap\n\nMetaverse is being deployed and will continue \n\nKopin has dual oleds in a consumer device and its plastic pancake optics \n\nBoth those units are worth 1-2B once the VR devices come out from $aapl \n\nThe Goertek investment at 3.25 is a reminder the shares are worth a lot more \n\nMilitary is worth 5-7 per share but if you want to discount it \n\n2-3 per share \n\nOleds and optics 2-3 per share \n\nCash investment .40-.50 per share \n\nOther businesses .50.75 \n\nBottom to value players is here\n\nMore buyers than sellers by end of week\n\nImho, that\u2019s my take. CEO bought 250k 3.25 \n\n50k 5.45\n\nGoertek 7.6m 3.25 per share \n\nMsft buying ATVI is a blatant buy signal as VR is going to explode I. 2022 for next 10-12 years \n\nMy money is on kopn", "time": 1642553104.0, "sentiment": "Bullish"}, {"id": 427705824, "text": "$AAPL outperforming the market by over 50 points.. i dont wanna sell", "time": 1642553056.0, "sentiment": "Bullish"}, {"id": 427705308, "text": "$AAPL $MSFT $QQQ $SPY let\u2019s see if this still possible", "time": 1642552997.0, "sentiment": ""}, {"id": 427705151, "text": "$SBUX $V $MA $WEN $AAPL the most stupid sell off ever.", "time": 1642552979.0, "sentiment": "Bullish"}, {"id": 427703801, "text": "If we flush another 7%-10%, mega-caps like $AAPL and $GOOGL will get us there pretty quickly when they break down.", "time": 1642552822.0, "sentiment": ""}, {"id": 427702770, "text": "$AAPL long term bullish, short term with earnings bearish. Huge run up to that 3t cap and earnings expectations. Earnings will be great but still will be short of the astronomical expectations people have. $160 short term after earnings.", "time": 1642552712.0, "sentiment": ""}, {"id": 427702219, "text": "$AAPL adding a few here and adding more if we see 165-7 area. Don\u2019t think that will happen so that\u2019s why I\u2019m adding a few here.", "time": 1642552651.0, "sentiment": ""}, {"id": 427701794, "text": "$AMD \nIf $AAPL turns around then we may see some positivity today", "time": 1642552605.0, "sentiment": ""}, {"id": 427701486, "text": "$AAPL apple will close above 172", "time": 1642552573.0, "sentiment": "Bullish"}, {"id": 427701178, "text": "$MSFT $AAPL lows of the day\u2026 lets go", "time": 1642552540.0, "sentiment": "Bullish"}, {"id": 427700915, "text": "$AAPL NEW ARTICLE : Selling Apple To Buy Berkshire: A Great Trade For Conservative Investors https://www.stck.pro/news/AAPL/21532772", "time": 1642552510.0, "sentiment": ""}, {"id": 427700633, "text": "$AAPL apple picking", "time": 1642552480.0, "sentiment": "Bearish"}, {"id": 427700035, "text": "$AAPL  looks like a short to 160", "time": 1642552415.0, "sentiment": ""}, {"id": 427698865, "text": "$AAPL wow. Didn\u2019t expect it to break 170. Wtf", "time": 1642552292.0, "sentiment": ""}, {"id": 427696907, "text": "$aapl lets all buy some bonds. Squeeze it up", "time": 1642552085.0, "sentiment": ""}]