[{"id": 427633008, "text": "$AAPL great time to add to shares", "time": 1642544937.0, "sentiment": "Bullish"}, {"id": 427632209, "text": "$QQQ $SPY $AAPL Why are bulls saying go long? There\u2019s obviously tremendous downward pressure \ud83d\ude44", "time": 1642544852.0, "sentiment": ""}, {"id": 427631609, "text": "$AAPL Bouncing like a yo-yo today. Wide swing a couple of times.  Nice upgrade today to $200 from Deutsche Bank.", "time": 1642544791.0, "sentiment": ""}, {"id": 427631425, "text": "$AAPL Red today green tomorrow! Gains", "time": 1642544772.0, "sentiment": "Bullish"}, {"id": 427630160, "text": "$AAPL", "time": 1642544637.0, "sentiment": "Bullish"}, {"id": 427630116, "text": "$MRNA $BNTX are comparable to $TSLA while $PFE is more like $AAPL .", "time": 1642544632.0, "sentiment": "Bullish"}, {"id": 427629618, "text": "$AAPL 168 coming up", "time": 1642544577.0, "sentiment": "Bearish"}, {"id": 427629437, "text": "$AAPL      \ud83c\udf4f 8 mins, until Europe Closes.  Indices, dipped lower during the 30 min EU Closing Trade Window.  Let\u2019s see where the Indices  Go, after Europe Closes.  Minutes away.", "time": 1642544554.0, "sentiment": ""}, {"id": 427628877, "text": "$AMZN $AAPL thanks Biden", "time": 1642544492.0, "sentiment": "Bullish"}, {"id": 427628111, "text": "$SOXS &quot;don&#39;t hold long-term&quot;\n$AAPL $SPY $QQQ \nIt is different now, be careful, that you don&#39;t miss out.\n\nThe time is now.\n10200-10800 nasdaq. \n\nSoon, my grasshoppers, verily, verily, I say unto you, very-very soon, market dynamics will change, for tech, and, to a lesser extent, biotech (Covid profit dies), and, a lot of rest too, because houses won&#39;t be built either because....\n\nInflation will rule the day (for years)\ud83d\udc4d\ud83e\udd76\ud83d\udd25\ud83d\ude31\ud83d\udea8\n\nTech&#39;s boring, tech&#39;s old school until new school VR &amp; metaverse catches steam, twitches tech back to life. \nThat is a VAST undertaking, we&#39;re talking 2024 b4 any real liFT that happening, need software for one thing and it is not. even. close. to that VIRTUAL WORLD REALITY. \nArchitecture. Infrastructure. \n\nInflation is not going away anytime soon, guys", "time": 1642544401.0, "sentiment": ""}, {"id": 427627777, "text": "$AAPL 10 min to EU close!", "time": 1642544364.0, "sentiment": "Bullish"}, {"id": 427626025, "text": "$AAPL $1000 Invested In This Stock 10 Years Ago, Would Be Worth This Much \n\nhttps://newsfilter.io/a/04ec7f6d89d0231dd3fbab5ea714a2b1", "time": 1642544160.0, "sentiment": ""}, {"id": 427624177, "text": "$ECEZ HOLD UP WAIT A MIN YA THOUGHT I WAS FINISHED $AAPL $TSLA \n\ud83d\udcaa\ud83d\udcaa\ud83d\udcaa\ud83d\udcaa\ud83d\udcaa\ud83d\udcaa\ud83d\udcaa\ud83d\udcaa\ud83d\udcaa\ud83d\udcaa\ud83d\udcaa\ud83d\ude80", "time": 1642543949.0, "sentiment": "Bullish"}, {"id": 427623336, "text": "$SGBX $GBR $TQQQ $AAPL $WISH", "time": 1642543849.0, "sentiment": "Bullish"}, {"id": 427623219, "text": "$RBLX $DIS or $AAPL should buy Roblox", "time": 1642543834.0, "sentiment": "Bullish"}, {"id": 427622768, "text": "$AAPL setting up for a big earnings move\ud83d\ude4c\ud83c\udffb Expecting 200 by summer", "time": 1642543780.0, "sentiment": ""}, {"id": 427622533, "text": "$AAPL come on bulls, keep buying $170 calls \ud83d\ude02\ud83d\ude02\ud83d\ude02\ud83d\ude18", "time": 1642543752.0, "sentiment": "Bearish"}, {"id": 427621819, "text": "$QQQ Here&#39;s what you paid for that little cheap Santa Rally: \n \n5 days green - December 20 - 27 \n15 days red (by the end of this week) - started December 28 \n \nWas it worth it? \n \nhttps://twitter.com/MeisaBonelli/status/1483431027146170374?s=20 \n \n$AAPL $NVDA $TSLA $AMD", "time": 1642543668.0, "sentiment": ""}, {"id": 427620848, "text": "Lots of people wanting $AAPL to buy out their tech bag.  $TQQQ .  Only one or two may happen or the next few months.", "time": 1642543547.0, "sentiment": ""}, {"id": 427620364, "text": "$AAPL i wouldn\u2019t recommend to buy rn unless you want to lose money", "time": 1642543491.0, "sentiment": "Bearish"}, {"id": 427619874, "text": "$AABB $MSFT $GOOGL $AAPL $AMZN market is red all over nice day for buying shares at a huge discount in undervalued,oversold territory. risk/reward is big gold + crypto exchange!", "time": 1642543435.0, "sentiment": "Bullish"}, {"id": 427618891, "text": "$AAPL \n\nThis J Powell will destroy everyone\u2019s life time savings.", "time": 1642543315.0, "sentiment": "Bullish"}, {"id": 427618462, "text": "$AAPL \n\nLast call - EU is catching this price to buy before EU closes \u2026\n\nPatience \u2026 it\u2019s great to get more money from EU .. more funding meaning AAPL will have more money to boost up investment in metaverse economy.\n\nThis week will be interesting ER .. expect tech will beat many ER ..\n\nOnly biggest losers are financials .. a lot investors are stopping put money in there due to nature of interest rates changes.\n\nTech and other manufacturers benefits under this situation!!  Buy there and hold!", "time": 1642543267.0, "sentiment": "Bullish"}, {"id": 427617658, "text": "$SPY stay away for atleast a week . . Buy dip later. $AAPL $MSFT", "time": 1642543178.0, "sentiment": "Bearish"}, {"id": 427617206, "text": "$FUBO good time for $AAPL to write the check", "time": 1642543129.0, "sentiment": "Bullish"}, {"id": 427616380, "text": "$AAPL bidens incompetence is costing americans. Get rid of this fool already.!", "time": 1642543043.0, "sentiment": "Bullish"}, {"id": 427615452, "text": "$FB $AAPL $MSFT $GOOG all going to be playing catch up to $FB in metaverse.", "time": 1642542938.0, "sentiment": "Bullish"}, {"id": 427614943, "text": "@ShortJon1999 \n\nBefore $AAPL  earnings Nasdaq will be up by 500 points from here. \n\nWait for more Omicron headlines saying the damage to the growth is not as much as expected. \nOmicron is flattening.", "time": 1642542879.0, "sentiment": "Bullish"}, {"id": 427614867, "text": "$SPY $QQQ $AMD  $AAPL Fact is, folks, you&#39;re getting johned when you hear someone like Rubenstein (probably long markets, like $GS was so ER horrid, not only reason GS missed and should be 330s soon, but, yeah, all investment firms will drop heavily with soon by March 1 BEAR MARKET (1 month at -20% sustained ). \n\nBut, to point again, RUBENSTEIN IS MAKING A BAD GUESS, &quot;NORMALIZED AT 3-4%&quot; IF IMPLYING 2022.\nJust not happening.\nMinimum next TWO inflation days reads up, and, that is very unlikely we hit Peak Inflation by March.\n\nMuch more likely is 1970s x10 magnification as 70s inflation was 5% in early years of decade going to 12% and was in this range ALL THRU THE DECADE..K? Sinking in. \n\nInflation does not just go away. \nHey, maybe my new tag line, thanks, God. \n\nAgain, mark these words, and I&#39;ve been 100% right, with predicting direction. \n\nBy March 1:\n\n27000-29000 Dow \n10200-10800 nasdaq\nS&amp;P sub 400 (worst case, cuz of inflation 10% read by March 1 CPI, 8.5% PCE, sub 300\ud83d\udc4d\ud83e\udd76)", "time": 1642542871.0, "sentiment": ""}, {"id": 427613401, "text": "$TSLA $AAPL $AMZN this shits all going to tank in next 1/2 hour.  \n \nBiden, omicron, Russia/Ukraine war, Biden, rate increases, Biden  \n \nall reasons to sit on sidelines w cash for right entry point", "time": 1642542711.0, "sentiment": ""}]