[{"id": 427646493, "text": "$AAPL weak pamp .. drop lower so I can load my calls \ud83d\ude02", "time": 1642546449.0, "sentiment": "Bearish"}, {"id": 427645036, "text": "$RBLX $AAPL should buy roblox", "time": 1642546276.0, "sentiment": ""}, {"id": 427644368, "text": "$AAPL put your calls into 165. Don&#39;t miss making money on the way down.", "time": 1642546203.0, "sentiment": "Bearish"}, {"id": 427644015, "text": "$AAPL: potential bearish topping pattern...but earnings next week, and this pattern is unreliable.  Anything can happen here...just a cautionary note.", "time": 1642546162.0, "sentiment": ""}, {"id": 427643970, "text": "$QQQ $SPY $AAPL $TSLA $MSFT if the stock market were to have a gender it would be a female the way it be reacting to everything.", "time": 1642546157.0, "sentiment": ""}, {"id": 427643863, "text": "$AAPL Whole market is red relax guys", "time": 1642546146.0, "sentiment": "Bullish"}, {"id": 427643724, "text": "$AAPL is it to late for trump to come back", "time": 1642546129.0, "sentiment": "Bearish"}, {"id": 427643143, "text": "$AAPL will be 165 this week put in your calls.", "time": 1642546067.0, "sentiment": "Bearish"}, {"id": 427642194, "text": "$AAPL - Avoid buying here, MACD is below the signal line (Neutral trend) and price is below both the 8/21-day MA..", "time": 1642545950.0, "sentiment": "Bearish"}, {"id": 427642044, "text": "$SPY $QQQ $AAPL $GOOG", "time": 1642545934.0, "sentiment": "Bearish"}, {"id": 427641358, "text": "$AAPL earnings cal next week", "time": 1642545854.0, "sentiment": ""}, {"id": 427641273, "text": "$SPY $QQQ $AAPL $NDX\n\nWant the God-honest truth?\n\nI like it here for today, 457, 458, yeah, percolate here, it&#39;ll be good-good-good, going forward \ud83d\udc4d\ud83d\udc4c\ud83d\udea8\ud83d\ude31", "time": 1642545846.0, "sentiment": ""}, {"id": 427640545, "text": "$AAPL Hey aren&#39;t we do for one of those &quot;Gee shucks guys it seems like we made a couple gazillion dollars more than analysists estimated and at least a gazillion more than the expected earnings beat.  Not sure where all the sales came from but hey cool for us.&quot;    Followed buy a second announcement 2 weeks later of a new product.   \n \nWe haven&#39;t had one of those for a while.", "time": 1642545760.0, "sentiment": ""}, {"id": 427640309, "text": "$SPY blhaaaaa they $DB rolls out a buy recommend on $AAPL on Nazzz crash day \ud83e\udd23\ud83e\udd23\ud83e\udd2e\ud83e\udd2e\ud83e\udd2e\ud83d\udd95\ud83c\udffb\ud83d\udd95\ud83c\udffbWall Street", "time": 1642545731.0, "sentiment": ""}, {"id": 427640012, "text": "$AAPL a good buy here?", "time": 1642545701.0, "sentiment": ""}, {"id": 427639962, "text": "$RBLX Hey $AAPL $GOOG $FB $NFLX Write a check already!", "time": 1642545695.0, "sentiment": "Bullish"}, {"id": 427639655, "text": "$SPY $QQQ $GOOG $AAPL \n\nYeah, I definitely see why you need to sell tech.\n\nDollar under 96 and rates are", "time": 1642545659.0, "sentiment": ""}, {"id": 427639326, "text": "$AAPL  setting up here", "time": 1642545622.0, "sentiment": "Bullish"}, {"id": 427638675, "text": "$LCID $DWAC $AAPL - great stocks lucid being my long term investment!", "time": 1642545553.0, "sentiment": "Bullish"}, {"id": 427637223, "text": "$AAPL Feds selling need to pay for this last weekend of parties, hookers, and clean up crews......", "time": 1642545391.0, "sentiment": ""}, {"id": 427637065, "text": "Adding $AAPL today. The short term trend is down but I don\u2019t necessarily stress over the timing of my buys in these shares. This is a long term hold for me. Price target on these shares is $250 by the end of the year.", "time": 1642545375.0, "sentiment": ""}, {"id": 427636907, "text": "$AAPL $160 this week!!! Fuck you to all the bulls. $125 by late Feb. STILL STANDS", "time": 1642545355.0, "sentiment": "Bearish"}, {"id": 427635449, "text": "$AAPL Market has been terrible lately.", "time": 1642545204.0, "sentiment": "Bullish"}, {"id": 427635216, "text": "$AAPL democrats right now", "time": 1642545178.0, "sentiment": "Bearish"}, {"id": 427634905, "text": "$AAPL would love to have my $1500 back please", "time": 1642545144.0, "sentiment": ""}, {"id": 427634567, "text": "$AAPL \nBiden sux. Terrible for free markets.", "time": 1642545105.0, "sentiment": ""}, {"id": 427634010, "text": "$AAPL cmon 172!", "time": 1642545046.0, "sentiment": "Bullish"}, {"id": 427633825, "text": "$AAPL EU closed !!\n\nThis is the discount buying time .. you need to buy these dips", "time": 1642545026.0, "sentiment": "Bullish"}, {"id": 427633702, "text": "$AAPL technically no growth in the Nasdaq since July. Totally disgraceful.  \nFed have f*cked up with indecision and your government are piss useless.", "time": 1642545011.0, "sentiment": "Bullish"}, {"id": 427633509, "text": "Time to invest based on fundamentals. $AAPL $FB $GOOG $GM \n\nThe strategists listed 16 companies with an average market cap of $1.22 billion where they believe the fundamentals \u2014 notably revenue outlooks \u2014 continue to be favorable and perhaps disconnected from their current depressed stock price: 4D Molecular Therapeutics, VectivBio, Procept Biorobotics, Convey Health Solutions, Frontier Group Holdings, Bright Health Group, aka Brands, MeridianLink, EngageSmart, Nuvei, Solo Brands, Singular Genomics Systems, Xometry, NerdWallet, First Watch Restaurant Group, and UiPath.", "time": 1642544990.0, "sentiment": ""}]