[{"id": 427683201, "text": "$QQQ $IWM $SPY $AAPL  \n \nCORRECTION", "time": 1642550618.0, "sentiment": ""}, {"id": 427683041, "text": "@BotMuncher1 $SPY $SPX  on watch for market leg much lower when $TSLA breaks under  $1,000 and $AAPL under $170-167..    vix should really move then .. 2 of largest names", "time": 1642550601.0, "sentiment": ""}, {"id": 427682816, "text": "$AAPL I heard this hits $160 soon", "time": 1642550581.0, "sentiment": ""}, {"id": 427682451, "text": "$AAPL charted a few days ago. I think we close with a bounce from here", "time": 1642550545.0, "sentiment": ""}, {"id": 427682090, "text": "$AAPL MULTIPLE BEARISH DAYS AHEAD FOR THE MARKET. GET YOUT PUTS IN.", "time": 1642550511.0, "sentiment": "Bearish"}, {"id": 427681742, "text": "$AAPL 175", "time": 1642550475.0, "sentiment": "Bullish"}, {"id": 427681605, "text": "Apple&#39;s $2,000 VR/AR Headset to take on FB, Google in Metaverse\n\n$AAPL $GOOG $FB \n\nhttps://www.thestreet.com/technology/apples-2000-vr-ar-headset-to-take-on-fb-google-in-metaverse", "time": 1642550462.0, "sentiment": ""}, {"id": 427680926, "text": "$QQQ Rates have NOTHING to do with it.  They want this rate story to be the narrative because the bank trade isn&#39;t working.  Tech margins are healthy.  This assault on tech/growth is made up FUD BS. \n \nhttps://www.cnbc.com/2022/01/18/rising-interest-rates-could-keep-a-choke-hold-on-tech-and-growth-stocks.html \n \n$SPY $AAPL $MSFT $FB", "time": 1642550390.0, "sentiment": ""}, {"id": 427680604, "text": "$AAPL could get bad", "time": 1642550355.0, "sentiment": "Bearish"}, {"id": 427680284, "text": "$AAPL few more", "time": 1642550323.0, "sentiment": ""}, {"id": 427680137, "text": "$AAPL This shit is down nearly 10%. How much discount are people looking for. Come on get real. Time to snap them up and make real a killing.", "time": 1642550306.0, "sentiment": ""}, {"id": 427678989, "text": "$AAPL tech is rotating out if 167 breaks 150 may be incoming", "time": 1642550183.0, "sentiment": ""}, {"id": 427677957, "text": "$AAPL GS deserve to be much lower than where it is now!", "time": 1642550074.0, "sentiment": ""}, {"id": 427677718, "text": "$AAPL added some more", "time": 1642550048.0, "sentiment": ""}, {"id": 427677691, "text": "$AAPL NEW ARTICLE : Why Digital World Acquisition Stock Is Soaring Today https://www.stck.pro/news/AAPL/21530452", "time": 1642550046.0, "sentiment": ""}, {"id": 427677353, "text": "$AAPL  yum", "time": 1642550006.0, "sentiment": ""}, {"id": 427676994, "text": "$MSFT $AMZN $AAPL $SPY long dated msft or amzn calls??", "time": 1642549964.0, "sentiment": ""}, {"id": 427676743, "text": "$AAPL $160 by EOW", "time": 1642549939.0, "sentiment": "Bearish"}, {"id": 427676530, "text": "$AMD $AAPL $SPY $SOXX  \n\nRates.\n\nJust getting started.", "time": 1642549917.0, "sentiment": ""}, {"id": 427676272, "text": "$AAPL $$165", "time": 1642549888.0, "sentiment": "Bearish"}, {"id": 427676203, "text": "What kind of loser boasts about a 3.63% drop? Lol. $AAPL $NVDA $MSFT", "time": 1642549881.0, "sentiment": "Bullish"}, {"id": 427675814, "text": "$AAPL wie weit wollen sie es runter pr\u00fcgeln", "time": 1642549837.0, "sentiment": "Bullish"}, {"id": 427675747, "text": "$AAPL watch this close at $173", "time": 1642549830.0, "sentiment": "Bullish"}, {"id": 427674912, "text": "$AAPL really fucked up that shorts are piling at the lows before a record setting Earnings report lol", "time": 1642549741.0, "sentiment": ""}, {"id": 427674249, "text": "$KT I have more news to release today!  To be continued...\n\n$AAPL $AMZN $MSFT $TSLA", "time": 1642549669.0, "sentiment": ""}, {"id": 427674099, "text": "Apple Inc ( $AAPL ) Piotroski F Score: 7. STRONG https://www.macroaxis.com/stock/AAPL/Apple-Inc", "time": 1642549654.0, "sentiment": ""}, {"id": 427674030, "text": "$AAPL over 103k open interest on the 1/21 $180 calls. Should tell you where this is going by Friday", "time": 1642549647.0, "sentiment": "Bullish"}, {"id": 427672825, "text": "$AAPL higher low  167,168,169? Let see next", "time": 1642549516.0, "sentiment": "Bullish"}, {"id": 427672517, "text": "$AAPL gap at $166. Possibly swinging calls there.", "time": 1642549480.0, "sentiment": ""}, {"id": 427672462, "text": "$AAPL $NVDA $MSFT", "time": 1642549473.0, "sentiment": "Bearish"}]