[{"id": 427696732, "text": "$AAPL $BRK.B \n\nSelling Apple To Buy Berkshire: A Great Trade For Conservative Investors https://seekingalpha.com/article/4480150-sell-apple-stock-buy-berkshire-hathaway-stock-great-trade?source=copyToPasteboard", "time": 1642552068.0, "sentiment": ""}, {"id": 427695605, "text": "$AAPL there is no point in looking for a &#39;bounce&#39; when the market is subject to such downward pressure. This is all coming from an overdone reaction on rate hikes (which has been going on for nearly a year now with associated stocks). \n \nRussell &amp; Nasdaq related stocks have been unfairly slaughtered (since last March). Its incredible how it can still be going on at such a rate. An increased rate even..... \n \nIts seems like there is no hope but it will turn. It always does. \nOnce the Fed have made their mind up about these poxy rates, the market will stabilise and turn. It wont until then. \n \nGood luck.", "time": 1642551946.0, "sentiment": "Bullish"}, {"id": 427695377, "text": "$AAPL $155 coming. Puts looking good.", "time": 1642551922.0, "sentiment": ""}, {"id": 427695028, "text": "$ADA.X 24 hrs later..\n\nI rarely miss.\ud83e\udd1e\ud83e\uddf8\n\n$AMC $TLRY $AAPL $FB", "time": 1642551885.0, "sentiment": "Bearish"}, {"id": 427694120, "text": "$AAPL \n\nThat\u2019s so encouraging\n\nhttps://apple.news/Agppjs-WURiOnReFJEAnmSA\n\nI see more shoppers outside now here in NYC \u2026 \n\nMore good news to come soon !!", "time": 1642551789.0, "sentiment": "Bullish"}, {"id": 427692782, "text": "$AAPL stop seeing what you want to see and look at what&#39;s in front of you", "time": 1642551634.0, "sentiment": "Bearish"}, {"id": 427691461, "text": "$AAPL $172+ close today IMHO. Tim be buying soon.", "time": 1642551484.0, "sentiment": ""}, {"id": 427691370, "text": "$AMC going deep on calls.\ud83e\udd1e\ud83d\ude80\n\nIV OI so promising. Amc tends to move up unexpectedly. \n\nJust placed 588 calls at market sweep.\n\nPotential homerun.\n\n$AAPL $TLRY $FB $MARA", "time": 1642551474.0, "sentiment": "Bullish"}, {"id": 427691338, "text": "$SPY $QQQ $AAPL Remember jpow??", "time": 1642551471.0, "sentiment": ""}, {"id": 427691131, "text": "$AAPL a mere 2% loss isn&#39;t bad.\nI&#39;ve never seen so many 52 week lows in my life.", "time": 1642551447.0, "sentiment": "Bullish"}, {"id": 427690996, "text": "$CZR $SAVE $PYPL $AAPL - I\u2019m just in utter disbelief that it continues to be this bad day after day week after week.", "time": 1642551432.0, "sentiment": ""}, {"id": 427690617, "text": "$AAPL $DIS $AMZN Did you STACK today? \nReady for tomorrows plays?", "time": 1642551395.0, "sentiment": ""}, {"id": 427690584, "text": "$AAPL not a bear trap. Just selling. However, this chart can turn positive reaal soon. Still buying into the ER thesis tbh. Not selling. Holding strong", "time": 1642551391.0, "sentiment": "Bullish"}, {"id": 427689734, "text": "$AAPL bears are like broken clocks. 2 times a day, they are right. 98% of the time wrong. I think the institutions are rebalancing and getting rid of high valuation stocks. $AAPL is just going with the lowering tide. Great buying opportunity for stock, options not so much.", "time": 1642551296.0, "sentiment": ""}, {"id": 427689725, "text": "$AAPL lets see a cup here ?", "time": 1642551295.0, "sentiment": "Bullish"}, {"id": 427689401, "text": "$AAPL perhaps a brief reprieve here but 165 is next up and will hit tmrw", "time": 1642551259.0, "sentiment": "Bearish"}, {"id": 427688242, "text": "$AAPL \n\nRight now this is one of the healthiest contradiction to bottom base of 2022. \n\nBefore SPY was 430 and AAPL was 141 on Oct 1\n\nNow SPY was 456 and AAPL was 170\n\nNext three months SPY will be 500 and AAPL will be 210\n\nLet\u2019s go!!", "time": 1642551141.0, "sentiment": "Bullish"}, {"id": 427688201, "text": "$TLRY lovely..\n\nDoubters to believers.. ugly chart.\n\nBanking heavy.\n\n$AAPL $FB $MARA $BTC.X", "time": 1642551137.0, "sentiment": "Bearish"}, {"id": 427686460, "text": "$AAPL the 200 day isn\u2019t holding we are fucked", "time": 1642550955.0, "sentiment": ""}, {"id": 427685617, "text": "@UpDownWhoCares @Trashwithlove Rough week.. I were ditching $FB for $AMD /$INTC cause of correlation, plus $AAPL? Mmm.. divies save ya.", "time": 1642550870.0, "sentiment": ""}, {"id": 427685515, "text": "$QYLD $AAPL Starting with $10k, down to $7k, back up to $25k,, Lot of thanks to this chat, options.stocktradingchat.com", "time": 1642550860.0, "sentiment": "Bullish"}, {"id": 427685333, "text": "$AAPL Market keeps dragging us down Holy shit. really hard to turn green when the indices are 240 points down.", "time": 1642550843.0, "sentiment": ""}, {"id": 427685182, "text": "$AAPL Big tech including AAPl Is being hit hard due to rising interest rates.  The Fed is expected to raise interest rates 3 or 4 times this year. Yet AAPl price targets have been raised. This market can drive you crazy.", "time": 1642550828.0, "sentiment": "Bullish"}, {"id": 427684557, "text": "$QQQ $SPY $AAPL $TSLA", "time": 1642550759.0, "sentiment": "Bearish"}, {"id": 427684541, "text": "$AAPL Ericson can suck a dick honestly.", "time": 1642550757.0, "sentiment": ""}, {"id": 427684529, "text": "$AAPL \ud83d\ude02 love it \ud83e\udd70 !! Love this dip!!!", "time": 1642550755.0, "sentiment": ""}, {"id": 427683954, "text": "$AAPL added some more", "time": 1642550694.0, "sentiment": "Bullish"}, {"id": 427683571, "text": "$AAPL 22% smartphone worldwide \ud83e\udd14\ud83d\udd1d", "time": 1642550653.0, "sentiment": "Bullish"}, {"id": 427683388, "text": "$AAPL This is going to break the neckline at $167, and it will go to $155 to complete that neckline break HS pattern. I am a buyer again at $155, or not a buyer at all. GL all.", "time": 1642550634.0, "sentiment": "Bearish"}, {"id": 427683348, "text": "$KT COLLABORATES WITH YANDEX GROUP TO DEVELOP SELF-DRIVING #ROBOTS\n\nhttps://m.stock.naver.com/domestic/stock/030200/news/view/008/0004697492\n\n$TSLA $MSFT $NVDA $AAPL", "time": 1642550631.0, "sentiment": ""}]