[{"id": 427810893, "text": "$AAPL this closes below $170 by 8p.m. And it\u2019s gonna go to $162.50 by Friday", "time": 1642565943.0, "sentiment": ""}, {"id": 427809312, "text": "$AAPL $MSFT $GOOG $SPY $QQQ  what do u think abt the earning season ?", "time": 1642565692.0, "sentiment": "Bullish"}, {"id": 427809023, "text": "$AAPL the markets got obliterated today", "time": 1642565643.0, "sentiment": ""}, {"id": 427808458, "text": "$AAPL - huge AH trades at $169.80 and some small retail trades at $170.00-$170.20. Going to be a rough week.", "time": 1642565556.0, "sentiment": "Bearish"}, {"id": 427808300, "text": "$AAPL Don&#39;t forget APPLE dildo coming soon. It&#39;ll save the market.", "time": 1642565530.0, "sentiment": "Bullish"}, {"id": 427808277, "text": "$AAPL \n\nPure demolition of my Calls", "time": 1642565527.0, "sentiment": ""}, {"id": 427807711, "text": "$AAPL everything is falling but this. Imagine when this falls, what will happen to $SPY $QQQ", "time": 1642565441.0, "sentiment": ""}, {"id": 427807510, "text": "$AAPL Stop manipulating CNBC morons! Guy Adami said 157 for Apple before year end now Dan N. is repeating the same number, this is almost criminal CROOKS!", "time": 1642565414.0, "sentiment": ""}, {"id": 427806917, "text": "$SPY $AAPL", "time": 1642565332.0, "sentiment": "Bullish"}, {"id": 427806913, "text": "$AAPL is still hardly down on this market correction.", "time": 1642565331.0, "sentiment": "Bearish"}, {"id": 427806464, "text": "$AAPL \n\nHate CNBC", "time": 1642565261.0, "sentiment": ""}, {"id": 427805835, "text": "$AAPL Guy Adami the Apple bear, had to say something negative about Apple. Heloooo Apple was 182 not long ago!", "time": 1642565163.0, "sentiment": ""}, {"id": 427805478, "text": "$AAPL anyone else see the crazy share volume afterhours?", "time": 1642565114.0, "sentiment": ""}, {"id": 427804950, "text": "$NVDA today was a typical pre earnings tech shakeout. Tomorrow and Wed we bounce! $MSFT $AAPL $SPY", "time": 1642565034.0, "sentiment": ""}, {"id": 427802681, "text": "Monday Option Volumes\n\n$AAPL 1.126m (63% call/37% put)\n$TSLA 904k (53% call/47% put)\n$ATVI 739k (52% call/48% put)\n$BBIG 612k (85% call/15% put)\n\nLynk in bayo for option trading ideas", "time": 1642564693.0, "sentiment": ""}, {"id": 427801216, "text": "$SPY I thought I understood the metaverse but the more I think about it, the less sense it makes. It might be more for gaming and perhaps for Zoom-like communication tools but I don&#39;t really think most people will spend their lives on such intangible experiences. Just my opinion. and Im with Musk....I mean putting something like that an inch from your eyes is not gonna damage your eyesight? Metaverse is way more hyped than it should be and needs to be proven. This seems nothing like the internet to me. But I could obvoiusly be wrong. $AAPL $FB $MSFT $TSLA \nNOTE: &quot;Digital eye strain isn&#39;t exclusive to VR. ... reliable evidence that VR headsets cause permanent deterioration in eyesight in children or adults.&quot; Big tech now understands that the blue light emitted by most screens plays a big part in the strain we get from looking at them for too long&quot;", "time": 1642564474.0, "sentiment": ""}, {"id": 427800783, "text": "There&#39;s always a good value/growth stock out there to anchor to during drawdowns. $AMZN is setting up nicely. Scalped 3 more times today. $UVXY $QQQ $SPY $AAPL You can trade with me folks!", "time": 1642564412.0, "sentiment": ""}, {"id": 427798460, "text": "$AAPL NEW ARTICLE : Apple warns legislation would weaken privacy protection tool https://www.stck.pro/news/AAPL/21541835", "time": 1642564058.0, "sentiment": ""}, {"id": 427798321, "text": "$SPY Biden , can he top last time, forget what it was but markets dropped bigly AS HE SPOKE. \n$QQQ $AAPL", "time": 1642564041.0, "sentiment": ""}, {"id": 427798311, "text": "$AAPL  \ud83c\udf4f Today\u2019s 22.8 Million \u201cBuy Side\u201d Volume in the \u201cfinal second\u201d of the Close, is VERY UNUSUAL.  Especially, when viewed in the context of the Day\u2019s Trade Action. AfterHours follow through, adds to the anomalous trade movement.  Stay alert, for news of a catalyst that may be responsible for these EOD moves.", "time": 1642564040.0, "sentiment": "Bullish"}, {"id": 427798191, "text": "$SPY $QQQ $PFE $NVDA $AAPL https://www.forbes.com/sites/lisakim/2022/01/18/pfizer-says-its-covid-antiviral-pill-is-effective-against-omicron-variant/ \ud83d\udc8e\ud83d\udc8e\ud83d\udc8e", "time": 1642564024.0, "sentiment": "Bullish"}, {"id": 427797934, "text": "$AAPL having a siezure right now.", "time": 1642563989.0, "sentiment": ""}, {"id": 427797781, "text": "$SPY Yield story a little bit overdone $AAPL $SNIPF $NVDA", "time": 1642563965.0, "sentiment": "Bullish"}, {"id": 427797769, "text": "Market Double Top11/19-12/27/2021\n\nA lot pumpers chirping louder despite the technical Breakdown in the Market.\nThe Top is quite possibly in and they want you to lose money with  pumpers \ud83d\udcb4 \ud83d\udd25 \nLook how much AMD is Down and last year was one of the Market Leaders \n$AMD $QQQ $AAPL $SPY", "time": 1642563964.0, "sentiment": "Bearish"}, {"id": 427797317, "text": "$SPY $QQQ $AAPL $PFE $NVDA https://www.forbes.com/sites/lisakim/2022/01/18/pfizer-says-its-covid-antiviral-pill-is-effective-against-omicron-variant/", "time": 1642563907.0, "sentiment": "Bullish"}, {"id": 427796890, "text": "$AAPL right side is bullish on higher time frames.  We only like to buy it in 3, 7 or 11 swing at the blue boxes.   We still favour lower to take place before the blue box equal leg is hit, which can play a part in dragging world indices lower in the sessions to come.    #Elliottwave #Trading #stocks", "time": 1642563848.0, "sentiment": ""}, {"id": 427794558, "text": "$SPY But, if all this gloom n doom all too much for ya, just skip on over to the $AMD board, they&#39;ll give you all the hopium you can handle until you feel like you just had a triple THC infused brownie and fall over from exhaustion, &#39;course, dead silence at this time tomorrow too(after their ER), to warn ya \n\n$QQQ $AAPL and rest kick off the ER parade of charade next few days after that", "time": 1642563505.0, "sentiment": ""}, {"id": 427794453, "text": "$CLOV $TSLA $LCID $AAPL \n\nWelcome to Bidenomics!!!!", "time": 1642563491.0, "sentiment": ""}, {"id": 427793775, "text": "5-Day Equity Sentiment Recap: $AAPL is the #1 stock that institutions are trading over rolling 5 day window with 253.6K options contracts.\n\nMarket analysis included in screenshot of dashboard from http://insiderfinance.io.", "time": 1642563395.0, "sentiment": ""}, {"id": 427793739, "text": "@XXLT @FlyingTexan \nWhat\u2019s the new date? I think $AAPL will change dates as well", "time": 1642563391.0, "sentiment": ""}]