[{"id": 427792900, "text": "$RBLX I don\u2019t know if you guys understand this, but the federal reserve will do what it can to prevent a crash! A downturn of 5-10% is not market crash! Eventually the nasdaq will find a bottom at 14,000-15,000. RBLX will be btw $72-77.  If this scenario plays out then we will see RBLX &gt;$100 before the summer. That is if there is no buyout. I believe that we will either get $fb $nvda $amzn or $aapl to buy RBLX out. Possibly btw a $50-75 billion buyout. This will place us at $100 or above. The meta verse is happening fasterthan anyone thinks. What took 10 years for the internet to establish, the meta verse will take 5 years or less! $76-77 is the low back on November 8th, we have hit this again today. Pretty soon the federal reserve will sound more dovish!!", "time": 1642563277.0, "sentiment": "Bullish"}, {"id": 427792441, "text": "$AAPL close below $170.  That\u2019s no good.", "time": 1642563214.0, "sentiment": "Bearish"}, {"id": 427791728, "text": "$AAPL looking good 182 next presidential election", "time": 1642563121.0, "sentiment": ""}, {"id": 427791404, "text": "$BHAT  i m trying to figure out why this stock is so low. If u screen penny stocks there s plenty of shitty companies who never made a profit and are full of debts and have a much higher mkt cap.. how comes a company 1) based in china 2) with istitutional customers 3) into relevant and actual fields 4) with robust growth 5) with solid profits has a ridiculous p/e of 2? $AAPL  $PYPL $PLTR $MSFT", "time": 1642563081.0, "sentiment": ""}, {"id": 427791317, "text": "Most Traded Contracts \n\n$AAPL January $170 Call\n$AAPL January $170 Put\n$BBIG January $5 Call\n$AAPL January $172.50 Call\n$AAPL January $175 Call\n$ATVI January $80 Put\n$ATVI January $82.50 Put\n$ATVI January $85 Call\n$BBIG January $6 Call\n$BA January $230 Call", "time": 1642563070.0, "sentiment": ""}, {"id": 427790739, "text": "ASSET PLANNING SERVICES INC /LA/ /ADV,has filed Form 13F for Q4 2021.Opened NEW positions in $AAPL $BAC", "time": 1642563003.0, "sentiment": ""}, {"id": 427788890, "text": "$AAPL its already starting", "time": 1642562764.0, "sentiment": ""}, {"id": 427788862, "text": "$AAPL was analyzed by 49 analysts. The buy consensus is at 84%. So analysts seem to be very confident about $AAPL. https://www.chartmill.com/stock/analyzer/stock/AAPL?view=analyst-ratings&amp;utm_source=stocktwits&amp;utm_medium=ANALYST&amp;utm_content=AAPL&amp;utm_campaign=social_tracking", "time": 1642562760.0, "sentiment": ""}, {"id": 427788470, "text": "$AAPL Good god it\u2019s continuously bloody red out there. \ud83d\ude35\ud83d\ude35\u200d\ud83d\udcab\ud83d\ude35 everywhere. Rate hikes. Wot a load of crud.", "time": 1642562711.0, "sentiment": ""}, {"id": 427788357, "text": "$AAPL MS $200 PT was already including the delay for VR. Get ready for the run of a lifetime", "time": 1642562696.0, "sentiment": "Bullish"}, {"id": 427788192, "text": "$AAPL   \u2757\ufe0f\ud83c\udf4f\u2757\ufe0fAlert:  *Bulls, this is just for you:  In the \u201cfinal second\u201d of the Close, 22.8 Million AAPL Shares traded to the \u201cBuy Side\u201d.  Pro Traders, you know what that may mean.  Just minutes into the AfterHours Trade:  ~4.8 Million AAPL Shares have traded.  As \u201cposted\u201d throughout the Day, AAPL was was under \u201cHeavy Accumulation\u201d.", "time": 1642562675.0, "sentiment": "Bullish"}, {"id": 427786408, "text": "$MARA well u been warned several times. \n\nCongrats to whomever followed the play. \n\nMy 2nd PT stands.\ud83e\uddf8\ud83e\udd1e\n\n$AAPL $GREE $TLRY $FB", "time": 1642562460.0, "sentiment": "Bearish"}, {"id": 427785573, "text": "@BBent @greg38 yeah hopefully it\u2019s that easy of connection between $LIDR  and $AAPL to $90", "time": 1642562369.0, "sentiment": "Bullish"}, {"id": 427784191, "text": "$SOFI sold and bought $AAPL. Good luck to all of you. Hope it can bounce back \u270a", "time": 1642562212.0, "sentiment": "Bullish"}, {"id": 427783669, "text": "$MSFT $AAPL $QQQ by when do we see another 25% correction? \ud83d\ude02 would be nice to be rich sooner", "time": 1642562154.0, "sentiment": "Bearish"}, {"id": 427782346, "text": "$TSLA \n\nWe outperformed $AAPL $AMZN $MSFT and $GOOGL today!!\n\nWeathering the storm \u26c8 the best \ud83d\udcaa \n\nEarnings on 1/26 and this \ud83d\ude80 to all time highs \ud83e\udd11", "time": 1642562022.0, "sentiment": "Bullish"}, {"id": 427780832, "text": "$BKKT well, what do i know...\ud83e\udd1e\ud83e\uddf8\n\n$AAPL $MARA $BTC.X $GREE", "time": 1642561852.0, "sentiment": ""}, {"id": 427780588, "text": "$AAPL the rate increases are way overblown even at 3% they are historically low. Is everybody on here 12 years old without a shred of common sense? Maybe this will shake out those that shouldn\u2019t be investing their money to begin with.", "time": 1642561825.0, "sentiment": ""}, {"id": 427779922, "text": "$AAPL - 1 price downgrade from Deutsche Bank and 2 lowered China sales expectations from Evercore and JP Morgan, and trending down on the daily. Load up on Puts.", "time": 1642561757.0, "sentiment": "Bearish"}, {"id": 427779211, "text": "$GREE hope u followed the play.\ud83e\uddf8\ud83e\udd1e\n\nClosed my short position with 31% gain here.\n\nStill holding $MARA &amp; $MSTR \n\n$AAPL $FB", "time": 1642561681.0, "sentiment": ""}, {"id": 427779204, "text": "@JADED_BULL @Krisparrov still holding $165 $AAPL leaps exp Jan 2024", "time": 1642561680.0, "sentiment": ""}, {"id": 427777333, "text": "Should have loaded the boat on $tqqq . Next 10 days bullish. $aapl earnings will save the market", "time": 1642561507.0, "sentiment": "Bullish"}, {"id": 427777240, "text": "$SPY Once bears start talking about yields, is when we rip higher. Puts might get RIP, never know $AAPL", "time": 1642561501.0, "sentiment": "Bullish"}, {"id": 427776654, "text": "$AAPL oooooo interesting", "time": 1642561448.0, "sentiment": ""}, {"id": 427776040, "text": "$AAPL AAPL 2022-01-18 Technical Analysis Video: \nhttps://www.youtube.com/watch?v=qxwYJYfhRgw", "time": 1642561393.0, "sentiment": ""}, {"id": 427775930, "text": "$AAPL gonna take out the January low tomorrow. looking for 164.28 ish (bottom of Dec 6 gap) tomorrow.", "time": 1642561383.0, "sentiment": "Bearish"}, {"id": 427775429, "text": "$AAPL two things could sink this individually or combined; 10yr refuses to drop ah and/or banks continue to miss earnings and bring the overall market down with it again.", "time": 1642561339.0, "sentiment": ""}, {"id": 427774990, "text": "$AAPL biggest print i have seen.", "time": 1642561300.0, "sentiment": ""}, {"id": 427774894, "text": "$SPY Pretty healthy market day, if you were patient and not in over the weekend, you had nice entries for a move higher. Interest rates being a problem isn&#39;t quite here yet $AAPL $SNIPF", "time": 1642561291.0, "sentiment": "Bullish"}, {"id": 427774023, "text": "$SIRC let&#39;s get that mid single digit PT! Don&#39;t hesitate to check out down below\n\n$VERB just got that 56$ million cash infusion they need to launch MARKET! A 24/7 livestream shopping that will print tendies in millions!\n\nhttps://youtu.be/c5xKOK6VhZg\n\n- ceo just exercised his options\n- Tons of sports team partnership waiting to be announced. Pittsburgh Penguins \ud83d\udc27 did. \n\n- David Meltzer (Jerry Maguire is based on his Leigh Steinberg Sports &amp; entertainment agency) head honcho of VerbTV - and who just received a contract with $AAPL TV. \n\nhttps://www.prnewswire.com/news-releases/apple-tv-and-david-meltzer-announce-a-2-year-content--distribution-deal-301454813.html\n\n- integrated into $MSFT with proversion on the way. $GOOG is next...\n\nClearance rack prices! Everything must go. Red tag sale.", "time": 1642561209.0, "sentiment": "Bullish"}]