[{"id": 427728696, "text": "$AAPL  \ud83c\udf4f Oil Mkts, Closed.", "time": 1642555804.0, "sentiment": "Bullish"}, {"id": 427728504, "text": "$SPY What was that cookanamy thing Biden went live to tell us, markets just dropped after that, that was the start of top weakness.\n\nIf you don&#39;t recall, don&#39;t feel bad, I don&#39;t remember exactly what he said but it was inept I remember knowing and...\n\nBiden not been live-in to speak to us since \ud83d\udc4d\n$QQQ $SOXX $AAPL", "time": 1642555780.0, "sentiment": ""}, {"id": 427726894, "text": "$AAPL \ud83e\udd4a\ud83e\ude78", "time": 1642555571.0, "sentiment": ""}, {"id": 427726737, "text": "$AAPL Fuck it i added more lol.", "time": 1642555550.0, "sentiment": ""}, {"id": 427726354, "text": "$AAPL was analyzed by 49 analysts. The buy consensus is at 84%. So analysts seem to be very confident about $AAPL. https://www.chartmill.com/stock/analyzer/stock/AAPL?view=analyst-ratings&amp;utm_source=stocktwits&amp;utm_medium=ANALYST&amp;utm_content=AAPL&amp;utm_campaign=social_tracking", "time": 1642555500.0, "sentiment": ""}, {"id": 427726309, "text": "$aapl so bullish will not be surprised if it holds. Fundamentals usually tight gap fill but this is aapl it\u2019s big bullish", "time": 1642555494.0, "sentiment": ""}, {"id": 427725719, "text": "$AAPL added to my puuuts on that weak bounce", "time": 1642555418.0, "sentiment": "Bearish"}, {"id": 427725090, "text": "$BB The New BlackBerry Everyone is Talking About, just in case you want to know more \n\nMy post with over 50k reads on Stockhouse check it out\n\nhttps://t.co/kzPyZARq1s\n\n$AAPL $TSLA $MSFT", "time": 1642555343.0, "sentiment": "Bullish"}, {"id": 427723641, "text": "$AMC You have no idea how sexy you are right now to these bears/shills they want you on a plate w/ an $AAPL but they dont know your too occupied for them +rather tendies while you game $GME", "time": 1642555163.0, "sentiment": "Bullish"}, {"id": 427722842, "text": "$BB Apple , Tesla, Microsoft, Google can talk about technology in the car, but don&#39;t forget who pioneered in bringing technology to the phone &amp; car, and due to that who holds the patents for the inventions....\n\nPatents just granted to BlackBerry \n\n$AAPL $TSLA $MSFT $GOOGL", "time": 1642555066.0, "sentiment": "Bullish"}, {"id": 427722797, "text": "Intraday Option Volume \n\n$AAPL 761k (63% call/37% put)\n$TSLA 620k (52% call/48% put)\n$ATVI 565k (51% call/49% put)\n$BBIG 487k (86% call/14% put)\n\nLynk in bayo for option trading ideas", "time": 1642555060.0, "sentiment": ""}, {"id": 427722633, "text": "@petersrq haha. If you are green on your bearish instruments, consider booking em $aapl", "time": 1642555036.0, "sentiment": ""}, {"id": 427722619, "text": "$AAPL don\u2019t fight the trend \ud83c\udf4e", "time": 1642555034.0, "sentiment": ""}, {"id": 427722510, "text": "$AAPL https://finance.yahoo.com/news/why-apple-is-a-200-stock-deutsche-bank-135256312.html", "time": 1642555019.0, "sentiment": "Bullish"}, {"id": 427722230, "text": "$NVDA $MSFT $AAPL large caps I\u2019m holding rn", "time": 1642554984.0, "sentiment": "Bullish"}, {"id": 427721967, "text": "$AAPL uch", "time": 1642554954.0, "sentiment": "Bullish"}, {"id": 427721736, "text": "$AAPL NEW ARTICLE : Apple says antitrust bills could cause &#39;millions of Americans&#39; to suffer malware attacks https://www.stck.pro/news/AAPL/21534430", "time": 1642554927.0, "sentiment": ""}, {"id": 427721314, "text": "$F $tsla $aapl $msft $fb anyone has a rec of platform/site with solid option research and trade support. I\u2019m looking for extensive option charting and volume analysis?", "time": 1642554870.0, "sentiment": "Bullish"}, {"id": 427720952, "text": "$NKLA people made money by buying $tsla years ago when all the non believers were screaming bankruptcy, not feasible etc. $AAPL almost didn\u2019t make it in the 90s.. but those who bought and held long term  made millions. i believe $nkla is a similar story. if you hold for a few years you will be greatly rewarded", "time": 1642554826.0, "sentiment": ""}, {"id": 427720113, "text": "Equity Sentiment: $AAPL is the #5 stock that institutions are trading with 14.3K options contracts.\n\nMarket analysis included in screenshot of dashboard from http://insiderfinance.io.", "time": 1642554715.0, "sentiment": ""}, {"id": 427719814, "text": "$SPY 145pm Friday mkt bottomed and turned around. Today same time. Hit S3 pivot 455.75 tgt 460 area.  $DIA $UVXY $QQQ $AAPL", "time": 1642554683.0, "sentiment": ""}, {"id": 427718649, "text": "$AAPL Chart looks good.", "time": 1642554548.0, "sentiment": "Bullish"}, {"id": 427718422, "text": "$atvi $msft $u $amzn $aapl\nAfter Microsoft and Activision deal maybe unity next? Amazon?  apple?", "time": 1642554522.0, "sentiment": ""}, {"id": 427717898, "text": "$QQQ Puts will pay ALL WEEK LONG.\n\n$MSFT $SPY $AAPL $$TSLA", "time": 1642554463.0, "sentiment": ""}, {"id": 427717507, "text": "$AAPL this should be $500 MINIMUM!", "time": 1642554426.0, "sentiment": ""}, {"id": 427716917, "text": "$AMTX Aemetis (NASDAQ: AMTX) presentation at Stanford META Biogas overview makes clear that Aemetis is executing according to the 5 year growth plan and 5 new dairies digester are ready to come online soon (see photos attached and video here the unitive link)\n\nhttps://m.youtube.com/watch?v=oTrzwY_8vdw\n\nAccording to the plan AEMETIS will have a +$300 Mln EBITDA in 2025 and, as of today, all AEMETIS has a market cap of only $300Mln\n\nhttps://www.aemetis.com/wp-content/uploads/2021/06/Aemetis-Corporate-Presentation-2021-06-09.pdf\n\nBig bargain to buy at this price\n $TSLA $AAPL $GEVO $FB", "time": 1642554357.0, "sentiment": "Bullish"}, {"id": 427716799, "text": "Peloton hires McKinsey to review cost structure as equipment sales slow \n$PTON | $NLS | $PLNT \n$LTH | $AAPL  https://www.cnbc.com/2022/01/18/peloton-hires-mckinsey-to-review-cost-structure-as-equipment-sales-slow-.html?__source=iosappshare%7Ccom.stocktwits.StockTwits.STShareExtension", "time": 1642554345.0, "sentiment": ""}, {"id": 427715100, "text": "$AAPL \n\nIm so impressed by MM .. I won\u2019t name it ..\n\nThey handled so well despite marketwide rout !!", "time": 1642554138.0, "sentiment": "Bullish"}, {"id": 427715071, "text": "$AAPL AAPL 2022-01-18 Technical Analysis Video: \nhttps://www.youtube.com/watch?v=qxwYJYfhRgw", "time": 1642554135.0, "sentiment": ""}, {"id": 427714956, "text": "$SPY $QQQ $AAPL $TSLA $AMD \ncorrect me if I\u2019m wrong but if banks are missing estimates then shouldn\u2019t that mean the tech rally continues", "time": 1642554122.0, "sentiment": ""}]