[{"id": 427765454, "text": "$AAPL Apple ...", "time": 1642560327.0, "sentiment": ""}, {"id": 427764031, "text": "$aapl outperforming by 80 points. Dont know how long it will sustain the defense, but its noteworthy that $nasdaq and $spy are puking in waves and Apple defenda 170 still", "time": 1642560163.0, "sentiment": ""}, {"id": 427763825, "text": "$AAPL Apple Option Alert: Jan 22 $131 Calls Sweep (8) near the Bid: 300 @ $2.6 vs 11056 OI; Earnings 1/27 After Close Ref=$130.6846\ud83d\udc02 |\ud83e\udd47 Learn more and get details on  \u27a1\ufe0f SweepCast.com", "time": 1642560135.0, "sentiment": ""}, {"id": 427763516, "text": "$AAPL the pullback from the peak can reach $162.10- $152.80 area lower where buyers should be waiting to appear again #elliottwave #trading #stocks", "time": 1642560103.0, "sentiment": ""}, {"id": 427763142, "text": "$CFVI 13\u2019s won\u2019t last long with the people realizing what this is!! $DWAC $AAPL $TWTR", "time": 1642560062.0, "sentiment": "Bullish"}, {"id": 427762888, "text": "$AAPL $155 soon.  Will test that 150dma", "time": 1642560032.0, "sentiment": ""}, {"id": 427762842, "text": "$AAPL buy buy buy", "time": 1642560025.0, "sentiment": "Bullish"}, {"id": 427762190, "text": "$AMZN  Like I sais $3180 is now broken. We shall never view below that again. Strong support. Now let\u2019s   push GREEN toward  close today. Or at least above $3200 close today I will be happy. \ud83d\udcb0\ud83d\udcb0\ud83d\udc4d\ud83c\udffd\u270c\ud83c\udffd\ud83d\udcc8 $FB $AAPL $BABA", "time": 1642559949.0, "sentiment": "Bullish"}, {"id": 427762033, "text": "$AAPL \n\nLet\u2019s close 170.50 to 171 ..\n\nWe don\u2019t allow this to go below .. fuck those shorts and bears!", "time": 1642559930.0, "sentiment": "Bullish"}, {"id": 427761649, "text": "$aapl 12% correction in the index is already in!", "time": 1642559882.0, "sentiment": ""}, {"id": 427761556, "text": "$AAPL This POS need to go down lower .. much lower", "time": 1642559871.0, "sentiment": "Bearish"}, {"id": 427760588, "text": "$AAPL PERMABULLS \ud83d\udce3 there\u2019s still time your recoup your calls losses by switching to puts \ud83e\udd73 I\u2019ll just be 45% ahead of you \ud83d\ude02\ud83e\uddf8", "time": 1642559754.0, "sentiment": "Bearish"}, {"id": 427760570, "text": "$AAPL H&amp;S is very close.", "time": 1642559753.0, "sentiment": ""}, {"id": 427760435, "text": "$AAPL outperforming by 70 points now.", "time": 1642559738.0, "sentiment": ""}, {"id": 427759986, "text": "$AAPL 1hr view from 1/14 Pre-Market update presented to members at elliottwave-forecast.com/ #elliottwave #trading #stocks", "time": 1642559683.0, "sentiment": ""}, {"id": 427759482, "text": "$AAPL     \ud83c\udf4f This is not normal movement for the VIX.   This is a \u201cControlled Mkt Pressure Algo\u201d.  Deliberate, but contained.", "time": 1642559624.0, "sentiment": ""}, {"id": 427758381, "text": "$AAPL Cmon hippies..", "time": 1642559489.0, "sentiment": "Bullish"}, {"id": 427758119, "text": "$AAPL Chart of The Day 12 January: #Apple can see further downside https://elliottwave-forecast.com/stock-market/elliott-wave-view-apple/  #elliottwave #trading #stocks", "time": 1642559456.0, "sentiment": ""}, {"id": 427757461, "text": "$AAPL now you are aware there are short attacking upcoming .. just push this price action to close 171 .. \n\nThis is fucking oversold territory for all indexes plus SPY ..\n\nJust push the mofo short attacker out of here!", "time": 1642559373.0, "sentiment": "Bullish"}, {"id": 427756085, "text": "$AAPL 60 point divergence from market.. Very strong, and only being led down by the index.", "time": 1642559196.0, "sentiment": "Bullish"}, {"id": 427756051, "text": "$AAPL \ud83c\udf4f\ud83d\udc47   \ud83d\udc4d", "time": 1642559190.0, "sentiment": ""}, {"id": 427755510, "text": "$AAPL This scam barely falls as the rest of the market barely falls.  Incredible.  Way way overvalued.", "time": 1642559126.0, "sentiment": ""}, {"id": 427755012, "text": "$AAPL This New Street analyst must be a real Crook, he raised his target price from $90 to $105. I am surprised he still has a job! So many manipulators and liars out there!", "time": 1642559063.0, "sentiment": ""}, {"id": 427754999, "text": "@NewYorkerHK Seems like higher lows is the setup! $aapl", "time": 1642559062.0, "sentiment": ""}, {"id": 427754912, "text": "$PETZ the $AAPL of pet food companies! Let\u2019s GO!!!", "time": 1642559051.0, "sentiment": "Bullish"}, {"id": 427754880, "text": "$AAPL        \ud83c\udf4f HFund Shorts, hitting Tape.  Shorting to Cover?  Retail Shorts, are you paying attention.  Decision Time.  Holding Short from here?  Pure Gamble.", "time": 1642559045.0, "sentiment": ""}, {"id": 427754805, "text": "$AAPL 165", "time": 1642559035.0, "sentiment": "Bearish"}, {"id": 427754249, "text": "$AAPL if you voted for this moron, take a good look at yourself in the mirror.", "time": 1642558967.0, "sentiment": "Bullish"}, {"id": 427754069, "text": "$AAPL $170 the bottom???  We shall see.", "time": 1642558943.0, "sentiment": "Bullish"}, {"id": 427752995, "text": "$AAPL not much volume in these directional moves", "time": 1642558818.0, "sentiment": ""}]