[{"id": 427752578, "text": "$AAPL Looks like Max Pain this Friday is really a pain in the a** for MMs!", "time": 1642558768.0, "sentiment": ""}, {"id": 427752509, "text": "$AAPL let\u2019s fucking close 171 .. push the mofo short attack !!", "time": 1642558760.0, "sentiment": "Bullish"}, {"id": 427752463, "text": "$AAPL I have puts at 165. Tomorrow will hurt this whole week will hurt.  Stocks will not recover yet", "time": 1642558754.0, "sentiment": "Bearish"}, {"id": 427752404, "text": "$AAPL NEW ARTICLE : Big tech sell off: Stocks plunge amid continued interest rate worries https://www.stck.pro/news/AAPL/21537761", "time": 1642558747.0, "sentiment": ""}, {"id": 427752119, "text": "$AAPL 10 year at a high of the day", "time": 1642558716.0, "sentiment": ""}, {"id": 427751668, "text": "$AAPL check my post permabulls. I have been screaming this move \ud83d\udd2e\ud83c\udf7a\ud83e\uddf8\ud83c\udfcc\ufe0f\u200d\u2642\ufe0f\ud83d\ude0e don\u2019t listen and don\u2019t make money or worse\u2026 buy calls \ud83d\ude02\ud83d\ude45\u200d\u2642\ufe0f\ud83d\ude43", "time": 1642558664.0, "sentiment": "Bearish"}, {"id": 427751471, "text": "$AAPL \n\nAlgo triggered short attack was initiated ..\n\nWatch out and be careful!\n\nThey are doing the same thing during PH!", "time": 1642558642.0, "sentiment": "Bullish"}, {"id": 427750891, "text": "$AAPL Weeeeeee", "time": 1642558571.0, "sentiment": ""}, {"id": 427750608, "text": "Apple Unseats Samsung As World&#39;s Top Smartphone Vendor In Q4; Is Cupertino Priming For A Bumper Quarter?\n\nAAPL has taken the pole position in global smartphone shipments in the fourth quarter, confirming the current strength of the iPhone cycle.\n\nApple Reigns Supreme: Cupertino&#39;s share of worldwide smartphone shipments stood at 22% in the fourth quarter, according to a preliminary report from Canalys. That&#39;s an increase from the 14% market share the iPhone held in the third quarter, and reclaims Apple&#39;s top spot in terms of smartphone shipments after a 3-year hiatus.\nApple&#39;s performance was driven by stellar iPhone 13 shipments, the firm said. &quot;Apple saw unprecedented iPhone performance in Mainland China, with aggressive pricing for its flagship devices keeping the value proposition strong,&quot; Canalys analyst Sanyam Chaurasia noted.\n\nhttps://m.benzinga.com/article/25095195?utm_campaign=partner_feed&amp;utm_source=robinhood.com&amp;utm_medium=partner_feed&amp;utm_content=ticker_page\n\n$AAPL $SSNLF", "time": 1642558536.0, "sentiment": "Bullish"}, {"id": 427750582, "text": "$AAPL Great video about why I&#39;m buying apple now! Espeically with earnings soon!https://youtu.be/Co9DfttMkVg", "time": 1642558532.0, "sentiment": "Bullish"}, {"id": 427749724, "text": "$AAPL shares oustanding have fallen again...buybacks still strong ...down to 16.33 B", "time": 1642558421.0, "sentiment": ""}, {"id": 427748722, "text": "$AAPL weak pamp.. lower highs , more drop tomrrow . Daddy and momma not finish loading calls .", "time": 1642558283.0, "sentiment": "Bearish"}, {"id": 427747913, "text": "$AAPL $$174 tomorrow open. Run up to a blowout earning report will start", "time": 1642558178.0, "sentiment": "Bullish"}, {"id": 427747436, "text": "$QQQ $AAPL $AMD $SPY  you need a blog like Creed on the show the office where nobody can see it. Hahaha", "time": 1642558113.0, "sentiment": ""}, {"id": 427747230, "text": "$AAPL https://newsfilter.io/a/a4d8f8f6923c5802ec1218468029bd5d", "time": 1642558086.0, "sentiment": ""}, {"id": 427747062, "text": "$SPY FED means serious-serious biz, guys. So does the bond market. \n\nJust out , just say , no time to die, and you can die another day (tomortow.)\n\n#RATES \n\n$QQQ $AMD $AAPL", "time": 1642558060.0, "sentiment": ""}, {"id": 427746847, "text": "$AAPL \n\nhttps://newsfilter.io/a/a4d8f8f6923c5802ec1218468029bd5d\n\nLet\u2019s go\u203c\ufe0f\u203c\ufe0f", "time": 1642558031.0, "sentiment": "Bullish"}, {"id": 427746823, "text": "$NDX $MSFT $VTI $AAPL $GSAT Fuck Joe Biden! \ud83e\udd2c", "time": 1642558028.0, "sentiment": ""}, {"id": 427746241, "text": "$AAPL \n$150 is coming \u2705", "time": 1642557954.0, "sentiment": ""}, {"id": 427746200, "text": "$AAPL will tech sector rebound tmrw", "time": 1642557947.0, "sentiment": ""}, {"id": 427745866, "text": "$AAPL Apple Unseats Samsung As World&#39;s Top Smartphone Vendor In Q4; Is Cupertino Priming For A Bumper Quarter? \n\nhttps://newsfilter.io/a/a4d8f8f6923c5802ec1218468029bd5d", "time": 1642557901.0, "sentiment": ""}, {"id": 427745464, "text": "@gpaisa still got those puts on $AAPL ?", "time": 1642557847.0, "sentiment": ""}, {"id": 427744979, "text": "$MSFT Just. Get. Puts. \n \n...for this week. \n \n$SPY $QQQ $AAPL", "time": 1642557790.0, "sentiment": ""}, {"id": 427744928, "text": "$KT Acquires 11.133 million shares in Shinhan Financial Group $SHG for a 2.08% stake\n\nhttps://www.sec.gov/Archives/edgar/data/0000892450/000119312522010486/d247105d6k.htm\n\n$AAPL $FB $MSFT", "time": 1642557784.0, "sentiment": ""}, {"id": 427744277, "text": "$SPY $QQQ $AAPL \nSOUR HOUR! \nHere&#39;s my guess , we are going to go range 1 pt into close, with final 10 minutes we get a 50 point STATEMENT drop for Nasdaq $ndx \n\nAnybody wanna bet? $XLK", "time": 1642557698.0, "sentiment": ""}, {"id": 427743608, "text": "@2aw @Gangsta_G also, undervalued doesn\u2019t always mean a buy. It depends on the market fundamentals. Same thing goes for overvalued, doesn\u2019t always mean sell. Look at $aapl. Been overvalued and a buy got 11 years straight. I love SOFI and if revenue continues to increase and accounts grow, and if the stock continues to fall, it will become grossly undervalued, but STILL might not be a buy until market sentiment and fundamentals change. OR, sofi would need to charter up, slow growth and begin to profit", "time": 1642557615.0, "sentiment": ""}, {"id": 427743456, "text": "$DWAC At near $90, it is now trading with a fair valuation similar to the cash-flow stability of high-growth tech giants such as $AAPL $MSFT $AMZN. Of course, it is still a startup with an untested idea, and literally anything that goes wrong will demolish it (App is not as exciting as advertised, first-day bugs, etc)", "time": 1642557599.0, "sentiment": "Bearish"}, {"id": 427740794, "text": "$SPY $TSLA $AAPL In the past I&#39;ve asked &quot;How much should you tip your lambo salesman?&quot;  \n \nToday I ask, &quot;How much should you tip the guy that shows up to repossess your Lambo?", "time": 1642557273.0, "sentiment": ""}, {"id": 427740691, "text": "$AAPL $MSFT", "time": 1642557261.0, "sentiment": "Bullish"}, {"id": 427739858, "text": "$AAPL at one time not too long ago, AAPL traded at around a 15PE.  Is the PE contraction starting?  I hope not.", "time": 1642557168.0, "sentiment": ""}]