[{"id": 427852301, "text": "$aapl price action got me like \ud83d\ude22", "time": 1642573432.0, "sentiment": "Bullish"}, {"id": 427852054, "text": "$AAPL Cohen said he\u2018ll go all in Apple, when it drops to 60", "time": 1642573370.0, "sentiment": ""}, {"id": 427850941, "text": "$SPY $QQQ $AMD $AAPL \n\nBonds and oil", "time": 1642573106.0, "sentiment": ""}, {"id": 427850300, "text": "$AAPL is not a safe haven. Those that are invested here for that reason are about to find out it doesn&#39;t work that way. It&#39;s the high growth first, then the big cap tech stocks tank next.", "time": 1642572962.0, "sentiment": "Bearish"}, {"id": 427849515, "text": "$AAPL happily setting orders to add shares to my long position in the low 160\u2019s. Fingers crossed we get there", "time": 1642572786.0, "sentiment": "Bullish"}, {"id": 427848699, "text": "$AAPL $173 tomorrow", "time": 1642572595.0, "sentiment": "Bullish"}, {"id": 427848609, "text": "$UVXY have a good day tomorrow everyone \ud83c\udf7f $SPY $TSLA $AAPL", "time": 1642572575.0, "sentiment": ""}, {"id": 427847939, "text": "$AAPL $163", "time": 1642572421.0, "sentiment": ""}, {"id": 427847814, "text": "$AAPL \n\nOversold", "time": 1642572396.0, "sentiment": ""}, {"id": 427845653, "text": "$AAPL anyone wanna learn how my boooty indicators works? I watch the curve of the boooty into the anus .. when is under and curving is bullish.. if her boooty is high and curving down is bearish.. because she getting to much pounding and needs to come down.. the inverse is when her booty is low and she curving up is because she ready . Guess where my boooty indicators say now? $SPY", "time": 1642571930.0, "sentiment": ""}, {"id": 427845063, "text": "$AAPL don\u2019t think so", "time": 1642571805.0, "sentiment": ""}, {"id": 427844903, "text": "$AAPL - this ran up from $125 for no fundamental reason, just straight momentum. Now that momentum is turning down, we could easily see a $10-$20 drop in 1-3 days.", "time": 1642571771.0, "sentiment": "Bearish"}, {"id": 427844372, "text": "All things considered, $AAPL is holding up pretty well in this market. The daily chart looks fine for now.", "time": 1642571659.0, "sentiment": ""}, {"id": 427843998, "text": "$AAPL Does anyone have any information as to why there was so much selling in a two minute span after hours? I am trying to find out if I am missing something. I was thinking of adding to my position, but unsure about this activity. Thanks", "time": 1642571581.0, "sentiment": ""}, {"id": 427843354, "text": "Sweep Options Activity: $AAPL is the #1 ticker with sweep activity where institutions are trading options urgently with 60.6K sweep contracts, a leading indicator of market movement.\n\nMarket analysis and options contracts included in screenshot of dashboard from http://insiderfinance.io.", "time": 1642571453.0, "sentiment": ""}, {"id": 427842364, "text": "Tech Stocks Are Getting Slammed Yet Again. Why Apple, Microsoft, Tesla, and 10 Others Can Rise. - Barron&#39;s $AAPL $MSFT $TSLA  https://apple.news/A5o77dIVNS1iaXXui1vFKCg", "time": 1642571255.0, "sentiment": ""}, {"id": 427841659, "text": "$AAPL NEW ARTICLE : Why Apple Sank Along With the Stock Market Today https://www.stck.pro/news/AAPL/21547192", "time": 1642571115.0, "sentiment": ""}, {"id": 427841208, "text": "Forget $AAPL and $GOOG - check out $CODX so underpriced, What an opportunity... people forgot COVID and now this stock is gonna soar - their test is the highest accuracy in the industry and has been bought up by NATO and exclusive w/ government in India, a country with BILLIONS of people", "time": 1642571028.0, "sentiment": ""}, {"id": 427840562, "text": "Why Analysts Are Hiking Targets on These Trillion-Dollar Tech Names - 24/7 Wall St. $TSLA $AAPL  https://apple.news/ANriDcvnWQUufyT64GtIklQ", "time": 1642570900.0, "sentiment": ""}, {"id": 427840235, "text": "$AAPL $MSFT im glad we have shorts - they are guaranteed buyers at some point \ud83d\ude0e", "time": 1642570837.0, "sentiment": "Bullish"}, {"id": 427839975, "text": "$AAPL Simulated 170.0C for Wednesday&#39;s open on StockOrbit. \n https://apps.apple.com/us/app/stockorbit/id1541560646", "time": 1642570790.0, "sentiment": ""}, {"id": 427838759, "text": "$NFLX vs $AAPL: my dream for nflx", "time": 1642570572.0, "sentiment": ""}, {"id": 427838407, "text": "$QQQ Guys, these greenies will not last by open.  Most buys today were eager retailers.  More dip and chips tomorrow. \n \n$SPY $MSFT $AAPL $TSLA", "time": 1642570506.0, "sentiment": ""}, {"id": 427837994, "text": "$SPY Forget your charts and oceanography like ways \n$QQQ $SOXX $AAPL", "time": 1642570430.0, "sentiment": ""}, {"id": 427837896, "text": "$aapl which paper handed bitch is selling", "time": 1642570413.0, "sentiment": ""}, {"id": 427837506, "text": "$AAPL  wtf going on here?? if this pumps tomorrow imma be hella mad", "time": 1642570351.0, "sentiment": "Bearish"}, {"id": 427836918, "text": "$AAPL $SPY Puts going to worthless tomorrow.", "time": 1642570255.0, "sentiment": "Bullish"}, {"id": 427835579, "text": "The industry average Profit Margin is 6.11%. $AAPL outperforms 94% of its industry peers. https://www.chartmill.com/stock/analyzer/stock/AAPL?view=fundamental-analysis&amp;key=bb853040-a4ac-41c6-b549-d218d2f21b32&amp;utm_source=stocktwits&amp;utm_medium=FA&amp;utm_content=AAPL&amp;utm_campaign=social_tracking", "time": 1642570020.0, "sentiment": ""}, {"id": 427834181, "text": "$AAPL \ud83c\udf4f Early, wayyyy early\u2026but:", "time": 1642569778.0, "sentiment": ""}, {"id": 427833898, "text": "$AAPL if orange man was so bad, why was my 401k so much larger under him? \ud83e\udd2f", "time": 1642569726.0, "sentiment": ""}]