[{"id": 427892802, "text": "@Tristan634 wish I started when I was 18.. I\u2019m 23. Just buy a composition book and always follow \u201cmost volume stocks\u201d on bar chart. Off the top of my head, $F $AAPL $NIO  are always up there and $TSLA gets ton of options volume as well. Just study market movement on the heavies along with $SPY and futures. The market mostly all moves the same and together", "time": 1642583361.0, "sentiment": ""}, {"id": 427892596, "text": "@Tristan634 $AAPL because it&#39;s the only tech giant that hasn&#39;t gone down yet", "time": 1642583300.0, "sentiment": ""}, {"id": 427892284, "text": "$PLTR futures down again.. looks like we will test 10.40$ Biden is bad for stocks\u2026 let\u2019s tax corps 28% why not\u2026 won\u2019t hurt their stock price $AAPL $AMZN $GOOG", "time": 1642583214.0, "sentiment": ""}, {"id": 427891983, "text": "$QQQ &quot;They&quot; want more than a 10% correction on the NASDAQ... \n \n$SPY $AAPL $NVDA $TSLA", "time": 1642583135.0, "sentiment": ""}, {"id": 427891861, "text": "$AAPL AAPL 2022-01-18 Technical Analysis Video: \nhttps://www.youtube.com/watch?v=qxwYJYfhRgw", "time": 1642583105.0, "sentiment": ""}, {"id": 427891838, "text": "$AAPL thinking this will bounce off 159-160 for a nice bull flag and demonstrating resistance turned into support before rally to 190. Look at that weekly chart. Beautiful.", "time": 1642583097.0, "sentiment": ""}, {"id": 427891125, "text": "$AAPL Simulated 170.0C for Wednesday&#39;s open on StockOrbit. \n https://apps.apple.com/us/app/stockorbit/id1541560646", "time": 1642582909.0, "sentiment": ""}, {"id": 427888289, "text": "$SPY $QQQ $AAPL $MS", "time": 1642582135.0, "sentiment": ""}, {"id": 427887316, "text": "$AAPL don\u2019t be fooled. All that swinging around today was to scare folks out. Market gonna start its bounce tomorrow. The price\naction in the last 10 minutes was too crazy today just to keep dropping. Grabbed some 175 Calls today. Going green tomorrow baby!!!", "time": 1642581873.0, "sentiment": "Bullish"}, {"id": 427886714, "text": "$AAPL prepare for a fall in this stock it will be 165.", "time": 1642581714.0, "sentiment": ""}, {"id": 427886462, "text": "$AAPL earnings will fall $4", "time": 1642581643.0, "sentiment": ""}, {"id": 427886410, "text": "$SPY $QQQ $TSLA $AAPL $UVXY does anyone have the meme of what traders see when they go into nature.  It&#39;s a pic of a natural landscape with trendlines drawn on them...", "time": 1642581630.0, "sentiment": ""}, {"id": 427886019, "text": "$AAPL let\u2019s go Brandon . I have a message for you liberals. \nhttps://youtu.be/bWXazVhlyxQ", "time": 1642581528.0, "sentiment": ""}, {"id": 427885328, "text": "$AAPL $twtr $snap $rblx\n\nCalm down guys \n\nSector rotation coming soon.... Tech will rule again....\n\nDon&#39;t be scared by those fake ass shorty... \n\nAppl - above 185\nTwtr - 40\nSnap - 45\nRblx - 90\n\nMark this post!!", "time": 1642581338.0, "sentiment": "Bullish"}, {"id": 427885088, "text": "$SPY $QQQ weekly so far has broken white kijusen. possible 1st close since the beginning of Covid in April of 2020. red tenkansen line likely bear crosses with white kijusen line. ( tenkansen kijusen line is 9 and 26  weekly candle average respectively) \n \n the ichimoku cloud is due for test as its the equilibrium of past 26 candle averages.. as momentum drops, trend stalls and ichimoku cloud gets tested per the rules..  \n \n$AAPL and #TSLA on watch", "time": 1642581275.0, "sentiment": ""}, {"id": 427884991, "text": "$AAPL @Snowball2013 when are you adding ?", "time": 1642581249.0, "sentiment": ""}, {"id": 427880617, "text": "$AAPL can\u2019t wait to buy this at 80", "time": 1642580118.0, "sentiment": "Bullish"}, {"id": 427880105, "text": "$AAPL should you 80 million joe voters be burning cities down by now.  The president is destroying america with every breath he takes. No on can be optimistic with left only passing laws that help them win an election. They could careless about the planet. Vote on the issue move on. No money ni social issues .", "time": 1642579978.0, "sentiment": ""}, {"id": 427878501, "text": "$AAPL AAPL 2022-01-18 Largest Trades Data: \nhttps://www.youtube.com/watch?v=aYqF3EbEEj4", "time": 1642579567.0, "sentiment": ""}, {"id": 427876846, "text": "$AAPL $MSFT does Apple want $ATVI ? \ud83e\udd14", "time": 1642579132.0, "sentiment": ""}, {"id": 427875561, "text": "$AAPL futures green like a little leprechauns weenie!!!!!!    Tomorrow we ride applonians!!!!!", "time": 1642578809.0, "sentiment": "Bullish"}, {"id": 427875467, "text": "$SPY $IWM Bullish these two, not really bullish but not bearish on the $QQQ $AAPL", "time": 1642578786.0, "sentiment": "Bullish"}, {"id": 427875322, "text": "Does anyone else \ud83e\udd14 think that the excuse for tech stocks being down is a bunch of bull shit? $MSFT $AAPL $NVDA $TSLA Just because the Fed is raising the rates. You don&#39;t punish the most profitable and innovative companies.", "time": 1642578754.0, "sentiment": "Bullish"}, {"id": 427874433, "text": "$AAPL NEW ARTICLE : Apple and Google speak out against tech bills https://www.stck.pro/news/AAPL/21552548", "time": 1642578553.0, "sentiment": ""}, {"id": 427874163, "text": "@TradeOscillators This will blow Like $Dwac. the $AAPL of fintech", "time": 1642578488.0, "sentiment": "Bullish"}, {"id": 427873459, "text": "$AAPL will see $69 before $200 ? Some Mo. fckers predicting $140", "time": 1642578322.0, "sentiment": ""}, {"id": 427872687, "text": "$MSFT Maybe we can tear thru the wreckage of these guys tomorrow and find out companies with a lot employs inside and that  someone stole $68 BILLION from the company safe \n\n$SPY $AAPL", "time": 1642578151.0, "sentiment": ""}, {"id": 427871564, "text": "$SPY I bought today near lows, so yeah def bullish. Bears have no clue what actually goes down $AAPL $MSFT", "time": 1642577886.0, "sentiment": "Bullish"}, {"id": 427871373, "text": "$AAPL Consolidation box with rising 50 day EMA support", "time": 1642577842.0, "sentiment": ""}, {"id": 427869350, "text": "$AAPL 172.50 open push 175", "time": 1642577360.0, "sentiment": "Bullish"}]