[{"id": 427934178, "text": "$AAPL greeennnnnn!!!!!   And gonna split.", "time": 1642605716.0, "sentiment": "Bullish"}, {"id": 427933661, "text": "$AAPL fuk you Byron!!!!!", "time": 1642605311.0, "sentiment": ""}, {"id": 427932783, "text": "$SBUX $AAPL NASDAQ creeping back up!", "time": 1642604612.0, "sentiment": ""}, {"id": 427932635, "text": "$AAPL Simulated 170.0C for Wednesday&#39;s open on StockOrbit. \n https://apps.apple.com/us/app/stockorbit/id1541560646", "time": 1642604513.0, "sentiment": ""}, {"id": 427932024, "text": "$AAPL gonna be a green day!!!!!!!", "time": 1642604050.0, "sentiment": "Bullish"}, {"id": 427931789, "text": "$SPY FUD ALL DAY... $AAPL", "time": 1642603859.0, "sentiment": "Bullish"}, {"id": 427930601, "text": "$AAPL Carry on dipsticks. I wont hesitate to drop another 50k in.", "time": 1642602767.0, "sentiment": ""}, {"id": 427929725, "text": "WSJ  https://wsjtodaysedition.cmail19.com/t/ViewEmail/d/4B942EA553C611782540EF23F30FEDED/75AE69E778A6687AA4A88C2FAEAC43DE?alternativeLink=False  \ud83d\udc3b\u2764\ud83d\ude08\u2714 $TSLA $F $GM $AAL $AAPL ...", "time": 1642601901.0, "sentiment": "Bearish"}, {"id": 427928767, "text": "$AAPL $tqqq $QQQ  $MSFT look at these charts in relation to the covid 2020 \u201cdip/crash\u201d. Everyone was saying man only if I would have loaded up at the bottom of that dip and held. Same is happening again. Don\u2019t let it pass you up.", "time": 1642601029.0, "sentiment": ""}, {"id": 427928243, "text": "$SPY $QQQ $AAPL Watch UK&#39;s markets, they about to cliff-dive at open, $FTSE . Others too , will be butterfly effector Europe, &#39;course reverberations from our market down.\n\nI expect huge drops today there. \n\nUK been very reluctant to raise rates same with European Central Bank but Engkand&#39;s inflation isca warning sign and although Germany was in-line for it&#39;s YoY CPi, 5.3% IS STILL HIGH! \ud83d\ude31\ud83d\udea8\n\nVery likely both British MPC rate policy Committee and ECB now THRUST INTO THE having to do what they were not planning on doing at their respective policymaking &quot;FED&quot; meetings in Feb. 3 , for UK, and March 3 for EUC.\n\nScary-scary times.\n\nI&#39;ve been preaching in USA: Inflation will rule the day (for years).\n\nNow, go ahead, repeat those words for Europe &amp; UK. The beast rearing its head there now too\ud83d\udc40\ud83e\udd76\n\nUSA PCE data the 28th is going to be a shocker too, those monthly #s are higher jumps than CPI \ud83d\udc4c.\n\nK?\nYou getting all this ? \ud83d\ude42\ud83d\udd25", "time": 1642600555.0, "sentiment": ""}, {"id": 427927725, "text": "$aapl europe high on that dumb bitch juice damn", "time": 1642600062.0, "sentiment": ""}, {"id": 427927664, "text": "Crash Wednesday update: $tsla  $f $gm  $aapl  $aal and more \n\nUK inflation rate soars to 30-year high as cost pressures continue \n\nThis is a developing news story. Please check back for updates:\n\nhttps://www.cnbc.com/2022/01/19/uk-inflation-rate-soars-to-30-year-high-as-cost-pressures-continue.html\n\nGerman 10-year bond yield trades in positive territory for the first time since May 2019 . This is a developing news story. Please check back for updates:\n\nhttps://www.cnbc.com/2022/01/19/bunds-german-10-year-bind-yield-trades-in-positive-territory-.html\n\nWSJ https://intodayspaper.cmail19.com/t/ViewEmail/d/F03691F822225A522540EF23F30FEDED/D26BC6F6CAEB86714BD7C9066BE4161D?alternativeLink=False", "time": 1642600006.0, "sentiment": "Bearish"}, {"id": 427927247, "text": "Excellent, welcome to Crash Wednesday and the Armageddon Depression \ud83d\udc3b\u2764 Carry on sticking forks in the stock markets at large for profits \u2714\n\nhttps://www.investing.com/indices/indices-futures\n\nhttps://finviz.com/news.ashx\n\nhttps://global-premium.econoday.com/byweek.asp?cust=global-premium\n\nhttps://www.investing.com/news/latest-news\n\nThank dog that I am here to help @Profit_Maker https://stocktwits.com/Profit_Maker \ud83d\ude08\n\n$f $gm $tsla $aapl $aal and more", "time": 1642599645.0, "sentiment": "Bearish"}, {"id": 427927138, "text": "$AAPL FACT OF THE DAY...\n\nAs inflation is causing interest rates to increase by approx 1 - 1.5%, it is rumoured on WS that the majority of companies related to the Nasdaq and Russell WILL NOT BE MAKING ANY MONEY for the foreseeable future. \n\nHence the absolute slaying of both these markets.\n\nDid you know that?", "time": 1642599541.0, "sentiment": "Bullish"}, {"id": 427926483, "text": "$AAPL blood running on the streets. Apple is still the best way to park your money. It\u2019s a slow turtle and safe.", "time": 1642598986.0, "sentiment": ""}, {"id": 427926455, "text": "@jimbeam69 simply hold cash until you can buy $AAPL at 80-100 don\u2019t panic \ud83d\ude06", "time": 1642598955.0, "sentiment": ""}, {"id": 427926192, "text": "$AAPL under 169 in Frankfurt", "time": 1642598729.0, "sentiment": ""}, {"id": 427926068, "text": "$AAPL 175", "time": 1642598621.0, "sentiment": "Bullish"}, {"id": 427925880, "text": "$AAPL https://seekingalpha.com/amp/news/3788642-apple-price-target-raised-at-deutsche-bank-as-growth-estimates-are-too-low\n\nNuff said?", "time": 1642598437.0, "sentiment": "Bullish"}, {"id": 427925814, "text": "8.26% of insitutions would consider $AAPL a core holding, constituting over 8% of their portfolio https://insider-analysis.com/search_whales.php?ticker=TABLE_AAPL", "time": 1642598377.0, "sentiment": ""}, {"id": 427925269, "text": "UK inflation rate soars to 30-year high as cost pressures continue\nBad for Market and Stocks .\n$QQQ $SPY $AMD $AAPL", "time": 1642597900.0, "sentiment": ""}, {"id": 427924027, "text": "$AAPL see this sell of AM tomorrow 1/19/22.... then big rally into close. Sell into close tomorrow and gap up Thursday 1/20. Then take a vacation. Come back in a month and start buying longer dated calls.", "time": 1642596796.0, "sentiment": ""}, {"id": 427923127, "text": "$AAPL", "time": 1642596029.0, "sentiment": "Bullish"}, {"id": 427922659, "text": "$AAPL $$$$$$$", "time": 1642595640.0, "sentiment": ""}, {"id": 427921964, "text": "$AAPL Been on a downtrend sense 05Jan with a small correction but I see if continuing to drop this week.", "time": 1642595130.0, "sentiment": "Bearish"}, {"id": 427921238, "text": "$AAPL the pullback from the peak can reach $162.10- $152.80 area lower where buyers should be waiting to appear again #elliottwave #trading #stocks", "time": 1642594600.0, "sentiment": ""}, {"id": 427920925, "text": "$AAPL 1hr view from 1/14 Pre-Market update presented to members at elliottwave-forecast.com/ #elliottwave #trading #stocks", "time": 1642594390.0, "sentiment": ""}, {"id": 427920586, "text": "$AAPL Chart of The Day 12 January: #Apple can see further downside https://elliottwave-forecast.com/stock-market/elliott-wave-view-apple/  #elliottwave #trading #stocks", "time": 1642594173.0, "sentiment": ""}, {"id": 427920432, "text": "$AAPL AAPL 2022-01-18 Technical Analysis Video: \nhttps://www.youtube.com/watch?v=qxwYJYfhRgw", "time": 1642594084.0, "sentiment": ""}, {"id": 427920330, "text": "$AAPL futes up 40 points from the lows", "time": 1642594024.0, "sentiment": ""}]