[{"id": 427952777, "text": "\ud83d\udce6 | $PSA  \ud83c\udf4e | $AAPL \u2615\ufe0f | $SBUX \nThis Storage Unit Stock Has A Better 1-Year Return Than Microsoft, Apple, Starbucks And Moderna \ud83d\udc49\ud83c\udffc https://www.benzinga.com/node/25096570", "time": 1642615896.0, "sentiment": ""}, {"id": 427952635, "text": " $QQQ $AAPL $UVXY $SPY continued to buy dip in after hours $AMZN, sold the rip in pre-market. Again, you can trade with us at Finom Group", "time": 1642615864.0, "sentiment": ""}, {"id": 427952633, "text": "$AAPL AAPL 2022-01-18 Technical Analysis Video: \nhttps://www.youtube.com/watch?v=qxwYJYfhRgw", "time": 1642615864.0, "sentiment": ""}, {"id": 427950980, "text": "$AAPL earnings coming up back to $180", "time": 1642615372.0, "sentiment": "Bullish"}, {"id": 427950754, "text": "$AAPL Simulated 170.0C for Wednesday&#39;s open on StockOrbit. \n https://apps.apple.com/us/app/stockorbit/id1541560646", "time": 1642615315.0, "sentiment": ""}, {"id": 427950206, "text": "@Economist4401 its up 214 points what you on lmao $bac saved the market today. Resumes $aapl er run!", "time": 1642615196.0, "sentiment": ""}, {"id": 427949594, "text": "$AAPL $TYDE IS OUT JOIN THE $BBIG wave!!!!!!!", "time": 1642614968.0, "sentiment": "Bullish"}, {"id": 427949329, "text": "$AAPL prediction on earnings - people will freak out over the cost increase the supply chain issue will cost them despite record revenues.  \n\nIt\u2019s a drop in bucket over long term, so please panic this down further.", "time": 1642614878.0, "sentiment": ""}, {"id": 427949044, "text": "$AAPL thank god, god bless for the competent heads @ $bac that they didnt fuck their ER up \ud83d\ude2d", "time": 1642614775.0, "sentiment": ""}, {"id": 427948966, "text": "$AAPL should buy Epic games or Electronic Arts", "time": 1642614749.0, "sentiment": "Bullish"}, {"id": 427948350, "text": "$TSLA Bringing supply chain shortages to higher prices and overheating the economy are two different things.  In fact, Powell does not understand the laws of modern economic development at all, thinking that inflation is caused by overheating of the economy.  The rate hike eventually led to a contraction in consumption, a slump in housing starts, and a recession.  It would be foolish for a sleeping old man to keep Powell going. \n\nWhen the market is down $TSLA, $AMD, $NVDA, $AAPL growth lean on their own spike momentum. Otherwise they just follow Nasdaq 100 future.", "time": 1642614510.0, "sentiment": "Bullish"}, {"id": 427948343, "text": "$AAPL hoping for a drop to 167.5 so I can buy some calls", "time": 1642614509.0, "sentiment": ""}, {"id": 427948308, "text": "$AAPL does the course in Germany affect the deletion of warrants... thanks for the replies", "time": 1642614496.0, "sentiment": "Bullish"}, {"id": 427941119, "text": "Sweep Options Activity: $AAPL is the #1 ticker with sweep activity where institutions are trading options urgently with 60.6K sweep contracts, a leading indicator of market movement.\n\nMarket analysis and options contracts included in screenshot of dashboard from http://insiderfinance.io.", "time": 1642611083.0, "sentiment": ""}, {"id": 427940759, "text": "$AAPL, $RBLX here goes on http://www.stocksequity.com/active-stocks/hot-mover-of-the-day-apple-inc-nasdaqaapl-roblox-corporation-nyserblx/", "time": 1642610837.0, "sentiment": ""}, {"id": 427939650, "text": "$AAPL: The long term trend is positive and the short term trend is neutral. Lets see where this goes. https://www.chartmill.com/stock/analyzer/stock/AAPL?key=bb853040-a4ac-41c6-b549-d218d2f21b32&amp;utm_source=stocktwits&amp;utm_medium=TA&amp;utm_content=AAPL&amp;utm_campaign=social_tracking", "time": 1642610040.0, "sentiment": ""}, {"id": 427939189, "text": "$AAPL NEW ARTICLE : Apple Faces Another Lawsuit over 5G Patent Licensing \u2013 Report https://www.stck.pro/news/AAPL/21573852", "time": 1642609691.0, "sentiment": ""}, {"id": 427939004, "text": "$AAPL  JPMorgan just shared its view on some significant tech stocks. JPMorgan analyst Doug Anmuth lowered the price target on Meta Platforms Inc to $385 from $390 and reiterated an Overweight rati", "time": 1642609552.0, "sentiment": ""}, {"id": 427938404, "text": "$AAPL ppl getting so excited for .40 cent lol will be in red", "time": 1642609108.0, "sentiment": ""}, {"id": 427937614, "text": "China&#39;s smartphone shipments bounce back from pandemic lows in 2021 $aapl https://www.cnbc.com/2022/01/19/china-smartphone-shipments-jump-in-2021-but-below-pre-pandemic-level.html?__source=iosappshare%7Ccom.stocktwits.StockTwits.STShareExtension", "time": 1642608503.0, "sentiment": ""}, {"id": 427937200, "text": "$AAPL AAPL 2022-01-18 Largest Trades Data: \nhttps://www.youtube.com/watch?v=aYqF3EbEEj4", "time": 1642608189.0, "sentiment": ""}, {"id": 427937001, "text": "$AAPL preeeeee market!!!!!!!", "time": 1642608049.0, "sentiment": "Bullish"}, {"id": 427936888, "text": "$AAPL E R R U N U P", "time": 1642607971.0, "sentiment": ""}, {"id": 427936794, "text": "$AAPL oh yea little doggy!!!!!!   Green baby.", "time": 1642607885.0, "sentiment": "Bullish"}, {"id": 427935975, "text": "$AAPL market open volume will take this above $171. $175 eow!", "time": 1642607240.0, "sentiment": "Bullish"}, {"id": 427935916, "text": "@TymeTraveler ya looks like it. It has already had a major correction lmao. $aapl $nasdaq", "time": 1642607195.0, "sentiment": ""}, {"id": 427934742, "text": "$XELA should be acquired by $MSFT or $AAPL  . Of course $TSLA and $AMZN  people will enjoy the ride up as XELA is the best penny stock now. How about $10 dollars? Reasonable... Yes!", "time": 1642606227.0, "sentiment": ""}, {"id": 427934645, "text": "$AAPL I smell a crash\ud83e\udd72", "time": 1642606148.0, "sentiment": ""}, {"id": 427934522, "text": "$aapl the double differential is reversing. Relief for tech due to ER", "time": 1642606036.0, "sentiment": "Bullish"}, {"id": 427934301, "text": "$AAPL - Upcoming quarterly report is on 27th of January 2022. Volume Analysis: Chaikin AD\u2026 https://www.macroaxis.com/stocks/Volume-Indicators/Chaikin-AD-Oscillator/AAPL", "time": 1642605842.0, "sentiment": ""}]