[{"id": 428003360, "text": "$ASML $NVDA $AAPL $MSFT $GOOGL  \ud83d\udc8e\ud83d\udcb5\ud83d\udc2e\ud83d\udcb5\ud83d\udc8e", "time": 1642624755.0, "sentiment": "Bullish"}, {"id": 428003123, "text": "$AAPL really disappointed for not having Pre ER run", "time": 1642624732.0, "sentiment": ""}, {"id": 428002746, "text": "$aapl sucks that Apple did not have a chance to buyback at the cheaper $169.xx range..", "time": 1642624698.0, "sentiment": ""}, {"id": 428002611, "text": "$AAPL \n\nIt appears they are working to crush all the puts options soon! Because they were betting all the stock to crash yesterday for today action.", "time": 1642624685.0, "sentiment": "Bullish"}, {"id": 428002530, "text": "$AAPL This needs to lead the tech market not lag behind. Desperately needs 2.5%+ day.", "time": 1642624677.0, "sentiment": "Bullish"}, {"id": 428001791, "text": "$AAPL closed out all my puts. Now just watching for what this market wants to do", "time": 1642624605.0, "sentiment": "Bearish"}, {"id": 428001356, "text": "$AAPL Gap fill.", "time": 1642624563.0, "sentiment": ""}, {"id": 428000649, "text": "$AAPL faded faster than the rest of the market", "time": 1642624491.0, "sentiment": ""}, {"id": 428000503, "text": "$AAPL look at the options, crush again...they are selling options despite the shares up.   house is doing this!", "time": 1642624476.0, "sentiment": ""}, {"id": 428000416, "text": "$AAPL", "time": 1642624467.0, "sentiment": "Bearish"}, {"id": 428000376, "text": "$AAPL Criminal.", "time": 1642624463.0, "sentiment": ""}, {"id": 428000168, "text": "$Aapl all megacap ripping and we are at a measly 12 point gain. That means, buy!", "time": 1642624441.0, "sentiment": ""}, {"id": 428000009, "text": "Watching 170 level on $AAPL", "time": 1642624423.0, "sentiment": ""}, {"id": 427999272, "text": "$AAPL goooooo \ud83c\udf4f gooooo\u2764\u2764\u2764\u2764", "time": 1642624341.0, "sentiment": "Bullish"}, {"id": 427999058, "text": "$AAPL anybody who knows me know I&#39;m a scalper and very short term so don&#39;t puppet trade me I trade in 15 minute intervals. this market is better to be liquidated", "time": 1642624318.0, "sentiment": ""}, {"id": 427998867, "text": "$AAPL tech dip is over. Bye bye.", "time": 1642624294.0, "sentiment": "Bullish"}, {"id": 427998542, "text": "$AAPL gimme da loot gimme da loot", "time": 1642624244.0, "sentiment": "Bullish"}, {"id": 427998179, "text": "$AAPL please also check on Zoom #Oversold territory this past month", "time": 1642624198.0, "sentiment": "Bullish"}, {"id": 427997908, "text": "$AAPL stocks will be red this week don&#39;t let a bounce fool you. Apple will go to the 165s.", "time": 1642624165.0, "sentiment": ""}, {"id": 427997804, "text": "$AAPL they really are trying to keep this under $170 by open\u2026 manipulation is so obvious these days", "time": 1642624153.0, "sentiment": "Bullish"}, {"id": 427997777, "text": "January 19, 2022 \n$SPY $457 to $459. Over $459 to $460-$461-$461.70. Below $457 to $455-$454.50 \n  \n$AAPL $170 to $171.75. Over $172 to $173. Below $170 to $169-$168.7 \n  \n$BA $225 to $227. Over $227 to $229-$230.Below $225 to $223 \n  \n$NVDA $260 to $265. Over $265 to $270. Below $260 to $255 \n  \n$AMD $133 to $135. Over $135 to $136.50-$137. Below $132 to $130", "time": 1642624150.0, "sentiment": ""}, {"id": 427997359, "text": "$AAPL back to where we started", "time": 1642624102.0, "sentiment": ""}, {"id": 427996848, "text": "$AAPL get ready to squeeze $175.00", "time": 1642624041.0, "sentiment": "Bullish"}, {"id": 427996790, "text": "$AAPL you fuckin bulls are gonna get demolished this week I promise you. Because now it\u2019s personal. DEFINITELY GOING TO $162.50", "time": 1642624034.0, "sentiment": "Bearish"}, {"id": 427996210, "text": "$SPY I think fade this minor gap up at open. \nLook for a real fight today between Bulls and Bears.  Bulls win imo. Watch 5 Nasdaq horsemen.  $AAPL $NVDA $AMZN $MSFT", "time": 1642623959.0, "sentiment": ""}, {"id": 427995630, "text": "$AAPL \n\nGood morning!\n\nI\u2019m glad and relieved the ER on financial came out better than expected so it gives more relief to stocks.\n\nRecently today I saw Dan Suzuki just left note about negative state of economy and told us there will be big corrections but I don\u2019t buy his story given someone posted earlier he said the same thing two years ago \n\nNow the stock performance was reaching its highest \u2026\n\nHence it\u2019s a bull flag !!", "time": 1642623886.0, "sentiment": "Bullish"}, {"id": 427995309, "text": "$amzn $tsla $aapl puts at the top bearish market until earnings", "time": 1642623842.0, "sentiment": "Bullish"}, {"id": 427994845, "text": "$AAPL NEW ARTICLE : Spotify: Why I&#39;m Buying Shares https://www.stck.pro/news/AAPL/21584876", "time": 1642623780.0, "sentiment": ""}, {"id": 427994811, "text": "$aapl This line isnt very cash money, but fret not. Its the low volume that ensures its an effective resistance. You are basically seeing how relevant these lines are to prove &#39;self-fulfilling prophecies&#39; since every low vol trader is trading based on these lines. Once we see the volume enter, these lines shall be obliterated and we ll see new more relevant lines, hopefully an upper band of $173 at least!", "time": 1642623776.0, "sentiment": "Bullish"}, {"id": 427994227, "text": "$AAPL y\u2019all ready for a fun day?", "time": 1642623687.0, "sentiment": "Bullish"}]