[{"id": 428015699, "text": "$AAPL was analyzed by 49 analysts. The buy consensus is at 84%. So analysts seem to be very confident about $AAPL. https://www.chartmill.com/stock/analyzer/stock/AAPL?view=analyst-ratings&amp;utm_source=stocktwits&amp;utm_medium=ANALYST&amp;utm_content=AAPL&amp;utm_campaign=social_tracking", "time": 1642625820.0, "sentiment": ""}, {"id": 428015544, "text": "$AAPL I expect to pin back to 170", "time": 1642625807.0, "sentiment": ""}, {"id": 428015052, "text": "$AAPL \ud83c\udf4f", "time": 1642625770.0, "sentiment": "Bullish"}, {"id": 428015044, "text": "$AAPL one of those week when on a down day it leads NAS and on a up day it lags DOW, need to chill for a few days", "time": 1642625769.0, "sentiment": "Bullish"}, {"id": 428014380, "text": "$AAPL", "time": 1642625714.0, "sentiment": "Bullish"}, {"id": 428014091, "text": "$AAPL buying the dips $TSLA\ud83d\udd25", "time": 1642625690.0, "sentiment": "Bullish"}, {"id": 428013942, "text": "$AAPL  \ud83c\udf4f In the \u201cfinal second\u201d of yesterday\u2019s Close, 22.8 Million Shares traded to the \u201cBuy Side\u201d.  This morning\u2019s Open, opened with an \u201cImbalance to the \u201cBuy Side\u201d.  Now the MM, is mopping up\u2026running Stops, Scalping, &amp; Bid Matching.  Patience.  Until, we confirm direction.", "time": 1642625677.0, "sentiment": "Bullish"}, {"id": 428013603, "text": "$AAPL about to leg up $3", "time": 1642625649.0, "sentiment": "Bullish"}, {"id": 428011434, "text": "$AAPL Msft 3% and we .3 LOL", "time": 1642625470.0, "sentiment": ""}, {"id": 428011133, "text": "$AAPL invest in Microsoft you won\u2019t be disappointed", "time": 1642625446.0, "sentiment": ""}, {"id": 428010907, "text": "$AAPL let\u2019s see it hold for a few days and not fade like yesterday. Still Bullish.", "time": 1642625426.0, "sentiment": ""}, {"id": 428010765, "text": "$Aapl oof what a nasty short attack", "time": 1642625413.0, "sentiment": ""}, {"id": 428008668, "text": "$AAPL make sure the volume correlates to the pump.  If not, stay clear.", "time": 1642625232.0, "sentiment": ""}, {"id": 428008233, "text": "$AAPL $DIS love these chat play entries", "time": 1642625200.0, "sentiment": "Bullish"}, {"id": 428008054, "text": "$AAPL relax everyone", "time": 1642625185.0, "sentiment": "Bullish"}, {"id": 428007774, "text": "$FUBO $AAPL https://finance.yahoo.com/news/fubotv-integrates-fanview-multiview-feature-140000336.html", "time": 1642625159.0, "sentiment": "Bullish"}, {"id": 428007667, "text": "$AAPL $DIS These two are gonna close HELLA STRONG this week\u2026 watch", "time": 1642625150.0, "sentiment": "Bullish"}, {"id": 428007374, "text": "$AAPL this should be up more wtf", "time": 1642625124.0, "sentiment": "Bullish"}, {"id": 428007239, "text": "$AAPL Looks 170$ strong support", "time": 1642625112.0, "sentiment": "Bullish"}, {"id": 428006977, "text": "$AAPL Come on Apple.take the bull by the horns and ride this higher. Tech needs you", "time": 1642625089.0, "sentiment": "Bullish"}, {"id": 428006916, "text": "$AAPL why is this moving like a penny stock?", "time": 1642625085.0, "sentiment": ""}, {"id": 428006911, "text": "$AAPL Wall St crooks are keeping this deliberately low. Funny there is no word from CNBC on Apple since $3T drama", "time": 1642625084.0, "sentiment": ""}, {"id": 428006326, "text": "$AAPL leading the drop in the nasdaq. If yields spike or the market decides to drop, this is ready to drop quickly as it\u2019s going against the upward day trend.", "time": 1642625031.0, "sentiment": ""}, {"id": 428006157, "text": "@Steven1976  If $AAPL was green I would have held a little longer but.... Not bad for an overnight hold.", "time": 1642625016.0, "sentiment": ""}, {"id": 428006134, "text": "@milking_money i dont think that its a matter of NOT having an ER run. I am just upset that it will start late.. $aapl", "time": 1642625014.0, "sentiment": ""}, {"id": 428005765, "text": "$AAPL post earnings 182 or 156? https://seekingalpha.com/instablog/250072-tom-lloyd/5687811-apple-fails-to-make-new-high-earnings", "time": 1642624983.0, "sentiment": ""}, {"id": 428005112, "text": "$AAPL Nasdaq and Dow rebounding and APPLE not doing shit wtf?", "time": 1642624925.0, "sentiment": ""}, {"id": 428005036, "text": "$AAPL                       Crypto Wallet Coming \n \n1.6 Million of its users are awaiting the launch of its highly anticipated digital wallet coming out this month.  \n \n Robinhood&#39;s new wallet will support deposit and withdrawal of cryptocurrencies including Bitcoin, Dogecoin, and Ether.  \n  \nSHORTS HAVE NOT COVERED SINCE IPO.A GAMESTOP, CRYPTO WALLET  IN THE MAKING COMPANY, HOOD is CURRENTLY TRADING 50% below its IPO PRICE.   \n   \n31+ MILLION SHARES SHORTED IN HOOD (SINCE DEC 30, 2021). HOOD got 7.38  Billion cash at hand UNLIKE many HIGH FLYING companies are in debt.   \n   \n  HOOD is a CASH COW  company with 7+ billion, no dilution. No debt.   \n                            $$$$SQUEEZE  is imminent", "time": 1642624918.0, "sentiment": "Bullish"}, {"id": 428004315, "text": "$AAPL And two years ago yields were exactly the same as they are today and stocks were soaring. What\u2019s the difference? Sheep following the scare tactics", "time": 1642624848.0, "sentiment": ""}, {"id": 428003693, "text": "$AAPL spy solid play. This may uptick but overall floundering and decaying options", "time": 1642624787.0, "sentiment": ""}]