[{"id": 428101929, "text": "Top Watches at this time: $COIN $DKNG $F $TSLA $AAPL", "time": 1642634263.0, "sentiment": ""}, {"id": 428101510, "text": "$AAPL Beautiful bounce off of that daily 50sma", "time": 1642634220.0, "sentiment": "Bullish"}, {"id": 428101496, "text": "$AAPL  It\u2019s inevitable, the Tesla  Pi Phone will affect Apple iPhone sales gradually", "time": 1642634217.0, "sentiment": "Bearish"}, {"id": 428101492, "text": "$AAPL they gonna fuck the bulls mid-day", "time": 1642634217.0, "sentiment": "Bearish"}, {"id": 428101287, "text": "$AAPL fill my $165 @ $100k \ud83d\ude4f\ud83c\udffb", "time": 1642634195.0, "sentiment": "Bullish"}, {"id": 428101172, "text": "$AAPL so Joe is doing only his second press conference as a president with a 33% approval. Any chance he will field real questions?", "time": 1642634182.0, "sentiment": "Bullish"}, {"id": 428101127, "text": "$AAPL Any Apple bears?", "time": 1642634178.0, "sentiment": ""}, {"id": 428101024, "text": "$AAPL good ol shake n Bake", "time": 1642634165.0, "sentiment": "Bullish"}, {"id": 428100880, "text": "$AAPL cheap puts!!! Buy puts", "time": 1642634147.0, "sentiment": "Bearish"}, {"id": 428100626, "text": "$AAPL sweeet dip baby", "time": 1642634119.0, "sentiment": "Bullish"}, {"id": 428100530, "text": "$AAPL \n\nLet\u2019s goooooooo pump fucking harder!", "time": 1642634110.0, "sentiment": "Bullish"}, {"id": 428099871, "text": "bears when we close 380+ and 470+ on 1/21 $QQQ $SPY. \n \nRetail shakeout complete - now you&#39;re fucked \n \n$AAPL $TSLA $AMZN", "time": 1642634041.0, "sentiment": "Bullish"}, {"id": 428099632, "text": "$AAPL really? Selling off ? LOL Buying opp for sure", "time": 1642634017.0, "sentiment": "Bullish"}, {"id": 428099541, "text": "$AAPL add 150 call for Jan 2024", "time": 1642634008.0, "sentiment": "Bullish"}, {"id": 428099137, "text": "$AAPL feels so good buying the dip for over 10 yrs straight \ud83d\ude02\ud83d\ude02\ud83d\ude02\ud83d\udef0\ud83d\udef0\ud83d\udef0\ud83d\udef0\ud83d\udef0\ud83d\udef0\ud83d\udef0\ud83d\udef0\ud83d\udef0\ud83d\udef0\ud83d\udef0\ud83d\udef0\ud83d\udef0\ud83d\udef0\ud83d\udef0\ud83d\udc51\ud83d\udc51\ud83d\udc51\ud83d\udc51\ud83d\udc51\ud83d\udc51\ud83d\udc51\ud83d\udc51\ud83d\udc51\ud83d\udc51\ud83d\udc51\ud83d\udc51\ud83d\udc51\ud83d\udc51\ud83d\udc51\ud83d\udef0\ud83d\udef0\ud83d\udef0\ud83d\udef0\ud83d\udef0\ud83d\udef0", "time": 1642633967.0, "sentiment": "Bullish"}, {"id": 428098075, "text": "$AAPL bears missed the boat to buy at $167+ they will regret at the $182.86 bag holders party come sept 27- 30th", "time": 1642633850.0, "sentiment": "Bullish"}, {"id": 428097869, "text": "$SPY yall like that Viagra I took? $TSLA $BAC $MSFT $AAPL", "time": 1642633827.0, "sentiment": ""}, {"id": 428097794, "text": "$SPY $DJIA $QQQ $AAPL $TSLA \n \n7% inflation! \n \nWe don&#39;t care! \n \nJDADDY still printing BILLIONS!!!", "time": 1642633818.0, "sentiment": ""}, {"id": 428097440, "text": "$AAPL nice $$$$$$$$$$$$$$$$$$$$$$$$$", "time": 1642633781.0, "sentiment": "Bullish"}, {"id": 428097191, "text": "Apple given $175.00 PT by UBS Group AG. https://www.marketbeat.com/r/1701354 $AAPL", "time": 1642633754.0, "sentiment": ""}, {"id": 428096916, "text": "$AAPL selling aapl is just plain stupid", "time": 1642633725.0, "sentiment": "Bullish"}, {"id": 428096743, "text": "$BHP let&#39;s fly..$AAPL $TSLA $NFLX look at us", "time": 1642633710.0, "sentiment": ""}, {"id": 428095454, "text": "$AAPL arms race laggard $FB $GOOGL  $MSFT https://seekingalpha.com/article/4480294-apple-laggard-capex-r-and-d-spending", "time": 1642633558.0, "sentiment": ""}, {"id": 428095192, "text": "$AAPL \n\nBye Felicia to my calls", "time": 1642633527.0, "sentiment": ""}, {"id": 428094066, "text": "$QQQ $VIX $SPY $IWM $AAPL  \n \nbears after buying ATM during VIX HOD", "time": 1642633394.0, "sentiment": "Bullish"}, {"id": 428093704, "text": "$AAPL \nLet\u2019s fucking pump it!", "time": 1642633356.0, "sentiment": "Bullish"}, {"id": 428093609, "text": "Sweep Options Activity: $AAPL is the #1 ticker with sweep activity where institutions are trading options urgently with 25.5K sweep contracts, a leading indicator of market movement.\n\nMarket analysis and options contracts included in screenshot of dashboard from http://insiderfinance.io.", "time": 1642633344.0, "sentiment": ""}, {"id": 428093260, "text": "$AAPL 172.50 calls almost dead in the water", "time": 1642633308.0, "sentiment": ""}, {"id": 428093197, "text": "$AAPL", "time": 1642633300.0, "sentiment": "Bullish"}, {"id": 428092578, "text": "$AAPL \ud83c\udf4fSetting up nicely", "time": 1642633233.0, "sentiment": ""}]