[{"id": 428070982, "text": "$spy $TSLA $bac $gld $AAPL maybe maybe maybe", "time": 1642631131.0, "sentiment": ""}, {"id": 428070964, "text": "$AAPL Russia war is going to be happening n USA market crash 50% sell everything n waiting for under 100$ \nLike disney starbugs happened when Covid started \nWatch out how much it is going down from the top\nDotcom bubble is kidding \nRussia war is going to be happening soon", "time": 1642631129.0, "sentiment": "Bullish"}, {"id": 428070947, "text": "$PANW Great stock but a victim of the sell growth trend....back to 500...soon growth stocks will be pumped again maybe after $AAPL earnings until then pain...great opportunities await!", "time": 1642631128.0, "sentiment": ""}, {"id": 428070740, "text": "$SPY $BBIG $AAPL $QQQ $TSLA BURN EM ALL.", "time": 1642631110.0, "sentiment": "Bearish"}, {"id": 428070014, "text": "$AAPL  $TSLA is down twice as much as $AAPL", "time": 1642631049.0, "sentiment": ""}, {"id": 428069731, "text": "$AAPL holding on with the bulls", "time": 1642631024.0, "sentiment": "Bullish"}, {"id": 428069719, "text": "$AAPL All that you need to know... Shorts haven&#39;t covered a single share,,, alerts.stocktradingchat.com", "time": 1642631022.0, "sentiment": "Bullish"}, {"id": 428069654, "text": "$SPY $AAPL $UVXY $VXX These days .. better stay off trading. Burning money on both sides. \n \nGetting bearish on everything.", "time": 1642631017.0, "sentiment": "Bearish"}, {"id": 428069483, "text": "$AAPL last few red candles all over a million in volume", "time": 1642631000.0, "sentiment": ""}, {"id": 428069366, "text": "$AAPL We just took out the neckline...", "time": 1642630989.0, "sentiment": "Bearish"}, {"id": 428069119, "text": "$AAPL haven\u2019t lost this bad in a while\u2026", "time": 1642630966.0, "sentiment": ""}, {"id": 428068744, "text": "$AAPL At this rate this is dropping, Tim will be wogking for Elon as he will soon have enough cash to buy All of Apple\ud83e\udd23\ud83e\udd23", "time": 1642630935.0, "sentiment": ""}, {"id": 428068107, "text": "$AAPL why is this going down today", "time": 1642630873.0, "sentiment": "Bullish"}, {"id": 428067998, "text": "$AAPL no choice affected by market n Russia war is going to be happening \nSell it n wait for the under 100$\nRussia war starting then all global stock market 50% cut", "time": 1642630863.0, "sentiment": "Bullish"}, {"id": 428067861, "text": "$AAPL  \ud83c\udf4f European Close, in 10 mins.", "time": 1642630851.0, "sentiment": "Bullish"}, {"id": 428067732, "text": "$AAPL The Head &amp;Shoulder looking too prominent to ignore.Major indexes breaking support not looking good atall", "time": 1642630839.0, "sentiment": ""}, {"id": 428067694, "text": "$AAPL have you felt the pain of Max Pain at $150 with OI over 3 millions?", "time": 1642630835.0, "sentiment": ""}, {"id": 428067494, "text": "$AAPL No support what so ever. Convinced no Bulls on this forum actually buying only posting garbage.", "time": 1642630816.0, "sentiment": ""}, {"id": 428066712, "text": "$AAPL yield is near the day low hmmm", "time": 1642630743.0, "sentiment": ""}, {"id": 428066479, "text": "$spy Lets close the EU Markets, doesn&#39;t seem to be a lot of Selling pressure coming from them but the US Buyers are def waiting before stepping in before buying tech \n \n$aapl $amzn $bb", "time": 1642630719.0, "sentiment": ""}, {"id": 428066361, "text": "$AAPL Are there any Bullsout there !!!!!!", "time": 1642630706.0, "sentiment": ""}, {"id": 428065768, "text": "$AAPL joe bidens market. Fuck you liberals", "time": 1642630652.0, "sentiment": ""}, {"id": 428065690, "text": "$AAPL this shit aint going anywhere", "time": 1642630645.0, "sentiment": ""}, {"id": 428065558, "text": "$QQQ $AAPL puts and credit spreads paid well.", "time": 1642630632.0, "sentiment": "Bearish"}, {"id": 428065292, "text": "$AAPL My guess this will smash ER and still drop 2% on the day as it will report bad future targets as the market dries up, unless Timmy mentions Apple car.", "time": 1642630608.0, "sentiment": ""}, {"id": 428065247, "text": "$AAPL needs to hold or it&#39;s going to get #Ugly out there!! Daily time frame 50ma support", "time": 1642630603.0, "sentiment": ""}, {"id": 428063507, "text": "$AAPL 167.84 let&#39;s see a bounce there..", "time": 1642630435.0, "sentiment": "Bullish"}, {"id": 428063451, "text": "$AAPL as I said before this whole week will be red. Apple to the 165s or lower.", "time": 1642630429.0, "sentiment": "Bearish"}, {"id": 428063215, "text": "$AAPL America the great! Lol \ud83d\ude02", "time": 1642630406.0, "sentiment": ""}, {"id": 428063180, "text": "$AAPL Classic bear flag breaking down here.", "time": 1642630403.0, "sentiment": "Bearish"}]