[{"id": 428078111, "text": "Anyone else seeing the price on those $AAPL Puts for next week \ud83d\ude02", "time": 1642631769.0, "sentiment": ""}, {"id": 428077688, "text": "$AAPL Jan 19, 2022 \nApple (AAPL) received a Buy rating by 4.4 Star analyst Wamsi Mohan from Bank of America Securities", "time": 1642631731.0, "sentiment": "Bullish"}, {"id": 428077287, "text": "$AAPL slowly start adding credit spreads for $150 &amp; $155 call. Eat up premiums for Feb. 18.", "time": 1642631698.0, "sentiment": "Bearish"}, {"id": 428076807, "text": "3 Questions About the Microsoft-Activision Deal, Including Who It Could Hurt  $MSFT $ATVI $SONY $AAPL $AMZN \n\nhttps://newsfilter.io/a/f6ddb7549e0419a8325f41bd8913a42e", "time": 1642631651.0, "sentiment": ""}, {"id": 428076722, "text": "$AAPL \ud83d\udc3b\ud83d\udc3b\ud83d\udc3b\ud83d\udc3b", "time": 1642631643.0, "sentiment": "Bearish"}, {"id": 428076049, "text": "$AAPL couldn&#39;t have timed this better if I tried. Up 125% planning to.hold overnight.", "time": 1642631576.0, "sentiment": "Bearish"}, {"id": 428075631, "text": "$AAPL \ud83d\ude48", "time": 1642631534.0, "sentiment": "Bullish"}, {"id": 428075511, "text": "$AAPL 1st Biden presser in 9 mos has market spooked....3pm", "time": 1642631523.0, "sentiment": ""}, {"id": 428075348, "text": "$AAPL we out here winning baby", "time": 1642631507.0, "sentiment": "Bearish"}, {"id": 428075177, "text": "$AAPL keep shorting", "time": 1642631491.0, "sentiment": "Bullish"}, {"id": 428075150, "text": "$AAPL recovery back to 170 would be great!", "time": 1642631488.0, "sentiment": "Bullish"}, {"id": 428074660, "text": "$AAPL Grabbed some feb calls", "time": 1642631445.0, "sentiment": ""}, {"id": 428074396, "text": "$AAPL \n\n If 167.50 doesn\u2019t hold .. we\u2019re in a world of shit", "time": 1642631423.0, "sentiment": ""}, {"id": 428074320, "text": "$AAPL  \ud83c\udf4f Europe, is Closed.", "time": 1642631416.0, "sentiment": "Bullish"}, {"id": 428074308, "text": "$AAPL add this dip", "time": 1642631415.0, "sentiment": "Bullish"}, {"id": 428074239, "text": "$MSFT $NDX $VTI $AAPL $GSAT Let&#39;s go Brandon! Fucking libtards killing the market", "time": 1642631408.0, "sentiment": ""}, {"id": 428074043, "text": "$AAPL $NUGT Rules based trading is how we avoid disaster while also cashing in big on our other calls- \nCongrats on the $NUGT calls - now playing the drop on AAPL for ER play", "time": 1642631390.0, "sentiment": "Bullish"}, {"id": 428074029, "text": "$SQ  hold your guns \u2026 Patience is the key\u2026 this market Tantrums will be over. $AMZN $AAPL", "time": 1642631389.0, "sentiment": "Bullish"}, {"id": 428073263, "text": "$AAPL the mighty big dog", "time": 1642631322.0, "sentiment": ""}, {"id": 428073233, "text": "$AAPL Covid is disappearing, the economy is rebounding, so the market, in its perversity, must be down.  There is that old quote about irrationality and solvency.", "time": 1642631319.0, "sentiment": ""}, {"id": 428073147, "text": "$AAPL this severe underperformance cant last long.", "time": 1642631312.0, "sentiment": ""}, {"id": 428072618, "text": "$ETSY Market selling off and big caps getting hit hard. ETSY holding strong which is a great sign. Looks like this level is the bottom unless the market drops big. LOAD UP NOW! 10 BAGGER AFTER EARNINGS! $QQQ $AAPL $MSFT $SPY", "time": 1642631266.0, "sentiment": "Bullish"}, {"id": 428072214, "text": "$AAPL anyone loading next week earnings? This is the dip to load. $SPY", "time": 1642631232.0, "sentiment": "Bullish"}, {"id": 428071897, "text": "$AAPL Bulls charge. Fucking charge.", "time": 1642631205.0, "sentiment": ""}, {"id": 428071798, "text": "$AAPL I lost 6k this past week  :( very depressing. Any chance this will turn around", "time": 1642631198.0, "sentiment": ""}, {"id": 428071749, "text": "$SPY $AMZN $TSLA Stops can be moved Bears! Stop fooling around and give us market block or we will add more block during next hour! \n$TSLA Long @ 1038.79 Target @ 1080 Stop Loss @ 1000 09:45 \nMoved stop loss to 980 \n \n$AAPL Long @ 170.73 Target 173.00 Stop Loss @ 168.90 \nMoved stop to 166", "time": 1642631193.0, "sentiment": ""}, {"id": 428071603, "text": "$AAPL  \ud83c\udf4f Alert:  AAPL Reports Earnings for the Dec 21 Qtr, one week from tomorrow:  Thursday Jan 27th.  Only \u201c6 Trading Days\u201d, remain.", "time": 1642631181.0, "sentiment": "Bullish"}, {"id": 428071459, "text": "$AAPL losing it so goes the market", "time": 1642631168.0, "sentiment": ""}, {"id": 428071452, "text": "$AAPL I dono about you Motha Fuckas, but this sho don&#39;t look like $200 to me.", "time": 1642631168.0, "sentiment": ""}, {"id": 428071419, "text": "$AAPL yield keeps falling though. ER run gotta start in the next few days lol", "time": 1642631166.0, "sentiment": ""}]