[{"id": 428092413, "text": "$SPY $DJIA $QQQ $AAPL $TSLA \n   \nHow to \u201cfix\u201d 7% inflation... \n  \n1) Hold interest rates at 0%! \n  \n2) Continue pumping BILLIONS into the financial markets!  \n  \n3) Talk about talking about possibly maybe sometime raising rates a whole 1% in the next 12 months!  \n  \nThat should fix it!!!", "time": 1642633215.0, "sentiment": ""}, {"id": 428092078, "text": "$AAPL she\u2019s melting up, captain!", "time": 1642633179.0, "sentiment": "Bullish"}, {"id": 428091446, "text": "$AAPL It is criminal how the hedges manipulate everything during after hours. Sickening .", "time": 1642633112.0, "sentiment": ""}, {"id": 428091158, "text": "$AAPL was analyzed by 49 analysts. The buy consensus is at 84%. So analysts seem to be very confident about $AAPL. https://www.chartmill.com/stock/quote/AAPL/analyst-ratings?utm_source=stocktwits&amp;utm_medium=ANALYST&amp;utm_content=AAPL&amp;utm_campaign=social_tracking", "time": 1642633080.0, "sentiment": ""}, {"id": 428090755, "text": "$AAPL tested 50ma line today and SPY market Tested 100 moving avg same time ( if spy bounce then apple looking solid to bounce ) If you like my homework pls like and tune in for more.", "time": 1642633036.0, "sentiment": ""}, {"id": 428090568, "text": "$AAPL \n\nExciting push up!!", "time": 1642633017.0, "sentiment": "Bullish"}, {"id": 428090130, "text": "$AAPL it drop from 177 in 4 days! Over 10$ drop .. watch it rebound and run to at least 175, then again earning may push it higher to retest 180s next weeks this dip is the dip to load up! Appl and $SPY land  on  major support", "time": 1642632970.0, "sentiment": "Bullish"}, {"id": 428089827, "text": "$AAPL When Fed stops buying.....you sell. \n\nFed raises rate, economy is doomed. Fed doesn&#39;t raise rate, economy is doomed.", "time": 1642632938.0, "sentiment": ""}, {"id": 428089818, "text": "$AAPL NEW ARTICLE : Got $3,000? 5 Buffett Stocks to Buy and Hold Forever https://www.stck.pro/news/AAPL/21591412", "time": 1642632936.0, "sentiment": ""}, {"id": 428089723, "text": "$AAPL Here comes the lunchtime tease again ...", "time": 1642632927.0, "sentiment": ""}, {"id": 428089526, "text": "$AAPL boom- chat play paid \nReady for next one?", "time": 1642632909.0, "sentiment": "Bullish"}, {"id": 428089329, "text": "$AAPL the stock market has beaten me down these past few weeks.", "time": 1642632887.0, "sentiment": ""}, {"id": 428089284, "text": "$AAPL  Time to go", "time": 1642632883.0, "sentiment": "Bullish"}, {"id": 428089168, "text": "$AAPL Good zone to load up", "time": 1642632870.0, "sentiment": ""}, {"id": 428088982, "text": "$AAPL Gettingba raised $PT is the kiss if death. This was doing great till they started raising the $PT.", "time": 1642632850.0, "sentiment": ""}, {"id": 428088847, "text": "$AAPL long run baby\nI will never walk alone", "time": 1642632835.0, "sentiment": "Bullish"}, {"id": 428088736, "text": "$AAPL     \ud83c\udf4f Volume \u201cBuy\u201d, at LOD.  Keep your eyes, on that price.  MM, walked price right \u201cdown\u201d to it\u2026. Noontime HFund Shorts, let\u2019s see what\u2019s up next\u2026.", "time": 1642632824.0, "sentiment": ""}, {"id": 428088494, "text": "$AAPL \n\n38 million traded hands .. fairly slow volume ..\n\nThe market appears to wait for Biden speech and more earning upbeats \u2026", "time": 1642632798.0, "sentiment": "Bullish"}, {"id": 428088361, "text": "$AAPL Watching closely ..", "time": 1642632784.0, "sentiment": ""}, {"id": 428088203, "text": "$AAPL I think we hit the bottom of a small leg. We&#39;ll probably spend the afternoon consolidating here, then roll over into the close.", "time": 1642632768.0, "sentiment": "Bearish"}, {"id": 428087812, "text": "$AAPL No worries, inflation is only transitory and narrow-based \ud83e\udd23\ud83e\udd23\ud83e\udd23\ud83e\udd23\n\nFking clowns running monetary policies.", "time": 1642632722.0, "sentiment": ""}, {"id": 428087437, "text": "1500 $AAPL 28JAN2022 $172.5 Cs trade 2.19", "time": 1642632682.0, "sentiment": ""}, {"id": 428087335, "text": "$AAPL remember last few times.. after 3-4 days and it drop over $10 expect a run !!!  So buy this dip for next week run toward earnings $SPY ..", "time": 1642632669.0, "sentiment": "Bullish"}, {"id": 428086597, "text": "$AAPL  \ud83d\udc40", "time": 1642632594.0, "sentiment": ""}, {"id": 428086392, "text": "$AAPL", "time": 1642632573.0, "sentiment": "Bullish"}, {"id": 428086104, "text": "$AAPL buy here sell later $167 is the buy zone", "time": 1642632542.0, "sentiment": "Bullish"}, {"id": 428086100, "text": "$AAPL the pullback from the peak can reach $162.10- $152.80 area lower where buyers should be waiting to appear again #Elliottwave #Trading #Apple", "time": 1642632542.0, "sentiment": ""}, {"id": 428086084, "text": "$AAPL", "time": 1642632540.0, "sentiment": ""}, {"id": 428085999, "text": "$aapl Vol has dried up, Buy program are still not coming in but the Sellers are drying up &amp; the &quot;smart money&quot; is just waiting", "time": 1642632530.0, "sentiment": ""}, {"id": 428085505, "text": "$AAPL 1hr view from 1/14 Pre-Market update presented to members at http://elliottwave-forecast.com #Elliottwave #Trading #Apple", "time": 1642632481.0, "sentiment": ""}]