[{"id": 428034785, "text": "$AAPL   \ud83c\udf4f Volume, 18 Million.  Stabile.  Waiting, for the Algo Reset in 3 mins.", "time": 1642627669.0, "sentiment": "Bullish"}, {"id": 428034510, "text": "$AAPL GMVD taking off super low float \ud83d\ude80\ud83d\ude80\ud83d\ude80\ud83d\ude80\ud83d\ude80\ud83d\ude80\ud83d\ude80\ud83d\ude80\ud83d\udcb0\ud83d\udcb0\ud83d\udcb0\ud83d\udcb0", "time": 1642627643.0, "sentiment": "Bullish"}, {"id": 428033430, "text": "$AAPL \n\nJust be patient!\n\nLook at the long chart !!\n\nDon\u2019t let the emotion get in the way of how you make money!", "time": 1642627530.0, "sentiment": "Bullish"}, {"id": 428033283, "text": "$SONY $AAPL $MSFT $SNE \n\nApple does it better. \nSony does it better. \n\nSorry Microsoft", "time": 1642627515.0, "sentiment": "Bullish"}, {"id": 428033082, "text": "$AAPL    \ud83c\udf4f Approaching the Opening Hour Close:  DOW, negative\u2026all Indices \u201cdip in sync\u201d.  Patience.  Let the Opening Hour Close\u2026see how Mkt Algo \u201cResets\u201d.", "time": 1642627496.0, "sentiment": ""}, {"id": 428032985, "text": "$AAPL Ping me when you off your period", "time": 1642627487.0, "sentiment": "Bullish"}, {"id": 428032854, "text": "$AAPL Selling this week 172.5 Call for 0.88. Stop will be when stop goes above 172.54.", "time": 1642627476.0, "sentiment": ""}, {"id": 428032606, "text": "$AAPL Market has to survive 79 yr old Biden 3 pm press conference", "time": 1642627452.0, "sentiment": ""}, {"id": 428032467, "text": "$AAPL $F  \n \nHeavy huge hedge selling before EPS? \n \nPounded down every pop? \n \nBarely hold 170??? WHAT??? \n \nFord make nice $8B sale of Rivian and gets toasted? \n \nWHAT????", "time": 1642627437.0, "sentiment": "Bullish"}, {"id": 428031658, "text": "$AAPL was already weak today. It\u2019s not taking much for it to go down", "time": 1642627360.0, "sentiment": ""}, {"id": 428031654, "text": "$AAPL  This is heading for the 61.8 Fib retracement at 158.", "time": 1642627360.0, "sentiment": "Bearish"}, {"id": 428031171, "text": "$MSFT Horrible purchase, forced many reasons, not one of which is consumers not tired of spending, OH NO, they got huge cash wealth reserves in their households and apartment buildings, 2.5 trillion wealth. \n\nWhat&#39;s more, it is growING , FROM WORKING. 3.9% Unemployment rate. Wage inflation too, cuz corps paying people more to work from a FED mandate for raising rates: a\n\n tighteningJOBMARKET.\n\nPeople tired of PLAYING games , gaming to old games , hey, they good games too butvCobid had us playing &#39;em 24/7 . \nMobile gaming too, which makes Microsoft purchase all the more bad, they paid 68 BILLION for a sector that is less than 10% growth, 7! \n\nConsole gaming though is -6.6% growth so MSFT had to do something to explain it&#39;s 300 stock price but, folks, buying tech gaming at time going out of style a BAD-BAD move.\n\n$AAPL $AMD $SPY", "time": 1642627310.0, "sentiment": ""}, {"id": 428030052, "text": "$AAPL needs to call $KULR ASAP \n\nhttps://9to5mac.com/2022/01/14/apple-headset-overheating/", "time": 1642627196.0, "sentiment": "Bullish"}, {"id": 428030012, "text": "$LCID imagine selling $aapl or $tsla at their lockup expiry", "time": 1642627192.0, "sentiment": ""}, {"id": 428029323, "text": "$AAPL mkt has been broken since the start of the year, maybe after er a new direction is taken, so far it doesn\u2019t matter anything, just south.", "time": 1642627122.0, "sentiment": ""}, {"id": 428028995, "text": "$AAPL gayest price action. Bears too brave and gutsy. Need a nice green dildo", "time": 1642627087.0, "sentiment": "Bullish"}, {"id": 428028488, "text": "$SPY \n$aapl\n$tsla\n$BTC.X \n\nThis doesn&#39;t look right.", "time": 1642627034.0, "sentiment": "Bearish"}, {"id": 428028135, "text": "$AAPL such a disappointment!!!", "time": 1642627000.0, "sentiment": ""}, {"id": 428028002, "text": "$AAPL hard and swift rejection at 171", "time": 1642626985.0, "sentiment": ""}, {"id": 428027344, "text": "$AAPL $173+ today", "time": 1642626916.0, "sentiment": "Bullish"}, {"id": 428027256, "text": "$AAPL \ud83c\udf4f\ud83d\udcaa", "time": 1642626907.0, "sentiment": "Bullish"}, {"id": 428027221, "text": "$SPY small caps -50%\n$aapl -5%\n\nRight", "time": 1642626904.0, "sentiment": ""}, {"id": 428027119, "text": "$MSFT $AAPL $AMZN $TSLA $AMAT  \nIt will take some time...markets are paranoid but the Fed will do it&#39;s thing, inflation will come down, the economy will boom and all of a sudden it&#39;s &quot;the roaring 20s&quot; all over again...just you watch. \nI would rather be in stocks than bonds.", "time": 1642626894.0, "sentiment": "Bullish"}, {"id": 428026219, "text": "$SPY $QQQ Bearish, bearish, markers now.\nOil. Sucks life out of profit margins so many companies, quickly.\nGas pump prices rising USA, rapidly.\nRates climbing, fast.\n\nInflation is moving with great SPEED , and, Powell will have no choice but to raise rates to quell it&#39;s AWESOME POWER.\n\n&#39;Course, inflation does not easily go away, we haven&#39;t seen Peak Infkation and, prices like they are, coming out of winter soon,  like consumers will do, start to &quot;revenge spend&#39; on all things NOT TECH cuz cooped up with Netflix , gaming, even play their mobile phones less .\n\nLOL, people now rather WORK than stay home gaming on consoles too . \n\n$AMD $AAPL", "time": 1642626804.0, "sentiment": ""}, {"id": 428025859, "text": "$AAPL on top of this being a feeble gainer today, FTC senate hearing on tech is tanking this further", "time": 1642626765.0, "sentiment": ""}, {"id": 428025434, "text": "$AAPL CNBC bunch of losers. Always need to try to stir the pot. \ud83c\udf4f\ud83c\udf4f\ud83c\udf4f\ud83c\udf4f\ud83c\udf4f", "time": 1642626721.0, "sentiment": "Bullish"}, {"id": 428025403, "text": "$BKKT $AAPL", "time": 1642626717.0, "sentiment": "Bullish"}, {"id": 428025182, "text": "$AAPL    \ud83c\udf4f ALERT:  Unusual Options Activity in VIX, expiring today.  Much of the Recent Mkt Pressure has been associated with Several Large Derivative Players with Bearish Positioning. Good News:  Many of the OpEx, expire today.", "time": 1642626697.0, "sentiment": ""}, {"id": 428024764, "text": "$AAPL I hate bears gay bears", "time": 1642626659.0, "sentiment": ""}, {"id": 428024759, "text": "$AAPL closed my calls, adding 167.5 puts, exp. 1/21", "time": 1642626659.0, "sentiment": "Bearish"}]