[{"id": 428158121, "text": "$AAPL earnings next week, I think this is a perfect area to buy calls, stop loss below 167.32", "time": 1642641292.0, "sentiment": ""}, {"id": 428158113, "text": "$SPY The Buying &amp; Selling this week has already been set so when you see the Drops &amp; swings just know the PMs already have their Orders in. MOC as well. \nThese are big Tute&#39;s folks, they can&#39;t just change &amp; turn on a dime so w/ so many of them that have their plays in this week is just going to play out as its set. \n \nWe&#39;ll know when they are back in Buying, it will be easy to see. \nVolume is low now so, $AAPL, $AMZN &amp; other tech look fine \n \n$qqq $ba", "time": 1642641291.0, "sentiment": ""}, {"id": 428157462, "text": "$AAPL $APLE", "time": 1642641205.0, "sentiment": ""}, {"id": 428156828, "text": "$AAPL biden hates america", "time": 1642641124.0, "sentiment": ""}, {"id": 428156668, "text": "Intraday Option Volume\n\n$AAPL 853k (69% call/31% put)\n$TSLA 759k (54% call/46% put)\n$F 710k (65% call/35% put)\n$NVDA 464k (58% call/42% put)\n\nLynk in bayo for option trading ideas \ud83d\udca1", "time": 1642641105.0, "sentiment": ""}, {"id": 428156506, "text": "$SPY $QQQ $AAPL $TSLA What a vicious cunt of a market we have here", "time": 1642641085.0, "sentiment": ""}, {"id": 428156445, "text": "$AAPL Apple Financial Results - Q1 2022\nJoin us here on January 27, 2022 at 2:00 p.m. PT / 5:00 p.m. ET to listen to the conference call live. https://www.apple.com/investor/earnings-call/\n don\u2019t buy more of $APLE  wait untill", "time": 1642641077.0, "sentiment": "Bullish"}, {"id": 428156375, "text": "$RUN stocks aren\u2019t bought and sold of valuation of value/future value anymore. They are bought and sold off of charts. Which makes zero sense if you actually pause for 5 seconds and think about it. Why does a chart give a company value? Trading has turned to psychology and human nature, more than value. That\u2019s the biggest problem. That and algorithms following those charts and buying and selling accordingly. $SEDG $AAPL $MSFT", "time": 1642641070.0, "sentiment": "Bullish"}, {"id": 428155868, "text": "Whelan Financial,has filed Form 13F for Q4 2021.Opened NEW positions in $AAPL $LOW $QQQM $VIG", "time": 1642641004.0, "sentiment": ""}, {"id": 428154661, "text": "$AAPL too many millennials latched on to Apple and now they\u2019re leaving", "time": 1642640857.0, "sentiment": "Bearish"}, {"id": 428154030, "text": "Apple&#39;s hold rating reiterated at Sanford C. Bernstein. $170.00 PT. https://www.marketbeat.com/r/1701429 $AAPL", "time": 1642640786.0, "sentiment": ""}, {"id": 428154005, "text": "Apple&#39;s neutral rating reiterated at The Goldman Sachs Group, Inc.. $142.00 PT. https://www.marketbeat.com/r/1701432 $AAPL", "time": 1642640783.0, "sentiment": ""}, {"id": 428153986, "text": "Apple&#39;s buy rating reiterated at Citigroup Inc.. $200.00 PT. https://www.marketbeat.com/r/1701434 $AAPL", "time": 1642640781.0, "sentiment": ""}, {"id": 428153484, "text": "$SPY  $SPX  $BRK.B   $AAPL  \n \n #Mr. #Snuffleupagus  says Watchout for big sellers breaking 1st level of support, ichimoku 9 candle average line!!  .. long way down to next support", "time": 1642640722.0, "sentiment": ""}, {"id": 428153036, "text": "$AAPL I wonder what power hour will look like today !", "time": 1642640663.0, "sentiment": "Bullish"}, {"id": 428153011, "text": "$AAPL my opinion this is the &quot;shady&quot; part of Wall Street , this stock not participating today some thing or firm or computer is keeping this down like many other days in 2021, I have no idea how or where this happen but it does , and I guess the &quot;pros&quot; know ,.. definite concern with all the upgrades and sales stats , terrific products etc, etc", "time": 1642640660.0, "sentiment": ""}, {"id": 428152897, "text": "Equity Sentiment: $AAPL is the #1 stock that institutions are trading with 29.0K options contracts.\n\nMarket analysis included in screenshot of dashboard from http://insiderfinance.io.", "time": 1642640645.0, "sentiment": ""}, {"id": 428152144, "text": "$AAPL institutions shaking out weak hands", "time": 1642640551.0, "sentiment": "Bullish"}, {"id": 428151988, "text": "$AAPL AAPL 2022-01-19 Technical Analysis Video: \nhttps://www.youtube.com/watch?v=W2OB5a9YKtc", "time": 1642640529.0, "sentiment": ""}, {"id": 428151379, "text": "$AAPL this market is\u2026", "time": 1642640448.0, "sentiment": ""}, {"id": 428151230, "text": "$SHG has signed a business partnership with Yonsei University&#39;s Biohealth Technology Holding Company\n\nhttps://m.stock.naver.com/domestic/stock/055550/news/view/014/0004775112\n\n$AAPL $AMZN $MSFT $TSLA", "time": 1642640428.0, "sentiment": ""}, {"id": 428150492, "text": "$AAPL was analyzed by 49 analysts. The buy consensus is at 84%. So analysts seem to be very confident about $AAPL. https://www.chartmill.com/stock/quote/AAPL/analyst-ratings?utm_source=stocktwits&amp;utm_medium=ANALYST&amp;utm_content=AAPL&amp;utm_campaign=social_tracking", "time": 1642640340.0, "sentiment": ""}, {"id": 428150157, "text": "$SOFI invest this long-term like $AAPL don\u2019t trade it", "time": 1642640296.0, "sentiment": "Bullish"}, {"id": 428149721, "text": "$AAPL  GLTA", "time": 1642640246.0, "sentiment": ""}, {"id": 428149074, "text": "$AAPL Why is this down 0.7% when $MSFT and $FB are up over 2% each.\n\nNo logic for me except manipulation.", "time": 1642640167.0, "sentiment": "Bullish"}, {"id": 428149036, "text": "$AAPL LOL even PTON is up5%!", "time": 1642640161.0, "sentiment": ""}, {"id": 428149031, "text": "$AAPL latest rating from UBS on 2022-01-19, setting target price at: USD 175.00 with a rating of Buy. StockTargetAdvisor&#39;s own view is Slightly Bullish  with an average target price of USD 173.52. Details: https://www.stocktargetadvisor.com/stock/USA/NSD/AAPL", "time": 1642640161.0, "sentiment": ""}, {"id": 428148831, "text": "@kevinperez89 you will never lose with $AAPL but if you want something a little different with a nice dividend check out $STLA", "time": 1642640137.0, "sentiment": "Bullish"}, {"id": 428148538, "text": "$AAPL \n\nLet\u2019s close the oil market at 2:30 ..\n\nLet\u2019s pump up !!", "time": 1642640096.0, "sentiment": "Bullish"}, {"id": 428147821, "text": "$AAPL being bearish on apple.. lol", "time": 1642640000.0, "sentiment": ""}]