[{"id": 428172539, "text": "$AAPL \n\nWow this Apple Stock for this month has been underperforming ..\n\nEarlier it pumped up .. now it got shorted back to red 2.00 territory ..\n\nEven the oil market is closed .. it seems they want to make investors go away and tell them off to invest somewhere else with max pain!", "time": 1642643000.0, "sentiment": "Bullish"}, {"id": 428172501, "text": "@fenster4 Yes sir....bring itThe new $GME and $AMC $aapl $tsla may be driving this", "time": 1642642996.0, "sentiment": ""}, {"id": 428171667, "text": "$AAPL check out grindsyourgears.com about amc and gme.  Hearing aapl is next week suppose to be good.", "time": 1642642900.0, "sentiment": ""}, {"id": 428170953, "text": "$AAPL calls get wrecked today. Fuck this market", "time": 1642642817.0, "sentiment": ""}, {"id": 428169748, "text": "$SPY $QQQ $AAPL $TSLA The Federal Reserve is the engine for the greatest wealth transfer in history. \n\nThere are no secrets. No surprises. QE infinity robbed people of their savings account. Robbed people of the American dream. And Robbed people of their future. \n\nIt&#39;s the Federal Reserve who controls the money supply. They decided that giving Bezos and Musk another 150B would be beneficial. Instead they stole from our dollar purchasing power. The Fed can&#39;t hide now bc inflation is out of control", "time": 1642642674.0, "sentiment": "Bearish"}, {"id": 428169039, "text": "$BAC Time to Cover and sell your puts. $AAPL double down on puts", "time": 1642642592.0, "sentiment": "Bearish"}, {"id": 428168887, "text": "$AAPL warren B distribution?? SOS SOS SOS  area down here BULLS need to hold the 50ma daily time frame or it&#39;s going to get #UGLY $SPY $QQQ need to start moving higher as well MArket trader", "time": 1642642573.0, "sentiment": ""}, {"id": 428168823, "text": "$AAPL $SPY what support are people talking about??", "time": 1642642565.0, "sentiment": "Bearish"}, {"id": 428168580, "text": "$AAPL all tech dumped gtfo longs $sofi  $QQQ", "time": 1642642536.0, "sentiment": ""}, {"id": 428168059, "text": "$AAPL RIP your calls \ud83e\udd4a", "time": 1642642471.0, "sentiment": "Bearish"}, {"id": 428167943, "text": "$TSLA $F $AMD $AAPL \nDamn I\u2019m good 2nd time flipping all 4 for the day and good for an over nighter\n$F should probably big on those 22P", "time": 1642642458.0, "sentiment": ""}, {"id": 428167325, "text": "$SPY Until $aapl gives up the ghost, there will be NO BOTTOM  &gt;=)", "time": 1642642386.0, "sentiment": "Bearish"}, {"id": 428167145, "text": "$SPY $DJIA $QQQ $AAPL $TSLA  \n \nDon&#39;t worry about this little drop JOEY....just market makers showing you what will happen if you fuck it up this afternoon. \n \nThey like to do this to JDADDY too...lol", "time": 1642642368.0, "sentiment": ""}, {"id": 428166763, "text": "$AAPL $MSFT $DIS If you are not consistently reaching your goals and you want help then research us and message us. We love to help folks and our reputation speaks for itself!\nHappy Trading\ud83d\ude4f\ud83d\ude07", "time": 1642642322.0, "sentiment": ""}, {"id": 428166734, "text": "$AAPL sell side here will be heavier if support breaks 167.48", "time": 1642642318.0, "sentiment": ""}, {"id": 428166661, "text": "$AAPL Getting there \n \n#AAPL", "time": 1642642309.0, "sentiment": ""}, {"id": 428164435, "text": "$AAPL sell $167.5 calls expiring Friday $170-s if scared. Easy $$$", "time": 1642642048.0, "sentiment": ""}, {"id": 428163709, "text": "New correlation matrix for Apple( $AAPL ), Whirlpool\u2026 https://www.macroaxis.com/invest/stock-correlation?s=AAPL,WHR,ICE,OMC,AVY,BTU,THNPY,AZO,VRSN,CSX,GBCI,SNEJF #insidertrading #stocks #fintechnews", "time": 1642641963.0, "sentiment": ""}, {"id": 428163461, "text": "$AAPL LOL stop investing stocks....house is manipulating :)", "time": 1642641936.0, "sentiment": ""}, {"id": 428163074, "text": "Sleepy Joe jawbones today at 4 pmest https://factba.se/biden/calendar enjoy the Armageddon Depression flash crash aftermath ... imho re due diligence sell sell sell pre 40mest today ... tdtiahth @Profit_Maker https://stocktwits.com/Profit_Maker your 24/7 care bear specialist for profits \ud83d\udc3b\u2764\ud83d\ude08\u2714 $f $tsla $gm $aapl $aal and more", "time": 1642641894.0, "sentiment": "Bearish"}, {"id": 428162912, "text": "$AAPL Biden might resign later on a speech", "time": 1642641872.0, "sentiment": "Bullish"}, {"id": 428162614, "text": "$RUN one last thing. The news. The news. The news. The news. Inflation concerns they say? All of a sudden that\u2019s a problem? As if we didn\u2019t know that was going to be an issue with all the money pumped into the economy. They just pick and choose when it is a problem. It\u2019s been a problem for longer than these last two weeks, but now is the time they pick to bring the fear to the market? Wonder how long it took them to sell all of their assets so they can bring everything down and buy everything again at a lower price\u2026 $AAPL $MSFT $QQQ", "time": 1642641836.0, "sentiment": "Bullish"}, {"id": 428161864, "text": "$AAPL Would be out of this world, if this rebounds today and closes $170.5 as a move upward for ER.", "time": 1642641745.0, "sentiment": "Bullish"}, {"id": 428160153, "text": "$AAPL only FAANG getting slammed \u274c", "time": 1642641539.0, "sentiment": ""}, {"id": 428160094, "text": "$AAPL closing out my position today have been selling\u2026 doubling up on $MSFT \u2026 all in!", "time": 1642641532.0, "sentiment": "Bullish"}, {"id": 428160014, "text": "$AAPL looking pretty oversold!  Time to hit the buy button.", "time": 1642641522.0, "sentiment": "Bullish"}, {"id": 428159983, "text": "$AAPL All good news on Apple today. Just a Ninja market today on all my stocks.  I hope they run back up as fast as they went down. It\u2019s clear the institutions control the price so us retailers have to play their game or not be trading at all. We all (bulls) have confidence in Apple and the future. It\u2019s very low prices based on many other tech stocks.  It\u2019s hard to be positive in a negative trading environment but we got a change to get some cheaper shares.  I\u2019m loaded to where I got a margin call  just a while ago.  It\u2019s all good .  Hope for a little rebound today and up days leading into earnings.", "time": 1642641518.0, "sentiment": ""}, {"id": 428159316, "text": "$AAPL Biden needs to announce that he\u2019s not running for re-election.", "time": 1642641433.0, "sentiment": ""}, {"id": 428159262, "text": "$AAPL  \n \n167.5 Double Bottom fade is setting up on the break below the level.  \nBig accumulation down at 148-150 \n \nKeep an eye on it.", "time": 1642641428.0, "sentiment": ""}, {"id": 428158426, "text": "$SPY $DJIA $QQQ $AAPL $TSLA \n \nJDADDY and all his rich Boomer Buddies at the FED have benefited  immensely from their position and JPOW&#39;s free money policies. \n  \nWhat a bunch of unchecked scoundrels!", "time": 1642641327.0, "sentiment": ""}]