[{"id": 428130670, "text": " $AAPL undercut the daily 50ema and pushing higher, market follows, lots of RDRs in play", "time": 1642637752.0, "sentiment": ""}, {"id": 428129402, "text": "$AAPL most likely going to break that triple top on the 1min. Let\u2019s go 170!", "time": 1642637589.0, "sentiment": ""}, {"id": 428129165, "text": "$AAPL made up inflation by big corporations.. Corporations are making records profits. They are manipulating the game.", "time": 1642637557.0, "sentiment": ""}, {"id": 428128745, "text": "$AAPL let\u2019s get back to the 170s", "time": 1642637503.0, "sentiment": "Bullish"}, {"id": 428128399, "text": "$AAPL IDC! Holding!", "time": 1642637458.0, "sentiment": "Bullish"}, {"id": 428128148, "text": "$AAPL Imagine believing the strongest corporation in the history of corporations isnt a good investment", "time": 1642637426.0, "sentiment": ""}, {"id": 428127864, "text": "@JotlyMool and part of what you\u2019re saying is making my point for me.  $MSFT now has two big pawns in Metaverse with $ATVI  and Minecraft.  Don\u2019t you think that puts a lot of pressure on $GOOG $FB $AAPL ?", "time": 1642637391.0, "sentiment": ""}, {"id": 428127680, "text": "$AAPL \n\nThat\u2019s it .. sell side is losing steam .. \n\nIt\u2019s buy side turn to pump it up!", "time": 1642637364.0, "sentiment": "Bullish"}, {"id": 428127258, "text": "$AAPL New money coming in now : \nhttps://www.nasdaq.com/articles/august-19th-options-now-available-for-apple", "time": 1642637303.0, "sentiment": "Bullish"}, {"id": 428126971, "text": "$AAPL 11-Feb-22 170 Calls Traded 2,771 times for $1.4 Million in premium. https://tinyurl.com/y2gbtald", "time": 1642637269.0, "sentiment": ""}, {"id": 428126230, "text": "$SPY $QQQ $AAPL $XLK   Both Germany and UK high CPI inflation reads today, mid 5%s , that is not good peoples.\nEurope nor UK talking about raising interest rates but this will get ball rolling, Wall Street Journal article don&#39;t lie. \n\nAnd, UK inflation highest in 30 YEARS ! \n\nSo they following our &quot;highest in 39 years&quot; CPI inflation for 2021\ud83d\udc4c\ud83d\udd25\ud83d\udea8\ud83d\ude31\ud83d\udc40 \n\nInflation is starting to become a global pandemic", "time": 1642637171.0, "sentiment": ""}, {"id": 428125893, "text": "I may do a $AAPL 172c Lotto", "time": 1642637123.0, "sentiment": ""}, {"id": 428125699, "text": "$BKKT amazing even with am news they- evil shorts push it down \nIt seems only News with $AAPL or $AMZN or $TSLA will maybe push them away. Criminals.", "time": 1642637099.0, "sentiment": "Bullish"}, {"id": 428125346, "text": "Street Ups Targets for Alphabet and Meta on Bullish Outlook for Net Ad Spending  $FB $AAPL $SNAP $UBER $AMZN \n\nhttps://newsfilter.io/a/25cadc15185b9614ad9ec21f17ddf32f", "time": 1642637052.0, "sentiment": ""}, {"id": 428124251, "text": "$AAPL NEW ARTICLE : AirTag stalking: New Apple device involved in suspicious tracking incidents across the country https://www.stck.pro/news/AAPL/21594066", "time": 1642636913.0, "sentiment": ""}, {"id": 428123005, "text": "$AAPL https://finance.yahoo.com/news/why-apple-is-a-200-stock-deutsche-bank-135256312.html", "time": 1642636759.0, "sentiment": "Bullish"}, {"id": 428122191, "text": "$AAPL pick up some calls here for a quick swing let\u2019s \ud83d\udc40", "time": 1642636661.0, "sentiment": ""}, {"id": 428121886, "text": "$AAPL  -.63%, Nasdaq +.49%.  That is quite a disparity.", "time": 1642636626.0, "sentiment": "Bullish"}, {"id": 428121854, "text": "$AAPL close under 167", "time": 1642636622.0, "sentiment": ""}, {"id": 428121584, "text": "$QS With 100K shares on the line, I am 1000% confident that like everything in life. THAT TOO SHALL PASS! This lawsuit is investors that bought in at 130$ upset that they bought at the top of a bubble. There is a full blown carnage in NASDAQ no wonder this one is taking a hit. My play right now. Sold all my $NVDA at avg price 67.00 loaded up $AAPL and write more calls.", "time": 1642636584.0, "sentiment": ""}, {"id": 428120547, "text": "$WATT I just keep buying more and more to average down....it looks ugly now but if this ever hit $5 I&#39;m gonna be RICHER THAN A MUTHFKA \ud83e\udd14 $AAPL", "time": 1642636451.0, "sentiment": "Bullish"}, {"id": 428120344, "text": "$AAPL It\u2019s  my retirement fund. \ud83e\udd78", "time": 1642636423.0, "sentiment": "Bullish"}, {"id": 428119392, "text": "$AAPL load up $$$$$$$$$$$$$$", "time": 1642636305.0, "sentiment": "Bullish"}, {"id": 428119031, "text": "$AAPL \n\nSPY now green \n\nPump it up !!", "time": 1642636262.0, "sentiment": ""}, {"id": 428118019, "text": "A Deep Dive into the FAANG Earnings Charts. $AMZN $AAPL $NFLX $FB $GOOGL https://www.zacks.com/stock/news/1853979/a-deep-dive-into-the-faang-earnings-charts", "time": 1642636139.0, "sentiment": ""}, {"id": 428115992, "text": "@DustyBuns @TywinLost $SNAP we do not care about $AAPL policy .. data science can adapt .. to this with not much impact in efficacy", "time": 1642635879.0, "sentiment": ""}, {"id": 428115684, "text": "$AAPL \n\nBears are scared as shit ..\n\nPump it up \u2026.", "time": 1642635841.0, "sentiment": "Bullish"}, {"id": 428115230, "text": "$SPY $AMD $AAPL $NVDA \n\nHow&#39;s the languishing in here going?", "time": 1642635786.0, "sentiment": ""}, {"id": 428115150, "text": "$AAPL Apple not participating rally today what gives ??", "time": 1642635776.0, "sentiment": ""}, {"id": 428112904, "text": "$AAPL holding support $SPY bouncing helping the matter! Market Trade BULLS this one needs to recapture 171 and hold! DAily time frame 50ma support", "time": 1642635513.0, "sentiment": ""}]