[{"id": 428185687, "text": "$QQQ $SPY $AAPL $TSLA $NVDA For the next couple of weeks or so, if you have a long position  on ANY stock they need  to be hedged. Russia will most likely invade and will rock markets. Don&#39;t get caught with your pants down \ud83d\ude01", "time": 1642644707.0, "sentiment": ""}, {"id": 428185374, "text": "$AAPL", "time": 1642644665.0, "sentiment": "Bullish"}, {"id": 428184922, "text": "Centered Wealth LLC dba Miller Equity Capital Advi,has filed Form 13F for Q3 2021.Opened NEW positions in $AAL $AAPL $BIV $BND $BNDX", "time": 1642644606.0, "sentiment": ""}, {"id": 428184670, "text": "$AABB $AAPL $TSLA $NFLX $SHOP Gold is the talk of the day. Gold break out with such hyperinflation! Buy low sell high. Like 5 Gold producing mines and a global cryptocurrency exchange", "time": 1642644576.0, "sentiment": "Bullish"}, {"id": 428184324, "text": "$AAPL Bullish", "time": 1642644529.0, "sentiment": "Bullish"}, {"id": 428182113, "text": "$AAPL VALN!!! News have a look\ud83d\udca3", "time": 1642644230.0, "sentiment": "Bullish"}, {"id": 428181083, "text": "$MSFT although I have puts and credit spreads on $AAPL, I WOULD NOT short MSFT. Money moving from aapl to MSFT", "time": 1642644095.0, "sentiment": ""}, {"id": 428180894, "text": "$AAPL Loop Capital has decided to maintain their Buy rating on Apple, which currently sits at a price target of $210.\n\nCitigroup has decided to maintain their Buy rating on Apple, which currently sits at a price target of $200.", "time": 1642644069.0, "sentiment": "Bullish"}, {"id": 428180835, "text": "$AAPL latest rating from Citigroup on 2022-01-19, setting target price at: USD 200.00 with a rating of Buy. StockTargetAdvisor&#39;s own view is Slightly Bullish  with an average target price of USD 173.52. Details: https://www.stocktargetadvisor.com/stock/USA/NSD/AAPL", "time": 1642644061.0, "sentiment": ""}, {"id": 428179121, "text": "$AAPL", "time": 1642643834.0, "sentiment": ""}, {"id": 428179039, "text": "$AAPL POWER HOUR LFGOOOO", "time": 1642643823.0, "sentiment": "Bullish"}, {"id": 428177854, "text": "$AAPL lol easy calls. So oversold right now", "time": 1642643671.0, "sentiment": "Bullish"}, {"id": 428177761, "text": "$AAPL Apple Option Alert: Feb 4 $172.5 Puts Sweep (8) below Bid!: 124 vs 7434 OI; Earnings 1/27 After Close \ud83d\udc3b |\ud83e\udd47 Learn more and get details on  \u27a1\ufe0f SweepCast.com", "time": 1642643659.0, "sentiment": ""}, {"id": 428177715, "text": "$AAPL price has fallen into demand zone", "time": 1642643654.0, "sentiment": ""}, {"id": 428177116, "text": "Some top tech sector flow coming in above ask \n \n$PYPL - $1.7M put sweep \n$AAPL - $975K call sweep \n$NVDA - $692K put sweep", "time": 1642643577.0, "sentiment": ""}, {"id": 428176493, "text": "$AAPL down -1.11%, Nasdaq down -.23%.  Apple is being played.", "time": 1642643500.0, "sentiment": "Bullish"}, {"id": 428176421, "text": "@Jnak26 $AAPL just hit 3 trillion like a week ago", "time": 1642643490.0, "sentiment": ""}, {"id": 428176291, "text": "$VXRT PS They also CXL my Limit Order at 30$ for $BFRI  by themselves while selling $VXRT... Talk about manipulating fa olio as their wishes \nSo now ALL my Stocks are on a Limit Sell even $AAPL and FUCK YOU $HOOD (Take 2)", "time": 1642643470.0, "sentiment": "Bullish"}, {"id": 428176184, "text": "$VXRT Interesting as I got a Margin Call from $HOOD were I did not had enough time to cover (under 3 hrs) since I live on PST when I woke up it was done. Now what amazed me is that in ALL my Folio and I have Some $AAPL $BABA $OCGN etc..etc.. All with High Volume and They Took $VXRT to cover 1K Shares are gone. Partly my Bad but also WHY CHOOSING $VXRT instead of a solid corp like $AAPL for Example?  \nThis show how they totally Manipulate the entire Market...  \nMultiply this &quot;case&quot; by all RH users Bam there you have it I am baffled and will close all position on RH it&#39;s a good lecture \n \nI wanted to go all Crypto as this is the way to REALLY make $ they just gave me the golden bridge to take the leap 100%... Ho and FUCK YOU $HOOD for not letting me cover it the way I wanted...", "time": 1642643457.0, "sentiment": ""}, {"id": 428175255, "text": "$AAPL $170 Friday starter", "time": 1642643335.0, "sentiment": ""}, {"id": 428175218, "text": "$AAPL continues to go down and burn options.", "time": 1642643330.0, "sentiment": ""}, {"id": 428175216, "text": "$SPY $UVXY $AAPL $TGT $AMZN \n\n9 of 10 dentists agree; it\u2019s not that valuations don\u2019t matter it\u2019s that you disagree with the valuation! \ud83d\ude09", "time": 1642643330.0, "sentiment": ""}, {"id": 428174806, "text": "$AAPL fed still buying news media is and fed idiots aren\u2019t Powell who knows still buying shit load of treasuries , all talk no action \u2026.", "time": 1642643279.0, "sentiment": "Bullish"}, {"id": 428174503, "text": "$AAPL swinging 2 puts on the yolo acc", "time": 1642643240.0, "sentiment": "Bullish"}, {"id": 428174354, "text": "$AAPL latest rating from Goldman Sachs on 2022-01-19, setting target price at: USD 142.00 with a rating of Neutral. StockTargetAdvisor&#39;s own view is Slightly Bullish  with an average target price of USD 173.52. Details: https://www.stocktargetadvisor.com/stock/USA/NSD/AAPL", "time": 1642643221.0, "sentiment": ""}, {"id": 428173377, "text": "$AAPL 175$ pre market tomorrow. \ud83e\udd8d\ud83d\ude80\ud83d\ude80\ud83d\ude80", "time": 1642643099.0, "sentiment": ""}, {"id": 428173182, "text": "$AAPL we close at $170", "time": 1642643077.0, "sentiment": "Bullish"}, {"id": 428173179, "text": "$AAPL is dancing around its 50 DMA (167.83)", "time": 1642643076.0, "sentiment": ""}, {"id": 428173071, "text": "$AAPL do or die time soon", "time": 1642643063.0, "sentiment": ""}, {"id": 428172860, "text": "$AAPL latest rating from Sanford Bernstein on 2022-01-19, setting target price at: USD 170.00 with a rating of Hold. StockTargetAdvisor&#39;s own view is Slightly Bullish  with an average target price of USD 173.52. Details: https://www.stocktargetadvisor.com/stock/USA/NSD/AAPL", "time": 1642643041.0, "sentiment": ""}]