[{"id": 428204355, "text": "$AAPL NEW ARTICLE : Outlook 2022: Polar Opposites https://www.stck.pro/news/AAPL/21600738", "time": 1642646833.0, "sentiment": ""}, {"id": 428204072, "text": "$AAPL buying more here... if it breaks support going to have to sell because shit will fall hard", "time": 1642646803.0, "sentiment": "Bullish"}, {"id": 428203940, "text": "$AAPL will it go up in anticipation of the ER on 1/27, or in anticipation of the dividend about 2/7 because bears hate to be liable for paying the dividend?", "time": 1642646787.0, "sentiment": "Bullish"}, {"id": 428203915, "text": "$AAPL sub 150 in cards???", "time": 1642646785.0, "sentiment": ""}, {"id": 428203697, "text": "$AAPL \n\nI knew they would demolish all the options before ER .. on purpose.\n\nThat\u2019s why Jan 4th was a warning sign to roll over .. for which I did .. \n\nNow it\u2019s up to 3 weeks .. still 14 dollars off from its ATH \n\nIt\u2019s algo already computing and studying behaviors of traders.. \n\nThey would do is give you max pain \u2026 \n\nSuch a sneaky move!", "time": 1642646760.0, "sentiment": "Bullish"}, {"id": 428203607, "text": "$SPY SLEEPY JOE SPEAKING AT 4PM TO MARK HIS ONE YEAR IN OFFICE. LET&#39;S SEE WHAT BS STATS HE TWISTS AND LIES HE SPEWS SAYING HE&#39;S ACCOMPLISHED. HE&#39;S PASSED JIMMY CARTER AS THE WORST PRESIDENT OF ALL TIME. BUILD BACK WORSE! $QQQ $DIA $AAPL $MSFT", "time": 1642646750.0, "sentiment": ""}, {"id": 428203458, "text": "$AAPL ok everyone\u2026. Time to buy more.", "time": 1642646733.0, "sentiment": "Bullish"}, {"id": 428202627, "text": "$AAPL Time to rotate some into Meta. Apple had its run. Meta on the other hand .. long overdue.....", "time": 1642646647.0, "sentiment": ""}, {"id": 428202335, "text": "$AAPL The 10 year is down, yet people keep selling. \nIdiots. Must be Goppers...", "time": 1642646616.0, "sentiment": "Bullish"}, {"id": 428202244, "text": "$LQMT Wow Liquid Metal is finally moving, could it be that Apple and Tesla are finally in the loop? $AAPL $TSLA $DJIA", "time": 1642646606.0, "sentiment": "Bullish"}, {"id": 428201375, "text": "$AAPL They arent gonna pay the $170 puts either...", "time": 1642646519.0, "sentiment": ""}, {"id": 428201335, "text": "$AAPL i can not believe this shit", "time": 1642646514.0, "sentiment": ""}, {"id": 428201094, "text": "$AAPL \n\nGood night Calls...\ud83d\udc4b", "time": 1642646490.0, "sentiment": ""}, {"id": 428201075, "text": "$AAPL the dumping is not done today", "time": 1642646487.0, "sentiment": ""}, {"id": 428199781, "text": "$NFLX $AAPL $GOOG $MSFT $ATVI  \n \nhttps://www.benzinga.com/m-a/22/01/25118765/2-new-titles-for-netflix-games-what-investors-need-to-know \nBZ Pro: https://benzinga.grsm.io/gxjhpowx7zks", "time": 1642646354.0, "sentiment": ""}, {"id": 428199451, "text": "$AAPL I\u2019m going to exit if it closes below 167.81", "time": 1642646319.0, "sentiment": ""}, {"id": 428199244, "text": "$AAPL 160 puts syndicated.", "time": 1642646298.0, "sentiment": ""}, {"id": 428199105, "text": "$AAPL $QQQ And they got fucked today. Congrats bears \ud83c\udf89", "time": 1642646284.0, "sentiment": "Bearish"}, {"id": 428198802, "text": "$AAPL 166.80 EOD", "time": 1642646254.0, "sentiment": ""}, {"id": 428198362, "text": "$MSFT market is screwed but cash cows will survive. $AAPL $MSFT $AMZN $GOOGL $FB produce too much cash flow to rely on Fed easy money \ud83d\udcb0 to grow share prices. Betting on 340 after", "time": 1642646210.0, "sentiment": "Bullish"}, {"id": 428198249, "text": "$AAPL you can thank joe bidens incompetence", "time": 1642646199.0, "sentiment": ""}, {"id": 428198039, "text": "$AAPL $SPY $QQQ tomrrow and Friday no president or fed news/speech to interfere, so expect a nice run. Loading these nice dip .. today drop due to Biden speech !", "time": 1642646177.0, "sentiment": "Bullish"}, {"id": 428197874, "text": "$AAPL Another $3 down day??", "time": 1642646161.0, "sentiment": ""}, {"id": 428197512, "text": "$aapl theres a fucking seller at every fucking price , has to be buffett", "time": 1642646122.0, "sentiment": ""}, {"id": 428197144, "text": "$AAPL what ever !", "time": 1642646084.0, "sentiment": "Bullish"}, {"id": 428196790, "text": "$AAPL - Avoid buying Apple, MACD is below signal line and about to cross under center line (Sell signal). Price is also below the 8/21-day MA..", "time": 1642646047.0, "sentiment": "Bearish"}, {"id": 428196739, "text": "$AAPL 172.50 calls for Friday dead in the water. Obliterated today", "time": 1642646041.0, "sentiment": ""}, {"id": 428196654, "text": "$AAPL so close to breaking this neckline, that\u2019s a textbook h&amp;s on the daily", "time": 1642646030.0, "sentiment": ""}, {"id": 428196546, "text": "$AAPL thank god for puts", "time": 1642646019.0, "sentiment": ""}, {"id": 428196444, "text": "$AAPL \nBuffet sold some, anyone concerned?", "time": 1642646008.0, "sentiment": ""}]