[{"id": 428270236, "text": "$AAPL  Netflix is raising their price. It&#39;s why cable and direct TV went out of business. Next thing u know their will be ads popping up while you watch the movie.", "time": 1642655668.0, "sentiment": "Bearish"}, {"id": 428270181, "text": "Netflix is reporting earnings this week. I took a deeper look into the FAANG earnings charts. Which are expected to have double digit growth in 2022? $NFLX $AAPL $AMZN $FB $GOOGL A Deep Dive into the FAANG Earnings Charts  https://shar.es/aW8bQX", "time": 1642655658.0, "sentiment": ""}, {"id": 428268877, "text": "$AAPL it&#39;s good to retreat some and accumulate..this will go back up..it&#39;s apple that&#39;s all it done. And they keep on buying back shares. Remember that. 200 plus some time this year", "time": 1642655404.0, "sentiment": "Bullish"}, {"id": 428268162, "text": "$AAPL  big buyer at 148.", "time": 1642655271.0, "sentiment": ""}, {"id": 428267958, "text": "$AAPL reiterated with Buy rating and $210 price target at Tier1.", "time": 1642655233.0, "sentiment": ""}, {"id": 428267823, "text": "$AAPL Such a corrupt market. It\u2019s all controlled by the big boys. This is all intentional and they don\u2019t care if we lose our money and life savings.  It\u2019s all fun to them when they shake out the retailers and trigger stop losses. I know the game and have sued Dean Whitter in the past and took it to trial on Wall Street and won! Im still in and moving money to buy more. We will get our green back soon.  The sad thing is they will ride it back up with us and make the profits again. It\u2019s all a high stakes game of gambling.  My wife is in a mutual fund with Apple in it . She has her life saving in the fund controlled by her advisor.  She down 10k today because of this. Can\u2019t wait until next Thursday for earning.  Sorry for the long post. I\u2019m pissed like all of you bulls.", "time": 1642655204.0, "sentiment": ""}, {"id": 428267567, "text": "$AAPL 20% dip is a swing traders dream!", "time": 1642655152.0, "sentiment": "Bullish"}, {"id": 428267501, "text": "$AAPL $DIS $BA Tonight we cover Russian Incursion, Inflation, and MORE\n\nhttps://instagram.com/stories/optionsplayers/2754931482737027394?utm_medium=copy_link", "time": 1642655139.0, "sentiment": ""}, {"id": 428267362, "text": "$AAPL what\u2019s up with 166 phobia", "time": 1642655111.0, "sentiment": ""}, {"id": 428267072, "text": "$AAPL Apple Option Alert: Fri $170 Calls Sweep (3) near the Bid: 110 vs 136603 OI; Earnings 1/27 After Close \ud83d\udc02 |\ud83e\udd47 Learn more and get details on  \u27a1\ufe0f SweepCast.com", "time": 1642655053.0, "sentiment": ""}, {"id": 428266710, "text": "$AAPL  breakdown below 168 support not good. as aapl goes so too does the market.  smart money not buying.  from the downs come fierce rallies.", "time": 1642654981.0, "sentiment": ""}, {"id": 428266092, "text": "Bullish portfolio proposal: Apple( $AAPL ), Pfizer(\u2026 https://www.macroaxis.com/invest/stock-volatility?s=AAPL,PFE,HON,RRD,MAS,NVDA,DOW,BDX,DELL,WYNN,PSEC,JNJ #insidertrading #stocks #fintechnews", "time": 1642654866.0, "sentiment": ""}, {"id": 428266067, "text": "$AAPL was analyzed by 49 analysts. The buy consensus is at 84%. So analysts seem to be very confident about $AAPL. https://www.chartmill.com/stock/analyzer/stock/AAPL?view=analyst-ratings&amp;utm_source=stocktwits&amp;utm_medium=ANALYST&amp;utm_content=AAPL&amp;utm_campaign=social_tracking", "time": 1642654860.0, "sentiment": ""}, {"id": 428265886, "text": "$AAPL ah selling still not done damn. I was really hoping that the buffoon shutting up would be it", "time": 1642654827.0, "sentiment": ""}, {"id": 428265389, "text": "$AAPL if you\u2019re not done selling visit 170 again Friday please", "time": 1642654740.0, "sentiment": "Bearish"}, {"id": 428264800, "text": "$AAPL just buy every dip for the rest of your life. Most people can afford to add 1 share per week.", "time": 1642654639.0, "sentiment": "Bullish"}, {"id": 428264443, "text": "$AAPL if Joe Biden thinks he doing a good job for this country than he has lost all touch of what&#39;s going on to the average American.  I&#39;m telling u this president is running this country into the ground. He is a puppet for the left and they are  going to keep their wealth and power and just get more weathly while the majority of us working Americans suffer to be more dependent on the system they create. Let&#39;s vote him right out off office when 2024 comes our way. And get the USA back on track.", "time": 1642654573.0, "sentiment": ""}, {"id": 428263142, "text": "@Keeper_Of_Encarta i remember the days when $AAPL was just a cell phone brand. \n \nNow its one of the safest and top investments to park your cash. \n \nKeep doubting tesla, wallstreet already coming around.", "time": 1642654353.0, "sentiment": ""}, {"id": 428263103, "text": "$AAPL corrupt masked booster busted zombie employees", "time": 1642654345.0, "sentiment": "Bearish"}, {"id": 428262821, "text": "$SBUX back to levels from last year of 1/21. New highs were hit in 7/21, anyone see a correlation here!!!   \n \n$V $MA $WEN $AAPL", "time": 1642654297.0, "sentiment": "Bullish"}, {"id": 428262420, "text": "$AAPL anyone wants to donate money to me \ud83e\udd7a", "time": 1642654221.0, "sentiment": ""}, {"id": 428261883, "text": "$AAPL they need a long umbrella stick to drag him off.", "time": 1642654128.0, "sentiment": ""}, {"id": 428261647, "text": "$AAPL omg. This answer is off the charts!!!  Lost his mind!!!", "time": 1642654089.0, "sentiment": "Bullish"}, {"id": 428261488, "text": "$AAPL somebody un plug Biden\u2026..he is going to ruin the world financial markets\u2026by leveling all private accounts to share with others..", "time": 1642654058.0, "sentiment": "Bullish"}, {"id": 428261478, "text": "$AAPL lol.  I stop investing stocks.  :). I believe the house are manipulating :) especially the options.", "time": 1642654056.0, "sentiment": ""}, {"id": 428261087, "text": "$AAPL joes vitamins are wearing off.", "time": 1642653990.0, "sentiment": "Bullish"}, {"id": 428260993, "text": "It&#39;s the Earnings, Stupid - Part 2  $TSLA $AAPL $GOOGL $PYPL $NFLX \n\nhttps://newsfilter.io/a/ccb22fcbaaa900c7dd9dc934dcc7d509", "time": 1642653974.0, "sentiment": ""}, {"id": 428260224, "text": "$BMRN you can wait, but u risk to lose the train $AAPL $GILD $NFLX $TSLA", "time": 1642653842.0, "sentiment": ""}, {"id": 428259825, "text": "$TQQQ $QQQ $TSLA $AAPL\n\nENOUGH IS ENOUGH", "time": 1642653768.0, "sentiment": "Bullish"}, {"id": 428259422, "text": "$AAPL Got fucked today. No other way to put it", "time": 1642653698.0, "sentiment": ""}]