[{"id": 428284385, "text": "@Eyeeye1 $AAPL has broken the diamond and now heads for $157. The implied move is $153 and has the chance to test the channel bottom.", "time": 1642658415.0, "sentiment": "Bearish"}, {"id": 428283909, "text": "$AAPL  If you didn\u2019t sell today, you haven\u2019t lost a dime\u2026.we\u2019ll be back\u2026we always are.", "time": 1642658326.0, "sentiment": ""}, {"id": 428283803, "text": "$SPY   \n \n$150,000,000   in  Darkpool Sell order in Warren Buffett&#39;s Berkshire Hathaway #BRK at $317. 00   ahead of #FAANG earnings..  \n \n the chart is $AMZN Rated &#39;R&#39; Movie chart from  Jan 6.. its $140 lower now..  \n \n$AAPL", "time": 1642658305.0, "sentiment": ""}, {"id": 428283703, "text": "$SPY in October $AAPL was 140 $NVDA 200 $AMD 100 $TSLA was 800\n\nReal damage hasn&#39;t even happened yet.", "time": 1642658286.0, "sentiment": "Bearish"}, {"id": 428283575, "text": "@SEVENXStheGOAT where\u2019s our $AAPL add zone? #longterm", "time": 1642658262.0, "sentiment": ""}, {"id": 428283552, "text": "$AAPL Now that StockTwits  clean the room let\u2019s get back to trading ideas  \nApple \ud83c\udf4e $AAPL  the best  investment stocks in the world I believe the next one will be Tesla $TSLA   need to divest  Space  X and first solar \nFull disclaimer I own both of the above mention", "time": 1642658254.0, "sentiment": "Bullish"}, {"id": 428282241, "text": "$AAPL  great speech Biden. F Trump!!!!!", "time": 1642657992.0, "sentiment": ""}, {"id": 428281976, "text": "Sweep Options Activity: $AAPL is the #1 ticker with sweep activity where institutions are trading options urgently with 101.6K sweep contracts, a leading indicator of market movement.\n\nMarket analysis and options contracts included in screenshot of dashboard from http://insiderfinance.io.", "time": 1642657936.0, "sentiment": ""}, {"id": 428280862, "text": "$AAPL continues to fall and we have a ways yet to go.", "time": 1642657719.0, "sentiment": "Bearish"}, {"id": 428279769, "text": "$AAPL lets go brandon!!", "time": 1642657489.0, "sentiment": ""}, {"id": 428279464, "text": "$AAPL 164s tmrw. Then we\u2019ll see if bulls have a fight in them.", "time": 1642657424.0, "sentiment": "Bearish"}, {"id": 428277472, "text": "$SPY $QQQ $DWAC $AAPL  K,  I see that maybe I went over the border line with my Biden Bucks joke.\n\nJust was trying to add humor to an understandable grim mood \n\nGod bless your trades.\n\nSincerely sorry for joke", "time": 1642657023.0, "sentiment": ""}, {"id": 428276495, "text": "Beartivities\ud83d\udc3b\ud83e\ude78 *NASDAQ ON TRACK FOR WORST MONTHLY DROP SINCE MARCH 2020\n\n$spy $tsla $arkk $aapl $btc.x", "time": 1642656827.0, "sentiment": "Bearish"}, {"id": 428275489, "text": "$AAPL  This is going to 158. It\u2019s a mathematical certainty. That is the classic 61.8 Fib level &amp; the market is now in a correction.", "time": 1642656628.0, "sentiment": "Bearish"}, {"id": 428275418, "text": "$AAPL Simulated 167.5C for Thursday&#39;s open on StockOrbit. \n https://apps.apple.com/us/app/stockorbit/id1541560646", "time": 1642656616.0, "sentiment": ""}, {"id": 428274896, "text": "$TSLA \n\n$AAPL is at 30 multiple (P/E) with growth less than 10% !!!\n\n $AMZN is trading at 70 multiple with growth less than 20% \n\nTesla at 2025 I have it at 50 multiple with growth over 50% discounted by 10% with 10YR Yields 2% SP as of today should be $1794 2022 Auto only ..\n\nThis is unbelievably cheap - y\u2019all will know what I mean Q4 comes next week and see how P/E keeps falling while profit &amp; Rev rising !! (~4B in profit Q4 ) \n\nAmazing opportunity for going long here and establish your stealth \ud83e\udd77 position !! IMO \n\n\ud83d\ude4f\ud83c\udffb\ud83d\udc09\ud83e\udd85", "time": 1642656528.0, "sentiment": "Bullish"}, {"id": 428274806, "text": "$AAPL  down $10k in a mutual fund...must be doing okay. And it is Dean Witter....must have lost the lawsuit for misspelling the name. LOL", "time": 1642656514.0, "sentiment": ""}, {"id": 428274362, "text": "Today&#39;s video discusses the main thematic play we are monitoring in Q1, and top-down analysis of over 30 stocks/indices including $SPY $QQQ $PLUG $AAPL $NFLX etc\n\nVideo: https://youtu.be/JbjfW_na1mo", "time": 1642656433.0, "sentiment": ""}, {"id": 428274110, "text": "$SPY $QQQ $AAPL", "time": 1642656388.0, "sentiment": ""}, {"id": 428273856, "text": "$AAPL since Biden came to office:\nGDP up hard\nUnemployment down hard\nMarkets up hard\n\nBut\u2026 maga morons don\u2019t see this because Fox did not tell them this.", "time": 1642656341.0, "sentiment": ""}, {"id": 428273752, "text": "$AAPL love all the bears.  Must be close to whipsawing them all back to oblivion.", "time": 1642656319.0, "sentiment": ""}, {"id": 428273722, "text": "$AAPL called 165..told everyone to put puts in.", "time": 1642656314.0, "sentiment": "Bearish"}, {"id": 428273560, "text": "Excellent, welcome to Crash Thursday and the Armageddon Depression \ud83d\udc3b\u2764 Carry on sticking forks in the stock markets at large for profits \u2714 Bonus ... jobless claims Thursday \ud83e\udd21\n\nhttps://www.investing.com/indices/indices-futures\n\nhttps://finviz.com/news.ashx\n\nhttps://global-premium.econoday.com/byweek.asp?cust=global-premium\n\nhttps://www.investing.com/news/latest-news\n\nThank dog that I am here to help @Profit_Maker https://stocktwits.com/Profit_Maker \ud83d\ude08\n\n$F check out crashing afterhours Wednesday en route to Morgan Stanley&#39;s downgrade to 12&#39;s, fact, this past Friday ... others in queue to sell off include $ tsla $gm $aapl $aal and more \ud83e\udd11", "time": 1642656282.0, "sentiment": "Bearish"}, {"id": 428273467, "text": "$AAPL this market and this can\u2019t resist going lower despite any pump", "time": 1642656265.0, "sentiment": ""}, {"id": 428273094, "text": "$AAPL 10 trillion dollar company in 5 years don&#39;t let the market cap deceive you from those returns... they still have a car and apple glasses in the future", "time": 1642656201.0, "sentiment": ""}, {"id": 428272705, "text": "$SPY $AMD $qqq $AAPL  u still here, bulls?\n\nThought u maybe cash in your chips and go home", "time": 1642656133.0, "sentiment": ""}, {"id": 428272512, "text": "$SPY $AAPL  *Updated yesterdays waldo chart. breaking into cloud at cloud top support weakened now.  \n \ncloud bottom magnet equilibirum from 26 days average 1st target", "time": 1642656099.0, "sentiment": ""}, {"id": 428271991, "text": "$AAPL with this pull back it&#39;s just giving us more opportunity to buy more.. apple is a winner for sure..", "time": 1642656003.0, "sentiment": "Bullish"}, {"id": 428271546, "text": "$AAPL probably won\u2019t see these prices again.", "time": 1642655910.0, "sentiment": "Bullish"}, {"id": 428270610, "text": "$AAPL how the fuck can you be bearish long term on this. Your just ignorant if you actually think this is gonna go down long term", "time": 1642655739.0, "sentiment": "Bullish"}]