[{"id": 428210856, "text": "$AAPL need that 155", "time": 1642647453.0, "sentiment": ""}, {"id": 428210570, "text": "$AAPL they really want this at max pain at 150 smh", "time": 1642647428.0, "sentiment": ""}, {"id": 428210422, "text": "Day 9 of the 5k account challenge coming to a close! We have managed to stay green during these 2 down weeks to start the year. Sized with mostly cash right now, waiting to strike when the opportunity is ready. $SPY $IWM $NDX $AAPL", "time": 1642647417.0, "sentiment": ""}, {"id": 428209985, "text": "$AAPL hahahaha idiots", "time": 1642647376.0, "sentiment": "Bullish"}, {"id": 428209789, "text": "$AAPL ... Netflix earnings tomorrow morning ....", "time": 1642647359.0, "sentiment": ""}, {"id": 428209617, "text": "$AAPL thank joe biden", "time": 1642647342.0, "sentiment": ""}, {"id": 428209083, "text": "$AAPL This is what not saving Apple will get ya $msft $spy $nasdaq $fb", "time": 1642647293.0, "sentiment": ""}, {"id": 428208874, "text": "$AAPL Got apple calls here", "time": 1642647271.0, "sentiment": "Bullish"}, {"id": 428208777, "text": "$AAPL Needs a good -3&amp; day like $TSLA today ... clear out a lot of weak hands ... then we can start to move back up next month.", "time": 1642647263.0, "sentiment": ""}, {"id": 428208447, "text": "$AAPL leaving it here!", "time": 1642647232.0, "sentiment": ""}, {"id": 428208419, "text": "$AAPL --The Newton formation!", "time": 1642647230.0, "sentiment": ""}, {"id": 428208232, "text": "$AAPL looks like there\u2019s no eod redemption and getting hammered to mid 165. Had 172.50 calls and decimated", "time": 1642647211.0, "sentiment": ""}, {"id": 428208184, "text": "$AAPL oops!", "time": 1642647207.0, "sentiment": ""}, {"id": 428208084, "text": "$AAPL \n\nPut me out my misery today", "time": 1642647197.0, "sentiment": ""}, {"id": 428207998, "text": "$AAPL getting pretty warm to loading up the truck. Not hot, but pretty warm.", "time": 1642647189.0, "sentiment": "Bullish"}, {"id": 428207742, "text": "$AAPL Pt: $157", "time": 1642647168.0, "sentiment": ""}, {"id": 428206857, "text": "$AAPL Apple rolling over I could bring us down to a 15% correction on the NASDAQ", "time": 1642647085.0, "sentiment": ""}, {"id": 428206711, "text": "$AAPL Shout-out to all the people that got butt hurt when I said 180s was overpriced", "time": 1642647071.0, "sentiment": ""}, {"id": 428206435, "text": "$AAPL https://www.youtube.com/watch?v=z6TvIS2PVv4", "time": 1642647041.0, "sentiment": ""}, {"id": 428205940, "text": "$UVXY Biden press conference with extended time for him to answer reporter questions !!! my vix calls gonna be on the moon !!\nLETS GO BRANDON !!!\n$SPY $QQQ $AAPL $TSLA", "time": 1642646994.0, "sentiment": ""}, {"id": 428205758, "text": "$AAPL \n$150 is next!", "time": 1642646974.0, "sentiment": ""}, {"id": 428205435, "text": "$AAPL sell is overblown.", "time": 1642646941.0, "sentiment": "Bullish"}, {"id": 428205342, "text": "$SPY $DJIA $QQQ $TSLA $AAPL \n \nPiggie up +375 total MES point today and still holding 3 mes from 4542 for POTUS ramp higher. \n \nHe will add on any dip if JOEY say &quot;wrong thing&quot;...lol \n \nNow don&#39;t screw it up JOEY!...CONCENTRATE!!!", "time": 1642646932.0, "sentiment": ""}, {"id": 428205283, "text": "$AAPL 165 then 200, mark my words", "time": 1642646926.0, "sentiment": "Bullish"}, {"id": 428205224, "text": "$AAPL", "time": 1642646921.0, "sentiment": ""}, {"id": 428205129, "text": "$AAPL Biden disapproves iPhone 13", "time": 1642646911.0, "sentiment": ""}, {"id": 428204829, "text": "$AAPL \n\nYesterday 3 dollars off and today almost 3 dollars off ..\n\nThat\u2019s one of the most max pain I have ever seen !!", "time": 1642646882.0, "sentiment": "Bullish"}, {"id": 428204746, "text": "$AAPL closing tv at the lows. Feels like they want this much lower next 2 days. 10yr yield had a 1 day reprieve but back up tomorrow and I think and will take AAPL and TsLA with it to the dnside hard. Always generals to go last.", "time": 1642646873.0, "sentiment": ""}, {"id": 428204687, "text": "$TSLA $AAPL waiting for these two piggy banks to pop,, should send spy and qqq to 200sma\ud83e\udd78", "time": 1642646868.0, "sentiment": ""}, {"id": 428204514, "text": "$AAPL last 10 min going to be nasty", "time": 1642646849.0, "sentiment": ""}]