[{"id": 428258959, "text": "$AAPL does Biden realize how much of a stugotz he is?", "time": 1642653610.0, "sentiment": ""}, {"id": 428258947, "text": "@randomtrading @Cityinahouse \n\nRed.  Look at $aapl and $tsm just giving up.", "time": 1642653608.0, "sentiment": ""}, {"id": 428257971, "text": "$AAPL well jumped the gun bought 50k @167.50\nSaved another 50k for tomorrow or Monday\u2019s next door before the rip", "time": 1642653441.0, "sentiment": "Bullish"}, {"id": 428257812, "text": "$AAPL Build back better!", "time": 1642653415.0, "sentiment": "Bullish"}, {"id": 428257273, "text": "$TSLA 980 has been strong support so that&#39;s the first target. If that breaks then we start going towards feeling 940 ish gap and that way we also complete Head and Shoulder pattern. That&#39;s all I can say at this point. $QQQ $AAPL", "time": 1642653324.0, "sentiment": "Bearish"}, {"id": 428256077, "text": "Nasdaq Weakness Has Bears Circling Tech Stocks! \n \nSelling at (2) should be very concerning to tech! $QQQ $SPX $AAPL  \n \nhttps://bit.ly/3qGfhcX", "time": 1642653110.0, "sentiment": ""}, {"id": 428255868, "text": "$AAPL angry Brandon!!!", "time": 1642653073.0, "sentiment": ""}, {"id": 428255610, "text": "$AAPL is Biden on crack\u2026 seriously!!!?", "time": 1642653028.0, "sentiment": "Bullish"}, {"id": 428255541, "text": "Unusual Options Activity: $AAPL is the #8 ticker with unusual activity from institutional traders with an average of 26% out of the money, a leading indicator of market movement.\n\nMarket analysis and options contracts included in screenshot of dashboard from http://insiderfinance.io.", "time": 1642653016.0, "sentiment": ""}, {"id": 428255473, "text": "$AAPL AAPL 2022-01-19 Largest Trades Data: \nhttps://www.youtube.com/watch?v=Qg8glEVJPcc", "time": 1642653008.0, "sentiment": ""}, {"id": 428255236, "text": "$AAPL \ud83d\ude0f. ATTACK THE DUMB BULLS", "time": 1642652974.0, "sentiment": "Bearish"}, {"id": 428254834, "text": "$LCID so does anyone think Peter will release the delivery numbers AND confirm $LCID partnership with $AAPL after Saudi\u2019s have dropped $10B back into $LCID after the big dip??? \ud83d\udcb0\ud83d\udcb0\ud83d\udcb0\ud83d\ude82\ud83d\ude82\ud83d\ude82", "time": 1642652905.0, "sentiment": ""}, {"id": 428254103, "text": "$AAPL for those of you thinking \ud83c\udf4f is going down far\u2026dream away\u2026.too many new buyers shall come in now\u2026and too much creativity\u2026and too much stick buy back money\u2026so you shorters run your mouths\u2026set ups are fun to watch\u2026.", "time": 1642652785.0, "sentiment": "Bullish"}, {"id": 428253334, "text": "$AAPL \n\nMake him stop", "time": 1642652659.0, "sentiment": ""}, {"id": 428253152, "text": "Intel Enters Bitcoin Mining With &quot;Energy-Efficient&quot; Chip $AAPL $INTC $BTC.X https://talkmarkets.com/content/stocks--equities/intel-enters-bitcoin-mining-with-energy-efficient-chip?post=341755", "time": 1642652635.0, "sentiment": ""}, {"id": 428252987, "text": "$AAPL This is why you keep some jingle kicking around and trim off the the top at record highs. Tip my cap to Dude who said 165 today mark this post. Can I borrow your crystal ball? LOL", "time": 1642652611.0, "sentiment": "Bullish"}, {"id": 428252865, "text": "$SPY $DJIA $QQQ $AAPL $TSLA \n   \n  \n&quot;Inflation has everything to do with the supply chain&quot; - Joe Biden  \n  \nSo which inflation are we talking about Joe?  \n  \n1) the kind that hurts the average American?   \n2) the kind the endlessly inflates the wealth of the richest in society.  \n  \nJOE?", "time": 1642652591.0, "sentiment": ""}, {"id": 428252770, "text": "$AAPL $107 will trade.  Give it time", "time": 1642652574.0, "sentiment": "Bearish"}, {"id": 428252380, "text": "$AAPL Starting to look attractive for me to get back into this. Something must be going on behind the scenes (or right in front of my face but I&#39;m blind to it).", "time": 1642652516.0, "sentiment": ""}, {"id": 428252312, "text": "$SPY $UVXY $QQQ $AAPL $BA  \n \nWhen years start with good size drawdowns, it&#39;s easy to convince oneself it can ONLY continue on this path. History teaches us this is anything but the truth.  \n \nThe object of investing is to buy low &amp; sell how. Don&#39;t worry about picking bottoms, worry about buying good stocks when there on sale!", "time": 1642652502.0, "sentiment": ""}, {"id": 428252256, "text": "$AAPL Lord help us again Biden gonna get out more into public\u2026", "time": 1642652493.0, "sentiment": "Bullish"}, {"id": 428251654, "text": "$AAPL Was there news? This is down way more than I expected.", "time": 1642652390.0, "sentiment": ""}, {"id": 428251572, "text": "$AAPL joes is gonna spend less time in the White House. Spent 25% in DE where he refuses to tell us who he is meeting with by sharing logs.", "time": 1642652376.0, "sentiment": ""}, {"id": 428251051, "text": "$AAPL so who was the clown that posted about all the shares that were bought after hours last night. So I hope we can all agree now that it usually means jack squat, so stop posting about dark pools and all that BS.", "time": 1642652293.0, "sentiment": "Bearish"}, {"id": 428250248, "text": "$AAPL", "time": 1642652171.0, "sentiment": ""}, {"id": 428248589, "text": "$AAPL Simulated 167.5C for Thursday&#39;s open on StockOrbit. \n https://apps.apple.com/us/app/stockorbit/id1541560646", "time": 1642651903.0, "sentiment": ""}, {"id": 428248360, "text": "@al_smith 100% IT IS... 1000 Shares they took out of the folio... You can choose $AAPL or $VXRT what would you take? Cause They Took 1000 share of $VXRT but yeah they are NOT Loading... And you are not a Clown and I am Elon Musk ...  Geeee!!!!", "time": 1642651866.0, "sentiment": "Bullish"}, {"id": 428247468, "text": "$AAPL is the country more unified now than it was before he became president United States? \n\nAnswer: yes they are more unified except they\u2019re not unified for me", "time": 1642651732.0, "sentiment": ""}, {"id": 428247133, "text": "$AAPL why the sudden drop", "time": 1642651682.0, "sentiment": "Bullish"}, {"id": 428246375, "text": "$AAPL I still say at least we would all be wealthier under Trump.", "time": 1642651560.0, "sentiment": "Bullish"}]