[{"id": 428315720, "text": "$SOS who has been here invested for longer than 6 months?  If your still in I don\u2019t blame u at this point\u2026going lower\u2026.sold at 3.80 lost a few Gs would of been 10K if I stayed in with retirement dreams\u2026took my my to CCIV/LCID and gained all back.  This is a PIECE OF SHIT.  You won\u2019t retire off it lmfao make no mistake your putting your money in some greedy money manger pocket.\n\nBuy $AAPL $MSFT $ AMZN companies that make billions\u2026with trillion dollar market caps\u2026Storm is coming, Joes asleep stay safe", "time": 1642665804.0, "sentiment": ""}, {"id": 428314275, "text": "$SPY $QQQ $TSLA $AAPL \nMe during pandemic: sorry bro, I can&#39;t give you any money. I&#39;m broke af\n\nAlso me:", "time": 1642665418.0, "sentiment": ""}, {"id": 428314237, "text": "$AAPL futures struggling fed raising rates and we have a unbelievable clown show in DC.  Hold on to quality companies like this and $MSFT \n\nBuy things that matter, that we use\u2026.", "time": 1642665408.0, "sentiment": "Bullish"}, {"id": 428313529, "text": "$AAPL Bought more today - no matter in which direction Apple \ud83c\udf4f goes - it comes out a winner! This quarter\u2019s earnings will be a blast!\ud83c\udf1f\ud83c\udf1f\ud83c\udf1f", "time": 1642665224.0, "sentiment": "Bullish"}, {"id": 428312534, "text": "$PYPL $DIS $AAPL $TSLA \ud83d\ude80\ud83d\ude80", "time": 1642664981.0, "sentiment": "Bullish"}, {"id": 428310838, "text": "$AAPL  short a ton of puts but will keep rolling them until the eventual $10 up day", "time": 1642664545.0, "sentiment": ""}, {"id": 428309406, "text": "$AAPL any predictions on how low this can go?", "time": 1642664188.0, "sentiment": ""}, {"id": 428309157, "text": "$SPY China Cuts Rates. Could the US be next? $QQQ $AAPL $MSFT $AMZN", "time": 1642664127.0, "sentiment": "Bullish"}, {"id": 428308821, "text": "$TLRY Profit porn anyone? 168% \ud83d\udcb0\ud83d\ude80\ud83e\udd1e\ud83e\uddf8\n\nUr welcome. \n\n$AAPL $ACB $FB $MARA", "time": 1642664039.0, "sentiment": "Bearish"}, {"id": 428308061, "text": "$TLRY Doubters to believers...\n\n$AAPL $ACB $MARA $FB", "time": 1642663857.0, "sentiment": "Bearish"}, {"id": 428307940, "text": "$SPY  watch out for $AAPL move up and down 1% tomorrow and trade the momentum. Easy 3-4K with just 5k account", "time": 1642663830.0, "sentiment": ""}, {"id": 428307806, "text": "@bclund Head and shoulder-ish or double top, either way big red candle and RSI is running down hill. Looks like a pretty good put setup. Thanks haven&#39;t been watching $AAPL", "time": 1642663799.0, "sentiment": ""}, {"id": 428307605, "text": "$AAPL market is crazy...", "time": 1642663749.0, "sentiment": ""}, {"id": 428307266, "text": "$AAPL bruh my portfolio has been on its period for the last 2 weeks \ud83d\ude02", "time": 1642663670.0, "sentiment": ""}, {"id": 428306850, "text": "$AAPL today proves it. The 10 yr doesn\u2019t mean shit. The manipulation hides behind the blown out of proportion metric. Rigged . Not even sneaky anymore", "time": 1642663571.0, "sentiment": ""}, {"id": 428306279, "text": "$AAPL this can&#39;t be good - \nhttps://www.businessinsider.com/apple-google-antitrust-the-senate-and-silicon-valley-2022-1", "time": 1642663424.0, "sentiment": "Bearish"}, {"id": 428305895, "text": "$AAPL $SPY this market has no conviction in either direction daily. It\u2019s short but these wild fluctuations from deep green to deep red daily is unreal.", "time": 1642663330.0, "sentiment": ""}, {"id": 428305391, "text": "$AAPL  $GNRC \nNever seen anything like these last 2 weeks.", "time": 1642663202.0, "sentiment": "Bullish"}, {"id": 428304489, "text": "@Freakchild1 I did it with $TSLA and $AAPL and I\u2019ll do it again", "time": 1642662990.0, "sentiment": "Bullish"}, {"id": 428303965, "text": "$SPY $TSLA $AAPL  QUIZ !!!!\n\nRank the following in order of highest to lowest IQ:\n\na. A brick\nb. A corpse\nc. My pet goldfish\nd. A bear\n\n\ud83e\udd14\ud83e\udd14\ud83d\udcc8\ud83d\ude42", "time": 1642662858.0, "sentiment": "Bullish"}, {"id": 428303855, "text": "$DJIA needs to just open -1k get it over with $spy $aapl $msft $tsla", "time": 1642662836.0, "sentiment": ""}, {"id": 428303239, "text": "$AAPL $200 by summer $250 by end year", "time": 1642662689.0, "sentiment": "Bullish"}, {"id": 428301173, "text": "$AAPL we are going up tomorrow and if not I will add", "time": 1642662195.0, "sentiment": "Bullish"}, {"id": 428300920, "text": "$AAPL https://www.malaymail.com/news/tech-gadgets/2022/01/20/the-iphone-13-boosts-apples-sales-for-a-top-position-in-sales-in-2021/2036327", "time": 1642662143.0, "sentiment": "Bullish"}, {"id": 428300807, "text": "$AAPL is currently trading in the upper part of its 52 week range, which is inline with the index. https://www.chartmill.com/stock/quote/AAPL/technical-analysis?key=bb853040-a4ac-41c6-b549-d218d2f21b32&amp;utm_source=stocktwits&amp;utm_medium=TA&amp;utm_content=AAPL&amp;utm_campaign=social_tracking", "time": 1642662120.0, "sentiment": ""}, {"id": 428300476, "text": "$AAPL Simulated 167.5C for Thursday&#39;s open on StockOrbit. \n https://apps.apple.com/us/app/stockorbit/id1541560646", "time": 1642662048.0, "sentiment": ""}, {"id": 428300217, "text": "if $AAPL is moving like a meme you know the market is fucked", "time": 1642661992.0, "sentiment": "Bearish"}, {"id": 428297982, "text": "$SPY $TSLA $AAPL $BTC $MARA  \n\nAs I&#39;ve mentioned to my members, we are going to need to see the &quot;leaders&quot; crack before we can put in a tradeable bottom. AAPL back to $160/$162; TSLA close below $1000. Bitcoin (a risk sentiment indicator) to go back under 40K. TSLA has closed below. AAPL is on its way. Do we get a move on Bitcoin tonight/tomorrow from 42K? \n\n\u270c\ufe0f", "time": 1642661495.0, "sentiment": ""}, {"id": 428296852, "text": "$AAPL oversold we will see bounce tomorrow! We will see above 170 before Friday close!", "time": 1642661226.0, "sentiment": ""}, {"id": 428296214, "text": "$AMD \nStock market went up for 3  three straight effing years pretty much extremely double digit gains:\n 30% for 2919 \n18.40% for 2020 \nand 26.90% for 2021 \nwhile individual stocks like $AMD up over $AMD 695% approximately to 1/19/2022\n\nLook the 20% Marker correction in December 2018 from FED Picot Mistake.\n\nSo now look where the Market is and The Fed will raise rates aggressively 4 Times in 2022 this year due to extremely higher interest rates and inflation is not uncommon for  -20% correction or possibly -50% correction we shall see \n\n$QQQ  $AAPL $MSFT $SPY", "time": 1642661077.0, "sentiment": "Bearish"}]