[{"id": 428228986, "text": "$AAPL Call Jan 21 $170", "time": 1642649208.0, "sentiment": "Bullish"}, {"id": 428228384, "text": "$AAPL right side is bullish on higher time frames.  We only like to buy it in 3, 7 or 11 swing at the blue boxes.   This is post market view last night, looking for a break of downside to take place.  Market has broken today, we like to buy the blue boxes lower on AAPL    #Elliottwave #Trading #stocks", "time": 1642649138.0, "sentiment": ""}, {"id": 428228290, "text": "$KWEB $FB $QQQ $AAPL $JD Mega tech still needs to correct for higher rates a bit. QQQ 10% more correction.", "time": 1642649128.0, "sentiment": "Bearish"}, {"id": 428228015, "text": "$AAPL May get a bounce soon at the upper trend line. Negative reaction to ER would likely take this to 150s.", "time": 1642649096.0, "sentiment": ""}, {"id": 428226889, "text": "$SPY $DJIA $QQQ $AAPL $TSLA  \n \nMarket not moving down....so far so good Joey. \n \nNow say &quot;free money for people!&quot; so we can get the market moving higher again. \n \nBRING BACK THE FOMO JUICE!!!", "time": 1642648970.0, "sentiment": ""}, {"id": 428226562, "text": "Nasdaq Closes Out With a Correction. Everything Falls, Including Bond Yields.  $NFLX $MSFT $TSLA $AAPL $GOOG \n\nhttps://newsfilter.io/a/34f03c3145248b11f53bbaad9e180713", "time": 1642648932.0, "sentiment": ""}, {"id": 428226549, "text": "$AAPL 128", "time": 1642648930.0, "sentiment": ""}, {"id": 428226491, "text": "**APPLE $AAPL CLOSES UNDER 50-DAY FOR FIRST TIME SINCE OCTOBER http://dlvr.it/SHRJjX #NEWS", "time": 1642648924.0, "sentiment": ""}, {"id": 428226458, "text": "$AAPL $MSFT \n\nApple rolling over could not hold 50 day.  157 or 100 day  on the cards. No real motivation to buy. Today\u2019s price to vol action suggests no one wants it! Exited my position today.\n\nMSFT  2 times it popped and was sold off. S we know what it can do on a green day. Sold apple and bought MSFT.  Earnings on the cards!", "time": 1642648920.0, "sentiment": "Bullish"}, {"id": 428225033, "text": "$AAPL \n\nManipulation continues", "time": 1642648770.0, "sentiment": ""}, {"id": 428224682, "text": "$AAPL still holding up better than most Tech, but we are through our 167.50 level, and now through the 50-day MA, so we&#39;ll wait for the chart to set back up.", "time": 1642648733.0, "sentiment": ""}, {"id": 428223760, "text": "@DivadNodrog lol you only lose money if you bought $AAPL  at ATH all the time\u2026", "time": 1642648634.0, "sentiment": "Bullish"}, {"id": 428223593, "text": "$AAPL Not perfect but seems to be playing out ....", "time": 1642648616.0, "sentiment": ""}, {"id": 428223261, "text": "$AAPL closing under the 50-day SMA. First time since Sept.-Oct.", "time": 1642648581.0, "sentiment": ""}, {"id": 428222731, "text": "On $AAPL folks $SPY", "time": 1642648530.0, "sentiment": ""}, {"id": 428222451, "text": "$AAPL  $SPY apple going to 50 or 75", "time": 1642648508.0, "sentiment": "Bearish"}, {"id": 428222430, "text": "$SPY $DJIA $QQQ $AAPL $TSLA  \n \nIt&#39;s impossible to have a FED-sponsored bull market without the FED!...it&#39;s the only thing that keep us moving higher! \n \nBring back MAXIMUM QE!!! \n \nLOL", "time": 1642648506.0, "sentiment": ""}, {"id": 428222399, "text": "*APPLE $AAPL CLOSES UNDER 50-DAY FOR FIRST TIME SINCE http://dlvr.it/SHRHgR #NEWS", "time": 1642648505.0, "sentiment": ""}, {"id": 428222259, "text": "$AAPL I bought calls so you all fucked now!! It\u2019s gonna tank Good luck", "time": 1642648490.0, "sentiment": ""}, {"id": 428222108, "text": "$AAPL \n\nBiden economy sucks", "time": 1642648473.0, "sentiment": ""}, {"id": 428221888, "text": "$AAPL who is selling apple??? \ud83e\udd26\u200d\u2640\ufe0f", "time": 1642648451.0, "sentiment": ""}, {"id": 428221644, "text": "$SPY $aapl Once Apple starts to tumble you should be very afraid. Major correction in the making. #all cashfornow #Swingingputs", "time": 1642648426.0, "sentiment": "Bearish"}, {"id": 428221381, "text": "$SPY $AAPL $TSLA $MSFT $BAC Wanna know what Powell will say next week on Wednesday meeting??? \n &quot;We are seeing inflation, but wont be doing anything and continue to do nothing.. We will assess the data and plan accordingly.. We will see..&quot;  Mark this. I bet you nothing will be done. Just more spend off distraction and nice words to soften the blow. We won&#39;t do anything until inflation effects the riches pocket.", "time": 1642648398.0, "sentiment": ""}, {"id": 428220392, "text": "$AAPL jobless claims coming in tomorrow and finish it off to 160 and obliterate all calls expiring this Friday. This week has been disastrous.", "time": 1642648305.0, "sentiment": ""}, {"id": 428219427, "text": "$AAPL $MSFT earnings reports in about one week.   \n \nTheir earnings can&#39;t come fast enough to slap the &quot;world is ending&quot; folk.  On watch for an earnings &quot;short term&quot;  trade.  \n \nUS Secretary of State heading over to Moscow this Friday and Olympics opening ceremonies means a temporary reprieve from geopolitical fears.  \n \nReport indicate they had good sales in QTR ending December 31.", "time": 1642648209.0, "sentiment": ""}, {"id": 428219179, "text": "$AAPL  downhill", "time": 1642648187.0, "sentiment": "Bearish"}, {"id": 428218345, "text": "$AAPL you would think this would be a good stock. Strong buy, hold etc is what i read from analysts. Well I am here to say this is the worst stock I&#39;ve ever had. It has lost more money for me than anything else in the last several years combined. And everyday another sell off. Just crap. Apple is crap.", "time": 1642648103.0, "sentiment": ""}, {"id": 428217983, "text": "If $AAPL joins the Tech $XLK $QQQ sell off party, it&#39;s likely going to weigh on the major averages. \n \nNot a great look at the moment.", "time": 1642648070.0, "sentiment": ""}, {"id": 428217809, "text": "$SPY probably one of the easiest calls in a while. Still holding some of those puts until Friday \ud83d\ude2c\ud83d\ude0e\ud83e\udd11\ud83e\udd11 $AAPL $QQQ $TSLA $MSFT", "time": 1642648053.0, "sentiment": ""}, {"id": 428217704, "text": "$AAPL getting nasty", "time": 1642648044.0, "sentiment": ""}]