[{"id": 428217698, "text": "$SPY $ARKK $AAPL just listen \ud83d\ude01", "time": 1642648043.0, "sentiment": ""}, {"id": 428217205, "text": "$AAPL Biden must&#39;ve gotten new Dentures bc his speech isn&#39;t as slurred.", "time": 1642648000.0, "sentiment": ""}, {"id": 428216977, "text": "$AAPL $btc.x Big rotation into the OTC just like last year MMs Hedgies back at it.... Grab up some $OZSC and $GAXY after sleepy joe declares the endemic phase in a few...we will be back to a raging bull otc market and $NQ_F in spring!", "time": 1642647980.0, "sentiment": "Bullish"}, {"id": 428216900, "text": "$AMZN $AAPL $TSLA $SPY $QQQ  so when I was a tadpole back in my day in 1935 my good ol friend soda pop told me that uh when I sit but I Um did , wait wtf was I saying? Oh yeah taxes share fair for masks to free then my husband bill I mean Jill sat on my lap as my baby sister, sitter for um fuck it no questions", "time": 1642647973.0, "sentiment": ""}, {"id": 428216740, "text": "$AAPL massive red volume candles ah continuing. This is getting set for low 165 open it seems.", "time": 1642647960.0, "sentiment": ""}, {"id": 428216534, "text": "$AAPL Brandon is an idiot!", "time": 1642647944.0, "sentiment": ""}, {"id": 428216514, "text": "$AAPL bleed you bloated pig and let the market reset in a normal way", "time": 1642647941.0, "sentiment": ""}, {"id": 428216159, "text": "$AAPL Insane close!!! Such manipulation reminds me why I got out of the market years ago.  I\u2019m lucky, I also had a ton of Ford they drove down too.  Hold and wait for  earning next week.", "time": 1642647912.0, "sentiment": ""}, {"id": 428215828, "text": "$AAPL Might as well hold onto these 2/4 calls. Yolo", "time": 1642647886.0, "sentiment": "Bullish"}, {"id": 428215209, "text": "$AAPL gotta mean big green tomorrow right? Right??", "time": 1642647833.0, "sentiment": "Bullish"}, {"id": 428214739, "text": "$AAPL AAPL 2022-01-19 Technical Analysis Video: \nhttps://www.youtube.com/watch?v=W2OB5a9YKtc", "time": 1642647794.0, "sentiment": ""}, {"id": 428214692, "text": "$SPY $TSLA $AAPL $MSFT $ARKK epic EOD dumps.", "time": 1642647790.0, "sentiment": "Bearish"}, {"id": 428214444, "text": "$QQQ Bottom catching, no bueno... \n \nhttps://twitter.com/MeisaBonelli/status/1483907083783356420?s=20 \n \n$SPY $IWM $TSLA $AAPL", "time": 1642647769.0, "sentiment": ""}, {"id": 428214370, "text": "$AAPL another discount thanks", "time": 1642647762.0, "sentiment": "Bullish"}, {"id": 428214305, "text": "$AAPL https://january6th.house.gov/", "time": 1642647757.0, "sentiment": ""}, {"id": 428214232, "text": "$AAPL", "time": 1642647752.0, "sentiment": ""}, {"id": 428214170, "text": "$AAPL Let&#39;s see... close below the 50 ema... check... macd histogram expanding to the downside.... check..... I get the feeling that sleepy Joe is about to pour gasoline all over the markets...", "time": 1642647747.0, "sentiment": ""}, {"id": 428213837, "text": "$aapl has to be $brk.b , who else got this much volume to sell ??", "time": 1642647718.0, "sentiment": ""}, {"id": 428213637, "text": "$AAPL over 6 million red dump candle at close", "time": 1642647703.0, "sentiment": ""}, {"id": 428213424, "text": "$AAPL", "time": 1642647685.0, "sentiment": ""}, {"id": 428213342, "text": "$AAPL next target tomorrow 163.81", "time": 1642647679.0, "sentiment": ""}, {"id": 428213217, "text": "$AAPL Boiden press conference has market terrified", "time": 1642647668.0, "sentiment": ""}, {"id": 428213111, "text": "$SPY $AAPL $QQQ $TSLA $MSFT told you... Hedge those long positions \ud83d\ude2c\ud83d\ude0e", "time": 1642647659.0, "sentiment": ""}, {"id": 428212431, "text": "$AAPL has an average volume of 97480500. This is a good sign as it is always nice to have a liquid stock. https://www.chartmill.com/stock/quote/AAPL/technical-analysis?key=bb853040-a4ac-41c6-b549-d218d2f21b32&amp;utm_source=stocktwits&amp;utm_medium=TA&amp;utm_content=AAPL&amp;utm_campaign=social_tracking", "time": 1642647600.0, "sentiment": ""}, {"id": 428212014, "text": "$AAPL loaded up here", "time": 1642647560.0, "sentiment": ""}, {"id": 428211966, "text": "$SPY $NVDA $AAPL SPOT FKN ON TEAM. LETS GOOO\ud83d\udc8e\ud83d\udc8e\ud83d\udc8e", "time": 1642647556.0, "sentiment": ""}, {"id": 428211873, "text": "$AAPL \n\nWow .. Google was green before .. now it\u2019s in red territory due to marketwide shorting attack!", "time": 1642647547.0, "sentiment": "Bullish"}, {"id": 428211313, "text": "$AAPL well shit gotta say, my worst day in a long long time.", "time": 1642647497.0, "sentiment": ""}, {"id": 428211214, "text": "$AAPL well fuck", "time": 1642647487.0, "sentiment": ""}, {"id": 428211213, "text": "MArkets are breaking down if you are long be very careful!! $SPY $AAPL $TSLA $IWM and more.... So much for better then expected ER today what a bunch of BULLSHIT hope you didnt buy into the wall street hype on CNBC", "time": 1642647487.0, "sentiment": ""}]