[{"id": 428391403, "text": "$AAPL NEW ARTICLE : SPHD: Moderately Attractive https://www.stck.pro/news/AAPL/21638961", "time": 1642704704.0, "sentiment": ""}, {"id": 428391248, "text": "@TradeWaves @SEVENXStheGOAT @Blondy1 being in debt to communist China isn\u2019t a good thing for our country. Doing business globally, including China isn\u2019t a bad thing. Giving up all our manufacturing labor because Chinese can make it cheaper so $WMT $AMZN $AAPL and every other major retailer can line their pockets, slowly hurting the labor force in our country and lowering our GDP can and will lead to far worse troubles. I think we see that happening before our eyes. No reason slave labor beats out the free worker. Money and greed is the reason for that transition and sooner than later we will have to transition back. iPhones can be made here in this country. China does it cheap and you get what you pay for. Americans have been fooled by price. A lot of work to be done but we will get it done.", "time": 1642704659.0, "sentiment": "Bullish"}, {"id": 428391226, "text": "$AAPL", "time": 1642704653.0, "sentiment": "Bullish"}, {"id": 428390297, "text": "$AAPL daily almost at the 10% correction from 3 trln party.", "time": 1642704408.0, "sentiment": ""}, {"id": 428390283, "text": "Bills targeting Big Tech to go before U.S. Senate panel - Reuters\n\n$FB $GOOGL $AAPL $AMZN $MSFT\n\nhttp://ooc.bz/l/91142", "time": 1642704403.0, "sentiment": ""}, {"id": 428389816, "text": "$AAPL $170 PUT boys got this thing by the horns\u2026 They are not letting up, until they get they money\u2026 This was 150k yesterday so at least they taking some off. \ud83e\udd37\ud83c\udffd\u200d\u2642\ufe0f", "time": 1642704271.0, "sentiment": ""}, {"id": 428387822, "text": "$AAPL Apple you did this whole dip thing last year about this time. I just bought a butt load and made 40% at year end. Guess we repeat.", "time": 1642703692.0, "sentiment": ""}, {"id": 428387660, "text": "$SPY $TSLA $AAPL Had trouble sleeping last night so I had to play the 2 hour Biden presser again to get some ZZZ\u2019s", "time": 1642703646.0, "sentiment": ""}, {"id": 428387175, "text": "$AAPL the pullback from the peak can reach $162.10- $152.80 area lower where buyers should be waiting to appear again #elliottwave #trading #stocks", "time": 1642703499.0, "sentiment": ""}, {"id": 428387026, "text": "$AAPL 170 calls today?", "time": 1642703453.0, "sentiment": "Bullish"}, {"id": 428386833, "text": "$AAPL right side is bullish on higher time frames. We only like to buy it in 3, 7 or 11 swing at the blue boxes. We still favor lower to take place before the blue box equal leg is hit, which can play a part in dragging world indices lower in the sessions to come. #elliottwave #trading #stocks", "time": 1642703405.0, "sentiment": ""}, {"id": 428386614, "text": "Equity Sentiment: $AAPL is the #1 stock that institutions are trading with 109.5K options contracts.\n\nMarket analysis included in screenshot of dashboard from http://insiderfinance.io.", "time": 1642703340.0, "sentiment": ""}, {"id": 428385896, "text": "$AAPL 1hr view from 1/14 Pre-Market update presented to members at elliottwave-forecast.com/ #elliottwave #trading #stocks", "time": 1642703083.0, "sentiment": ""}, {"id": 428385065, "text": "$AAPL #Apple $AAPL video from 12 January looking at the #Elliottwave path https://www.youtube.com/watch?v=q1xLRP7d8LA  #trading", "time": 1642702764.0, "sentiment": ""}, {"id": 428384638, "text": "$AAPL adding more puts today if market stays green. Glta", "time": 1642702607.0, "sentiment": "Bearish"}, {"id": 428384435, "text": "$AAPL Chart of The Day 12 January: #Apple can see further downside https://elliottwave-forecast.com/stock-market/elliott-wave-view-apple/  #elliottwave #trading #stocks", "time": 1642702528.0, "sentiment": ""}, {"id": 428384178, "text": "$SPY $tsla $AAPL $AMZN $GOOGL should save today mkt.", "time": 1642702449.0, "sentiment": ""}, {"id": 428383668, "text": "$AAPL AAPL 2022-01-19 Technical Analysis Video: \nhttps://www.youtube.com/watch?v=W2OB5a9YKtc", "time": 1642702264.0, "sentiment": ""}, {"id": 428381972, "text": "$AAPL grabbed some weekly 167.5/170 debit spreads @ close for .7 should be up nicely today \ud83e\udd1e", "time": 1642701667.0, "sentiment": ""}, {"id": 428381854, "text": "$AAPL Simulated 167.5C for Thursday&#39;s open on StockOrbit. \n https://apps.apple.com/us/app/stockorbit/id1541560646", "time": 1642701642.0, "sentiment": ""}, {"id": 428381350, "text": "Alibaba and JD.com Are Outperforming Apple and Tesla. Here\u2019s Why.  $BABA $JD $AAPL $TSLA \n\nhttps://newsfilter.io/a/f5848717ba14ae8273b0b040cdde3713", "time": 1642701495.0, "sentiment": ""}, {"id": 428381242, "text": "$SPY Nasdaq $QQQ premarket retested hourly red tenkansen line. the 9 day candle average at $370.50. watch for sellers here as it will ride red line lower until broken above and retests white line 26 day avg. \n \ndaily made it to 1st target of flat cloud bottom equilibrium level. buyers trying to find support here. big flush on break below! caution under ichimoku cloud as trend is bearish per ichimoku. hasnt spent much time under cloud in years and bearish trend is a hard thing to grasp.  \n \n$AAPL  \n \n.", "time": 1642701452.0, "sentiment": ""}, {"id": 428380480, "text": "$AAPL What do we see on open here? Sell off on ok PM or big buys coming in?", "time": 1642701130.0, "sentiment": ""}, {"id": 428379356, "text": "$AAPL NEW ARTICLE : Reading Cirrus Logic&#39;s 2022 Tea Leaves https://www.stck.pro/news/AAPL/21634862", "time": 1642700659.0, "sentiment": ""}, {"id": 428379316, "text": "$SPY  @ $460 may be coming back but hopefully not today. \n \nThe greenish hues are global.  Puts paid 10x on Weds. \n \nExample....  $10,000 into $100,000 by eod worked well. Timing the markets work and the Boyz are killing it. \n \nEasy $$$$.  Thank you Uncle Jake!  ;-)))) \n \nChoo choo for a bit.   $QQQ   $AAPL", "time": 1642700642.0, "sentiment": "Bullish"}, {"id": 428379123, "text": "@condor214 @FreeTigerKing okay Rex keep investing in China. Sounds like a real American \ud83c\uddfa\ud83c\uddf8 the companies that have become rich off of the Chinese slave labor workforce should be slowly removed. We can\u2019t make iPhones in this country or would we be hurting $AAPL bottom line. F China!", "time": 1642700560.0, "sentiment": "Bullish"}, {"id": 428378861, "text": "$DCFC https://www.nasdaq.com/market-activity/stocks/dcfc/analyst-research Analysts have spoken ! $TSLA $AAPL", "time": 1642700450.0, "sentiment": "Bullish"}, {"id": 428378267, "text": "Nasdaq Enters Correction Territory. Will Earnings Stop the Rot?  $AAPL $AMZN $GOOG $FB $MSFT \n\nhttps://newsfilter.io/a/45ef079c40d9d274a6216b50d14a26de", "time": 1642700175.0, "sentiment": ""}, {"id": 428377510, "text": "Why do people believe $MMAT is supplying $AAPL  with glucose monitors when they already have GlucoWise on the way? Isn\u2019t that a conflict of interest?!", "time": 1642699846.0, "sentiment": ""}, {"id": 428377094, "text": "$AAPL market correction or not, we all know where this goes. Trading is knowing.", "time": 1642699651.0, "sentiment": "Bullish"}]