[{"id": 428363480, "text": "$AAPL well i\u2019ll be damn", "time": 1642689180.0, "sentiment": "Bearish"}, {"id": 428362983, "text": "$AAPL wtf happened, free fall in futures", "time": 1642688648.0, "sentiment": ""}, {"id": 428362959, "text": "Glad I have $AAPL $MSFT $AMZN, but I consider what if I just hold $SPY and without opening my #Ainvest to check everyday.", "time": 1642688628.0, "sentiment": "Bullish"}, {"id": 428362632, "text": "$SPY It&#39;ll open red because I got greedy scalping $AAPL calls.", "time": 1642688247.0, "sentiment": ""}, {"id": 428362261, "text": "$SPY $AAPL $MSFT $DWAC ok, research done. gonna try and get like 5hrs ZZZzzz", "time": 1642687788.0, "sentiment": ""}, {"id": 428361901, "text": "$BTC.X $AAPL $ETH.X $XRP.X \nBullish divergence on the Nasdaq index and we all know crypto is correlated to the stock market bears are screwed learn, study, you won\u2019t panic if your in any positions", "time": 1642687365.0, "sentiment": "Bullish"}, {"id": 428360939, "text": "@GoodieGood $aapl buy the dip $tsla still got some filling to do buying at $940-$950", "time": 1642686325.0, "sentiment": ""}, {"id": 428360129, "text": "$AAPL if this isnt $190 today , Toni Braxton is gonna be on the repeat shift \ud83d\udc94", "time": 1642685468.0, "sentiment": ""}, {"id": 428359946, "text": "Updated correlation matrix for Apple( $AAPL ), Nvidia Corp(\u2026 https://www.macroaxis.com/invest/stock-correlation?s=AAPL,NVDA,VNO,XOM,WBA,SWN,WABC,ALTAF,EXPD,AVB,MCHP,BIG #canada #canadian_equities #CA", "time": 1642685282.0, "sentiment": ""}, {"id": 428359518, "text": "$AAPL $AMD May get a China QE bump today.", "time": 1642684825.0, "sentiment": "Bullish"}, {"id": 428359249, "text": "$AAPL Mover Wanted To Spend Time With Girlfriend Instead Of Making A Delivery \u2014 Army Wife Armed With Apple&#39;s AirTags Had A Different Idea \n\nhttps://newsfilter.io/a/85832f483e3f16179df50448c6584fe8", "time": 1642684574.0, "sentiment": ""}, {"id": 428359024, "text": "$tsla $aapl $f $gm $aal and more ... For fks sake ... USA indices-futures are up on this bs from the country China where lears figure and figure lie ... what a crock of self serving unregulated manipulated bullshit by Fraud St and cronies ... Hong Kong&#39;s Hang Seng jumps 3% as China cuts key lending rates; property, tech stocks soar. This is a developing news story. Please check back for updates: \nhttps://www.cnbc.com/2022/01/20/asia-pacific-stocks-china-loan-prime-rate-nasdaq-oil.html This a fk all to do with the USA stock and world markets, what a scam ... do not buy into this bs fake rally ... so sick and tired of any bs excuse to rally markets ... thank dog I&#39;ve been in cash post each night this week after stellar short days total 53k at 37% roi in profits, no way hold overnight, I&#39;ll be back to short, no way long or vuy a dip, good health and trading to all, thank dog that I am here to help @Profit_Maker https://stocktwits.com/Profit_Maker ... \nhttps://www.investing.com/indices/indices-futures  \ud83d\udc3b\u2764\ud83d\ude08\u2714", "time": 1642684353.0, "sentiment": "Bearish"}, {"id": 428358407, "text": "$AAPL its gonna split!!!!!!", "time": 1642683815.0, "sentiment": "Bullish"}, {"id": 428358329, "text": "$AAPL bears get ready to get pounded!!!!!", "time": 1642683763.0, "sentiment": "Bullish"}, {"id": 428357606, "text": "$MSFT $SPY $AAPL Bears, lube it up real nice for daddy", "time": 1642683155.0, "sentiment": "Bullish"}, {"id": 428357068, "text": "$AAPL   Downtrend sense 13Jan, It\u2019s a strong bear run, wouldn\u2019t be surprised if we see $162-$160 before a bull run.", "time": 1642682704.0, "sentiment": "Bearish"}, {"id": 428357020, "text": "$MRNA $SPY $AAPL $TSLA $BAC", "time": 1642682668.0, "sentiment": ""}, {"id": 428356743, "text": "$AAPL $DIS $MSFT Hope you caught todays live broadcast! We jammed in a lot of valuable info in the episode. If you didn\u2019t, be sure to jump on here &amp; subscribe \n\nhttps://youtu.be/A0KjD8wo6Nw", "time": 1642682436.0, "sentiment": ""}, {"id": 428356602, "text": "@StreetWall123 I think I can see Robin Hood merge with $DKNG before I can see $AAPL trying to endorse \u201ctrading\u201d \ud83d\ude44  $FUBO X $DKNG \u2026.or better yet, Square/Block (fuk PayPal lol) acquiring Robin Hood to compete with Coinbase? Really wondering what it will take for Robin Hood to get broader in the crypto world/alt coins, no need for NFTS", "time": 1642682307.0, "sentiment": ""}, {"id": 428356190, "text": "@Gappped we stack gains \nBeen stacking gains longer than anyone else on the $AAPL feed here\nIn fact, you won\u2019t find anyone more accurate than us on AAPL trades - the period is in the feed!", "time": 1642681966.0, "sentiment": ""}, {"id": 428355330, "text": "$AAPL Something is telling me that the FED will not rise rates so fast. \n\nChina cuts key lending rates, including one for the first time since April 2020 https://www.cnbc.com/2022/01/20/china-economy-pboc-cuts-loan-prime-rates-lpr-for-1-year-5-year.html?__source=iosappshare%7Ccom.apple.UIKit.activity.CopyToPasteboard", "time": 1642681321.0, "sentiment": ""}, {"id": 428355249, "text": "@OldFngGuy $SPY $NVDA $TWLO $AAPL China cut interest rates. Not only will markets run tomorrow, but we have monthly Open Fri. Also U.S. rate hike fears will be tempered now because they don&#39;t wanna give China more leverage/advantage. Oldfngguy is right in the U.S. can&#39;t raise too aggressively if the rest of the world doesn&#39;t follow. We&#39;ll get a cpl hikes this yr, but I bet fear will now be gone and the markets have outrun the hikes and will need to correct to the upside now, and HARD!!", "time": 1642681266.0, "sentiment": "Bullish"}, {"id": 428355189, "text": "$AAPL Apple Music is the second most used music streaming service globally, Spotify remains in top spot\nhttps://appleinsider.com/articles/22/01/19/apple-music-is-the-second-most-used-music-streaming-service-globally-spotify-remains-in-top-spot", "time": 1642681219.0, "sentiment": ""}, {"id": 428354448, "text": "$AABB $AAPL $MSFT $TSLA $GOOG", "time": 1642680698.0, "sentiment": "Bullish"}, {"id": 428354150, "text": "$SPY  $AAPL earnings Miss will be kiss of death ?", "time": 1642680505.0, "sentiment": ""}, {"id": 428354118, "text": "$AAPL AAPL 2022-01-19 Technical Analysis Video: \nhttps://www.youtube.com/watch?v=W2OB5a9YKtc", "time": 1642680485.0, "sentiment": ""}, {"id": 428353703, "text": "$BABA $nio Apple made secret 5-year $275B deal with Chinese government guys buy buy buy $AAPL $SPY", "time": 1642680191.0, "sentiment": "Bullish"}, {"id": 428353487, "text": "$AAPL Simulated 167.5C for Thursday&#39;s open on StockOrbit. \n https://apps.apple.com/us/app/stockorbit/id1541560646", "time": 1642680051.0, "sentiment": ""}, {"id": 428352465, "text": "$aapl   You&#39;re an idiot. mark that.", "time": 1642679335.0, "sentiment": "Bearish"}, {"id": 428352386, "text": "@IToldYouSo i need some hopium, so why are you BullPosting today? I am down in the dumps, and clueless atm with ER being the only savior imo. So please share bull thesis to help me feel good $aapl", "time": 1642679279.0, "sentiment": ""}]