[{"id": 428351981, "text": "$SPY $TSLA $NVDA $MSFT $AAPL \nI\u2019m sure many of you guys heard of doubling a penny every day for 30 days and it turns to over $5M. Well, how about starting with $5K and instead of doubling it for 30 days, just double it for 10 days?! In other words, if you start with $5K and do 10 trades with each trade giving 100% return, that is also going to be equal to over $5M. (Very possible to get 100% returns playing options). You have to compound it though. But ovbiously there is a risk to it. If you screw one trade, you can lose all. Especially if you are doing options. Better to wait for quality trades where you can be confident instead of day trading and kinda gambling. This can be achieved with trades like TSLA, split news, or AAPL split news etc. The power of compounding gains is great if you know what you doing. Download a compounding calculator app to your phone and play around with numbers. It\u2019s pretty impressive how gains can be huge when a trade goes your way.", "time": 1642679013.0, "sentiment": ""}, {"id": 428351946, "text": "\ud83d\udc3b\u2764 https://finviz.com/news.ashx $tsla $aapl $f $ccl $aal and more", "time": 1642678988.0, "sentiment": "Bearish"}, {"id": 428351870, "text": "$AAPL will open over $180 tomorrow!!!!!   Mark it little bears.", "time": 1642678934.0, "sentiment": "Bullish"}, {"id": 428351777, "text": "$BKKT $PNC $C $AAPL Also JP morgan\u2019s already offering through Bakkt #Bitcoin to high net worth client", "time": 1642678868.0, "sentiment": "Bullish"}, {"id": 428351503, "text": "Market mover today 130pmest https://factba.se/biden/calendar $tsla $aapl $f  $ccl $aal and more", "time": 1642678686.0, "sentiment": "Bearish"}, {"id": 428350485, "text": "Poof, and just like that indices-futures turned green ... it must be magic ... lol ... what a scam ... thank dog I covered my short position afterhours Wednesday for terrific prodits re 35k at 17.5% for the day\nhttps://www.investing.com/indices/indices-futures $tsla $aapl $f $aal $ccl and more ... what a scam.", "time": 1642678082.0, "sentiment": ""}, {"id": 428350095, "text": "$AAPL Dying to know who Apple will partner with on their car. What&#39;s your best guess? https://link.medium.com/UfNpxYTMXmb", "time": 1642677854.0, "sentiment": "Bullish"}, {"id": 428350013, "text": "SHINHAN FINANCIAL $SHG, #BLOCKCHAIN\u00b7 $4.2 million USD #INVESTMENTS IN NFT STARTUPS\n\nhttps://m.stock.naver.com/domestic/stock/055550/news/view/008/0004697737\n\n$AAPL $FB $MSFT $GLD", "time": 1642677808.0, "sentiment": ""}, {"id": 428349957, "text": "@_StockDoc_ \n\nSPY is just an $AAPL ETF.  It has no basis in reality.", "time": 1642677778.0, "sentiment": ""}, {"id": 428349511, "text": "$AAPL indeed this market is a joke. Hopefully it dips lol so i can finally buy some shares", "time": 1642677496.0, "sentiment": ""}, {"id": 428349426, "text": "$AAPL tomorrow we commence short squeeeezy attack mode.   Bears prepare to get your lube ready.", "time": 1642677441.0, "sentiment": "Bearish"}, {"id": 428349055, "text": "$SPY $QQQ $AMD $AAPL I was dead-on predictions last night that ran up the stock market today, Biden didn&#39;t help, but, honestly, FIRE!!!, Biden wasn&#39;t it.\n\nIt is ROR on RO\n\nRates &amp; Oil \ud83d\udc4d\n\nSure, some ER bugs missed or weren&#39;t as good as pumped early, cough-cough--BAC, BAC, but, by and LARGE, the big thing, guys is rates.\n\nAnd. They. Are. On. Fire. \n\nToday, eh, not so much, that ACTUALLY brought panic to market because 10yr dropped....and markets stayed LOWer....\n\nK? \n\nGetting all this, range was 1.03-1.06 2yr, 1.83-1.87 10yr, so, yeah, def. not benign but not, honestly, the driving factor.\n\nWhat was? \n\nOil!! \n\n86.13 set TONE early a.m. &amp; fought session\ud83d\udc4d\n\nSo tomorrow, I expect rates to take over, in my anslysis--others too think same but this is my own psychology at play. 2%, big bond money WANTS 2%...\n\nAnd after that HOUSING STARTS report yesterday, I think it gets it. 30 yr to 2.25% too, by Friday\ud83d\udd25\ud83d\udc4c\n\nSo:\n 2 yr-1.07.77\n10yr-2% TOMORROW\n\nOil $86.50 AND ....\nMARKETS DONE FOR, 444 tom.", "time": 1642677245.0, "sentiment": ""}, {"id": 428349029, "text": "Nh #Investment &amp; Securities maintains investment opinion &quot;buy&quot; and target price of $17.65 USD on $KT Corp.\n\nhttps://m.stock.naver.com/domestic/stock/030200/news/view/008/0004697989\n\n$AAPL $MSFT $TSLA $GOLD", "time": 1642677228.0, "sentiment": ""}, {"id": 428348639, "text": "$AAPL $LCID  Better Buy: $AMZN vs $BXRX", "time": 1642676991.0, "sentiment": ""}, {"id": 428347964, "text": "The industry average ROA is 5.50%. $AAPL outperforms 97% of its industry peers. https://www.chartmill.com/stock/quote/AAPL/fundamental-analysis?key=bb853040-a4ac-41c6-b549-d218d2f21b32&amp;utm_source=stocktwits&amp;utm_medium=FA&amp;utm_content=AAPL&amp;utm_campaign=social_tracking", "time": 1642676640.0, "sentiment": ""}, {"id": 428347960, "text": "$AAPL join the fight against the tech meltdown.  Tmrw we ride to infinity!!!!!     Buy aaple, amazon and shiba nibu.", "time": 1642676637.0, "sentiment": "Bullish"}, {"id": 428346890, "text": "$SPY $QQQ $AAPL $AMD \n\nIgnore the FED and you&#39;ll be on \ud83d\udd25\ud83d\udd25\ud83d\udd25\ud83d\udd25\ud83d\ude31\ud83e\udd76", "time": 1642676112.0, "sentiment": ""}, {"id": 428346442, "text": "$AAPL weekly chart do looks really high and needs to come down to 100-120 area.  Y\u2019all bulls/investors who held through 2020-2021 bull market is  time to take the gains !  $SPY", "time": 1642675883.0, "sentiment": "Bearish"}, {"id": 428345128, "text": "$AAPL will Company be saying you need Weekly booster shots in order for their employees to Work for the Labor Exploiting KawksuckerS?\n$SPY", "time": 1642675268.0, "sentiment": ""}, {"id": 428344281, "text": "$AAPL AAPL 2022-01-19 Largest Trades Data: \nhttps://www.youtube.com/watch?v=Qg8glEVJPcc", "time": 1642674907.0, "sentiment": ""}, {"id": 428343991, "text": "$QQQ $NQ_F  $AAPL first test of the 200 SMA in YEARS. Will be Fed be surprisingly dovish next week?", "time": 1642674785.0, "sentiment": ""}, {"id": 428343605, "text": "$TSLA If Nasdaq 100 future before 4:00AM adds 200 points then adds 200 points after the markets open. All $TSLA, $NVDA, $AAPL, $LCID \u2026would jump large.  Everything is controlled by this index unless special spike for stock itself.", "time": 1642674624.0, "sentiment": "Bullish"}, {"id": 428342094, "text": "$AAPL green day tommrow then red day on friday, then massive bull run monday!", "time": 1642674047.0, "sentiment": "Bullish"}, {"id": 428341210, "text": "$AAPL $MSFT good night y&#39;all", "time": 1642673717.0, "sentiment": ""}, {"id": 428341175, "text": "#Stock #Options #Daytrade  \n$NVDA $AAPL $BAC (again) for strong day trading wins. \nUPDATING: \nhttps://thegodoftrading.medium.com/daytrading-dispatch-2022-is-it-a-video-game-or-what-dc8a73ea8b3a \n#1KdayTrade \nhttps://thegodoftrading.medium.com/membership", "time": 1642673704.0, "sentiment": "Bearish"}, {"id": 428339580, "text": " He&#39;s great at picking stocks &amp; the Market so $dwac should do well, remember when he said to boycott $aapl in 2016 when the sp was $28? \n \nHe&#39;s good!", "time": 1642673157.0, "sentiment": ""}, {"id": 428339406, "text": "$SPY $AAPL Why does ToS not have any ask prices... WTF?", "time": 1642673094.0, "sentiment": ""}, {"id": 428339094, "text": "$AAPL biggest #bagholder event ever was at $182.86 =3 trillion market cap", "time": 1642672977.0, "sentiment": "Bearish"}, {"id": 428338029, "text": "@CEOofToTheMoon just buy $AAPL", "time": 1642672626.0, "sentiment": "Bullish"}, {"id": 428337514, "text": "$AAPL puts are too in the money, there not going unscathed. Green tommorrow. I do believe the markets will correct, but this isnt it. It would be too easy, and predictable. \ud83d\ude80\ud83d\ude80\ud83e\udd8d", "time": 1642672447.0, "sentiment": ""}]