[{"id": 428376476, "text": "$AAPL If its just gonna be a spec bump with 5G capability, don&#39;t really see iPhone SE+ 5G to be a game changer. The iPhone SE3 or iPhone SE 2022 is what is needed, the one with iPhone XR design cues. That will bring in more users from Android stable. https://gadgets.ndtv.com/mobiles/news/iphone-se-plus-5g-launch-april-may-display-production-specifications-apple-2718862", "time": 1642699323.0, "sentiment": ""}, {"id": 428376185, "text": "$AAPL how\u2019s nasdaq today? Recovering?", "time": 1642699165.0, "sentiment": ""}, {"id": 428375882, "text": "$AAPL BBB is dead, now you will see the recovery.....", "time": 1642698988.0, "sentiment": "Bullish"}, {"id": 428375596, "text": "$AAPL bears today \ud83e\udd14", "time": 1642698802.0, "sentiment": ""}, {"id": 428375268, "text": "$STWIT.P $aapl blocked", "time": 1642698607.0, "sentiment": ""}, {"id": 428374386, "text": "$AAPL NEW ARTICLE : 6 Questions And Answers About Apple: Why The Stock Has Not Been A Buy https://www.stck.pro/news/AAPL/21633748", "time": 1642698192.0, "sentiment": ""}, {"id": 428373821, "text": "$STWIT.P is now deleting twits which are \u201coverly negative\u201d \nI was quipping how bad it is that $aapl cant even go up a dollar after losing 4 and they deleted it. Who was the lil bitch who reported it lmao?", "time": 1642697872.0, "sentiment": "Bearish"}, {"id": 428373344, "text": "Sweep Options Activity: $AAPL is the #1 ticker with sweep activity where institutions are trading options urgently with 101.6K sweep contracts, a leading indicator of market movement.\n\nMarket analysis and options contracts included in screenshot of dashboard from http://insiderfinance.io.", "time": 1642697568.0, "sentiment": ""}, {"id": 428372467, "text": "$SE $AAPL $AMD $NVDA  \nBest place to invest now is cruise line stocks especially Carnival\u2026", "time": 1642696971.0, "sentiment": "Bullish"}, {"id": 428371838, "text": "$AR $AAPL $BTU  this is aging well", "time": 1642696464.0, "sentiment": ""}, {"id": 428371683, "text": "Short sale volume (not short interest) for $AAPL at 2022-01-19 is 41%. http://shortvolumes.com/?t=AAPL via @shortvolumes", "time": 1642696352.0, "sentiment": ""}, {"id": 428371056, "text": "$AAPL it will go up / down this/next week - and then up from there.  \n\nSummary:  \n\nUp / down / down / up and then up.  \n\nYou\u2019re welcome.", "time": 1642695846.0, "sentiment": "Bullish"}, {"id": 428370493, "text": "Unusual Options Activity: $AAPL is the #8 ticker with unusual activity from institutional traders with an average of 26% out of the money, a leading indicator of market movement.\n\nMarket analysis and options contracts included in screenshot of dashboard from http://insiderfinance.io.", "time": 1642695378.0, "sentiment": ""}, {"id": 428370441, "text": "$AAPL chart indicators show me, that the button 4 elevator down is pushed", "time": 1642695331.0, "sentiment": "Bearish"}, {"id": 428370005, "text": "$AAPL this pre market action looks familiar", "time": 1642694951.0, "sentiment": ""}, {"id": 428369928, "text": "$AAPL outperforms 85% of all stocks! https://www.chartmill.com/stock/quote/AAPL/technical-analysis?key=bb853040-a4ac-41c6-b549-d218d2f21b32&amp;utm_source=stocktwits&amp;utm_medium=TA&amp;utm_content=AAPL&amp;utm_campaign=social_tracking", "time": 1642694880.0, "sentiment": ""}, {"id": 428369612, "text": "$AAPL AAPL 2022-01-19 Largest Trades Data: \nhttps://www.youtube.com/watch?v=Qg8glEVJPcc", "time": 1642694586.0, "sentiment": ""}, {"id": 428367624, "text": "$AAPL not celebrating till i see 170", "time": 1642692885.0, "sentiment": ""}, {"id": 428366978, "text": "$AAPL this killed my leaps\u2026fuck!", "time": 1642692370.0, "sentiment": ""}, {"id": 428366029, "text": "@szahnd @LenorX $BB was the first company that had push notifications. $AAPL and some others later used this method for the iPhone", "time": 1642691587.0, "sentiment": "Bullish"}, {"id": 428365874, "text": "$AAPL Miracle Mile Advisors, Llc increased their holdings by 2,410%, one of the largest institutional increases this quarter https://insider-analysis.com/search_whales.php?ticker=TABLE_AAPL", "time": 1642691478.0, "sentiment": ""}, {"id": 428365115, "text": "$AAPL Simulated 167.5C for Thursday&#39;s open on StockOrbit. \n https://apps.apple.com/us/app/stockorbit/id1541560646", "time": 1642690843.0, "sentiment": ""}, {"id": 428364916, "text": "$AAPL testing $157?", "time": 1642690647.0, "sentiment": ""}, {"id": 428364856, "text": "$AAPL well i\u2019ll be a bears ass.", "time": 1642690581.0, "sentiment": "Bearish"}, {"id": 428364794, "text": "$AAPL", "time": 1642690507.0, "sentiment": ""}, {"id": 428364362, "text": "$AAPL struggling to stay green in Germany after that dip", "time": 1642690080.0, "sentiment": ""}, {"id": 428364147, "text": "$AAPL wam!!!!!   Futes ripping again!!!!!   Gonna open at $180.  Amazon at 3400", "time": 1642689856.0, "sentiment": "Bullish"}, {"id": 428363759, "text": "$MSFT $AAPL $WIMI $TCEHY Microsoft bought Blizzard with 436.4 billion! Inventory of those most doubled potential meta-universe track platform.\nhttps://medium.com/@elyseewpryh67/microsoft-bought-blizzard-with-436-4-b8985048b9dd", "time": 1642689443.0, "sentiment": "Bullish"}, {"id": 428363636, "text": "$AAPL buy all the dip for next year", "time": 1642689338.0, "sentiment": ""}, {"id": 428363513, "text": "$AAPL fuck fuck fuck", "time": 1642689207.0, "sentiment": "Bearish"}]