[{"id": 428425861, "text": "$AAPL Chart of The Day 1/12/2022 update. #Apple can see further downside https://elliottwave-forecast.com/stock-market/elliott-wave-view-apple/  #Elliottwave #Trading", "time": 1642710642.0, "sentiment": ""}, {"id": 428425368, "text": "$AAPL this doesn\u2019t look solid enough to hold any gains at all", "time": 1642710580.0, "sentiment": ""}, {"id": 428425202, "text": "$AAPL Looking like this could be a kick in the nuts again today ....", "time": 1642710560.0, "sentiment": ""}, {"id": 428425119, "text": "$AAPL \ud83c\udf4fup", "time": 1642710550.0, "sentiment": "Bullish"}, {"id": 428424734, "text": "January 20, 2022 \n$SPY $454 to $455. Over $455 to $457. Below $454 to $452-$450 \n  \n$AAPL $166 to $168. Over $168 to $169.50. Below $166 to $165-$164.5 \n  \n$NVDA $250 to $255. Over $255 to $260. Below $250 to $246-$245.5 \n  \n$AMD $126 to $128. Over $128 to $130. Below $126 to $125-$124-$123.75 \n  \n$TSLA $1000 to $1020. Over $1020 to $1035. Below $1000 to $975", "time": 1642710506.0, "sentiment": ""}, {"id": 428424486, "text": "$AAPL so much resistance at $14.40! break through that and we going to $15.00 today!", "time": 1642710478.0, "sentiment": ""}, {"id": 428424376, "text": "$ADGI $LCID $AAPL .\nAll future \ud83d\udd10.\nTarget $500.\nGood luck \ud83d\udc4d.", "time": 1642710465.0, "sentiment": ""}, {"id": 428423920, "text": "$AAPL  \ud83c\udf4fPreMkt Volume, 1.5 Million+.", "time": 1642710410.0, "sentiment": "Bullish"}, {"id": 428423444, "text": "$SPY Titanic crash incoming, LUMBER , being bought, housing starts the TELL.\nBut, tech is boring now .people want new, not out there, so sector-shift .\n\nFED must abrupt balance books, 0.75% rate hike Feb. 15.\ud83e\udd76\n$Qqq $aapl $GOOG", "time": 1642710352.0, "sentiment": ""}, {"id": 428423296, "text": "$WIMI Stay long term, maximize profit.  $AAPL", "time": 1642710333.0, "sentiment": ""}, {"id": 428422603, "text": "$AAPL 1-2% rally", "time": 1642710239.0, "sentiment": "Bullish"}, {"id": 428422165, "text": "$AAPL \n\nBull Case by MS 358 .. I\u2019m like wow !!\n\nNow you see the current price action 166 lies between base and bearish case.\n\nSee it doesn\u2019t make any sense, let\u2019s push it to base case.\n\nSo $358 bull case - I bet it will happened in near term!\n\n$200 is very very likely soon after ER.\n\nBe patient !!", "time": 1642710178.0, "sentiment": ""}, {"id": 428421959, "text": "$MSFT taking this above 310 to $SPY $AAPL $RMSL", "time": 1642710149.0, "sentiment": ""}, {"id": 428421480, "text": "$AAPL This mornings pop might be a good opportunity to sell and recoup some losses.  Then wait for lower to buy back again ... don&#39;t suffer on the way down to the bottom.", "time": 1642710083.0, "sentiment": ""}, {"id": 428421163, "text": "The #Technical Case For A #Nasdaq #Bear Market $AAPL $GOOG $MSFT $TSLA https://talkmarkets.com/content/us-markets/the-technical-case-for-a-nasdaq-bear-market?post=341858", "time": 1642710039.0, "sentiment": ""}, {"id": 428420784, "text": "$AAPL who set their trade up at yesterday\u2019s close???  Raise your hand!!!", "time": 1642709984.0, "sentiment": "Bullish"}, {"id": 428419790, "text": "$AAPL", "time": 1642709844.0, "sentiment": "Bullish"}, {"id": 428419501, "text": "$AAPL    \ud83c\udf4f\ud83d\udc4d", "time": 1642709804.0, "sentiment": ""}, {"id": 428419023, "text": "$AAPL 165", "time": 1642709736.0, "sentiment": ""}, {"id": 428417857, "text": "$AAPL", "time": 1642709569.0, "sentiment": ""}, {"id": 428417848, "text": "$AAPL https://i-want-to-believe.com/2022/01/20/america-pre/", "time": 1642709569.0, "sentiment": ""}, {"id": 428416114, "text": "$AAPL 10 yr was down big yesterday and down this morning. It meant nothing yesterday. It\u2019s all bs from WS to cover manipulation. Bfd. A higher interest rate of 2-3% isn\u2019t squat compared to history. We\u2019ve been living in a bubble for two years. A return to reality will keep the morons out of the market. All the companies that are run well will continue to do so, and post earnings beats. Ultimately it\u2019s relatively meaningless.", "time": 1642709311.0, "sentiment": ""}, {"id": 428415845, "text": "$SPY unfortunately for the bulls even a slight pull back is going to get dragged by $AAPL , The news is that their holiday season sales was hit by supply chain issues.", "time": 1642709271.0, "sentiment": "Bearish"}, {"id": 428415171, "text": "$AAPL yolo at this point. Just gonna hope for the best", "time": 1642709168.0, "sentiment": "Bullish"}, {"id": 428414894, "text": "$AAPL Long-Term PT: 210.", "time": 1642709121.0, "sentiment": "Bullish"}, {"id": 428414491, "text": "$AAPL bulls cheer and this isn\u2019t even up 1% \ud83d\ude02\ud83d\ude02\ud83d\ude02\u2620\ufe0f\u2620\ufe0f\u2620\ufe0f. Go buy $MSFT", "time": 1642709057.0, "sentiment": ""}, {"id": 428414285, "text": "$AAPL i saw a couple people claiming unemployment will cause inflation.. how??", "time": 1642709024.0, "sentiment": ""}, {"id": 428414129, "text": "$AAPL I don\u2019t give a shit about the unemployment numbers they report because they are wrong\u2026 the number is actually way higher", "time": 1642709000.0, "sentiment": ""}, {"id": 428413762, "text": "$AAPL jpows employment target not met eh", "time": 1642708947.0, "sentiment": ""}, {"id": 428413551, "text": "$SPY $QQQ $SOXX $AAPL  Good morning.\n\nhello world\n\n&quot;Tech on wreck (watch).&quot; \n\n&quot;Inflation will rule the day (for years).&quot; \n\nGon go get myself a cup-o-java and script back to you, guys, in a few minutes. Watch\n\n#ThatsTheTweet", "time": 1642708915.0, "sentiment": ""}]