[{"id": 428499000, "text": "$AAPL EOD $170.5\nFriday up 1.5% close $173.1\nMonday up 1% close $174.8\nTuesday up 1.5% close $177.5\nWednesday up 1% close $179.2\nThursday up 2.5% close $183.7\n\nHello $3T club again.\n\nER miss and drops back to $165.\nER smashed and up to $190.\n\nThat&#39;s my guess for the next 5 trading days. Not based on anything but my gut and wish.\n\nER gut is the later.", "time": 1642717674.0, "sentiment": "Bullish"}, {"id": 428498419, "text": "$LLKKF $SOFI $AAPL $TM $AMD \ud83e\udd43\ud83e\udd43", "time": 1642717606.0, "sentiment": "Bullish"}, {"id": 428497729, "text": "I think $FB reminds me of $AAPL 6 years ago when they began to expand into more products than just the iPhone. $FB will make a killing in the metaverse with people spending $50k+ on outfits in the metaverse. They announced this morning they are planning to sell NFTs on Instagram. They should dominate OpenSea in this area.", "time": 1642717518.0, "sentiment": "Bullish"}, {"id": 428496404, "text": "$AAPL 60min - dead cat for now - watching price action as daily holds 50d - skeptical so need to see all these FANG stocks continue higher 13/15 are higher #day_trades only for now", "time": 1642717360.0, "sentiment": "Bullish"}, {"id": 428496021, "text": "$SPY imagine going red today $AAPL", "time": 1642717317.0, "sentiment": "Bearish"}, {"id": 428495850, "text": "$AAPL the resistance is $170. Time to make that support again!", "time": 1642717300.0, "sentiment": "Bullish"}, {"id": 428495692, "text": "$CYBL &lt;~~ $HMBL $AAPL keep your peppers on it even less shares then y\u2019all\u2019s! \ud83d\udc8e\ud83e\udd76", "time": 1642717279.0, "sentiment": "Bullish"}, {"id": 428495493, "text": "$AAPL under $200 steal of a price", "time": 1642717260.0, "sentiment": "Bullish"}, {"id": 428495218, "text": "$AAPL we all know this can back up way faster than it can go up", "time": 1642717227.0, "sentiment": ""}, {"id": 428495215, "text": "$QQQ $SPY $AAPL $TSLA back to the good old pump and dump kangaroo market", "time": 1642717227.0, "sentiment": ""}, {"id": 428495156, "text": "$AAPL \n\nShould the oversold territory has been exited so 166 will be 52 week low in 52 weeks later moving away from 116 a year ago. \n\nThis is very important key test !!", "time": 1642717220.0, "sentiment": "Bullish"}, {"id": 428494772, "text": "$AAPL $SPY $QQQ  Sad, but unfortunately all the algos are waiting on apple. Till it comes down, these sell offs wouldn\u2019t end anytime soon. Apple, the ball is in your court-Last man standing.", "time": 1642717174.0, "sentiment": ""}, {"id": 428494358, "text": "$AAPL I just want to break even nOw please go to $182.86 \n3 Trillion Dollar Market Cap Bag holder", "time": 1642717125.0, "sentiment": "Bullish"}, {"id": 428494306, "text": "$SPY $QQQ $TSLA $AAPL\n\nthis will be bulls very soon...", "time": 1642717120.0, "sentiment": "Bearish"}, {"id": 428494198, "text": "$AAPL NEW ARTICLE : Big Tech&#39;s Chorus of Critics Grows Ahead of Hill Hearing https://www.stck.pro/news/AAPL/21647957", "time": 1642717106.0, "sentiment": ""}, {"id": 428494109, "text": "$AAPL  \ud83c\udf4f Need to regain 169.56, to reopen the gateway Higher.  Europe Closes, in 15 mins.  HFund Shorts are hitting the Tape\u2026it\u2019s a pivot moment for them.  The Fed clearly has the Bull\u2019s back this morning.  Need to put Europe to bed, &amp; end run the Short Side games.", "time": 1642717096.0, "sentiment": "Bullish"}, {"id": 428493908, "text": "$AAPL $200", "time": 1642717073.0, "sentiment": "Bullish"}, {"id": 428493795, "text": "$AAPL they are going to crash this today or tomorrow by 5%", "time": 1642717061.0, "sentiment": "Bearish"}, {"id": 428492844, "text": "$AAPL I was the ONLY one to call this $3 up day\u2026. And we smashed it with the alert play!\nNow we are riding our $DIS and $WYNN plays to the promise land! Are you ready for our next alert play? Click the follow button if you are\ud83d\udc4a\ud83c\udffc\ud83e\udd13", "time": 1642716952.0, "sentiment": ""}, {"id": 428492419, "text": "$BTC.X It&#39;s going to be a good discussion today at 4pm EST with Investor&#39;s Daily. \n \nhttps://twitter.com/MeisaBonelli/status/1484195839958470665?s=20 \n \n$SPY $QQQ $TSLA $AAPL", "time": 1642716900.0, "sentiment": ""}, {"id": 428492281, "text": "$AAPL still adding puts.", "time": 1642716885.0, "sentiment": "Bearish"}, {"id": 428492123, "text": "$AAPL appears some big boys want this over $170 tomorrow for option expiration. Short a ton of $170 calls so hope it doesn&#39;t go up too much. Short a bunch of puts too so rise isn&#39;t bad. Over $175 next week.", "time": 1642716868.0, "sentiment": "Bullish"}, {"id": 428491410, "text": "$SPY what an amazing put entry on apple $AAPL", "time": 1642716788.0, "sentiment": "Bearish"}, {"id": 428490025, "text": "$SPY $QQQ $SOXX $AAPL Careful, bulls, u in a viscous thick downtrend.\n\nHey, don&#39;t blame me for fall markets, tech to correction territory, blame.....\n\nBiden\n\nBidenomics and Bidenflation doing this to your money, he back in July of THIS year told Powell not to curb QE because of his Build Back Better budget plan .\n\nPowell agreed, Tutes plead, but, alas, THIS MARKET and 10% inflation headed YOUR way by summer (and worse after that cuz Peak Inflation not reached until January 2023, after NEXT CHRISTMAS.\n\nTOO MUCH WEALTH free ! $2.5 TRILLION HOUSEHOLD WEALTH, $50T CORPORATIONS! \n\nPowell next FOMC meeting on 26th , balancing books is imminent, to ZERO, plus, very likely Powell walks back &quot;2,3, or, 4 meetings&quot; said Re-appointment Day 13th (remember &quot;2&quot; = March 1st rate hike possible) with....\n\n&quot;1st we balance books, $15B to ZERO, in February, but, we see inflation uncontrollable if not raise rates historic 0.75% March 1 to begin to work on inflation which we now see peaking Jan. 2023.&quot;", "time": 1642716630.0, "sentiment": ""}, {"id": 428489820, "text": "Thinking about trading options or stock in Advanced Micro Devices, Alcoa, Morgan Stanley, Micron Technology, or Apple?  $AA $AAPL $AMD $MS $MU \n\nhttps://newsfilter.io/a/b9a713a0d606011c00aa9dff16145e1e", "time": 1642716606.0, "sentiment": ""}, {"id": 428489799, "text": "$AAPL imagine betting against the strongest corporation in the history of corporations... lol  Even Biden Puppet cant bring this down", "time": 1642716604.0, "sentiment": "Bullish"}, {"id": 428489543, "text": "$AAPL short covering rally. very narrow uptrend. $QQQ $IWM $TSLA $MSFT. waiting for the flop. ran right up to 5sma on $QQQ", "time": 1642716574.0, "sentiment": "Bearish"}, {"id": 428489414, "text": "$SPY pumping on bad news always ends well... $AAPL", "time": 1642716557.0, "sentiment": "Bearish"}, {"id": 428489296, "text": "$AAPL earning should bring this up to 180", "time": 1642716544.0, "sentiment": "Bullish"}, {"id": 428488787, "text": "$AAPL back to 180?", "time": 1642716492.0, "sentiment": "Bullish"}]