[{"id": 428474845, "text": "$AAPL tanking... $SPY will follow", "time": 1642715152.0, "sentiment": "Bearish"}, {"id": 428474717, "text": "$AAPL damn, volume kinda took a shit there. i&#39;m good with that for now :)", "time": 1642715141.0, "sentiment": "Bearish"}, {"id": 428474475, "text": "$AAPL", "time": 1642715117.0, "sentiment": "Bullish"}, {"id": 428474296, "text": "$AAPL short", "time": 1642715101.0, "sentiment": ""}, {"id": 428473655, "text": "Short $AAPL at $169.5", "time": 1642715039.0, "sentiment": "Bearish"}, {"id": 428472963, "text": "$AAPL Next leap up incoming $170.5 within the hour.", "time": 1642714972.0, "sentiment": ""}, {"id": 428472961, "text": "$AAPL puts", "time": 1642714972.0, "sentiment": "Bearish"}, {"id": 428472799, "text": "$AAPL  \ud83c\udf4f European Closing Trade, is underway.  Looks like Players, are getting ahead of the Algos.  That shows \u201cShort Side\u201d nervousness on AAPL\u2019s uptick.  Buckle up.", "time": 1642714957.0, "sentiment": "Bullish"}, {"id": 428471990, "text": "$AAPL since volume not high, I think it will pull back", "time": 1642714872.0, "sentiment": ""}, {"id": 428471744, "text": "$AAPL 115", "time": 1642714847.0, "sentiment": ""}, {"id": 428470731, "text": "$AAPL  \n. \nGoing Puts here. \n.", "time": 1642714746.0, "sentiment": "Bearish"}, {"id": 428470572, "text": "$SPY Amazing that $NDX Nasdaq up at all, sure, rotating but nothing there, whole shooting match going down, not just 26% portion that is tech computers, semiconductors.\n\nBut, EVERYTHING, u&#39;ll C, Netflix ER 4PM EST\ud83d\ude09\n\nConsumer Perspective:\n\n&quot;WE, AMERICANS, SICK OF TECH, GAMES ON PHONE, IPHONE, ANDROID, GAMING ON CONSOLES, WATCHING STREAMING SHIT, WE&#39;RE BOARD OUT OF OUR EVER-LIVIN&#39; SKULLS!!! \n\nNO MORE MOVIES EXCEPT MAYBE 1 B4 BED, engagement changing.\n\nI no longer have 4 STREAMING SERVICES, but, 1.\nOh, I HAVE MONEY, LOL, I&#39;M MIDDLE CLASS &amp; thanks to Bidenomics I am freakin&#39; stimulus-ass rich!! \n$1400 stimmie check STILL &quot;UNDER MATTRESS,&quot; my $125,000 yr fam NOT need, lol, why? We have a house paid for!!! Lol, 2 TESLAS, &amp; home furnishings to die for, ALL remodeled and thank God, we did it b4 Bidenflation.\n\nSucks now, that part, I mostly spend money on groceries, we eat $30 packages of rib eye every 3rd day, but, like tech, we&#39;re bored w/ that.&quot;\n\nGees, I LOVE BIDEN!!! \n\n$SOXX $AAPL $MSFT", "time": 1642714731.0, "sentiment": ""}, {"id": 428469813, "text": "$AAPL Its like a coiled snake, just waiting to pounce on any passing bears.", "time": 1642714660.0, "sentiment": "Bullish"}, {"id": 428469767, "text": "$AAPL   \ud83c\udf4f Next Resistance Level, 169.56.  Break, with Retest Confirmation\u2026next Level up:  172.89.  Break, with Retest Confirmation\u2026next Level up:  174.70.  Then, back to ATHs.  AAPL has been at these levels recently\u2026so any \u201cRetest of previous Levels\u201d, could be quick.", "time": 1642714655.0, "sentiment": "Bullish"}, {"id": 428469742, "text": "$AAPL will pick up some calls on the next real dip", "time": 1642714653.0, "sentiment": "Bullish"}, {"id": 428468208, "text": "$AAPL oversold", "time": 1642714511.0, "sentiment": "Bullish"}, {"id": 428468154, "text": "$AAPL Our alert paid well!", "time": 1642714506.0, "sentiment": ""}, {"id": 428468039, "text": "$AAPL come on you damn dirty apes! Keeping buying like your hungry for bananas!", "time": 1642714494.0, "sentiment": "Bullish"}, {"id": 428467599, "text": "$AAPL $190 by next Friday, earnings run has begun!!!!!", "time": 1642714454.0, "sentiment": "Bullish"}, {"id": 428467331, "text": "$AAPL all green from here", "time": 1642714430.0, "sentiment": "Bullish"}, {"id": 428467056, "text": "$AAPL ouch I threw in the towel damn that hurt", "time": 1642714405.0, "sentiment": ""}, {"id": 428467019, "text": "$AAPL let\u2019s celebrate good times\ud83c\udf4f\ud83c\udf4f\ud83c\udf4f\ud83c\udf4f\ud83c\udf89\ud83c\udf89\ud83c\udf89\ud83c\udf89\ud83c\udf89\ud83c\udf89\ud83c\udf89\ud83e\udd32\ud83c\udffb\ud83e\udd32\ud83c\udffb\ud83d\udc4a\ud83c\udffc\ud83d\udcaa\ud83c\udffb\ud83d\udcaa\ud83c\udffb\ud83d\udcaa\ud83c\udffb\ud83d\udcaa\ud83c\udffb\ud83d\udc4a\ud83c\udffc\ud83e\udd32\ud83c\udffb\ud83e\udd32\ud83c\udffb\ud83c\udf4f\u2764\ufe0f\u2764\ufe0f\u2764\ufe0f\u2764\ufe0f\ud83c\udf89\ud83c\udf89\ud83c\udf89", "time": 1642714402.0, "sentiment": "Bullish"}, {"id": 428466603, "text": "$AAPL Shorts are covering \ud83d\ude06\ud83d\ude06\ud83d\ude06\ud83d\ude06\ud83d\ude06\ud83d\ude06\ud83d\ude06", "time": 1642714368.0, "sentiment": "Bullish"}, {"id": 428466507, "text": "$AAPL lmao that\u2019s what all you dumbasses spamming the chat get saying it has to go lower \ud83d\ude02, I should have held longer, profit is profit tho \ud83d\udcaf", "time": 1642714358.0, "sentiment": ""}, {"id": 428466470, "text": "$AAPL Impressive hold first hour.", "time": 1642714354.0, "sentiment": "Bullish"}, {"id": 428466450, "text": "$AAPL $180 by tmrw", "time": 1642714353.0, "sentiment": "Bullish"}, {"id": 428466168, "text": "$AAPL loaded up", "time": 1642714328.0, "sentiment": "Bullish"}, {"id": 428465958, "text": "$AAPL $171 incoming EOD.", "time": 1642714311.0, "sentiment": ""}, {"id": 428465853, "text": "$AAPL leap calls", "time": 1642714300.0, "sentiment": "Bullish"}, {"id": 428465709, "text": "$AAPL \ud83d\udd95\ud83d\udd95\ud83d\udd95bears\ud83d\udd95\ud83d\udd95\ud83d\udd95", "time": 1642714287.0, "sentiment": "Bullish"}]