[{"id": 428413368, "text": "$AAPL $MSFT is all about the 10yr.\n\nJobless claims throw cold water on all the 7 rate hike talk.", "time": 1642708890.0, "sentiment": ""}, {"id": 428413151, "text": "$AAPL  Crypto Wallet Coming \n \n1.6 Million of its users are awaiting the launch of its highly anticipated digital wallet coming out this month.  \n \n Robinhood&#39;s new wallet will support deposit and withdrawal of cryptocurrencies including Bitcoin, Dogecoin, and Ether.  \n  \nSHORTS HAVE NOT COVERED SINCE IPO.A GAMESTOP, CRYPTO WALLET  IN THE MAKING COMPANY, HOOD is CURRENTLY TRADING 50% below its IPO PRICE.   \n   \n31.5 MILLION SHARES SHORTED IN HOOD (SINCE DEC 30, 2021). HOOD got 7.38  Billion cash at hand UNLIKE many HIGH FLYING companies are in debt.   \n   \n  HOOD is a CASH COW  company with 7+ billion, no dilution. No debt.   \n                                     $SQUEEZE  is imminent", "time": 1642708861.0, "sentiment": "Bullish"}, {"id": 428413028, "text": "$AAPL Simulated 167.5C for Thursday&#39;s open on StockOrbit. \n https://apps.apple.com/us/app/stockorbit/id1541560646", "time": 1642708847.0, "sentiment": ""}, {"id": 428413018, "text": "$SPY $TSLA $BAC $AAPL $MSFT Yayyy more unemployment and inflation. Powell won&#39;t do shit till its too late.", "time": 1642708846.0, "sentiment": ""}, {"id": 428412176, "text": "$AAPL $SHINJA.X \ud83d\ude32", "time": 1642708724.0, "sentiment": "Bullish"}, {"id": 428411722, "text": "$LIDR Tumin capital will purchase $125M worth of stock soon at this ridiculous price, new product releases with $CTTAY, new hires and  other deals possibly partnership with $AAPL car. will break ATH.", "time": 1642708648.0, "sentiment": "Bullish"}, {"id": 428411410, "text": "Largest CALL OI increases $TWTR $UBER $BHC $CCJ $AAPL  \n \nhttp://staygreen.blackboxstocks.com/SH4G", "time": 1642708594.0, "sentiment": ""}, {"id": 428411278, "text": "$AAPL with a bearish setup...   \n \nNice setup. Broke below support. \n \nGood luck. \n \nReal-time alerts at http://thetradinganalyst.com", "time": 1642708568.0, "sentiment": ""}, {"id": 428409644, "text": "$AAPL cheaper puts at open \ud83e\udd37\ud83c\udffb\u200d\u2642\ufe0f", "time": 1642708276.0, "sentiment": "Bearish"}, {"id": 428409622, "text": "$AAPL $AMZN $TSLA $SPY $QQQ Nasdaq will be up 2-3% today", "time": 1642708271.0, "sentiment": "Bullish"}, {"id": 428409339, "text": "$AMD $QQQ $NVDA $AAPL $SPY The MARKET will reprice expensive AMD \nAlways Does like other expensive Tech\ud83d\ude02", "time": 1642708223.0, "sentiment": "Bearish"}, {"id": 428408973, "text": "$PTON could be a good buy by $AAPL.", "time": 1642708159.0, "sentiment": ""}, {"id": 428408535, "text": "$AAPL what is a realistic year end price target ? 210 ?", "time": 1642708084.0, "sentiment": ""}, {"id": 428408258, "text": "$AAPL NEW ARTICLE : Apple likely to beat December estimates, but it&#39;s &#39;priced in,&#39; MS says https://www.stck.pro/news/AAPL/21641663", "time": 1642708038.0, "sentiment": ""}, {"id": 428407899, "text": "$SPY the American market riding on China&#39;s back rn and Americans would still hate Asians. Jealousy and Evny is an ugly thing $AAPL $TSLA $MSFT $BAC", "time": 1642707975.0, "sentiment": ""}, {"id": 428407371, "text": "$AAPL the run up starts now \ud83d\udc40\ud83d\udc40\ud83d\udc40\ud83d\udc40\ud83d\udc40\ud83d\udc40\ud83d\udc40\ud83d\udc40\ud83d\udef0\ud83d\udef0\ud83d\udef0\ud83d\udef0\ud83d\udef0\ud83d\udef0\ud83d\udef0\ud83d\udef0\ud83d\udef0\ud83d\udef0\ud83d\udef0\ud83d\udef0\ud83e\udd23\ud83e\udd23\ud83d\udef0\ud83d\udef0\ud83d\udef0\ud83d\udef0\ud83d\udc51\ud83d\udc51\ud83d\udc51\ud83d\udc51\ud83d\udc51\ud83d\udc51\ud83d\udc51\ud83d\udc51\ud83d\udc51\ud83d\udc51\ud83d\udc51\ud83d\udc51\ud83d\udc51\ud83d\udc51\ud83d\udc51\ud83d\udc51LIKE CLOCK WORK", "time": 1642707875.0, "sentiment": "Bullish"}, {"id": 428406603, "text": "$AAPL earnings meeting soon! Great time to buy more at a discounted price! Thinking long term", "time": 1642707734.0, "sentiment": ""}, {"id": 428406595, "text": "$AAPL Jump in jobless claims = higher inflation!", "time": 1642707733.0, "sentiment": ""}, {"id": 428406149, "text": "$AAPL stairs up, elevator down", "time": 1642707652.0, "sentiment": ""}, {"id": 428405992, "text": "$AAPL have to cross $167.50 , 170, 172.50 today", "time": 1642707627.0, "sentiment": ""}, {"id": 428405737, "text": "$AAPL if we get to $173 today, $182 is possible by tomorrow. So many calls open on this stock", "time": 1642707581.0, "sentiment": ""}, {"id": 428405562, "text": "$AAPL it drop all this week already .. the options on puts for this week is big gains for puts , retake your gains as it expires tomrrow . Time for upside", "time": 1642707550.0, "sentiment": "Bullish"}, {"id": 428405142, "text": "$AAPL Theres no place like 175, Theres no place like 175, Theres no place like 175.", "time": 1642707474.0, "sentiment": ""}, {"id": 428405102, "text": "$AAPL   \ud83c\udf4f After Morning Data Release:  AAPL Volume is surging.  Nasdaq, surging.", "time": 1642707466.0, "sentiment": "Bullish"}, {"id": 428404911, "text": "$MSFT paying off big moving my $aapl money yesterday to this elephant! Love msft!", "time": 1642707434.0, "sentiment": "Bullish"}, {"id": 428404572, "text": "$AAPL best company in the world", "time": 1642707374.0, "sentiment": "Bullish"}, {"id": 428404322, "text": "$AAPL no fed or president speech to ruin and drop stocks , the drop was done. Earning run up starts .. 175+ before next week. $SPY $QQQ", "time": 1642707333.0, "sentiment": "Bullish"}, {"id": 428404011, "text": "$AAPL expect a run up into earnings, at least. 170 today, 175 by tues or wed.", "time": 1642707285.0, "sentiment": "Bullish"}, {"id": 428403842, "text": "$aapl why is apple the worst affected by jobs report lmao", "time": 1642707250.0, "sentiment": ""}, {"id": 428403435, "text": "@BULLRUSH22 @BeefBoy74 he\u2019s living good off my $TSLA and $AAPL gains; he\u2019s probably more wealthy than you already", "time": 1642707175.0, "sentiment": "Bullish"}]