[{"id": 428441785, "text": "$AAPL Bought calls this stock isn&#39;t going up today", "time": 1642712111.0, "sentiment": ""}, {"id": 428441734, "text": "$AAPL Jan28 $160 p @ $1.34", "time": 1642712107.0, "sentiment": ""}, {"id": 428440439, "text": "$AAPL 140 fast after earrings", "time": 1642712001.0, "sentiment": "Bearish"}, {"id": 428439842, "text": "$AAPL can you retest 167 for  like 5mins please??? lol. Then do whatever you want :)", "time": 1642711950.0, "sentiment": "Bullish"}, {"id": 428439332, "text": "$AAPL fading", "time": 1642711906.0, "sentiment": ""}, {"id": 428439147, "text": "$SPY $QQQ $TSLA $AAPL \n\nBEARS  WHAT HAPPENED TOTHE CRASH ?!!!", "time": 1642711889.0, "sentiment": "Bullish"}, {"id": 428438317, "text": "$AAPL 171 today", "time": 1642711818.0, "sentiment": "Bullish"}, {"id": 428438217, "text": "$AAPL  \n. \nJust grabbed a few. 165P for tomorrow sell off. \n.", "time": 1642711811.0, "sentiment": "Bearish"}, {"id": 428438031, "text": "$AAPL hoping it pops to 170", "time": 1642711794.0, "sentiment": ""}, {"id": 428437913, "text": "$AAPL  \ud83c\udf4f \u201cAccumulation\u201d.  Early, \u201cswoosh\u201d formation.", "time": 1642711784.0, "sentiment": "Bullish"}, {"id": 428437831, "text": "$AAPL sold OTM cover calls  while the premium still bueno.", "time": 1642711777.0, "sentiment": ""}, {"id": 428437668, "text": "$AAPL $DIS $WYNN These three will pay well through next week", "time": 1642711763.0, "sentiment": "Bullish"}, {"id": 428437041, "text": "$AAPL the pullback from the peak should reach $162.10- $152.80 area lower where buyers should be waiting to appear again #Elliottwave #Trading #Apple", "time": 1642711707.0, "sentiment": ""}, {"id": 428436342, "text": "$AAPL Up to 169, then back to 160 by EOD. Then back to 170. Learn to chart.", "time": 1642711652.0, "sentiment": ""}, {"id": 428435494, "text": "$AAPL earnings next week, easy money!", "time": 1642711579.0, "sentiment": "Bullish"}, {"id": 428435147, "text": "$AAPL our alert play PAID\nYet again!!!\n\nYou ready for the next one?", "time": 1642711549.0, "sentiment": "Bullish"}, {"id": 428435076, "text": "$MMAT @GeorgePalikaras Welcome to the META Family. . . $AAPL , $FB , $EADSY , $LMT, etc.  By investing in $MMAT , we are helping your companies grow.", "time": 1642711541.0, "sentiment": "Bullish"}, {"id": 428434704, "text": "$AAPL 1hr view from 1/14 Pre-Market update presented to members at http://elliottwave-forecast.com #Elliottwave #Trading #Apple", "time": 1642711507.0, "sentiment": ""}, {"id": 428434699, "text": "$AAPL She&#39;s holding up. Earnings FOMO.", "time": 1642711506.0, "sentiment": "Bullish"}, {"id": 428434052, "text": "$AAPL buying puts here", "time": 1642711450.0, "sentiment": "Bearish"}, {"id": 428433876, "text": "$VIAC the most sensitive stock to the options market . Y isn\u2019t $TWTR or $AAPL as affected ?", "time": 1642711433.0, "sentiment": ""}, {"id": 428432176, "text": "$AAPL Throwing a hail mary for earnings run up most likely starting next week", "time": 1642711279.0, "sentiment": "Bullish"}, {"id": 428430873, "text": "$AAPL if you aren&#39;t greedy, you can easily make 10% on options here everyday. Calls or Puts within the first 15mins. This is the best ticker on the market hands down.", "time": 1642711168.0, "sentiment": "Bullish"}, {"id": 428428673, "text": "$AAPL The market is oversold. Beware of dead cat bounces.", "time": 1642710953.0, "sentiment": "Bearish"}, {"id": 428428206, "text": "@gilheydari I couldn\u2019t see a more opportune time to,imo, or unless lower. Cash comes in right in time after confirmation of deal through $CTTAY then cash used for actual production. Maybe for $AAPL car.", "time": 1642710905.0, "sentiment": "Bullish"}, {"id": 428428037, "text": "$AAPL #Apple cotd video from 12 January looking at the #Elliottwave path https://youtube.com/watch?v=q1xLRP7d8LA  #Trading #Stocks", "time": 1642710889.0, "sentiment": ""}, {"id": 428427929, "text": "$AAPL Let&#39;s go slap 170 today.", "time": 1642710877.0, "sentiment": "Bullish"}, {"id": 428427892, "text": "$AAPL  \ud83c\udf4f AAPL will Report ERs for the \u201cDec  21 Qtr\u201d, one wk from today.  \u2026\u201dSix Trading\u201d Days left, to trade.", "time": 1642710873.0, "sentiment": "Bullish"}, {"id": 428426381, "text": "$AAPL let see 169-170 at least ! Please puts lock your gains let go bullish :(", "time": 1642710710.0, "sentiment": "Bullish"}, {"id": 428426002, "text": "Full ChartingOptions Daily #ScanResults from January 3, 2022 \n \nIdentify ETF, Stock, and Crypto Information from our #ScanResults and get a glimpse of the content offered by ChartingOptions exclusive service.  \n \nSome of the Tickers included: $SPY $TSLA $AMD $AAPL $DDOG  \n \nJoin the COmmunity at https://chartingoptions.com/ \n \nhttps://docs.google.com/document/d/16tQnYlJ3uM5S1zKxFlh2-iaJChnCAI34dO_b3qTGNLs/edit?usp=sharing", "time": 1642710660.0, "sentiment": ""}]