[{"id": 428559811, "text": "$SPY $QQQ Anyone else noticing the Panic in the Emails you receive from Companies???? \n\nThe discounts %s are flying higher\nThe Free bets and Deposit bonuses from gambling sites are hilarious.\n\nWatch for even the companies that don\u2019t discount start slashing\n$AAPL", "time": 1642725224.0, "sentiment": ""}, {"id": 428559702, "text": "$SPY my one indicator selling off since high. Beware mkts could poop if no buyers come in here $TQQQ $AAPL $AMZN $BTC.X", "time": 1642725211.0, "sentiment": "Bearish"}, {"id": 428559498, "text": "$AAPL $PTON  \ud83c\udf4f\ud83d\udc47", "time": 1642725185.0, "sentiment": ""}, {"id": 428559464, "text": "$MSFT yooo everything looks like shiiiit, $QQQ $AAPL $AMZN $TSLA", "time": 1642725180.0, "sentiment": "Bearish"}, {"id": 428559431, "text": "$AMD Bulls got Fooled by WS with this Hyped up AMD Merger with $XLNX \n\nThe $SPY $QQQ $AAPL Market is repricing AMD Is still too expensive.", "time": 1642725177.0, "sentiment": "Bearish"}, {"id": 428559275, "text": "$AAPL could not take out 170. Looks like that 10% correction may hit.", "time": 1642725157.0, "sentiment": ""}, {"id": 428559256, "text": "$TSLA $SPY $QQQ $AAPL \n\nbulls realizing they fomo\u2019d into a trap", "time": 1642725155.0, "sentiment": "Bearish"}, {"id": 428558976, "text": "$AAPL apple headed to the 165s or lower. Get your puts in.", "time": 1642725117.0, "sentiment": "Bearish"}, {"id": 428558972, "text": "$AAPL Apple Fitness+ \ud83c\udfc3\u200d\u2642\ufe0f slowly killing $PTON !!", "time": 1642725116.0, "sentiment": "Bullish"}, {"id": 428558934, "text": "$AAPL needs to fall hard. Will be better in the long run. The problem is, it\u2019s stairstepping down.", "time": 1642725112.0, "sentiment": ""}, {"id": 428558694, "text": "$AAPL well this sucks", "time": 1642725081.0, "sentiment": ""}, {"id": 428558688, "text": "$AAPL - MACD sell signal, avoid buying!!", "time": 1642725080.0, "sentiment": "Bearish"}, {"id": 428558337, "text": "$SPY  Warren Buffett&#39;s Berkshire Hathaway going red again. $150 million seller at $317 yesterday ahead of NFLX earnings. caution imo..  $AAPL", "time": 1642725038.0, "sentiment": ""}, {"id": 428558220, "text": "$AAPL Apple Fitness + $$$$$$$$$$$$$$$$$$$$$$$$$$$$$$$$$$$", "time": 1642725023.0, "sentiment": "Bullish"}, {"id": 428556697, "text": "@petersrq that\u2019s what I\u2019m thinking. To help it\u2019s Apple Music division $AAPL $PTON", "time": 1642724833.0, "sentiment": ""}, {"id": 428556548, "text": "$AAPL Peloton\u2019s stock skids lower, following report it will pause production of bikes, treadmills https://www.marketwatch.com/story/pelotons-stock-plunges-20-following-report-it-will-pause-production-of-bikes-treadmills-11642702222?mod=mw_latestnews", "time": 1642724814.0, "sentiment": "Bullish"}, {"id": 428556514, "text": "$AAPL this aint going anywhere till it shows. Growth prospects in earnings!", "time": 1642724810.0, "sentiment": ""}, {"id": 428556321, "text": "$BODY $PTON $FB $AAPL $MSFT \n\n PTON will merge with a sizable competitor or be bought out by Meta,\nMicrosoft, or Apple. Will be interesting", "time": 1642724788.0, "sentiment": ""}, {"id": 428556204, "text": "long 20 $AAPL 170 puts feb. monthlies", "time": 1642724771.0, "sentiment": ""}, {"id": 428556130, "text": "Updated correlation matrix for Apple( $AAPL ), Mattel(\u2026 https://www.macroaxis.com/invest/stock-correlation?s=AAPL,MAT,VZ,IFF,AES,STFC,ASPS #insidertrading #stocks #fintechnews", "time": 1642724763.0, "sentiment": ""}, {"id": 428556067, "text": "$AAPL 160-162 tomorrow.", "time": 1642724756.0, "sentiment": "Bearish"}, {"id": 428555806, "text": "$AAPL Apple fitness should gain momentum $$$$$$$$$$$$$$$$$", "time": 1642724722.0, "sentiment": "Bullish"}, {"id": 428555717, "text": "$AAPL    \ud83c\udf4f All Mkt Indices \u201cAlgo Dipped in Sync\u201d, on Peloton News.  HFund Shorts, swooped in on weakness.  Ridiculous, that Peloton News, of \u201ctaking a pause in production\u201d, would move the entire Mkt.  Trade smart.  Will there be M/A News, re: Peloton\u2026announced soon?  Things, that make you go hummmm.", "time": 1642724710.0, "sentiment": ""}, {"id": 428555585, "text": "$SQ just do it already &amp; stop teasin, $AAPL already on the move leading the rug pull \ud83d\udca4", "time": 1642724693.0, "sentiment": "Bearish"}, {"id": 428555405, "text": "$AAPL Peloton out, Apple Fitness + in! $$$$$$$$$$$$$$$$$$$$$$$$$$$$", "time": 1642724669.0, "sentiment": "Bullish"}, {"id": 428555286, "text": "$PTON i\u2019ve seen this before. CNBC reports. Something could be brewing here. It\u2019s possible a buyout is coming considering it\u2019s music/artist trademark issues that only a company like $AAPL could handle, dunno \ud83e\udd37\u200d\u2640\ufe0f, but it\u2019s possible.", "time": 1642724653.0, "sentiment": ""}, {"id": 428555112, "text": "$PTON well I find pathetic the product, but I am sure is material for acquisition by $NKE or $AAPL", "time": 1642724631.0, "sentiment": "Bullish"}, {"id": 428554814, "text": "$AAPL Peloton Stock Is Cratering After Report It\u2019s Halting Production of Its Bikes", "time": 1642724593.0, "sentiment": ""}, {"id": 428554776, "text": "$AAPL \n\nBecause of Google joining VR .. is that the reason you want to short attack?\n\nSuch a cheap shot !!\n\nApple has been doing better than Google no offense.\n\nLook at the Google Pixel .. I own and it sucks.\n\nI am currently using IPhone 12 Pro Max and it\u2019s far superior than Google Pixel.", "time": 1642724589.0, "sentiment": "Bullish"}, {"id": 428553925, "text": "$PTON Tempted to buy for a takeout. Come on $NKE $LULU $AAPL", "time": 1642724477.0, "sentiment": ""}]