[{"id": 428584961, "text": "$AAPL AH and PM candles dont count towards chart patterns right... RIGHT ?", "time": 1642728406.0, "sentiment": ""}, {"id": 428584955, "text": "$AAPL upgrade? This should be trading at $210", "time": 1642728406.0, "sentiment": "Bullish"}, {"id": 428584860, "text": "$AAPL WAIT", "time": 1642728391.0, "sentiment": "Bearish"}, {"id": 428584717, "text": "$AAPL \n\nI believe this is preprogrammed tied to algo and any news\u2026 short attack was set for three days in a row .. one in the morning, one in the afternoon and one in the end of day \n\nThis is beyond ridiculous..", "time": 1642728377.0, "sentiment": ""}, {"id": 428584346, "text": "$AAPL Loading up 170WC&#39;s here.", "time": 1642728330.0, "sentiment": ""}, {"id": 428584229, "text": "$AAPL Did you lose on calls bulls? Well, puts paying lottery tomorrow and you are not late!!", "time": 1642728315.0, "sentiment": "Bearish"}, {"id": 428583856, "text": "$AAPL Good lesson Wall Street, Take Profit next time!", "time": 1642728269.0, "sentiment": ""}, {"id": 428583470, "text": "$AAPL sucks how comfortable the bears are.", "time": 1642728224.0, "sentiment": ""}, {"id": 428583372, "text": "$AAPL  \ud83c\udf4f Oil Mkts Closing, in ~5 mins.", "time": 1642728212.0, "sentiment": "Bullish"}, {"id": 428582759, "text": "You can push down $TSLA \nYou can push down $AAPL \n\nBut you can&#39;t push down $AMC any further\n\nMOASS is coming!", "time": 1642728137.0, "sentiment": "Bullish"}, {"id": 428582620, "text": "$AAPL Yesterday, 41% was short volume. So Cant be Buffett unloading.", "time": 1642728118.0, "sentiment": ""}, {"id": 428582524, "text": "$AAPL under 165 today", "time": 1642728106.0, "sentiment": ""}, {"id": 428582244, "text": "$AAPL  Buy The Dip!!", "time": 1642728071.0, "sentiment": "Bullish"}, {"id": 428582198, "text": "$AAPL DUMBS buying now \u2026 Smarts are waiting", "time": 1642728066.0, "sentiment": "Bearish"}, {"id": 428582069, "text": "$AAPL $SPY bear. market", "time": 1642728052.0, "sentiment": ""}, {"id": 428581571, "text": "$AAPL BUY BUY BUY!", "time": 1642727995.0, "sentiment": "Bullish"}, {"id": 428581550, "text": "$AAPL undercut and reverse?", "time": 1642727993.0, "sentiment": ""}, {"id": 428581402, "text": "$AAPL - Powerful MACD Sell signal today, more downside ahead..", "time": 1642727974.0, "sentiment": "Bearish"}, {"id": 428581396, "text": "$AAPL damn was up 5k now down 200 bucks", "time": 1642727973.0, "sentiment": ""}, {"id": 428581230, "text": "$SPY $AAPL $MSFT $COST $TSLA Jen saying Russia invading Ukraine lol. Wtf. Get ready", "time": 1642727955.0, "sentiment": ""}, {"id": 428580896, "text": "$AAPL is my $170 strike 2024 call safe?", "time": 1642727913.0, "sentiment": "Bullish"}, {"id": 428580771, "text": "$AAPL $QQQ $F $LAZR puts printinggggg", "time": 1642727898.0, "sentiment": "Bearish"}, {"id": 428580770, "text": "$AAPL $MSFT earning next week... after the beating these names have taken, it&#39;s hard to see them going any lower", "time": 1642727897.0, "sentiment": "Bullish"}, {"id": 428580755, "text": "$AAPL \n\n$3.00 drops are why these hedge fund guys own billion dollar yachts", "time": 1642727895.0, "sentiment": ""}, {"id": 428580581, "text": "$AAPL Looking F*cked... My guess is  Buffett unloading some", "time": 1642727872.0, "sentiment": ""}, {"id": 428580559, "text": "$AAPL been saying it all day.  Bull trap", "time": 1642727869.0, "sentiment": "Bearish"}, {"id": 428580365, "text": "$AAPL ", "time": 1642727845.0, "sentiment": "Bullish"}, {"id": 428580258, "text": "$AAPL this is so ??$$&amp;&amp; up,", "time": 1642727833.0, "sentiment": ""}, {"id": 428580038, "text": "$AAPL lame", "time": 1642727810.0, "sentiment": "Bullish"}, {"id": 428580019, "text": "$AAPL wait 154 !!! Stop buying \ud83e\udd26\u200d\u2642\ufe0f", "time": 1642727808.0, "sentiment": "Bearish"}]