[{"id": 428579993, "text": "$AAPL      \ud83c\udf4f Massive, back to back Shorting.", "time": 1642727804.0, "sentiment": ""}, {"id": 428579842, "text": "$AAPL NEW ARTICLE : Senate panel approves antitrust bill targeting Apple, Google and Amazon https://www.stck.pro/news/AAPL/21654820", "time": 1642727784.0, "sentiment": ""}, {"id": 428579714, "text": "$AAPL oupsss", "time": 1642727771.0, "sentiment": "Bearish"}, {"id": 428579395, "text": "$AAPL Makes sense. Why on earth would it hold? -_-", "time": 1642727732.0, "sentiment": "Bullish"}, {"id": 428579316, "text": "$AAPL Calls getting rammed hard Damn", "time": 1642727722.0, "sentiment": ""}, {"id": 428579203, "text": "$TSLA $SPY $QQQ $AAPL \n\nlights out bitches", "time": 1642727707.0, "sentiment": "Bearish"}, {"id": 428579046, "text": "$AAPL Closing RED", "time": 1642727689.0, "sentiment": ""}, {"id": 428578905, "text": "$AAPL that is it they pre plan the short attack !! I knew it !! We need to be more patient!", "time": 1642727672.0, "sentiment": "Bullish"}, {"id": 428578886, "text": "$AAPL 180 will be next week.now let it fall", "time": 1642727670.0, "sentiment": "Bullish"}, {"id": 428578717, "text": "$SPY WTF just happened \n \n \n$MSFT $QQQ $AAPL $TSLA", "time": 1642727648.0, "sentiment": ""}, {"id": 428578690, "text": "$SPY \n\nMight want to grab your $soxs leaps while retail are still of the opinion that $aapl can never fail.", "time": 1642727644.0, "sentiment": "Bearish"}, {"id": 428578526, "text": "$AAPL \n\nPounded like a $2.00 Ho", "time": 1642727624.0, "sentiment": ""}, {"id": 428577849, "text": "$aapl whats the holdup here? Underperforming Nasdaq by 50 points", "time": 1642727541.0, "sentiment": ""}, {"id": 428576457, "text": "$AAPL  \n. \nPuts all day. \n.", "time": 1642727356.0, "sentiment": "Bearish"}, {"id": 428576344, "text": "$AAPL has a good Piotroski-F score of 7.00. This indicates a good health and profitability. https://www.chartmill.com/stock/analyzer/stock/AAPL?view=fundamental-analysis&amp;key=bb853040-a4ac-41c6-b549-d218d2f21b32&amp;utm_source=stocktwits&amp;utm_medium=FA&amp;utm_content=AAPL&amp;utm_campaign=social_tracking", "time": 1642727340.0, "sentiment": ""}, {"id": 428575786, "text": "Equity Sentiment: $AAPL is the #3 stock that institutions are trading with 26.0K options contracts.\n\nMarket analysis included in screenshot of dashboard from http://insiderfinance.io.", "time": 1642727258.0, "sentiment": ""}, {"id": 428575761, "text": "Twitter Launches NFT Profile Pic Verification for Some iPhone ... $AAPL\n\u25ba https://decrypt.co/?p=90847", "time": 1642727255.0, "sentiment": ""}, {"id": 428575660, "text": "$AAPL 170", "time": 1642727239.0, "sentiment": "Bullish"}, {"id": 428575561, "text": "$AAPL Est earnings are to bet expectations", "time": 1642727228.0, "sentiment": "Bullish"}, {"id": 428575542, "text": "$AMZN - thank you for the shares\u2026 bought heavy and more $3115 \u2026 \n\n*SEE PIC for 12 month price target \ud83c\udfaf \n\ud83d\udea8 $AAPL $TSLA $MSFT $NVDA \nAMZN most on sale big cap tech.. due for a breakout", "time": 1642727226.0, "sentiment": "Bullish"}, {"id": 428574887, "text": "$AAPL !", "time": 1642727144.0, "sentiment": ""}, {"id": 428574204, "text": "$AAPL can\u2019t wait for tomorrow \ud83d\ude0d\ud83d\ude0d", "time": 1642727064.0, "sentiment": "Bearish"}, {"id": 428573165, "text": "$AAPL AAPL 2022-01-20 Technical Analysis Video: \nhttps://www.youtube.com/watch?v=2plaZHSr3ds", "time": 1642726933.0, "sentiment": ""}, {"id": 428572481, "text": "$AAPL They keep laughing at me and I keep getting $$ printed! and yes!! I\u2019m holding overnight", "time": 1642726843.0, "sentiment": "Bearish"}, {"id": 428572138, "text": "$AAPL - Powerful MACD Sell signal today, avoid buying..", "time": 1642726800.0, "sentiment": "Bearish"}, {"id": 428570720, "text": "$TSLA $SPY $QQQ $AAPL\n\nI miss seeing red it\u2019s my favorite \ncolor\ud83d\ude22", "time": 1642726611.0, "sentiment": "Bearish"}, {"id": 428570008, "text": "$BKKT at $5? People are either stupid.. or out of their minds. \n \nGo to the other feeds and let people know about this..  \nMC, Google and Fiserv all involved.  $AAPL $PFE $BTC.X  \nhttps://fintechs.fi/2021/10/09/google-partners-with-bakkt-to-introduce-crypto-to-millions-of-consumers/", "time": 1642726521.0, "sentiment": ""}, {"id": 428569725, "text": "$AAPL These politicians talking to people like we kids. I wanna see them ride a bicycle between 2 cities everyday", "time": 1642726485.0, "sentiment": "Bullish"}, {"id": 428569230, "text": "$AAPL the funny thing is shorts telling us to sell our stock \ud83d\ude48", "time": 1642726421.0, "sentiment": "Bullish"}, {"id": 428568916, "text": "$AAPL long. Let\u2019s go!", "time": 1642726385.0, "sentiment": "Bullish"}]