[{"id": 428545099, "text": "$AAPL i think they want the $170 calls for the low low price", "time": 1642723432.0, "sentiment": ""}, {"id": 428545023, "text": "@worstin $AAPL is a special case, particularly as the &quot;biggest&quot; megacap, it&#39;s basically a money storage tool for funds.\n\nThere are many ways to play the market. If you&#39;re more of a passive investor (in which case, why bother with StockTwits?) then buying and never trading a stock may be the way to go. But some who have more time on their hands can squeeze extra profits, repeatedly buying and selling the same stocks over and over.\n\nI have some favorites &quot;repeaters&quot; that have runs and then drop; giving the opportunity to capture profits each time. \n\nSometimes this is necessary, even with good, well-known companies. Over the past year, many big names have dropped significantly. Look, for example at Nordstrom&#39;s ($JWN) -- exactly a year ago, it was at around $37. Right now, it&#39;s at 22.28, a 40%+ loss. But there were many times over the past year to have captured profit. I&#39;m back in it at 19.67 as of last month.", "time": 1642723426.0, "sentiment": ""}, {"id": 428544393, "text": "$AAPL  \ud83c\udf4f Noontime Short Gangs, hitting the Tape.", "time": 1642723351.0, "sentiment": "Bullish"}, {"id": 428544136, "text": "$AAPL Told you idiots not to celebrate early", "time": 1642723322.0, "sentiment": "Bullish"}, {"id": 428543177, "text": "$AAPL repeat of yesterday? \ud83d\ude11", "time": 1642723218.0, "sentiment": "Bullish"}, {"id": 428542307, "text": "$AAPL I suspect this crushes earnings the airtag will probably provide huge numbers for them this quarter", "time": 1642723118.0, "sentiment": "Bullish"}, {"id": 428542072, "text": "$SPY $QQQ $AAPL $AMZN \n\nHighly-highly inflationary #, and blow-out PPI (producer price index) beats: peoples, they just SCREAM GLOBAL INFLATION EN ROUTE.\n\nScary, scary, stuff, we&#39;re headed back to a Greece level crisis and the FED can&#39;t do a thing about it except raise rates to get inflation cut into that&#39;s going to keep going, and, going, and, going, too, folks, well past end of year, USA&#39;s!!, until..... !!! \ud83d\ude31\ud83d\udea8\n\nuntil Peak Inflation reached of 24% in Jan. 2023 . \n\nYes, my prognostication, and it will be true if Powell &amp; FED path not immediate mentality, &quot;We must begin to stop inflation now, end bond buying to our reluctant state going so, February, plus, this is unprecedented.\n\nWhat could Powell say: \nWell.\n&quot;We&#39;ll stop bond buying now, no taper, plus a 0.25% rate hike FEBRUARY in all likelihood. It could be 0.50%. Just depends on ERs rest of Q1 panning out. If ERs GOOD, we&#39;ll have no choice but to start rate hikes .50%, or higher for FED funds rate. Grim outlook at this time.&quot;", "time": 1642723094.0, "sentiment": ""}, {"id": 428541094, "text": "$AAPL Instead of shorting AAPL go after PTON which was up more than Apple yesterday Wall St Crooks!", "time": 1642722977.0, "sentiment": ""}, {"id": 428541007, "text": "$AAPL bloop bloop.", "time": 1642722968.0, "sentiment": ""}, {"id": 428540941, "text": "$AAPL and with that news, my puts are green.", "time": 1642722959.0, "sentiment": "Bearish"}, {"id": 428540252, "text": "$NVDA is like $AAPL 10 years ago but unlike Apple, CEO is not afraid pioneer", "time": 1642722880.0, "sentiment": "Bullish"}, {"id": 428540227, "text": "$AAPL NEW ARTICLE : Lawmakers look to break up Big Tech with new antitrust bill https://www.stck.pro/news/AAPL/21651548", "time": 1642722876.0, "sentiment": ""}, {"id": 428539412, "text": "$AAPL my \ud83c\udf4e puts are the only ones that haven&#39;t printed yet.  Come on back down to the &lt; $167 range.", "time": 1642722774.0, "sentiment": "Bearish"}, {"id": 428539050, "text": "Peloton $PTON to halt production of its Bikes, treadmills as demand wanes~\n#mHealth \n#BikeToWork\n#RunToDaylight \n#WalkwithWisdom\n#BrainWarriorsWay\n\ud83c\udf0e\ud83c\udf33\ud83e\udd29\ud83e\udde0\u26a1\ufe0f\ud83d\udc93\ud83d\udeb4\ud83c\udffb\u200d\u2642\ufe0f\ud83d\udca8\n$PLNT | $LTH | $NLS \n$AAPL  https://www.cnbc.com/2022/01/20/peloton-to-pause-production-of-its-bikes-treadmills-as-demand-wanes.html?__source=iosappshare%7Ccom.stocktwits.StockTwits.STShareExtension", "time": 1642722733.0, "sentiment": ""}, {"id": 428538708, "text": "$AAPL jump is small compared to Nasdaq and spy. Need to close over 170 and not collapse at end of the day", "time": 1642722695.0, "sentiment": ""}, {"id": 428538460, "text": "$AAPL prob heading back below 50 day", "time": 1642722663.0, "sentiment": ""}, {"id": 428537232, "text": "$AAPL will drop with the rest of the market. Don&#39;t be drawn in due to earnings report. 165 is likely.", "time": 1642722505.0, "sentiment": "Bearish"}, {"id": 428537196, "text": "$AAPL Lacking any real momentum.IP ygen back down. Can&#39;t build on any piditive movement.", "time": 1642722498.0, "sentiment": "Bullish"}, {"id": 428536792, "text": "$AAPL looks like tomorrow is 100% gamble. Either this stays or goes below $165", "time": 1642722444.0, "sentiment": ""}, {"id": 428536599, "text": "$AAPL   \ud83c\udf4f Volume, 39.5 Million.", "time": 1642722417.0, "sentiment": "Bullish"}, {"id": 428536400, "text": "$AAPL made 1400ish on a scalp can\u2019t complain \ud83d\ude02", "time": 1642722388.0, "sentiment": ""}, {"id": 428536295, "text": "$AAPL doesn&#39;t look like much if you are just doing commons or you have some far out leaps but this price action is absolutely killing weeklies in both directions", "time": 1642722375.0, "sentiment": "Bullish"}, {"id": 428536107, "text": "$AAPL", "time": 1642722349.0, "sentiment": "Bullish"}, {"id": 428534149, "text": "$SPY $AAPL $MS $MSFT $TSLA channeling", "time": 1642722075.0, "sentiment": ""}, {"id": 428533923, "text": "$AAPL sell your shares before they sell them short for you.", "time": 1642722045.0, "sentiment": "Bearish"}, {"id": 428532479, "text": "$AAPL $MSFT  will drop too just up for the earnings hype", "time": 1642721849.0, "sentiment": "Bearish"}, {"id": 428532466, "text": "$AAPL we need s 2.5% day ad tomorrow through bears will try and pullnit back down. So let&#39;s go bulls", "time": 1642721847.0, "sentiment": "Bullish"}, {"id": 428532454, "text": "$AAPL ZzzzZZZZZZZZZZZzZZZZzzzzzzzZzzzzz", "time": 1642721845.0, "sentiment": ""}, {"id": 428532445, "text": "$AAPL options on fire to the bottom.", "time": 1642721844.0, "sentiment": ""}, {"id": 428531735, "text": "$AAPL Strange NASDAQ goungbup and $AAPL starting to drop. WTF.", "time": 1642721747.0, "sentiment": "Bullish"}]