[{"id": 428588233, "text": "$AAPL let\u2019s get this to run back up into the close!!!", "time": 1642728809.0, "sentiment": "Bullish"}, {"id": 428588227, "text": "$AAPL $MSFT $XLK tech paranoia massively overdone... tons of upside to be had", "time": 1642728808.0, "sentiment": "Bullish"}, {"id": 428588208, "text": "$AAPL next week will be fun. The Fed minutes the day before earnings when there is increasing fear of what they will do. Could be a buy op since I\u2019d expect more selling going into those minutes and the gdp report", "time": 1642728806.0, "sentiment": ""}, {"id": 428588177, "text": "$AAPL 2.2 before 3T", "time": 1642728802.0, "sentiment": "Bearish"}, {"id": 428588046, "text": "$AAPL 5 trading days till ER and no sign of any run. This is down nearly $18 from the short lived $3T. How much fuzcount do people want. Also remember if it jumps at ER its better to get a percentage of a larger value than a discount one. The bigger the pie through bigger the slice.", "time": 1642728789.0, "sentiment": ""}, {"id": 428587840, "text": "$AAPL Pump and Dump. Tired of this Fng market.", "time": 1642728766.0, "sentiment": "Bullish"}, {"id": 428587802, "text": "$AAPL  \n\nCan\u2019t get 170?", "time": 1642728761.0, "sentiment": ""}, {"id": 428587614, "text": "$AAPL down to 154 and We Rip .", "time": 1642728740.0, "sentiment": "Bearish"}, {"id": 428587550, "text": "$AAPL 200", "time": 1642728732.0, "sentiment": "Bullish"}, {"id": 428587472, "text": "$AAPL \n\nThis bitch is going red.\n\nWow.", "time": 1642728723.0, "sentiment": ""}, {"id": 428587371, "text": "$AAPL SHORT! $$$$$$$$$$$$$$$$$$$$$$$$$$$$", "time": 1642728712.0, "sentiment": "Bearish"}, {"id": 428587286, "text": "$AAPL I dont get it lol. Yield is falling. Record breaking ER around the corner. Market green. Peers green. High multiple growth green. China green.", "time": 1642728703.0, "sentiment": ""}, {"id": 428587281, "text": "$AAPL Oh my", "time": 1642728703.0, "sentiment": ""}, {"id": 428587240, "text": "$AAPL bye bye", "time": 1642728698.0, "sentiment": ""}, {"id": 428587066, "text": "$SPY $ARKK $AAPL that&#39;s mr. Bidan&#39;s market.... Who ever got fuked they must be cursing him to go to hell  \ud83d\ude01", "time": 1642728678.0, "sentiment": ""}, {"id": 428586947, "text": "$SPY $QQQ $AAPL $TSLA this market is done, bear market", "time": 1642728664.0, "sentiment": "Bearish"}, {"id": 428586843, "text": "$AAPL $AMD $MSFT \nLove me\nSome cheapies", "time": 1642728650.0, "sentiment": "Bullish"}, {"id": 428586821, "text": "$SPY $QQQ \n\n\ud83d\udcf0 Welp, looks like the top tech companies won\u2019t be bullish with this type of news.\n\nhttps://www.google.com/amp/s/www.wsj.com/amp/articles/senate-panel-approves-antitrust-bill-restricting-big-tech-platforms-11642701487\n\n$AAPL $GOOGL $AMZN", "time": 1642728647.0, "sentiment": "Bearish"}, {"id": 428586580, "text": "$AAPL Hope there is no power hour as it will chase what remaining bulls there are  away\n I feel totally Bearish with this market and it goes against my grain.", "time": 1642728614.0, "sentiment": "Bearish"}, {"id": 428586544, "text": "$AAPL 162-163 TM", "time": 1642728611.0, "sentiment": "Bearish"}, {"id": 428586357, "text": "$AAPL anti trust probs", "time": 1642728592.0, "sentiment": ""}, {"id": 428586229, "text": "$AAPL bulls don\u2019t want a close below$165. Gives strength to dnside into tomorrow", "time": 1642728574.0, "sentiment": ""}, {"id": 428585983, "text": "$PTON $AAPL where you at with the buyout??", "time": 1642728541.0, "sentiment": ""}, {"id": 428585978, "text": "@hoyasaxa1978 It&#39;s going to correct 10% from that 3 trln. $AAPL", "time": 1642728540.0, "sentiment": ""}, {"id": 428585957, "text": "$AAPL $150 puts 1/28?", "time": 1642728537.0, "sentiment": "Bullish"}, {"id": 428585813, "text": "@cellojoe sorry but $TSLA and Elon will face reality. There will be no cars produced anytime soon in Germany. \ud83d\udcc9\n\n$AAPL is Warren Buffet&#39;s Toy...I won&#39;t touch that. \ud83d\udcc9\ud83d\udcc8\u270c\ud83c\udffc", "time": 1642728521.0, "sentiment": ""}, {"id": 428585715, "text": "@SavvyInvestor I mainly do day trades and overnight trades on $AAPL. Why not trade with us?", "time": 1642728507.0, "sentiment": ""}, {"id": 428585709, "text": "$SPY   * BULLS *    As is Apple, so goes the Market. Now at Gap resistance, Fib retrace, and a 18 month pivot line. Apple was upgraded today as well. No position.  \n$AAPL $XLK  $SMH. $QQQ", "time": 1642728506.0, "sentiment": "Bullish"}, {"id": 428585577, "text": "$AAPL the good news is we\u2019re fuqed so just keep buying", "time": 1642728490.0, "sentiment": ""}, {"id": 428585112, "text": "$NVDA $FB $MSFT $AAPL Giving it up easier than a hooker on holiday", "time": 1642728425.0, "sentiment": ""}]