[{"id": 428618705, "text": "$AAPL can\u2019t hold 166", "time": 1642731886.0, "sentiment": ""}, {"id": 428618392, "text": "$SPY it sure feels like it. $AAPL went red.", "time": 1642731858.0, "sentiment": ""}, {"id": 428618171, "text": "$AAPL \n\nBulls especially me are very disappointed at the set up \u2026 \n\nThese shorts played pretty crafty \u2026 \n\nIf they keep on doing like this, we will murder these shorts very soon!", "time": 1642731839.0, "sentiment": "Bullish"}, {"id": 428618164, "text": "$AAPL where\u2019s that person who asked me if AAPL would hit 95??? \nLet\u2019s chit chat I\u2019m think we just might", "time": 1642731839.0, "sentiment": ""}, {"id": 428617724, "text": "$AAPL closing under 50sma today. Not good.", "time": 1642731796.0, "sentiment": ""}, {"id": 428617722, "text": "$AAPL the dumping is not done", "time": 1642731796.0, "sentiment": ""}, {"id": 428617659, "text": "$AAPL fck. Have to add more leap calls", "time": 1642731791.0, "sentiment": "Bullish"}, {"id": 428616664, "text": "$AAPL  where them bulls at? why did you stop", "time": 1642731702.0, "sentiment": "Bearish"}, {"id": 428616377, "text": "$XOM I wonder if this is a good time to sell and lock in profits after holding bags for two years and harvesting dividends? Feels like the market goes down in waves, first super high P/S tech, then $AAPL and in the end nobody will stand.", "time": 1642731677.0, "sentiment": ""}, {"id": 428615969, "text": "$AAPL $160 before earnings then 130$! \ud83e\udd23\ud83e\udd23\ud83e\udd23 like docusign! With all these bad news, how come it\u2019s still up?! China numba wan!", "time": 1642731637.0, "sentiment": "Bearish"}, {"id": 428615922, "text": "$KT Volume will most likely be over a million + at closing.  This is relatively cheap considering the earnings predictions for February 8th.\n\n$AAPL $SPY $MSFT $TSLA", "time": 1642731632.0, "sentiment": ""}, {"id": 428614081, "text": "$AAPL so this is what it takes for it to outperform nasdaq now lmao. A serious drop in nasdaq. If you cant rise up to their level, drag em down to yours!", "time": 1642731474.0, "sentiment": ""}, {"id": 428613193, "text": "$AAPL \n\nSerious .. oversold .. these algo is numb to it \u2026 alright .. it\u2019s time to go and find the circuit breaker to shut it down ..\n\nIt makes no sense at all!", "time": 1642731398.0, "sentiment": "Bullish"}, {"id": 428613158, "text": "$QQQ $SPY $AAPL  \nShort memory?  \nIt\u2019s coming very soon? \n\ud83d\udc79\ud83d\udc79\ud83d\udc79", "time": 1642731395.0, "sentiment": "Bearish"}, {"id": 428613157, "text": "$AAPL In the recent reporting quarter: 23 institutions initiated a position, while 5 completely liquidated https://insider-analysis.com/search_whales.php?ticker=TABLE_AAPL", "time": 1642731394.0, "sentiment": ""}, {"id": 428613147, "text": "$AAPL \ud83d\udd25\ud83d\udd25\ud83d\udd25ATH mover ,genuine Bear trap.", "time": 1642731393.0, "sentiment": "Bullish"}, {"id": 428613088, "text": "$AAPL any news ???", "time": 1642731388.0, "sentiment": ""}, {"id": 428613042, "text": "$QQQ 200D has arrived  \n \n$AMZN $TSLA $PTON $AAPL", "time": 1642731384.0, "sentiment": ""}, {"id": 428612823, "text": "$AAPL tomorrow $165 puts lottery!!!", "time": 1642731363.0, "sentiment": "Bearish"}, {"id": 428611394, "text": "$AAPL Only in America.", "time": 1642731242.0, "sentiment": ""}, {"id": 428611268, "text": "$TSLA below 1000 not good for the markets! $AAPL red as well", "time": 1642731231.0, "sentiment": ""}, {"id": 428611142, "text": "$AAPL so like, they are just covering and reshorting every 20 cents? That is so lame.", "time": 1642731218.0, "sentiment": ""}, {"id": 428611082, "text": "$TSLA $AAPL $SPY garbage market", "time": 1642731213.0, "sentiment": ""}, {"id": 428610992, "text": "$AAPL  \n \nNo mor3e bounces left. Another perfect Hedge Fund profit bonanza pushing this up $3.50 selling calls, then buying puts and then selling shares. \n \nI wish I was that smart. They do it daily for years and print and print $$$$$$", "time": 1642731204.0, "sentiment": ""}, {"id": 428610651, "text": "$AAPL This correction has legs\ud83d\udc40", "time": 1642731173.0, "sentiment": "Bearish"}, {"id": 428610590, "text": "$AAPL waiting at $158.00 for it.", "time": 1642731167.0, "sentiment": ""}, {"id": 428609893, "text": "$AAPL Earnings report preview. Next week..", "time": 1642731105.0, "sentiment": "Bullish"}, {"id": 428609828, "text": "$aapl i can only imagine the bloodshed had the nas been red..", "time": 1642731099.0, "sentiment": ""}, {"id": 428609688, "text": "@yidarmy yes. I have my long Xbi collared with sold calls through April and shorter protective puts early feb and I\u2019ll roll those until and if 75 is hit, which would be about the worst case $AAPL is my other obvious long put through late spring. \n\nI think crypto is a wildcard.", "time": 1642731085.0, "sentiment": ""}, {"id": 428608917, "text": "$AAPL .618 bounce soon", "time": 1642731014.0, "sentiment": ""}]