[{"id": 428644053, "text": "$AAPL is going to create their own fruit call oranges and taste like shit", "time": 1642733801.0, "sentiment": ""}, {"id": 428643498, "text": "$SPY $AAPL $NFLX $AMZN $TSLA Bears be like", "time": 1642733766.0, "sentiment": ""}, {"id": 428643065, "text": "$AAPL Nasdaq now 13% off of recent high.", "time": 1642733738.0, "sentiment": ""}, {"id": 428642904, "text": "$AAPL 75 mil shares  mark it 3:55pm", "time": 1642733729.0, "sentiment": ""}, {"id": 428642549, "text": "$AAPL buy the dip they said, dipp keeps on dipping i say.", "time": 1642733707.0, "sentiment": "Bearish"}, {"id": 428642266, "text": "$AAPL Buy and Hold Ladies and Gentlemen! The day apple comes out with their car \ud83d\ude80\ud83d\ude80\nWe in it for the long hold. Will eventually go up as always. Reason why it\u2019s a slow climb up but it ALWAYS CLIMBS UP!", "time": 1642733688.0, "sentiment": "Bullish"}, {"id": 428641978, "text": "$AAPL Oof. At least my short term $60 put contract are on point.  I can only imagine where Apple might go when the Fed meeting comes and earnings arrive.", "time": 1642733670.0, "sentiment": ""}, {"id": 428641853, "text": "$AAPL blood everywhere", "time": 1642733661.0, "sentiment": "Bearish"}, {"id": 428641751, "text": "2 Blue-Chip Stocks Consolidate In A Key Pattern: What Will The Break Bring For Apple And Disney? $AAPL $DIS https://benzinga.com/z/25143331#.YenL2khWr0I.twitter", "time": 1642733653.0, "sentiment": ""}, {"id": 428641631, "text": "$AAPL \n\nThis is true sentiment to tell you to buy and hold.\n\nMany people always bet so short term .. that\u2019s why it\u2019s killing this month and next month!!", "time": 1642733644.0, "sentiment": "Bullish"}, {"id": 428641564, "text": "$NDX $VTI $AAPL $GSAT $SYRS Wow that was close! For a while there I thought I might not lose more money today \ud83d\ude2b", "time": 1642733639.0, "sentiment": ""}, {"id": 428641374, "text": "$AAPL glad I bought LEAPs. Still Bullish +112% up.", "time": 1642733625.0, "sentiment": "Bullish"}, {"id": 428641295, "text": "$AAPL absolutely smoked, 160 up next", "time": 1642733619.0, "sentiment": "Bearish"}, {"id": 428640899, "text": "$AAPL This is actually comical.", "time": 1642733589.0, "sentiment": ""}, {"id": 428640596, "text": "$AAPL I am not concerned buy the dip half at today price  - the next half day after earnings call  January 28-2022", "time": 1642733568.0, "sentiment": "Bullish"}, {"id": 428640506, "text": "$AAPL last 5 minutes of volume - crucial....", "time": 1642733562.0, "sentiment": ""}, {"id": 428640372, "text": "$AAPL tomorrow is going to be fuggin ugly", "time": 1642733552.0, "sentiment": "Bearish"}, {"id": 428640235, "text": "$AAPL $DIS 2 Blue-Chip Stocks Consolidate In A Key Pattern: What Will The Break Bring For Apple And Disney? \n\nhttps://newsfilter.io/a/c173b67442613c45ec32e7c97b9c592f", "time": 1642733543.0, "sentiment": ""}, {"id": 428640177, "text": "$AMD I&#39;m hoping most of my buddies listened, all very smart, but Waders \ud83d\ude05\ud83d\ude02, just kidding, he might be smartest of all the chart genous he posts, but, yeah, @hawk36 is a genuine thesis master &amp; JupiterJupes , like I said, 2nd best Meme guy on here. @Jupitertrades \n\nWho&#39;s first? Listening to him now, bruh. \n\nAnd, yeah, 3rd @richiewasaverypooralien BUT THIS IS SCARY, GUYS, don&#39;t believe the tales of bull lore you must have &#39;diamond hands,&#39; which I&#39;ve spoke to before, is NOT long, long term holding, just a &quot;daytrader version,&quot; so , u know, til going gets too rough, beyond reason.....\n\nLike now.\n\nAs Hawk said to me once and IT WAS GREAT ADVICE, he first said, something else when things got bad in macro environment.\n\nForget what and you guys HAVE to listen now: \n\n&quot;Decision time.&quot; \n\nGod bless your trades \n*do own DD \n\n$AAPL $QQQ $F", "time": 1642733539.0, "sentiment": ""}, {"id": 428639986, "text": "$AAPL I LOVE BIDEN \u2764\ufe0f", "time": 1642733528.0, "sentiment": ""}, {"id": 428639761, "text": "$AAPL - Pay attention to the technicals, price is no indicator of trend..", "time": 1642733513.0, "sentiment": "Bearish"}, {"id": 428639691, "text": "$AAPL panic in the disco bro! Here\u2019s some heart attack for you! \ud83e\udd23\ud83e\udd23\ud83e\udd23\ud83e\udd23\ud83e\udd23\ud83e\udd23", "time": 1642733507.0, "sentiment": "Bearish"}, {"id": 428639686, "text": "$AAPL this has another 10-15% to drop.", "time": 1642733507.0, "sentiment": ""}, {"id": 428639326, "text": "$AABB $TSLA $AAPL $GOOG $MSFT $AABB  3.7B estimated shares short. Just need to buy &amp; hold for GOLD", "time": 1642733481.0, "sentiment": "Bullish"}, {"id": 428639151, "text": "$AAPL Market collapse imminent $$$$$$$$$$$$$$$$$$$$$$$", "time": 1642733467.0, "sentiment": "Bearish"}, {"id": 428639102, "text": "$AAPL Man, calls this morning and puts this evening. Great day.", "time": 1642733464.0, "sentiment": "Bullish"}, {"id": 428638455, "text": "$aapl looking forward to catching this one ~ 100 dma", "time": 1642733415.0, "sentiment": ""}, {"id": 428638316, "text": "$AAPL If you buy calls, do it months out. My June calls are fine.", "time": 1642733405.0, "sentiment": "Bullish"}, {"id": 428637991, "text": "$AAPL  all my short calls are going worthless....excellent!", "time": 1642733379.0, "sentiment": ""}, {"id": 428637108, "text": "$AAPL stock will head to 162 164 tomorrow.", "time": 1642733312.0, "sentiment": ""}]