[{"id": 428679145, "text": "$AAPL So apple will never make a new high ever again.... LOL Congrats if this is your first apple stock purchase and you hold it . Always keep some powder in the keg for days like these. I`ll be back WHEN we make a new high. Just as I`ve done .CYA!!!", "time": 1642736693.0, "sentiment": ""}, {"id": 428678844, "text": "$AAPL couldn&#39;t catch support.", "time": 1642736665.0, "sentiment": "Bearish"}, {"id": 428678189, "text": "$AMC $AAPL Bluechips are also getting hit. Here is he apple chart.", "time": 1642736599.0, "sentiment": "Bullish"}, {"id": 428678162, "text": "$AAPL AH ripping bulls! come on, say it bulls! hahahahaha", "time": 1642736597.0, "sentiment": "Bearish"}, {"id": 428677977, "text": "$AAPL just purchased a little more so I\u2019ll go into the morning with a half position. Thanks!!!", "time": 1642736580.0, "sentiment": "Bullish"}, {"id": 428677909, "text": "$AAPL ok we can stop dropping now", "time": 1642736573.0, "sentiment": "Bullish"}, {"id": 428677880, "text": "$SPY $AAPL $AMZN $GOOG $NFLX", "time": 1642736570.0, "sentiment": ""}, {"id": 428677648, "text": "Once $aapl gets the $nflx treatment we have a fun market", "time": 1642736548.0, "sentiment": ""}, {"id": 428677631, "text": "$DIS markets will get crushed $AAPL $NFLX", "time": 1642736545.0, "sentiment": "Bearish"}, {"id": 428677571, "text": "$NFLX Thank you Biden and JPOW for this red day.  No more cheap money left to pump this back up. death to FAANG stocks now.  $AMZN $FB $GOOG $AAPL", "time": 1642736539.0, "sentiment": ""}, {"id": 428677323, "text": "$AAPL \ud83e\ude78\ud83e\ude78\ud83e\ude78", "time": 1642736516.0, "sentiment": ""}, {"id": 428677299, "text": "$SPY $SPX $AAPL $NVDA look at that strong boner VIX has today! looks looks like roid rage on viagra! hahahaha", "time": 1642736514.0, "sentiment": "Bearish"}, {"id": 428676526, "text": "$AAPL $MSFT  Back to 15 PE for both.  Don&#39;t buy until then.", "time": 1642736446.0, "sentiment": ""}, {"id": 428676218, "text": "@venture77 @Shapla netflix down 18%still impacts sp500 not as greatly as $AAPL watched all chip makers and tech getting sold off not sure is it because of earnings preview or opex", "time": 1642736414.0, "sentiment": ""}, {"id": 428675961, "text": "$AAPL so buy the dip? Asking for a friend?", "time": 1642736388.0, "sentiment": ""}, {"id": 428675752, "text": "$AAPL \nHow y\u2019all feeling here", "time": 1642736367.0, "sentiment": ""}, {"id": 428675728, "text": "$AAPL Please keep dropping please", "time": 1642736365.0, "sentiment": ""}, {"id": 428675393, "text": "$AAPL so you got 2 big technology ceos telling them dumbasses that don&#39;t know shit about technology don&#39;t pass the bill and they tell them why and they still pass it wow USA going down the drain too many uneducated people running this country.", "time": 1642736332.0, "sentiment": ""}, {"id": 428674795, "text": "Thursday Option Volumes\n\n$AAPL 1.290m (57% call/43% put)\n$F 1.261m (58% call/42% put)\n$TSLA 1.191m (54% call/46% put)\n$SOFI 1.177m (71% call/29% put)\n\nLynk in bayo for option trading ideas", "time": 1642736275.0, "sentiment": ""}, {"id": 428674429, "text": "$AMZN reverse gear applied\u2026.Tomorrow it shall see 2900s \n\n$AAPL will test 157 / 200 sma\n\n$MSFT testing 298 and 292 / 200 sma\n\n$NFLX killing the spirit\u2026 when they announced the hike it should have been understood that they are not getting growth.\n\nMsft is the golden goose! \n\nNothing is safe!  Tomorrow I am going to buy the dip in msft for day trade in the pre markets. Sure it is gapping down!", "time": 1642736235.0, "sentiment": ""}, {"id": 428674219, "text": "$AAPL $tsla  just a thought if russia indeed does invade ukraine then Market fuked without lube right??", "time": 1642736216.0, "sentiment": ""}, {"id": 428673981, "text": "5-Day Equity Sentiment Recap: $AAPL is the #1 stock that institutions are trading over rolling 5 day window with 267.4K options contracts.\n\nMarket analysis included in screenshot of dashboard from http://insiderfinance.io.", "time": 1642736190.0, "sentiment": ""}, {"id": 428673937, "text": "$AAPL $62 puts you at pre-pandemic high.", "time": 1642736186.0, "sentiment": ""}, {"id": 428673909, "text": "Most Traded Contracts \n\n$AAPL January $165 Put\n$AAPL January $167.50 Put\n$AAPL January $167.50 Call\n$F February $28 Call\n$F February $28 Put\n$AAPL January $170 Put\n$AMD January $125 Put\n$F January $22 Put\n$TSLA January $1100 Put\n$AAPL January $160 Put", "time": 1642736184.0, "sentiment": ""}, {"id": 428673866, "text": "$NFLX another large cap BITES THE DUST... Scary scary scary too watch folks. CASH IS KING FOR ME! Will refuse to give back the tons of $$ we made 2020-2022. $SPY $QQQ $AAPL $AMZN... Lets stay safe and keep focused on crushing the downside", "time": 1642736181.0, "sentiment": "Bearish"}, {"id": 428673695, "text": "$VIAC When the dust settles and the facts come out $NFLX $ROKU $DIS $AAPL going to see the value here and we are going to rocket.  Hold tight its coming.", "time": 1642736166.0, "sentiment": "Bullish"}, {"id": 428673171, "text": "$AAPL i said bulls would regret having me lose 400$ but now im up 1200! Good ol strategy. \ud83d\udc4e\ud83d\udc4e\ud83d\udc4e\ud83d\udc4e\ud83d\udc4e\ud83d\udc4e\ud83d\udc4e\ud83d\udc4e\ud83d\udc4e\ud83d\udc4e  \n\n\ud83d\udd95\ud83d\udd95\ud83d\udd95 Bulls\ud83d\udd95\ud83d\udd95\ud83d\udd95", "time": 1642736117.0, "sentiment": ""}, {"id": 428673055, "text": "$AAPL NEW ARTICLE : Apple&#39;s Tim Cook, Alphabet&#39;s Sundar Pichai personally lobbied against Big Tech bill https://www.stck.pro/news/AAPL/21661137", "time": 1642736106.0, "sentiment": ""}, {"id": 428673004, "text": "$AAPL This is the stock that&#39;s held my whole portfolio together, this and $BRK.B .  \n \nThank you for that little favor in life Apple.", "time": 1642736101.0, "sentiment": "Bullish"}, {"id": 428672704, "text": "$SPY $PTON $NFLX $LCID $AAPL - -  &quot;how low can it go?&quot;", "time": 1642736071.0, "sentiment": "Bearish"}]