[{"id": 428608641, "text": "$SPY $FB $TSLA $AAPL \nwill tmmr open green?", "time": 1642730990.0, "sentiment": "Bullish"}, {"id": 428608437, "text": "$AAPL dont cover a losing position! \ud83e\udd23\ud83e\udd23\ud83e\udd23\ud83e\udd23\ud83e\udd23", "time": 1642730971.0, "sentiment": "Bearish"}, {"id": 428607946, "text": "$AAPL this month is full of bull traps ..\n\nUsing the strong ER as excuse to wipe your money.\n\nThat\u2019s why don\u2019t bet thinking it will beat ER.\n\nFk these algo!", "time": 1642730925.0, "sentiment": "Bullish"}, {"id": 428607828, "text": "$AAPL BYE BYE \ud83d\udc4b. TM 162-163", "time": 1642730914.0, "sentiment": "Bearish"}, {"id": 428607798, "text": "$AAPL just cover at this point. Thats PLENTY of winning.", "time": 1642730911.0, "sentiment": "Bullish"}, {"id": 428607389, "text": "$AAPL Biden just pushing stuff down. Buy because eventually he\u2019ll be gone!", "time": 1642730876.0, "sentiment": "Bullish"}, {"id": 428607183, "text": "$AAPL $SPY maybe not lol", "time": 1642730857.0, "sentiment": ""}, {"id": 428606804, "text": "$AAPL easy short money $$$$$$$$$$$$$$$$$$$$$$", "time": 1642730823.0, "sentiment": "Bearish"}, {"id": 428606649, "text": "@DoNamTrung +$AAPL +$MSFT +$TSLA\n$AMZN has been a fucking dog far longer than the rest of the top names. It&#39;s pitiful. I guess all the stay at home types stopped ordering from them. Smh", "time": 1642730808.0, "sentiment": ""}, {"id": 428606525, "text": "$PTON vs $AAPL \ud83d\ude06\ud83d\ude06\ud83d\ude06", "time": 1642730796.0, "sentiment": ""}, {"id": 428606319, "text": "$AAPL helluva \ud83d\udc3b market", "time": 1642730777.0, "sentiment": ""}, {"id": 428606314, "text": "$AAPL  \n \n$3.00 ACID RAIN DROP. \n \nOUCH!", "time": 1642730777.0, "sentiment": "Bullish"}, {"id": 428605908, "text": "$AAPL as I said before. The algos will wear you out.", "time": 1642730734.0, "sentiment": ""}, {"id": 428605487, "text": "$AAPL no volume. Just this one makes it scary. \ud83e\udd23\ud83e\udd23\ud83e\udd23", "time": 1642730691.0, "sentiment": "Bearish"}, {"id": 428605288, "text": "$AAPL Here we go", "time": 1642730671.0, "sentiment": "Bearish"}, {"id": 428605103, "text": "$SPY $AAPL how is Apple not plummeting?", "time": 1642730652.0, "sentiment": "Bearish"}, {"id": 428604833, "text": "$AAPL \n\nMotley Fool and Seeking Alpha are criminals who are paid by Hedge Funds/Market Makers to whipsaw retail investors and steal all their money", "time": 1642730623.0, "sentiment": "Bullish"}, {"id": 428604252, "text": "$AAPL $SPY power hour anyone?", "time": 1642730554.0, "sentiment": ""}, {"id": 428604147, "text": "Tech Stocks Need a Life Raft. Earnings Season Could Be It.  $AAPL $MS $MSFT \n\nhttps://newsfilter.io/a/2f48db1a47b79d21373f42ede5cdbed0", "time": 1642730542.0, "sentiment": ""}, {"id": 428603970, "text": "$AAPL time to Buy $PTON for apple fitness \ud83d\ude0f\ud83e\udd14\ud83d\ude06", "time": 1642730524.0, "sentiment": ""}, {"id": 428603598, "text": "$AAPL Poots setup for next week. Added poots here!", "time": 1642730484.0, "sentiment": "Bearish"}, {"id": 428603449, "text": "$AAPL Bouncing off these levels \ud83d\udc4c is a givin..", "time": 1642730469.0, "sentiment": "Bullish"}, {"id": 428602985, "text": "$INO $INO $VXRT Hedge Funds ( AKA RHOOD ) are using your shares to lower the Price ... Lock them up with a high sell price they will not be able to use them... You will see they will even cxl your order to access them... Just be aware and replace the order... They are doing this to me for $BFRII the entire last 2 hours yesterday and today again same shit ... I Locked ALL my shares like ALL even $AAPL Fuck them!!!!!!!!", "time": 1642730422.0, "sentiment": ""}, {"id": 428602587, "text": "$BKKT $BKKT $VXRT Hedge Funds ( AKA RHOOD ) are using your shares to lower the Price ... Lock them up with a high sell price they will not be able to use them... You will see they will even cxl your order to access them... Just be aware and replace the order... They are doing this to me for $BFRII the entire last 2 hours yesterday and today again same shit ... I Locked ALL my shares like ALL even $AAPL Fuck them!!!!!!", "time": 1642730384.0, "sentiment": "Bullish"}, {"id": 428602480, "text": "Lawmakers approve Big Tech antitrust overhaul, but with strings attached \n \nThe bill would ban dominant tech platforms from favoring their own services and products over those of their competitors \n \n$SPY $QQQ $GOOG $AAPL $FB \n \nhttps://www.theverge.com/2022/1/20/22893641/antitrust-big-tech-reform-amazon-google-apple-klobuchar-grassley", "time": 1642730374.0, "sentiment": ""}, {"id": 428602421, "text": "$AAPL    \ud83c\udf4f All Indices in Sync: at lows of Day\u2026but, all Green.  EOD move?", "time": 1642730368.0, "sentiment": ""}, {"id": 428602141, "text": "$AAPL one of the more textbooks H&amp;S formations you&#39;ll see. Breaking the neckline - yuck", "time": 1642730337.0, "sentiment": "Bearish"}, {"id": 428601988, "text": "$SQ $AAPL $QQQ $MRVL Lots of bull traps today. Guessing we are getting close to that last major flush now.", "time": 1642730322.0, "sentiment": "Bearish"}, {"id": 428601928, "text": "$OCGN $OCGN $VXRT  Hedge Funds ( AKA RHOOD ) are using your shares to lower the Price ... Lock them up with a high sell price they will not be able to use them... You will see they will even cxl your order to access them... Just be aware and replace the order... They are doing this to me for $BFRI the entire last 2 hours yesterday and today again same shit ... I Locked ALL my shares like ALL even $AAPL Fuck them!!", "time": 1642730317.0, "sentiment": "Bullish"}, {"id": 428601337, "text": "$AAPL 166? You seriously giving me free money?! Yes please", "time": 1642730254.0, "sentiment": "Bullish"}]