[{"id": 428685780, "text": "$AAPL", "time": 1642737354.0, "sentiment": "Bullish"}, {"id": 428685522, "text": "$AAPL A couple little gaps to fill then BOOYAH!", "time": 1642737322.0, "sentiment": "Bullish"}, {"id": 428684918, "text": "$SNAP $rblx $twtr $AAPL  \nall down like crazy... do not listen to stupid bears.. \n \nwe will bounce very soon!!!", "time": 1642737256.0, "sentiment": "Bullish"}, {"id": 428684912, "text": "$AAPL you stupid bears \ud83d\udc3b this Apple \ud83c\udf4e stock go away \nBiggest earning in Apple history is next week so enjoy your short position and puts while you can \ud83d\udcc8\ud83d\udcc8\ud83d\udcc8\ud83d\udc02\ud83d\udc02", "time": 1642737255.0, "sentiment": "Bullish"}, {"id": 428684498, "text": "@trompzilla it\u2019s all about perspective and what stocks you are referring to. For example let\u2019s take $AAPL just recently hit its new high. Of course it may seem like it\u2019s the new top but when we take $DKNG and other similar stocks that have already lost 60+% from all time highs we can conclude there\u2019s very little downside compared to the stocks who have barely reached news highs recently", "time": 1642737215.0, "sentiment": ""}, {"id": 428683872, "text": "$NFLX Man if people aren\u2019t signing up for $15 I can\u2019t wait to see what they think about paying $1200 for a phone from $AAPL", "time": 1642737154.0, "sentiment": ""}, {"id": 428683865, "text": "Next market drama is probably gonna be recession themed due to high global inflation\n\nHigh inflation= reduced purchasing power so ppl spend less\n\nBusinesses lose revenue so they cut costs by reducing staff= less jobs in the market +increase in unemployment rate\n\nResult= RECESSION \ud83c\udf7f\ud83d\udc40\n\n$SPY $ARKK $AAPL $TSLA $BTC.X", "time": 1642737153.0, "sentiment": ""}, {"id": 428683817, "text": "$AAPL Can get uglier ... see $NFLX for reference", "time": 1642737147.0, "sentiment": ""}, {"id": 428683585, "text": "$AAPL LOTTOS TOMORROW!! I bought each option for .27.", "time": 1642737123.0, "sentiment": "Bearish"}, {"id": 428683542, "text": "$SPY if $AAPL and $GOOGL can go down 20% \n \nI will deploy more capital", "time": 1642737118.0, "sentiment": ""}, {"id": 428683393, "text": "$AAPL im a simple man. If apple goes into correction territory then i start buying", "time": 1642737105.0, "sentiment": ""}, {"id": 428683074, "text": "$NFLX Guidance is all fcked up!! Wallstreet uses this mania to Clobber $AAPL", "time": 1642737071.0, "sentiment": ""}, {"id": 428682851, "text": "$AAPL so apple pulling back on Netflix print is dumb. Also $NFLX is now looking attractive. Will look to play options tomorrow if this pullback holds up.", "time": 1642737050.0, "sentiment": "Bullish"}, {"id": 428682603, "text": "$AAPL can someone pls tell the news", "time": 1642737026.0, "sentiment": ""}, {"id": 428682455, "text": "$AAPL y?", "time": 1642737009.0, "sentiment": ""}, {"id": 428682237, "text": "$AAPL $SPY AGREE", "time": 1642736990.0, "sentiment": ""}, {"id": 428681978, "text": "$AAPL get ready foe this bear trap", "time": 1642736965.0, "sentiment": ""}, {"id": 428681833, "text": "$AAPL $SPY gap down tomorrow seems most appropriate.", "time": 1642736952.0, "sentiment": "Bearish"}, {"id": 428681390, "text": "$NFLX dragging down $FB, $MSFT, $AAPL in AH as well.", "time": 1642736909.0, "sentiment": "Bearish"}, {"id": 428681325, "text": "$NFLX $SPY $FB $AAPL $TSLA everything is Failing knife \ud83d\udd2a", "time": 1642736902.0, "sentiment": ""}, {"id": 428681181, "text": "$NFLX  $AAPL  $SPY  $QQQ  About to break that 50mda in afterhours. Fun might be just starting...", "time": 1642736888.0, "sentiment": ""}, {"id": 428680810, "text": "$AAPL bulls\ud83d\ude02\ud83d\ude02\ud83d\ude02\ud83d\ude02\ud83d\ude02\ud83d\ude02\ud83d\ude02\ud83d\ude02\ud83d\ude02\ud83d\udd95\ud83d\udd95\ud83d\udd95\ud83d\udd95\ud83d\udd95\ud83d\udd95\ud83d\udd95\ud83d\ude02\ud83d\ude02\ud83d\ude02\ud83d\ude02\ud83d\ude02\ud83d\ude02\ud83d\ude02", "time": 1642736852.0, "sentiment": "Bearish"}, {"id": 428680715, "text": "$AAPL $MSFT $SPY well we had a good run! Gonna be a boring next 10 years of no gains", "time": 1642736842.0, "sentiment": ""}, {"id": 428680656, "text": "$AAPL \nNow what they have the sell Apple \nWhat f", "time": 1642736837.0, "sentiment": ""}, {"id": 428680506, "text": "@TurtleSniffer Ya, I try to troll on both sides to make things interesting. I remember 2018 all to well to be early on a bullish call. Until $aapl sells off I&#39;m keeping my hedges and some shorts positions. I am buying LEAPS on a few things though, but carefully.", "time": 1642736823.0, "sentiment": ""}, {"id": 428680410, "text": "$AAPL this is next $NFLX", "time": 1642736814.0, "sentiment": ""}, {"id": 428680374, "text": "$AAPL  Bulls\ud83d\ude02\ud83d\ude02\ud83d\ude02\ud83d\ude02\ud83d\ude02\ud83d\ude02\ud83d\ude02\ud83d\ude02\ud83d\ude02\ud83d\ude02\ud83d\ude02\ud83d\ude02\ud83d\ude02\ud83d\ude02\ud83d\ude02\ud83d\ude02\ud83d\udd95\ud83d\udd95\ud83d\udd95\ud83d\udd95\ud83d\udd95\ud83d\udd95\ud83d\udd95\ud83d\udd95\ud83d\udd95\ud83d\udd95\ud83d\udd95\ud83d\udd95\ud83d\udd95\ud83d\udd95\ud83d\udd95\ud83d\ude02\ud83d\ude02\ud83d\ude02\ud83d\ude02\ud83d\ude02\ud83d\ude02\ud83d\ude02\ud83d\ude02\ud83d\ude02", "time": 1642736811.0, "sentiment": "Bearish"}, {"id": 428679849, "text": "$AAPL well, should have held my 165 puts overnight and not swung a few 167 calls for a quick pop in the morning. This is a rough ah.", "time": 1642736758.0, "sentiment": ""}, {"id": 428679406, "text": "$AAPL went from $170 to $162 in a matter of 3 hours.  scary times..... $FORD $SOFI", "time": 1642736718.0, "sentiment": ""}, {"id": 428679315, "text": "$AAPL is going down to $1 because all Apple subscribers are burning their iphones and casting themselves into the sea.  Or not.", "time": 1642736708.0, "sentiment": ""}]