[{"id": 428705417, "text": "$AAPL should\u2019ve held my puts jeezus", "time": 1642739643.0, "sentiment": ""}, {"id": 428705268, "text": "$AAPL \n\nTmw I\u2019m going to close my eyes and swallow the max pain \u2026\n\nI will be surprised if it turned green EOW!", "time": 1642739622.0, "sentiment": "Bullish"}, {"id": 428705066, "text": "@BoomerAlert82 $AAPL is still a good buy and no I don\u2019t own any", "time": 1642739598.0, "sentiment": ""}, {"id": 428704724, "text": "$AAPL total shit show", "time": 1642739555.0, "sentiment": "Bullish"}, {"id": 428704234, "text": "$AAPL should buy $PTON", "time": 1642739491.0, "sentiment": ""}, {"id": 428704222, "text": "$AAPL lmao i sold 50 167.5 puts for 1.00 today\u2026. They\u2019d be worth like 20k right now, kill me", "time": 1642739490.0, "sentiment": ""}, {"id": 428703987, "text": "@ArkSwingsAndScalps thats not how valuations work. PE is simply reflective of growth prospects. $AMZN is expected to grow at 36% per annum over next 5 years, vs. 15% for $AAPL. Why shouldN\u2019T Amazon have a higher PE?", "time": 1642739461.0, "sentiment": ""}, {"id": 428703913, "text": "@KevinPeterson_ @Shapla $TESLA $Microsoft $AAPL $IBM all reporting next week really tempted to buy puts for AAPL and tesla but I think I&#39;ll just buy spy puts", "time": 1642739452.0, "sentiment": ""}, {"id": 428703556, "text": "$AAPL AAPL 2022-01-20 Largest Trades Data: \nhttps://www.youtube.com/watch?v=Fy1PSVuF1zw", "time": 1642739408.0, "sentiment": ""}, {"id": 428703346, "text": "$AAPL nflx earnings giving a prelude on whats going to happen of apple misses or guides lower or cites supply chain issue or decrease in margins! Gosh\u2026 too much to take risk\u2026 am bull turned bear now !", "time": 1642739382.0, "sentiment": "Bearish"}, {"id": 428703259, "text": "$AAPL the amount of 1 and 2 shares in buys and sells is doing my heading \ud83d\ude02", "time": 1642739372.0, "sentiment": ""}, {"id": 428702812, "text": "$PTON \n\n\u201cThe $AAPL of clothes hangers\u201d\n\n\ud83d\ude02\ud83d\ude02\ud83d\ude02", "time": 1642739317.0, "sentiment": ""}, {"id": 428702806, "text": "Now I defs don\u2019t trust bulls &amp; bears who say TA don\u2019t work. True that it can\u2019t be 100% accurate and there are other variables to look at but at least it does provide with high probability set ups that doesn\u2019t just come from random hopes and dreams \ud83d\udc40\n\n$spy $arkk $tsla $aapl $btc.x", "time": 1642739317.0, "sentiment": ""}, {"id": 428702490, "text": "$AAPL yo someone tell @fillyg97 to unblock me so i can come skull fuck his mother,", "time": 1642739277.0, "sentiment": "Bearish"}, {"id": 428702395, "text": "$AAPL Just waiting. Everything so weak that even the rallies are short lived. This is on my very close watch list and I&#39;m looking at under 130, maybe down to 110.  Yes, that would be a crazy drop but we lived through some crazy times recently and even 75 is a possibility. This is a tough one, I hope everyone makes money one way or the other. BOLTE", "time": 1642739262.0, "sentiment": ""}, {"id": 428702335, "text": "$AAPL why did we tank today?", "time": 1642739255.0, "sentiment": ""}, {"id": 428700880, "text": "$AAPL drop it like it\u2019s hot \ud83d\udd25 \n\n#AAPL", "time": 1642739084.0, "sentiment": ""}, {"id": 428700720, "text": "$AAPL double bearish divergence on 2 major timeframes, be smart", "time": 1642739064.0, "sentiment": "Bearish"}, {"id": 428700316, "text": "$AAPL market hudge just bouts 1.8 millions shares while everyone we\u2019re selling \ud83d\udce3\ud83d\udc81 they know what is coming next week", "time": 1642739015.0, "sentiment": "Bullish"}, {"id": 428700112, "text": "$AMZN no doubt this will be down another 20% by the time the market\u2018s most overvalued pigs $AAPL $MSFT are down a mere 10% from current levels. The cheapest stocks always get hammered the hardest. Watch Amazon rebound to $4000 by 2023. $QQQ", "time": 1642738988.0, "sentiment": ""}, {"id": 428699515, "text": "$AAPL While everyone was selling half an hour ago someone just absorbed 1.84 millions of Apple stocks.", "time": 1642738917.0, "sentiment": ""}, {"id": 428698844, "text": "$AAPL remember there is no real connection to each of FAANG + M.", "time": 1642738835.0, "sentiment": "Bullish"}, {"id": 428698204, "text": "$AAPL russia touches 1 so much of an inch of Ukraine and the nasdaq drops 3000 points in 2 hours", "time": 1642738756.0, "sentiment": ""}, {"id": 428697998, "text": "$QQQ $TSLA $AAPL $FB  who is going to save us from the 20% drop???", "time": 1642738731.0, "sentiment": ""}, {"id": 428697907, "text": "$NFLX $GOOGL $GOOG $AAPL $FB who&#39;s the next to report in faang ?", "time": 1642738720.0, "sentiment": ""}, {"id": 428697763, "text": "$AAPL Simulated 160.0P for Friday&#39;s open on StockOrbit. \n https://apps.apple.com/us/app/stockorbit/id1541560646", "time": 1642738704.0, "sentiment": ""}, {"id": 428697417, "text": "$AAPL monthly and weakly bearish divergence lolol get out", "time": 1642738662.0, "sentiment": "Bearish"}, {"id": 428697160, "text": "$SPY $ES_F $AMZN $GOOGL $AAPL \n\nThis would have been a perfectly drawn Fib Retracement from the JAN 3 ATH", "time": 1642738632.0, "sentiment": "Bearish"}, {"id": 428696558, "text": "$SPY $AAPL too much doom and gloom. Here\u2019s a unicorn", "time": 1642738560.0, "sentiment": "Bearish"}, {"id": 428696545, "text": "$AAPL $NFLX panic is about slowing down on subscribers, even though they crushed EPS and inline on revenue... over-reaction. \n \n$AAPL diversified their revenue stream to add significant revenue to services - including streaming - very durable and growing.  App Store sales have been strong, as well. \n \n$TSLA in an EV market where EVs only have 3-5% of the market - so a lot of growth expected ahead AND $TSLA exceeded the number of cars built for 2021 and gigafactories about to spin up.  Other EV manufacturers are just building their first cars.", "time": 1642738559.0, "sentiment": "Bullish"}]