[{"id": 428665040, "text": "$AAPL damn thanks for the cheap calls", "time": 1642735383.0, "sentiment": ""}, {"id": 428664915, "text": "$AAPL What is going on!!???", "time": 1642735372.0, "sentiment": ""}, {"id": 428664233, "text": "$NFLX Ouchhhh What happen to the bull market.. $AAPL", "time": 1642735311.0, "sentiment": "Bullish"}, {"id": 428664158, "text": "$NFLX this pos no longer to compete with Paramount Plus of $VIAC, Peacock, $AAPL TV Apple One! It gave a try with games tho lol", "time": 1642735303.0, "sentiment": ""}, {"id": 428663300, "text": "$AAPL $MSFT $AMZN $SPY $NFLX \n\nKeep investing\u2026 Keep compounding.", "time": 1642735225.0, "sentiment": "Bullish"}, {"id": 428663224, "text": "$SPY $LCID $AAPL $NFLX $PTON TODAYS SUMMARY:", "time": 1642735217.0, "sentiment": "Bearish"}, {"id": 428663185, "text": "@sjosephf senate panel put out an antitrust bill against $aapl $GOOGL and $AMZN midday", "time": 1642735213.0, "sentiment": ""}, {"id": 428663129, "text": "$AAPL  \nJ the dog powell is the main culprit in all these ugly declines in red, he needs to do something to keep stocks from falling further.", "time": 1642735207.0, "sentiment": "Bullish"}, {"id": 428663009, "text": "$FUBO maybe $NFLX should buyout Fubo then and start working on their sports audience before $AAPL starts their sports push", "time": 1642735197.0, "sentiment": ""}, {"id": 428662744, "text": "$QQQ $SPY $TSLA $AAPL $350 support on Nasdaq seems inevitable but will market makers fuck over you greedy bears tomorrow?", "time": 1642735171.0, "sentiment": "Bullish"}, {"id": 428662642, "text": "$AMD The problem is AMD Valuation is excessively Expensive\nFrom 2020 it was easy to throw money at anything in the Market and it went up because of The Fed providing massive amounts of money liquidity in the Market \n\nConsequently in this Cyclical Bear Market there will be a lot of loses because of the above indiscriminate reckless behavior.\n\ud83d\udcbc\ud83d\udcbc\ud83d\udcbc\ud83d\udcbc\ud83d\udcbc\ud83d\udcbc\ud83d\udcbc\ud83d\udcbc\ud83d\udcbc\ud83d\udcbc\ud83d\udcbc\n\n$AAPL $NVDA $SPY $QQQ", "time": 1642735161.0, "sentiment": "Bearish"}, {"id": 428662576, "text": "$PTON I bet someone could be starting to eye an acquisition of PTON. Great product, terrible management. $NKE or $AAPL could afford it .", "time": 1642735156.0, "sentiment": ""}, {"id": 428662490, "text": "@petersrq for $NFLX and the streaming competition - not showing subscriber growth is death.  Great on EPS beat and show company can manage the revenue that they have, but slow growth was what I think is an over-reaction and there will be some bargain hunting if you can buy and hold.  $AAPL expectations show expected growth and they have been so good at leveraging the platform (phones, watches, laptops, iPads, etc) to build App Store sales and services subscription growth. \n \n$TSLA manufactured more cars than expected in 2021 and should show positive results - but more importantly is guidance with gigafactories spinning up for more capacity to meet EV demand and other services they are leveraging their &quot;platform&quot; to support.", "time": 1642735148.0, "sentiment": ""}, {"id": 428662375, "text": "$AAPL 150 \ud83d\udd1c", "time": 1642735137.0, "sentiment": "Bearish"}, {"id": 428662081, "text": "$AAPL $NASDAQ $QQQ \n\nNasdaq 15% down from ATH\nQQQ down 10% YTD\nAAPL down 7% YTD\n\nTime to move up\u2026", "time": 1642735111.0, "sentiment": "Bullish"}, {"id": 428662055, "text": "$AAPL ER will save the market next week", "time": 1642735110.0, "sentiment": ""}, {"id": 428661804, "text": "$AAPL $SPY \nApple Current PE: 31. Blood until 24", "time": 1642735088.0, "sentiment": "Bearish"}, {"id": 428661757, "text": "$AAPL this is going to rip so hard next week", "time": 1642735084.0, "sentiment": ""}, {"id": 428661682, "text": "$AAPL right side is bullish on higher time frames.  We only like to buy it in 3, 7 or 11 swing at the blue boxes.   We have been forecasting AAPL to decline for the past week, it is well on its way towards a blue box opportunity further down    #Elliottwave #Trading #stocks", "time": 1642735078.0, "sentiment": ""}, {"id": 428661612, "text": "$AAPL\n\nStop emulating AAPL to NFLX, TSLA and others .\n\nAAPL has diversified portfolios of goods while NFLX and TSLA is only focused on one specific thing.\n\nThat\u2019s why AAPL knew if they had relied only one thing, they would face the similar fate as them.\n\nMSFT already saw this and want to emulate AAPL.\n\nSo don\u2019t attack ever at AAPL or else we will murder these shorts hell out of here!", "time": 1642735071.0, "sentiment": "Bullish"}, {"id": 428661395, "text": "$TSLA \n\n$AAPL Autocorrect is the dumbest I\u2019ve seen beside Trim Crook !! \n\n\ud83d\ude4f\ud83c\udffb\ud83d\udc09\ud83e\udd85", "time": 1642735053.0, "sentiment": "Bullish"}, {"id": 428661196, "text": "IT&#39;S SO DAMN FKN GOOD TO BE A BEAR LATELY.  \n \nhttps://www.youtube.com/watch?v=hVbgkX3gspw&amp;t=2s \n \n$SPY $LCID $PTON $AAPL $NFLX  \n \nBIG MOOD !!!", "time": 1642735037.0, "sentiment": "Bearish"}, {"id": 428661063, "text": "$AAPL Bear Byden doing a number on the market..  I would like to see 3T again..", "time": 1642735026.0, "sentiment": ""}, {"id": 428660758, "text": "$AAPL better to wait and buy @ 125", "time": 1642734998.0, "sentiment": ""}, {"id": 428660600, "text": "$AAPL Bring it on, you bear bastards!  This is WARRRRRR!", "time": 1642734984.0, "sentiment": ""}, {"id": 428660445, "text": "$AAPL all said and done, sob actually outperformed the market.", "time": 1642734972.0, "sentiment": ""}, {"id": 428660152, "text": "$AAPL \n\nAppl is not Netflix", "time": 1642734949.0, "sentiment": "Bullish"}, {"id": 428660093, "text": "$TSLA finally, the march towards investment grade.  $1100 put March, $1000 June Put.  EXPENSIVE, but getting more $$$.  BOOM TIME, 970 open tomorrow, waiting for a circuit breaker!  Is it tomorrow?  $SPY SUB 450...next stop $400!  $AAPL can&#39;t believe i&#39;m saying this but that was a blood bath, took on 170 puts and they are paying out against my position.  This market sucks but is primed for solid correction.  the bull turned bear just like that", "time": 1642734944.0, "sentiment": "Bearish"}, {"id": 428659736, "text": "$NFLX says tech in for blood bath tomorrow $AAPL", "time": 1642734916.0, "sentiment": ""}, {"id": 428659620, "text": "$NFLX $FB $GOOG $AAPL $AMZN \n\nI\u2019d say to just kick Netflix out of FANG but I\u2019m sure the LGBDQ+ would have a meltdown if that happened\u2026", "time": 1642734909.0, "sentiment": ""}]