[{"id": 428696050, "text": "$VIAC LOL, GUY ON CNBC SAID $AAPL SHOULD BUY $NFLX....", "time": 1642738500.0, "sentiment": ""}, {"id": 428695797, "text": "$AAPL  \nhttps://www.dailymail.co.uk/sciencetech/article-10423211/Apple-working-fix-bug-Safari-exposes-users-internet-activity-personal-data.html", "time": 1642738469.0, "sentiment": ""}, {"id": 428695574, "text": "$AAPL isn&#39;t going to buy $NFLX", "time": 1642738441.0, "sentiment": ""}, {"id": 428695337, "text": "Senate panel approves antitrust bill targeting Apple, Google and Amazon\n\n$AAPL $GOOG $AMZN\n\nhttps://www.marketwatch.com/story/senate-panel-approves-antitrust-bill-targeting-apple-google-and-amazon-11642705698?mod=home-page", "time": 1642738412.0, "sentiment": ""}, {"id": 428695099, "text": "$AAPL $PINS This felt like a margin call dump after the last couple days of declines.  People shouldn\u2019t use money they don\u2019t have!", "time": 1642738381.0, "sentiment": ""}, {"id": 428694712, "text": "$AAPL Netflix really holds the market as a predictor of future earnings. Not surprising their number growth was low with people looking to go out and spend rather than watch and spend. The stay at home pandemic stocks are going to tank while tangible goods and services will see an uptick but it\u2019s all contingent upon forecast. Could do phenomenal but if forecasts are bearish, it\u2019ll tank absolutely.", "time": 1642738336.0, "sentiment": ""}, {"id": 428694214, "text": "$AAPL which company is #2 on your list after appl?", "time": 1642738277.0, "sentiment": ""}, {"id": 428694207, "text": "$AAPL HFs raise prices during low volume future trading then splatter their cums on bull&#39;s faces during trading hours. - short for distribution. hahahahaha", "time": 1642738276.0, "sentiment": "Bearish"}, {"id": 428694206, "text": "$AAPL this shit hasn\u2019t fallen enough.. 130s coming..", "time": 1642738276.0, "sentiment": ""}, {"id": 428693199, "text": "$AAPL all the analysts lately have been really bullish on Apple\u2026 for the markets sake I hope they are right. A miss seems to be brutal selling", "time": 1642738158.0, "sentiment": ""}, {"id": 428693174, "text": "$NFLX This is a  epic Build Back BETTER speech got the.market in a FUNK.. $AAPL", "time": 1642738154.0, "sentiment": ""}, {"id": 428692842, "text": "$AAPL \n\nI\u2019m sensing they are working to get all\n1 YR oversold to cross on all indexes ..\n\nIt\u2019s approaching very soon in few days more likely within AAPL earnings and FOMC meeting.\n\nI expect Jerome Powell will delay the decision due to heavy routing !! They will listen and help to rescue the economy.", "time": 1642738116.0, "sentiment": "Bullish"}, {"id": 428692682, "text": "$AMZN $AAPL $TSLA $SPY $GOOGL \nLook Amazon. \nIt\u2019s already below $3,000 \ud83d\ude31", "time": 1642738098.0, "sentiment": "Bearish"}, {"id": 428692360, "text": "$AAPL Rate hike? Cash is king. Just buy the richest company when they&#39;re on discount.", "time": 1642738057.0, "sentiment": ""}, {"id": 428692309, "text": "$SPY If Growth days are over on megatech could nasdaq correct 40%? I don&#39;t think it&#39;s out of the realm of possibility seeing how expensive they trade currently....$qqq $amzn $aapl", "time": 1642738049.0, "sentiment": "Bearish"}, {"id": 428691675, "text": "$AAPL everything down but apple is still holding solid", "time": 1642737981.0, "sentiment": ""}, {"id": 428691539, "text": "$AAPL what&#39;s happening to $NFLX right now is the same thing that&#39;s going to happen to $AAPL - they may beat both top and bottom, but their guidance will drag them down. This will drop to the 100 dma prior to earnings.", "time": 1642737965.0, "sentiment": ""}, {"id": 428691396, "text": "$PLTR $ABNB $AAPL $SPY $NFLX \nAt #5", "time": 1642737951.0, "sentiment": "Bearish"}, {"id": 428690013, "text": "$NFLX Streaming wars winner will be one with the most mass hits, biggest set of IP: \n\nPerfect time for $AAPL or $AMZN to take the lead and buy out $VIAC \n\nViacom has an absolute treasure trove of content going back decades.  \n\nhttps://www.cnbc.com/video/2021/12/16/streaming-wars-winner-will-be-one-with-most-mass-hits-biggest-ip-viacom-cbs-exec.html", "time": 1642737807.0, "sentiment": ""}, {"id": 428689458, "text": "$AAPL been holding up well in my opinion. First buy down at 158, then 149.60 but not sure it&#39;ll get that low", "time": 1642737745.0, "sentiment": ""}, {"id": 428689054, "text": "$SPY $NFLX $AAPL $MSFT $TSLA \n\ud83d\udc47 Tomorrow \ud83d\udcaf", "time": 1642737707.0, "sentiment": "Bearish"}, {"id": 428688984, "text": "$AAPL Every year I\u2019m wondering what Netflix, FB, Amazon and Microsoft profits has to do with Apple?? \nSame silly thing every year!", "time": 1642737700.0, "sentiment": ""}, {"id": 428688731, "text": "$AAPL apple is next! Jheez when this falls to 150 real quick! Let\u2019s be honest we\u2019re all on apple devices rn they\u2019re the best. But come on this markets over and appple is the market", "time": 1642737676.0, "sentiment": ""}, {"id": 428688391, "text": "$AAPL Will AppleTV+ have a subscriber slowdown like Netflix ??", "time": 1642737643.0, "sentiment": ""}, {"id": 428688225, "text": "$AAPL 155P Exp:20-Jan-23 \u2193  \ud83d\udd25 Total(Day): $116,850 \n$AAPL 160P Exp:18-Feb-22 \u2191  \ud83d\udd25\ud83d\udd25 Total(Day): $54,924 \n#UnusualActivity \n \n \nSign-up free for beta ver.:https://app.jarvisalerts.com \ncharts: courtesy of finviz", "time": 1642737626.0, "sentiment": ""}, {"id": 428688127, "text": "$AAPL 140P Exp:16-Sep-22 \u2191  \ud83d\udd25 Total(Day): $37,210 \n$AAPL 150P Exp:19-Jan-24 \u2193  \ud83d\udd25 Total(Day): $44,000 \n$AAPL 155P Exp:18-Feb-22 \u2191  \ud83d\udd25\ud83d\udd25 Total(Day): $56,750 \n#UnusualActivity \n \n \nSign-up free for beta ver.:https://app.jarvisalerts.com \ncharts: courtesy of finviz", "time": 1642737618.0, "sentiment": ""}, {"id": 428687808, "text": "$SPY $AAPL $MSFT $TSLA $NFLX \n\ud83d\udc47 This is a joke anyways \ud83e\udd37\ud83c\udffb\u200d\u2640\ufe0f", "time": 1642737587.0, "sentiment": "Bearish"}, {"id": 428687331, "text": "$AAPL whatever.  Can&#39;t go wrong with this thing. I&#39;ll be ready to add some more soon. This is my retirement stock in 28 years.", "time": 1642737528.0, "sentiment": ""}, {"id": 428687159, "text": "$QQQ $AAPL $TSLA  happened the last few hours I was sleeping", "time": 1642737507.0, "sentiment": ""}, {"id": 428686909, "text": "$NFLX $DIS  $AMZN $AAPL \nLETS GO BRANDON!!", "time": 1642737476.0, "sentiment": ""}]