[{"id": 428811326, "text": "$DKNG $SPY $OCGN $CLSK $AAPL", "time": 1642759138.0, "sentiment": ""}, {"id": 428811267, "text": "$AAPL $154", "time": 1642759125.0, "sentiment": "Bearish"}, {"id": 428809966, "text": "$AAPL  \nWhat the fuck is going on with all these sudden ugly declines in the financial markets?  J the dog powell needs to save the market from falling further, millions of people&#39;s wealth are going to be destroyed and will cause the US economy to dip into an ugly recession.", "time": 1642758845.0, "sentiment": "Bullish"}, {"id": 428808578, "text": "@Spencer1133 that\u2019s fair. I just don\u2019t think 47 is outlandish in comparison to other tech stocks. You wanna see ugly\u2026look at Tesla\u2019s PE ratio. That thing is gruesome. But I guess what you say does make sense when you look at big tech monsters like $MSFT, $AAPL, and $GOOGL that all have PE ratios around 30.", "time": 1642758551.0, "sentiment": ""}, {"id": 428808051, "text": "$AAPL question for the pros\nIf the market is down, and apple beats earnings will it stand alone and go up or bring the entire market with it?", "time": 1642758448.0, "sentiment": ""}, {"id": 428807306, "text": "@5tock0pt10nsTrad3r $ES_F $SPY $F $AAPL \n\n\ud83d\udcc8\ud83d\ude80\ud83c\uddfa\ud83c\uddf8\u26a1\ufe0f", "time": 1642758295.0, "sentiment": "Bullish"}, {"id": 428806428, "text": "$SPY Next week is going to be juicy with the next FAANG/MAMAA earnings on deck. Do you think Apple will show that they can continue to match earnings growth with their $2.7 trillion mc?\n\n1/25 - $MSFT earnings\n1/26 - $FED meeting\n1/27 - $AAPL earnings", "time": 1642758121.0, "sentiment": ""}, {"id": 428805691, "text": "$AAPL $MSFT $NVDA $NFLX $FB \n\nKeep adding the dips. Keep compounding.", "time": 1642757971.0, "sentiment": "Bullish"}, {"id": 428804878, "text": "$AAPL $MSFT $AMZN $SPY $TSLA \nFuture looks great. \n-10% tomorrow.", "time": 1642757817.0, "sentiment": "Bearish"}, {"id": 428803478, "text": "$SPXL $SPY $AAPL $BAC At these levels I think I\u2019m going to begin accumulating a long position in $SPXL", "time": 1642757538.0, "sentiment": ""}, {"id": 428802108, "text": "Equity Sentiment: $AAPL is the #1 stock that institutions are trading with 70.8K options contracts.\n\nMarket analysis included in screenshot of dashboard from http://insiderfinance.io.", "time": 1642757276.0, "sentiment": ""}, {"id": 428802025, "text": "$spy Market will always surprise &amp; fool the most people so,.... \n \n$aapl $amzn $baba $nflx", "time": 1642757260.0, "sentiment": ""}, {"id": 428801915, "text": "$AAPL $spy $qqq Well the Fed officially quashed the stock market.  Now will they continue to jaw bone to start a recession?  That would fix inflation!!  And to think a few weeks ago Papa Jay was adamant inflation was transitory and no tightening was required!  I have zero faith", "time": 1642757238.0, "sentiment": ""}, {"id": 428800282, "text": "$SPY if we went into a Bear mkt hitting 2100 covid lows would not unreasonable and arguably healthy. Wipe off froth and excess. \nKnock out reckless speculation. $DIA $QQQ $BTC.X $AAPL", "time": 1642756901.0, "sentiment": ""}, {"id": 428799821, "text": "$FUBO CEO on the Streets tommorow looking around in front of $AAPL or $AMZN HQ&#39;s for help...PLEASE BUY US!!", "time": 1642756801.0, "sentiment": ""}, {"id": 428799205, "text": "$AAPL when is ER ?", "time": 1642756671.0, "sentiment": "Bearish"}, {"id": 428798683, "text": "$AAPL was analyzed by 49 analysts. The buy consensus is at 84%. So analysts seem to be very confident about $AAPL. https://www.chartmill.com/stock/quote/AAPL/analyst-ratings?utm_source=stocktwits&amp;utm_medium=ANALYST&amp;utm_content=AAPL&amp;utm_campaign=social_tracking", "time": 1642756560.0, "sentiment": ""}, {"id": 428798260, "text": "$AAPL will market crash next week ?", "time": 1642756466.0, "sentiment": ""}, {"id": 428797169, "text": "$AAPL weekly/monthly consolidation underway. Looks like neckline broke on daily h&amp;s pattern.", "time": 1642756214.0, "sentiment": ""}, {"id": 428797041, "text": "Taking questions....go\n\n$spy $qqq $aapl $pton", "time": 1642756184.0, "sentiment": ""}, {"id": 428796268, "text": "$DKNG $SPY $OCGN $CLSK $AAPL \ud83d\udea8 save, print and place on screen saver.  Mark it.  It\u2019s going to 5000+", "time": 1642755996.0, "sentiment": "Bullish"}, {"id": 428795958, "text": "$AAPL isn\u2019t crazy how 1 stocks dictated everything? Y\u2019all let $NFLX \n MAke u sell ?! Lmao.. have y\u2019all know that only created bigger buying opportunities!!  Thanks idiotic investors .. watch we go back all times highs sooner or later \ud83d\ude02! $SPY", "time": 1642755915.0, "sentiment": "Bullish"}, {"id": 428795902, "text": "$AAPL AAPL 2022-01-20 Technical Analysis Video: \nhttps://www.youtube.com/watch?v=2plaZHSr3ds", "time": 1642755904.0, "sentiment": ""}, {"id": 428795897, "text": "#Livestream alert   \nwe are now live\ud83d\udd25 \n\u2694\ufe0f LOTTO FRIDAY PICKLIST  come join us for   \n\ud83d\udcc8TRADE IDEAS  \n\ud83d\udd2bTRIGGERS  \n\ud83c\udfafTARGETS  \nCLICK \ud83d\udc49https://us02web.zoom.us/j/84262960476  $SPY  $AAPL  $TSLA", "time": 1642755904.0, "sentiment": ""}, {"id": 428794613, "text": "$SPY How much we&#39;ve corrected so far from ATH&#39;s... \n \nhttps://twitter.com/MeisaBonelli/status/1484359635213557762?s=20 \n \n$DJIA $QQQ $AAPL $TSLA", "time": 1642755611.0, "sentiment": ""}, {"id": 428794136, "text": "$NFLX $PTON $TSLA $AAPL $AMD  short \n \nhttps://youtu.be/kXddPe7wH1g", "time": 1642755501.0, "sentiment": "Bearish"}, {"id": 428793428, "text": "$AAPL Never sell; buy on dips.", "time": 1642755358.0, "sentiment": "Bullish"}, {"id": 428793246, "text": "$AAPL Down 3 days in a row. 173.07 | 169.8 | 166.23 | 165.13 |  https://www.sleekoptions.com/sleekscan.aspx?sub1=dscan", "time": 1642755317.0, "sentiment": ""}, {"id": 428792230, "text": "$MSFT $AAPL $AMZN $FB perhaps he is far fetched from reality that many Fast growth companies with no real earnings have already collapsed 60 to 80%\u2026 bubble has deflated to large extent. Look at peloton or arkk\u2026. Or perhaps a scare monger who wants markets tank such that they can invest as they missed the bull run! Time will tell \u2026Jeremy Grantham says &#39;bubble&#39; end is coming, calls for stocks to drop 45% https://www.cnbc.com/2022/01/20/jeremy-grantham-says-the-end-of-bubble-extravaganza-is-coming-calls-for-stocks-to-drop-45percent.html?__source=iosappshare%7Ccom.apple.UIKit.activity.CopyToPasteboard", "time": 1642755099.0, "sentiment": ""}, {"id": 428791881, "text": "$AAPL i remember when something like this happened before er, it was down to $370 &amp; shot up to $420, wouldnt be surprised to see this at $200 after er. This was before the split obv", "time": 1642755023.0, "sentiment": ""}]