[{"id": 428728713, "text": "$AAPL technical analysis for tomorrow. \n \nhttps://youtu.be/YKzM7YxvNCk", "time": 1642743129.0, "sentiment": ""}, {"id": 428728540, "text": "$BTC.X so crypto &amp; stocks $aapl $msft all moving down while small &amp; mid caps getting shorted to oblivion all by Tutes &amp; HFs lol but there&#39;s no evidence of collusion", "time": 1642743100.0, "sentiment": ""}, {"id": 428728145, "text": "$AAPL $CRM $AMZN $NVDA depressing\u2026 at least Netflix set the bar low. Added and entered, hoping for a bottom soon and settling of this market", "time": 1642743037.0, "sentiment": "Bullish"}, {"id": 428726966, "text": "$AAPL  so we hit the bottom or close?", "time": 1642742850.0, "sentiment": ""}, {"id": 428726626, "text": "$AAPL this will be up Monday, buy the dip tomorrow", "time": 1642742794.0, "sentiment": "Bullish"}, {"id": 428726115, "text": "$AAPL \n\nWoo hoo I expect the quicker recovery soon !! Expect relief rally soon on Feb!", "time": 1642742712.0, "sentiment": "Bullish"}, {"id": 428725939, "text": "$SAVA Don&#39;t expect any PR from Remi.  With the SEC reviewing all his shenanigans for the past 6 months he knows to keep quite.  Besides he made 10s of millions off investors, probably invested in $AAPL or $MFST in his hidden account in the Bahamas worth  a lot more than more than everyone on this channel  have lost. \n \nWhat a great guy, fuckin scammer, yeah Elon?  wouldn&#39;t let him wash toilets.", "time": 1642742686.0, "sentiment": ""}, {"id": 428725763, "text": "$NFLX $AAPL $TSLA $AMZN I don\u2019t think Apple\u2019s 29 PE is overinflated.", "time": 1642742660.0, "sentiment": ""}, {"id": 428725621, "text": "$NFLX this dropped $100 on one earnings.  This is like $AMZN dropping $1000 in 30 minutes.  Isn&#39;t this by definition a market crash?  $SPY $AAPL $GOOG", "time": 1642742639.0, "sentiment": ""}, {"id": 428725363, "text": "$AAPL Miracle Mile Advisors, Llc increased their holdings by 2,410%, one of the largest institutional increases this quarter https://insider-analysis.com/search_whales.php?ticker=TABLE_AAPL", "time": 1642742598.0, "sentiment": ""}, {"id": 428725122, "text": "$AAPL If you think apple is going to miss because of Netflix your truly Brain dead. Apple will be crushing! Earnings!", "time": 1642742560.0, "sentiment": "Bullish"}, {"id": 428724820, "text": "$GME more profitable than $AAPL? No. Crazy amounts of hopium over here.", "time": 1642742511.0, "sentiment": "Bearish"}, {"id": 428724781, "text": "$AAPL is next and could lose a trillion in market cap.", "time": 1642742506.0, "sentiment": "Bearish"}, {"id": 428724762, "text": "$AAPL any reason this is dumping? Not even ER yet wtf", "time": 1642742504.0, "sentiment": ""}, {"id": 428724284, "text": "$AAPL Simulated Weekly 160.0 PUTS for Friday&#39;s open on StockOrbit. \n https://apps.apple.com/us/app/stockorbit/id1541560646", "time": 1642742424.0, "sentiment": ""}, {"id": 428724194, "text": "$AAPL hahahaha, you , you don&#39;t believe it.  you need to stop investing in stocks. house are manipulating :) making people loose! hahahaha", "time": 1642742413.0, "sentiment": ""}, {"id": 428724192, "text": "$SPY $AAPL $TSLA We&#39;re in for a chop or a mild correction in the main index until Fed signals a slowing in tightening schedule. If buying dips be patient, don&#39;t expect slingshot back to new highs, though always expect the unexpected. A 10 percent correction warrants the beginning of light bargain hunting. &quot;Patience&quot; as the inexperienced troll babies sardonically spout.", "time": 1642742413.0, "sentiment": ""}, {"id": 428723670, "text": "$NFLX $AAPL \ud83c\udf4f\ud83d\udc47 You sound like a complete idiot.  Blocked.", "time": 1642742332.0, "sentiment": ""}, {"id": 428723293, "text": "$AAPL wow the market will keep crashing until want aug?", "time": 1642742273.0, "sentiment": ""}, {"id": 428723270, "text": "$AAPL The advisor to the president went on tv and said negative things about the market. He then turns around and puts his money on the market to go down and makes millions of our money for his profits. He did the same thing in March of 2020 and made millions then too. He should be arrested for his actions. The government are crooks, they could care less about the people  who work hard for there money. Sorry but that&#39;s how I feel.", "time": 1642742270.0, "sentiment": ""}, {"id": 428722726, "text": "$AAPL Right back at the breakout levels.", "time": 1642742185.0, "sentiment": ""}, {"id": 428722051, "text": "@JimAllenTX (heard* through the grapevine \ud83e\udd1e) &amp; $AAPL under $163.42\u2026stay tuneddd", "time": 1642742078.0, "sentiment": "Bullish"}, {"id": 428721810, "text": "$AAPL has a Return On Assets of 26.97%. This is amongst the best returns in the industry. https://www.chartmill.com/stock/quote/AAPL/fundamental-analysis?key=bb853040-a4ac-41c6-b549-d218d2f21b32&amp;utm_source=stocktwits&amp;utm_medium=FA&amp;utm_content=AAPL&amp;utm_campaign=social_tracking", "time": 1642742040.0, "sentiment": ""}, {"id": 428721523, "text": "@JimAllenTX $AAPL &amp; $MSFT do have some pivotal prices during after hours \ud83d\udc40 $MSFT touching $300s (hears the grapevine) might be dangerous, very interested how this week ends even though I was heavy short today\u2026still LT bullish", "time": 1642741993.0, "sentiment": "Bullish"}, {"id": 428721290, "text": "@wysoserious did the same. But lived to fight another day. Made a ton from buying puts on $AAPL at noon, then scalped those for more into $GLD and $LMT", "time": 1642741957.0, "sentiment": "Bullish"}, {"id": 428721050, "text": "$NFLX damn, imagine how hard will $AAPL miss, with strong dollar, supply chains problems and overall weak christmas sales", "time": 1642741918.0, "sentiment": "Bearish"}, {"id": 428720790, "text": "$AAPL stay disciplined. I called this in December. It will pass in a couple of months.", "time": 1642741874.0, "sentiment": "Bearish"}, {"id": 428720713, "text": "$AAPL Follow me \ud83d\ude09", "time": 1642741863.0, "sentiment": ""}, {"id": 428720039, "text": "$AAPL 140 incoming??", "time": 1642741758.0, "sentiment": "Bearish"}, {"id": 428719871, "text": "$MSFT load load load... sold one of my rental today... money will be wired first thing tomorrow to add huge on $MSFT $AAPL and $NFLX", "time": 1642741729.0, "sentiment": "Bullish"}]