[{"id": 428761863, "text": "$AAPL Wayy overdone! Congrats to the hegies and the manips. Just join the party", "time": 1642749164.0, "sentiment": "Bullish"}, {"id": 428761619, "text": "$AMD Closed noticeably below 100 MA \nAMD to test 200 MA is now likely \ud83d\udc40\n\nMarket is repricing SEMICONDUCTORs which had extraordinary gains in 2021\n$NVDA goes lower with others \n$AAPL $SPY $QQQ", "time": 1642749118.0, "sentiment": "Bearish"}, {"id": 428760876, "text": "$AAPL I&#39;d say there is still some downside left, but how much is the question.", "time": 1642748962.0, "sentiment": ""}, {"id": 428760768, "text": "$PTON My #1 buyout candidate for 2022 is $PTON\nPeloton.\n$PTON sells at just 2.5 x revenue which is extremely cheap for fit-tech  $LULU $AAPL $NKE are the likely buyers.\nPeloton hired McKinsey to clean up their books for a sale imo.\nPT $50 to $55 on a buyout.", "time": 1642748941.0, "sentiment": "Bullish"}, {"id": 428759314, "text": "$SPX $SPY $AMZN  $AAPL $TSLA From the beginning of 2020 rally this is the first biggest red candle in SPX. Do you think it will stop with just one red candle?", "time": 1642748656.0, "sentiment": ""}, {"id": 428759222, "text": "$AAPL $157.86", "time": 1642748638.0, "sentiment": ""}, {"id": 428758973, "text": "@libbycannady we sold that play a couple days ago on the pop. Looking to play again\nEmail me - I\u2019ll send you the free month link so you won\u2019t miss the $PYPL $AAPL and $DIS alerts", "time": 1642748586.0, "sentiment": ""}, {"id": 428758784, "text": "$AAPL Simulated Weekly $160.0 PUTS for Friday&#39;s open on StockOrbit. \n https://apps.apple.com/us/app/stockorbit/id1541560646", "time": 1642748554.0, "sentiment": ""}, {"id": 428757066, "text": "$AAPL NFLX down 102 aftermarket. Guess who\u2019s next? \ud83c\udf4e", "time": 1642748237.0, "sentiment": ""}, {"id": 428755655, "text": "$AAPL come on $145", "time": 1642747954.0, "sentiment": ""}, {"id": 428755321, "text": "$AAPL Called 165 all week long. Apple likely 160s to 162 tomorrow according  my chart unless..?@#$%", "time": 1642747888.0, "sentiment": "Bearish"}, {"id": 428754916, "text": "$AAPL pro tip\u2026. sell covered calls and collect premium to lessen the blow.", "time": 1642747805.0, "sentiment": ""}, {"id": 428754872, "text": "$AAPL 159 if Dow opens -500", "time": 1642747794.0, "sentiment": ""}, {"id": 428753987, "text": "$AAPL $SPY $MSFT $AMZN $TSLA \n\n&quot;Apple shares are up 19% since the October 4 low (vs. 5% for the S&amp;P 500) suggesting December quarter upside is largely priced in,&quot; warned Morgan Stanley tech analyst Katy Huberty in a new research note Thursday.", "time": 1642747605.0, "sentiment": "Bearish"}, {"id": 428753123, "text": "$AAPL $NFLX   \ud83d\udc47\ud83c\udf4f\ud83d\udc4d", "time": 1642747428.0, "sentiment": ""}, {"id": 428753105, "text": "$AAPL honestly, i think even $nflx will not be below $400 tomorrow. This is overdone selling on little volume.", "time": 1642747424.0, "sentiment": ""}, {"id": 428752192, "text": "$AAPL DCA DCA \n\nVery important now more than ever", "time": 1642747245.0, "sentiment": ""}, {"id": 428752099, "text": "$AAPL Netflix losing market share \u2026 Apple must be taking some of its share $NFLX", "time": 1642747226.0, "sentiment": "Bullish"}, {"id": 428751998, "text": "$xbi $spy $qqq $amzn $aapl dems and GOP both hate big tech. At least they agree on something. Dr J streams live tomorrow at 11:30 on YouTube.", "time": 1642747207.0, "sentiment": "Bullish"}, {"id": 428751770, "text": "$SPY $QQQ $AAPL \n\nThink what will happen when apple breaks the almighty 50MA at $160 lol \ud83e\udd2a\ud83e\udd2a\ud83e\udd23\ud83e\udd23\n\nSlippery slope on spy 430, 410 ??? \nQQQ 330, 300????", "time": 1642747164.0, "sentiment": "Bearish"}, {"id": 428751353, "text": "@Topjunkie feel like the overall market is disconnected from many of the underlying stocks due to the influence of the mega caps that have gotten even bigger.  $AAPL became the first trillion $ company pre-covid, and miraculously is pushing 3 trillion 18 months later.  Hard to justify, and I believe the mega caps is where the bubble is/correction is needed.", "time": 1642747087.0, "sentiment": ""}, {"id": 428750191, "text": "$SPY $TSLA $AAPL $MARA $AMZN \n\nMy thoughts on the mkt action today ... \n\nDid I call the exact top on the mkt intraday today? Just about. At 458 on the SPY I sent an email alert out to my members that I would sell the mkt as I still believe we are in a correction. A correction I believed predicted would occur to begin 2022 - and in which I posted here on ST (SEE BELOW). \n\nI mentioned yesterday on ST that the mkt wouldn&#39;t put in a tradeable bottom until three things occurred - AAPL back to $160, TSLA closing back under $1000, and Bitcoin(MARA) going back under 40K.  We are getting close as Bitcoin is now pressing that 40K level, TSLA closed under $1000, and AAPL is falling to $160. \n\nThe mkt does a really good job of trapping the most leaning one way. And as I warned yesterday on ST, the &quot;dip buyers&quot; who are new to trading the past couple of years are getting a painful lesson. \n\nMy alerts go out daily. If interested, feel free to reach out at \n\njessielivermore1929@gmail.com", "time": 1642746853.0, "sentiment": ""}, {"id": 428750139, "text": "$SPY $AAPL $FB AMZN $NFLX The problem with America today, and the reason why most people can\u2019t be successful in the market is we can\u2019t admit when we are wrong\u2026", "time": 1642746844.0, "sentiment": ""}, {"id": 428749904, "text": "$AAPL $MSFT $QQQ $SPY \n10 more days to go\u2026", "time": 1642746798.0, "sentiment": ""}, {"id": 428749538, "text": "$AAPL AAPL 2022-01-20 Technical Analysis Video: \nhttps://www.youtube.com/watch?v=2plaZHSr3ds", "time": 1642746725.0, "sentiment": ""}, {"id": 428748403, "text": "$AAPL needs to open red by at least 1% for the puts not to get theta Burn", "time": 1642746504.0, "sentiment": ""}, {"id": 428748292, "text": "$AAPL stock analysis based on today&#39;s closing price.  Full analysis is available on youtube \n\nhttps://youtu.be/-sf10f2v62E", "time": 1642746483.0, "sentiment": ""}, {"id": 428747084, "text": "$AAPL In the recent reporting quarter: 23 institutions initiated a position, while 5 completely liquidated https://insider-analysis.com/search_whales.php?ticker=TABLE_AAPL", "time": 1642746247.0, "sentiment": ""}, {"id": 428746742, "text": "$AAPL who tf doubts apple?? Wtf", "time": 1642746189.0, "sentiment": "Bullish"}, {"id": 428746676, "text": "$AAPL when the icar comes y\u2019all gonna wish you bought", "time": 1642746178.0, "sentiment": ""}]