[{"id": 428745610, "text": "$AAPL  soon will do NFLX style \ud83d\ude02", "time": 1642745982.0, "sentiment": "Bearish"}, {"id": 428745018, "text": "$SPY Wow...this looks like a &quot;recession levels.&quot;  It looks like the market is pricing in a recession. \n \nhttps://twitter.com/ElkanTrades/status/1484218482145181698?s=20 \n \n$QQQ $FB $AAPL $MSFT", "time": 1642745876.0, "sentiment": ""}, {"id": 428744695, "text": "$AAPL hasn\u2019t even dropped that much. Will be fun to see that tidal wave on the market if it decides to join the party.", "time": 1642745815.0, "sentiment": ""}, {"id": 428744047, "text": "$TSLA $SPY $QQQ $AAPL \n\nShort any pop you see across the board tomorrow bears, it\u2019s time we lock this market down and make it our playground like it\u2019s 1929.", "time": 1642745702.0, "sentiment": "Bearish"}, {"id": 428743890, "text": "$AAPL $SPY not a Biden/Obama nor Trump fan here, but you do know why stock prices went up during Trump&#39;s era, right? Trump cut the corporate tax and interest rates, pushing money into the market. market got fed and grew into a monster bubble! now the current administration has to raise interest rates , slow down the economy OR the people will DIE of INFLATION. you&#39;re mistaken if you think Trump did a good job for you.. NO, he did help the HFs pump it. and now, Biden has to dump it to bagholders. hahaha goodluck with that!", "time": 1642745674.0, "sentiment": "Bearish"}, {"id": 428742430, "text": "$AAPL This is a great opportunity to buy.", "time": 1642745407.0, "sentiment": ""}, {"id": 428741444, "text": "$AAPL Don\u2019t let bears scare you into thinking the sky is falling. Market also ate shit early on last year. Now is the time to accumulate. \ud83d\ude02", "time": 1642745230.0, "sentiment": ""}, {"id": 428740754, "text": "$AAPL please tank more", "time": 1642745107.0, "sentiment": "Bullish"}, {"id": 428740436, "text": "$AAPL $MSFT $TSLA $UWA welcome to Joe Biden\u2019s America where markets crash and he divides our country - only the beginning - good luck to all", "time": 1642745049.0, "sentiment": ""}, {"id": 428739565, "text": "$AAPL buy the dip tomorrow.", "time": 1642744897.0, "sentiment": "Bullish"}, {"id": 428738301, "text": "5 Blue-Chip Stocks Likely to Gain on Earnings Next Week. $BA $AAPL $CVX $CAT $AXP https://www.zacks.com/stock/news/1854482/5-blue-chip-stocks-likely-to-gain-on-earnings-next-week", "time": 1642744677.0, "sentiment": ""}, {"id": 428737924, "text": "$AAPL \n\nAnyone see that? Went green", "time": 1642744610.0, "sentiment": ""}, {"id": 428737454, "text": "Sweep Options Activity: $AAPL is the #2 ticker with sweep activity where institutions are trading options urgently with 53.5K sweep contracts, a leading indicator of market movement.\n\nMarket analysis and options contracts included in screenshot of dashboard from http://insiderfinance.io.", "time": 1642744527.0, "sentiment": ""}, {"id": 428737414, "text": "$SPY $AMZN $FB $AAPL The Great Depression began in 1929\u2026 10 years after the Spanish flu\u2026 I can imagine how it slid in the 10 years after that pandemic\u2026 will never happen (hopefully) but interesting to think of and fingers crossed we don\u2019t see history repeat itself for our own kids sake", "time": 1642744522.0, "sentiment": "Bearish"}, {"id": 428737365, "text": "$AAPL weekly looks  doom though", "time": 1642744513.0, "sentiment": "Bearish"}, {"id": 428737195, "text": "$AAPL buy the dip .. if u short the dip that\u2019s high risk lol \ud83d\ude02", "time": 1642744487.0, "sentiment": "Bullish"}, {"id": 428736510, "text": "@catladytrader If fear continues to drive the market downward we will see more losses in the short. However long-term investors in $MSFT and $AAPL will see massive gains if they just HODL.", "time": 1642744372.0, "sentiment": ""}, {"id": 428735817, "text": "$AAPL NEW ARTICLE : The first big tech antitrust bill lumbers toward reality https://www.stck.pro/news/AAPL/21666777", "time": 1642744267.0, "sentiment": ""}, {"id": 428734576, "text": "$AAPL buy the dip .. and it keep dipping", "time": 1642744061.0, "sentiment": "Bearish"}, {"id": 428734518, "text": "$AAPL that\u2019s a big dip .. loading calls", "time": 1642744052.0, "sentiment": "Bearish"}, {"id": 428733817, "text": "$AAPL watch put lock there gains tomrrow \ud83d\ude02, can\u2019t blame them it\u2019s be up 500% + for some of y\u2019all . I will be there to load calls", "time": 1642743940.0, "sentiment": "Bullish"}, {"id": 428733750, "text": "$AAPL those puts printed today. sold half!", "time": 1642743931.0, "sentiment": ""}, {"id": 428732581, "text": "$AAPL   FUCK.......", "time": 1642743736.0, "sentiment": ""}, {"id": 428731794, "text": "$SPY\n\n &quot;Bears get rare wins a few times lately&quot; --some bull \n\nGet ready for &quot;rare&quot; a whole lot more.\n\n#BearMarket\n\n#Inflation\n\n#TechWreck\n\n$MSFT $AAPL $QQQ", "time": 1642743607.0, "sentiment": ""}, {"id": 428731779, "text": "$AAPL no", "time": 1642743606.0, "sentiment": ""}, {"id": 428731212, "text": "$AAPL are we entering a long term bear market?", "time": 1642743516.0, "sentiment": ""}, {"id": 428731168, "text": "$SPY  Yellen on tmr. She is a shill. Don&#39;t trust anything she says. She takes money to show up and say what others pay her to. Becareful $TSLA $AAPL $MSFT $NFLX", "time": 1642743509.0, "sentiment": ""}, {"id": 428730684, "text": "$AAPL are futes ripping yet.", "time": 1642743434.0, "sentiment": ""}, {"id": 428730069, "text": "$VIAC 6.3x pe !!!! Cmon $AAPL or $CMCSA or $SONY is buying  Viacom out", "time": 1642743333.0, "sentiment": ""}, {"id": 428729883, "text": "$AAPL heading to 125", "time": 1642743305.0, "sentiment": "Bearish"}]