[{"id": 428841348, "text": "$QQQ $AAPL $TSLA $SPY  \n\nLet&#39;s go", "time": 1642771371.0, "sentiment": ""}, {"id": 428841315, "text": "$RIDE $AAPL Could this be the next car out of the Lordstown plant??? https://min.news/en/tech/57138ee4d1eacebf744419eb16c06a55.html", "time": 1642771351.0, "sentiment": "Bullish"}, {"id": 428840569, "text": "$TSLA $SPY $QQQ $AAPL \n\nTomorrow is our chance to take full \n\ncontrol of this market bear brothers. \n\nLet\u2019s hit these bulls with everything \n\nwe\u2019ve got. I wanna see relentless \n\nshorting across the board any green \n\ncandle you see you short that sucker \n\nlike your life depends on it, no covering \n\njust pure short selling. It\u2019s time we gut \n\nthis bloated pig back to fair value.", "time": 1642770767.0, "sentiment": "Bearish"}, {"id": 428839732, "text": "@Bluweed by the way. $AAPL would probably be one of the few stocks I would buy on weakness. When the market rebounds, it will lead the way.", "time": 1642770171.0, "sentiment": ""}, {"id": 428839610, "text": "$PTON $W $NFLX $TSLA $AAPL if you buy now it\u2019s like slapping some Vaseline midway", "time": 1642770087.0, "sentiment": ""}, {"id": 428838778, "text": "$SPY $MSFT $AAPL future just went green.. fuck the bears up tomorrow!!!", "time": 1642769502.0, "sentiment": "Bullish"}, {"id": 428838506, "text": "Headlines talk about the DOW dropping 300. But let\u2019s be real. It fell 800 points after a remarkable start. \n\nFutures are crashing. World markets are crashing. Crypto is crashing.  Friday is going to be a complete mess. \n\nSo while we are due for a broad based market rebound. Energy and materials remain the only place to be if you\u2019re looking out several weeks.  Will share some ideas in the coming days. \n\nAs for the general market. Here are some things to consider in the coming days. \n$IRDM $CZR $DKNG $pypl $aapl \n\nTomorrow will be a day that folks reflect on their investment strategies. Hopefully young investors that have just entered the greatest bull market in history take note of learnings here. Based on a recent survey, majority of FOMO growth chasers are underwater by at least 30-50%. \n\nOne thing to realize, a 50% drop requires a 100% recovery. It won\u2019t happen this year. Smart money has exited and will continue to exit growth. This is fundamental. Not speculative.", "time": 1642769326.0, "sentiment": ""}, {"id": 428837795, "text": "$SPY $MSFT $AAPL stupid bears", "time": 1642768868.0, "sentiment": "Bullish"}, {"id": 428836653, "text": "CALLS on Watch for tomorrow \ud83d\udcda\n\n$QQQ $SPY $AAPL $MSFT", "time": 1642768112.0, "sentiment": ""}, {"id": 428835066, "text": "$SPY $MSFT $AAPL poor bears.. din&#39;t they realize how flushed with cash everyone is except the bears kept losing with their puts for years??", "time": 1642767176.0, "sentiment": "Bullish"}, {"id": 428835027, "text": "$SPY $QQQ $AAPL $TSLA Twiterers Anonymous? Losing streamers to Roku channel. It\u2019s actually good for Roku!!", "time": 1642767152.0, "sentiment": ""}, {"id": 428834524, "text": "$AAPL AAPL 2022-01-20 Technical Analysis Video: \nhttps://www.youtube.com/watch?v=2plaZHSr3ds", "time": 1642766884.0, "sentiment": ""}, {"id": 428833071, "text": "$AAPL $X Everyone thinks the market is going to collapse tomorrow, the market is not that easy to predict. So is everyone going to buy puts or shorts tomorrow? The market may surprise you tomorrow.", "time": 1642766115.0, "sentiment": ""}, {"id": 428830472, "text": "$AAPL is NOT going to buy $PTON this is a desperate last ditch attempt \ud83e\ude78\ud83d\udcc9\ud83d\udc3b", "time": 1642764936.0, "sentiment": "Bearish"}, {"id": 428830336, "text": "$MSFT $SPY $AAPL you would be a complete idiot to think Microsoft would spend $75 billion for a company if they were going to miss ER or doing anything but absolute blowout quarter!!!  Microsoft is NOT $NFLX .. user growth for Microsoft has actually increased significantly with all the xbox sales during holiday, surface is now the standard at most fortune 500 companies over dell or hp.  Biggest news of all is how Azure cloud is completely eating Amazon&#39;s and GCP&#39;s lunch!!! With the acquisition of  $ATVI , Microsoft will dominate gaming over playstation.. think about the user growth, cloud and hardware growth!!!", "time": 1642764887.0, "sentiment": "Bullish"}, {"id": 428830094, "text": "$BTC.X $GOOGL although the % or depth of volatility is different the charts looks similar $NASDAQ . Dont bet against tech. Bitcoin is going higher if you think google or $AAPL is going higher. \n$BTC.X still undervalued. \nhttps://www.cnbc.com/2021/11/09/apple-ceo-tim-cook-says-he-owns-cryptocurrency.html", "time": 1642764791.0, "sentiment": "Bullish"}, {"id": 428829971, "text": "$PTON I actually think this would be a great acquisition for $AAPL or $NKE perfect middle class fitness brands", "time": 1642764736.0, "sentiment": ""}, {"id": 428829939, "text": "$AAPL EV bubble is going to pop soon $120-$80 possible", "time": 1642764724.0, "sentiment": ""}, {"id": 428829840, "text": "$AAPL once thru earnings smart thing for market is to unravel this test 140s and let market get on with things from there", "time": 1642764685.0, "sentiment": ""}, {"id": 428829426, "text": "Updated correlation matrix for Apple( $AAPL ), Ecolab(\u2026 https://www.macroaxis.com/invest/stock-correlation?s=AAPL,ECL,BPOP,AFL,DELL,ORLY,BNS,UBSI,BK,MUR #correlations #stocks #stockratings", "time": 1642764513.0, "sentiment": ""}, {"id": 428828846, "text": "$PTON $aapl would be making one that uses appl tech, and appl ipads etc... not this garbo", "time": 1642764278.0, "sentiment": "Bearish"}, {"id": 428828771, "text": "$MSFT $SPY $AAPL future is turning green from deep deep red..", "time": 1642764251.0, "sentiment": "Bullish"}, {"id": 428828393, "text": "@PELK this is gonna be F*CKING HILARIOUS when $AAPL comes out and says &quot;fake news&quot; BHAHAHA", "time": 1642764101.0, "sentiment": "Bearish"}, {"id": 428828114, "text": "$AAPL was analyzed by 49 analysts. The buy consensus is at 84%. So analysts seem to be very confident about $AAPL. https://www.chartmill.com/stock/analyzer/stock/AAPL?view=analyst-ratings&amp;utm_source=stocktwits&amp;utm_medium=ANALYST&amp;utm_content=AAPL&amp;utm_campaign=social_tracking", "time": 1642764000.0, "sentiment": ""}, {"id": 428827255, "text": "$PTON $AAPL Fake news. If Apple wants to get into bike and treadmill business they would build their own bikes which will be part of the Apple ecosystem.", "time": 1642763690.0, "sentiment": ""}, {"id": 428827227, "text": "$PTON I think its going to happen. Old Tim $AAPL might be afraid of not buying Tesla again.", "time": 1642763682.0, "sentiment": "Bullish"}, {"id": 428826401, "text": "$AAPL needs to buy this $LILM", "time": 1642763395.0, "sentiment": ""}, {"id": 428825423, "text": "@TheStockTraderHub no chance. asset heavy business that is in a death spiral? this is one of those dumb fucking rumors that starts with a tweet, gains traction and shifts the entire market by open. $PTON up at open. $AAPL down.", "time": 1642763039.0, "sentiment": ""}, {"id": 428825358, "text": "Hm $AAPL $PTON", "time": 1642763018.0, "sentiment": ""}, {"id": 428824820, "text": "$AAPL reportedly considering acquisition of $PTON", "time": 1642762850.0, "sentiment": ""}]