[{"id": 428873295, "text": "$SPY $AAPL puts anyone???", "time": 1642790192.0, "sentiment": "Bearish"}, {"id": 428873147, "text": "Apple&#39;s PT raised by Wells Fargo &amp; Company to $205.00. https://www.marketbeat.com/r/1702678 $AAPL", "time": 1642790153.0, "sentiment": ""}, {"id": 428871997, "text": "$AAPL retracing to 50", "time": 1642789894.0, "sentiment": ""}, {"id": 428871572, "text": "$AAPL looking like it will drop to the upper 150s before ER\u2026 would def hope the analysts are right at that point when they report next week", "time": 1642789795.0, "sentiment": ""}, {"id": 428871264, "text": "Equity Sentiment: $AAPL is the #1 stock that institutions are trading with 70.8K options contracts.\n\nMarket analysis included in screenshot of dashboard from http://insiderfinance.io.", "time": 1642789708.0, "sentiment": ""}, {"id": 428870647, "text": "$AAPL $F $SPY $QQQ Trade carefully today.", "time": 1642789544.0, "sentiment": "Bearish"}, {"id": 428870537, "text": "$AAPL $DIS Way overdone, the bounces will be \ud83d\udcaa could see 160-158 apple then new Ath. Dis could see 138-135 then we launch imo. Long regardless, buy shares stop gambling on calls.", "time": 1642789509.0, "sentiment": "Bullish"}, {"id": 428870406, "text": "$SPY selling my puts today and just riding the sidelines next week\u2026 $AAPL earnings have me spooked, although it wont be a long lasting pop, I think it will have a pop.", "time": 1642789468.0, "sentiment": ""}, {"id": 428869411, "text": "$AAPL if profits drop 10% this yr expect a 50% haircut, 80 is my tgt.", "time": 1642789174.0, "sentiment": ""}, {"id": 428869189, "text": "$AAPL $PTON  AAPLE wants to BUY PELTON \n\nhttps://twitter.com/klobianco12/status/1484500276845457412?s=21", "time": 1642789106.0, "sentiment": "Bullish"}, {"id": 428869017, "text": "$AAPL $125 by late February. They gonna trap you all during earnings", "time": 1642789056.0, "sentiment": ""}, {"id": 428868781, "text": "$AAPL \nWhile other major tech led near bottoms, aapl is apparently not.", "time": 1642788991.0, "sentiment": ""}, {"id": 428868772, "text": "$AAPL the pullback from the peak can reach $162.10- $152.80 area lower where buyers should be waiting to appear again #elliottwave #trading #stocks", "time": 1642788988.0, "sentiment": ""}, {"id": 428868249, "text": "$NFLX $AAPL $NVDA $AMZN $QQQ looking like another leg to retest on lows coming as the computers turn on", "time": 1642788814.0, "sentiment": "Bearish"}, {"id": 428868225, "text": "$AAPL she finally tapped out\ud83e\udd23\ud83d\udcc9.. she will give a good opportunity to add to your longterm", "time": 1642788807.0, "sentiment": "Bearish"}, {"id": 428868152, "text": "$AAPL right side is bullish on higher time frames. We only like to buy it in 3, 7 or 11 swing at the blue boxes. We still favor lower to take place before the blue box equal leg is hit, which can play a part in dragging world indices lower in the sessions to come. 1 hour chart from 1.19.2022 #elliottwave #trading #stocks", "time": 1642788786.0, "sentiment": ""}, {"id": 428868103, "text": "Tagged that 10% correction almost to the penny. $AAPL", "time": 1642788771.0, "sentiment": ""}, {"id": 428867758, "text": "$AAPL AAPL 2022-01-20 Technical Analysis Video: \nhttps://www.youtube.com/watch?v=2plaZHSr3ds", "time": 1642788665.0, "sentiment": ""}, {"id": 428867407, "text": "$AAPL 1hr view from 1/14 Pre-Market update presented to members at elliottwave-forecast.com/ #elliottwave #trading #stocks", "time": 1642788557.0, "sentiment": ""}, {"id": 428866628, "text": "$AAPL NEW ARTICLE : 3 Hot Stocks That Can Live Up to Their Lofty Valuations https://www.stck.pro/news/AAPL/21694028", "time": 1642788330.0, "sentiment": ""}, {"id": 428866623, "text": "$AAPL #Apple  video from 12 January looking at the #Elliottwave path https://www.youtube.com/watch?v=q1xLRP7d8LA  #trading", "time": 1642788329.0, "sentiment": ""}, {"id": 428866542, "text": "$AAPL thank you NFLX for starting the doomsday.. bulls be like...", "time": 1642788305.0, "sentiment": "Bearish"}, {"id": 428865866, "text": "$AAPL Chart of The Day 12 January: #Apple can see further downside https://elliottwave-forecast.com/stock-market/elliott-wave-view-apple/  #elliottwave #trading #stocks", "time": 1642788105.0, "sentiment": ""}, {"id": 428865446, "text": "$AAPL interring that 4 million shares were traded at 164.15 after hours and then WFC gives them a 205.00 PT.  On the watch list.", "time": 1642787994.0, "sentiment": ""}, {"id": 428865372, "text": "$SKL.X I strongly believe crypto will detach from tech stocks soon.  I have posted the adx/ppo pincher a few times on the $btc.x and $eth.x boards.  Ethereum pincher setting up nicely: \nRSI below 30 \nADX signal line approaching 40 \nPPO last time didn&#39;t make it to -10, but we are on our way again \n \nIf you track $spy with the same techincals, it&#39;s just showing weakness.  You pull up a major stock like $aapl and it&#39;s showing weakness \n \nThe adx/ppo pincher just has a way of finding beaten up securities that are setting up for a nice pop.  I believe this is the year $eth.x takes over bitcoin&#39;s top crypto spot and i thing the L2 plays that make Ether better will be this years superstars", "time": 1642787969.0, "sentiment": ""}, {"id": 428865292, "text": "$AAPL u better load up.. or throw your iPhone away u disloyal scum bags \ud83e\udd23", "time": 1642787937.0, "sentiment": "Bullish"}, {"id": 428865290, "text": "$AAPL I&#39;m sure we bounce back to 166-167 today", "time": 1642787936.0, "sentiment": ""}, {"id": 428865273, "text": "$AAPL -$AAPL T.V. will go down as one of their great failed experiments.", "time": 1642787930.0, "sentiment": "Bearish"}, {"id": 428864859, "text": "$AAPL i&#39;m asleep until this hits 35", "time": 1642787777.0, "sentiment": "Bearish"}, {"id": 428864651, "text": "$AAPL - more like $25.00.\nThey will miss earnings.\n$PTON makes bikes, $AAPL make phones and computers.\nIncreases in hardware prices will sting causing them to raise prices to levels nobody wants to pay.\nI bet Warren Buffet is quietly selling stock everyday.", "time": 1642787700.0, "sentiment": ""}]