[{"id": 428900049, "text": "$RELI make your money back here\n\n$AAPL $MSFT $NFLX  $", "time": 1642794798.0, "sentiment": ""}, {"id": 428899352, "text": "$AAPL I&#39;ll be honest, everybody talks shit about $gme &amp; $amc crazy valuations but nobody batted an eye at a $3 trillion dollar Market cap for Apple? I mean for real? Analyst were giving even higher price targets? Lol who were they trying to trap?", "time": 1642794706.0, "sentiment": ""}, {"id": 428898606, "text": "$AAPL Opportunity to patiently buy a controlling interest if this moves to the 200. $QQQ $TQQQ $NDX ...", "time": 1642794612.0, "sentiment": "Bullish"}, {"id": 428896950, "text": "$AAPL", "time": 1642794392.0, "sentiment": "Bullish"}, {"id": 428896869, "text": "$AAPL not selling my 610 shares I purchased at 117.11 in 2021. Entry was right around the bottom for the year. \ud83d\udc4c\ud83d\udcb0", "time": 1642794381.0, "sentiment": "Bullish"}, {"id": 428896304, "text": "$AAPL  \ud83c\udf4fHeavy PreMkt Volume, 1.4 Million+.", "time": 1642794310.0, "sentiment": "Bullish"}, {"id": 428895824, "text": "$AAPL meme stock season soon.", "time": 1642794249.0, "sentiment": ""}, {"id": 428894964, "text": "$AAPL As market continues to tank, manipulators trying to keep it afloat just so they can get GTFO before massive dump", "time": 1642794131.0, "sentiment": ""}, {"id": 428894650, "text": "$AAPL \ud83c\udf4f\ud83d\udc47\ud83d\udc4d", "time": 1642794085.0, "sentiment": ""}, {"id": 428894282, "text": "$AAPL I remember last time apple did drop big and they upgraded guess what?! The upgrade 6month later aaple actually goes above it!! So in 6 month and to eoy appl will see over 200$ time to load up.. let\u2019s things idiots for selling , they will regret $SPY $QQQ", "time": 1642794030.0, "sentiment": "Bullish"}, {"id": 428893978, "text": "$AAPL were you a buyer or seller in March and April of 2020? You know who was right then, right? Buy when there is blood on the streets (nothing but red).  GLTA", "time": 1642793983.0, "sentiment": "Bullish"}, {"id": 428893096, "text": "$AAPL \n\nPT upgrades .. that\u2019s good ..\n\nJust watch out where the actual bottom is .. we need to shut these algo down .. this algo is still running out of control based on FUD .. like NFLX poor performance and many other fears.\n\nWe need to blunt and drop .. this stock is not supposed to be dragged by others. \n\nLet\u2019s find out where the true bottom is .. we need to make sure this is bottom. \n\nLet\u2019s push higher!!", "time": 1642793843.0, "sentiment": "Bullish"}, {"id": 428892767, "text": "$SKLZ\n$MSFT \u2661 $ATVI\n$AAPL \u2661 SKLZ", "time": 1642793790.0, "sentiment": ""}, {"id": 428891899, "text": "$AAPL the apple music adds on Stocktwits is the reason I bought puts\u2026 thanks I guess\u2026", "time": 1642793655.0, "sentiment": ""}, {"id": 428890994, "text": "$AAPL latest rating from Wells Fargo on 2022-01-21, setting target price at: USD 205.00 with a rating of . StockTargetAdvisor&#39;s own view is Slightly Bullish  with an average target price of USD 173.52. Details: https://www.stocktargetadvisor.com/stock/USA/NSD/AAPL", "time": 1642793521.0, "sentiment": ""}, {"id": 428889857, "text": "$SPY $AAPL $BTC.X $TSLA", "time": 1642793357.0, "sentiment": "Bearish"}, {"id": 428889766, "text": "$AAPL gonna have a sh*tty guidance. Just watch lol", "time": 1642793337.0, "sentiment": "Bearish"}, {"id": 428889126, "text": "$TSLA $AAPL $NFLX Netflix crushed EPS and was inline with Revenue - but, growth in new subscribers slowing.  Market knows there are too many Streaming companies fighting over consumers and Netflix has among the strongest content development. $NFLX panic selling overdone. \n \n$TSLA recently released that 2021 manufactured more EVs than analysts projected.  will bode well for ER and guidance forward to greatly expand production with Gigafactories is a huge accelerator to take EV marketshare where EVs only are 3-5% of the auto market.  Other EV manufacturers have yet to produce a car and ramp production. \n \n$AAPL iPhone sales have been solid throughout the quarter and $AAPL has greatly expanded leverage across platform to sell subscription services and apps in the App Store. \n \nWall Street loves volatility and believe $AAPL and $TSLA will do well at ER. $NFLX great buy and hold as it recovers.", "time": 1642793230.0, "sentiment": "Bullish"}, {"id": 428889012, "text": "This $Aapl buying $Pton rumor is actually not that far fetched. I kinda like it. Apple is very focused on connected health right now. Would make a lot of sense.", "time": 1642793209.0, "sentiment": "Bullish"}, {"id": 428888998, "text": "Big Balls \u26bd\ufe0f \ud83c\udfc0 \ud83c\udfc8 $AAPL https://t.co/wfKCVEpXl9", "time": 1642793207.0, "sentiment": ""}, {"id": 428888839, "text": "$SPY $AAPL we coming for you next boy!!!", "time": 1642793179.0, "sentiment": "Bearish"}, {"id": 428888414, "text": "$AAPL thanks", "time": 1642793108.0, "sentiment": ""}, {"id": 428887379, "text": "$AAPL if this breaks $161, we going to oblivion! i mean $154! hahahaha", "time": 1642792933.0, "sentiment": "Bearish"}, {"id": 428887276, "text": "$AAPL only $msft is green", "time": 1642792917.0, "sentiment": ""}, {"id": 428887220, "text": "$SPY $QQQ $AAPL  $AMD  what is everyone thinking today?", "time": 1642792910.0, "sentiment": ""}, {"id": 428887032, "text": "$AAPL      \ud83c\udf4f Wells Fargo Raises AAPL PT to $205 from $165.  Huge, increase\u2026Apple \u201cguietly\u201d guiding the Street Higher, ahead of ERs next Thursday?", "time": 1642792874.0, "sentiment": ""}, {"id": 428886973, "text": "$AAPL The bigger they are the harder they fall.  Wall Street has pumped many of these stocks way beyond their value.  Now they bailing leaving the little guy holding bags.  That includes your IRA and 401 K.", "time": 1642792865.0, "sentiment": ""}, {"id": 428886907, "text": "$AAPL Another nightmarish day. I can\u2019t but anyone because of all my stocks are hammers down.  I\u2019ll have to bag hold them until they recover with this unpredictable market. I don\u2019t know how many days they can keep hammering the market. Good Luck to all until we have brighter days.", "time": 1642792853.0, "sentiment": ""}, {"id": 428886799, "text": "$AAPL at least on the daily previous rsi records show when it hits around 35 it gets bought up last 2 to 3 major sell offs let\u2019s see what happens", "time": 1642792835.0, "sentiment": ""}, {"id": 428885849, "text": "$SPY $TSLA $AAPL You guys ever hear of a company called Amazon?  Might be worth looking at.", "time": 1642792671.0, "sentiment": ""}]