[{"id": 428884965, "text": "$AAPL NEW ARTICLE : Apple Stock Gets a Big Target Price Boost Ahead of Earnings. Here&#39;s Why. https://www.stck.pro/news/AAPL/21697528", "time": 1642792514.0, "sentiment": ""}, {"id": 428884724, "text": "$AAPL desperation by the analysts with the upgrade", "time": 1642792476.0, "sentiment": ""}, {"id": 428884675, "text": "$AAPL Upgrades at this point are just desperation", "time": 1642792467.0, "sentiment": ""}, {"id": 428883921, "text": "$AAPL and the upgrades commence even though the chart still looks lofty.  \nZolmax \n\n\u201cAAPL had its target price raised by stock analysts at Wells Fargo &amp; Company from $165.00 to $205.00 in a report issued on Friday, The Fly reports. Wells Fargo &amp; Company\u2018s target price suggests a potential upside of 24.61% from the company\u2019s previous close.\nSeveral other brokerages have also recently issued reports on AAPL. DA Davidson lifted their target price on Apple from $167.00 to $175.00 and gave the stock a \u201cbuy\u201d rating in a report on Tuesday, October 19th. Deutsche Bank Aktiengesellschaft lifted their target price on Apple from $175.00 to $200.00 and gave the stock a \u201cbuy\u201d rating in a report on Tuesday. Zacks Investment Research cut Apple from a \u201cbuy\u201d rating to a \u201chold\u201d rating and set a $171.00 price objective on the stock. in a research note on Monday, November 1st. Oppenheimer boosted their price objective on Apple from $165.00 to $170.00 and gave the stock an \u201coutperform\u201d rating in a,\u2026\u201d", "time": 1642792333.0, "sentiment": ""}, {"id": 428883669, "text": "$AAPL Apple Stock Gets a Big Target Price Boost Ahead of Earnings. Here\u2019s Why. \n\nhttps://newsfilter.io/a/c54f91189ccfc4b66eff5fc2bef96afd", "time": 1642792289.0, "sentiment": ""}, {"id": 428883613, "text": "$SPY the one think I did learn from fighting the bull run $AAPL had a couple months ago was to not fight the trend. Don\u2019t buy calls too soon you\u2019ll get slaughtered", "time": 1642792279.0, "sentiment": ""}, {"id": 428883512, "text": "Apple (NASDAQ:AAPL) Price Target Raised to $205.00 - Zolmax $AAPL  https://zolmax.com/investing/apple-nasdaqaapl-price-target-raised-to-205-00/6750521.html", "time": 1642792259.0, "sentiment": ""}, {"id": 428883345, "text": "$AAPL big opportunity to buy more. Apple is the greatest", "time": 1642792226.0, "sentiment": "Bullish"}, {"id": 428882580, "text": "$AAPL Well, averaged down again. Sitting on 138 shares @ $167.53. Bag is feeling a bit heavy lmao.", "time": 1642792083.0, "sentiment": ""}, {"id": 428882255, "text": "$AAPL 300", "time": 1642792028.0, "sentiment": "Bullish"}, {"id": 428882147, "text": "$NFLX $NIO $RIOT $SPY $AAPL yeah pay that high IV and buy his \ud83d\udca9", "time": 1642792010.0, "sentiment": ""}, {"id": 428882107, "text": "$AAPL hope this has a earnings run up so i can short lol", "time": 1642792002.0, "sentiment": "Bearish"}, {"id": 428881919, "text": "$AAPL AAPL 2022-01-20 Largest Trades Data: \nhttps://www.youtube.com/watch?v=Fy1PSVuF1zw", "time": 1642791967.0, "sentiment": ""}, {"id": 428881830, "text": "$FB $aapl $msft  This has to be the bottom or pretty damn close. \ud83d\udc40\ud83d\ude32 What is wallstreet doing trying to crash the market?", "time": 1642791952.0, "sentiment": ""}, {"id": 428881475, "text": "$NNDM crypto burning, bring that to $NNDM 1.4B cash and 850M market cap. $MSFT $AAPL $NFLX", "time": 1642791882.0, "sentiment": "Bullish"}, {"id": 428881458, "text": "$NFLX let\u2019s go fam $NIO $RIOT $SPY $AAPL \ud83d\udd25\ud83d\udcb5\ud83c\udf7e", "time": 1642791879.0, "sentiment": "Bearish"}, {"id": 428881335, "text": "$AAPL 250", "time": 1642791859.0, "sentiment": "Bullish"}, {"id": 428879850, "text": "$AAPL 155P Exp:20-Jan-23 \u2193  \ud83d\udd25 Total(Day): $116,850 \n$AAPL 160P Exp:18-Feb-22 \u2191  \ud83d\udd25\ud83d\udd25 Total(Day): $54,924 \n#UnusualActivity \n \n \nSign-up free for beta ver.:https://app.jarvisalerts.com \ncharts: courtesy of finviz", "time": 1642791612.0, "sentiment": ""}, {"id": 428879823, "text": "$AAPL 140P Exp:16-Sep-22 \u2191  \ud83d\udd25 Total(Day): $37,210 \n$AAPL 150P Exp:19-Jan-24 \u2193  \ud83d\udd25 Total(Day): $44,000 \n$AAPL 155P Exp:18-Feb-22 \u2191  \ud83d\udd25\ud83d\udd25 Total(Day): $56,750 \n#UnusualActivity \n \n \nSign-up free for beta ver.:https://app.jarvisalerts.com \ncharts: courtesy of finviz", "time": 1642791608.0, "sentiment": ""}, {"id": 428877726, "text": "$AAPL don\u2019t you just love Byron and the FED oh joy", "time": 1642791168.0, "sentiment": ""}, {"id": 428877122, "text": "$AAPL ugly month so far. . .", "time": 1642791033.0, "sentiment": ""}, {"id": 428876662, "text": "$AAPL   After the bulls got a beating, the bears got eaten!", "time": 1642790944.0, "sentiment": "Bullish"}, {"id": 428876479, "text": "$AAPL  when the market is crashing \ud83d\udcc9", "time": 1642790900.0, "sentiment": "Bullish"}, {"id": 428876477, "text": "$AAPL earlier I added to my trade so am now at 3/4 position. Again Netflix fortune is not apple\u2019s!", "time": 1642790899.0, "sentiment": "Bullish"}, {"id": 428876331, "text": "$AAPL guys it\u2019s a market crash just keep dollar cost average", "time": 1642790865.0, "sentiment": "Bullish"}, {"id": 428875348, "text": "$AAPL  today AAPL will be at least 20 % down", "time": 1642790653.0, "sentiment": "Bearish"}, {"id": 428874746, "text": "$NFLX hopefully you had PUTS into earnings? Add more shares prior to the open.  Close out your PUTS.  This always happens but it\u2019s worse now as the market term.  This will go up or somebody will buy them! $AAPL $MSFT", "time": 1642790526.0, "sentiment": "Bullish"}, {"id": 428874655, "text": "AAPL Intermediate Correction Lowers Prices To 139.61 $AAPL https://talkmarkets.com/content/stocks--equities/aapl-intermediate-correction-lowers-prices-to-13961?post=341979", "time": 1642790508.0, "sentiment": ""}, {"id": 428874137, "text": "$AAPL was analyzed by 49 analysts. The buy consensus is at 84%. So analysts seem to be very confident about $AAPL. https://www.chartmill.com/stock/analyzer/stock/AAPL?view=analyst-ratings&amp;utm_source=stocktwits&amp;utm_medium=ANALYST&amp;utm_content=AAPL&amp;utm_campaign=social_tracking", "time": 1642790400.0, "sentiment": ""}, {"id": 428874053, "text": "$TSLA after watching $AAPL and $AMZN be decimated why is this being propped up?", "time": 1642790378.0, "sentiment": ""}]