[{"id": 428854684, "text": "$PTON I\u2019m convinced that $AAPL or $AMZN is going to buy them out. It\u2019s a household name with massive branding power. Market cap under $9 Billion. Seems like a no-brainer", "time": 1642782722.0, "sentiment": "Bullish"}, {"id": 428853895, "text": "$AAPL is currently trading in the upper part of its 52 week range, which is inline with the index. https://www.chartmill.com/stock/quote/AAPL/technical-analysis?key=bb853040-a4ac-41c6-b549-d218d2f21b32&amp;utm_source=stocktwits&amp;utm_medium=TA&amp;utm_content=AAPL&amp;utm_campaign=social_tracking", "time": 1642782120.0, "sentiment": ""}, {"id": 428853872, "text": "@mikekart26 $aapl HAS NOT been buying. \nThis is buyback blackout period. No company is buying back shares 2 weeks before ER.", "time": 1642782104.0, "sentiment": ""}, {"id": 428853809, "text": "$AAPL This is really alot of Bull on this Fall, I feel they are jusr Trying To shake the weak holders out, I have never sold since stock split. I have a feeling there will be some Big news to send the Price back to 180.00-200.00 range in a Quick Violent move, to just cost the sellers that much more money to buy back in while AAPL has been buying on this Fall. Just a bunch of Bull here.", "time": 1642782055.0, "sentiment": ""}, {"id": 428853002, "text": "$AAPL Whats happens to the Markets in an election year, should give you confidence.", "time": 1642781400.0, "sentiment": "Bullish"}, {"id": 428852698, "text": "$AAPL you\u2019re a fool", "time": 1642781170.0, "sentiment": ""}, {"id": 428852457, "text": "$AAPL AAPL 2022-01-20 Largest Trades Data: \nhttps://www.youtube.com/watch?v=Fy1PSVuF1zw", "time": 1642780986.0, "sentiment": ""}, {"id": 428852116, "text": "$AAPL I would target $60 to go long. Can stay short for around 52w.", "time": 1642780712.0, "sentiment": "Bearish"}, {"id": 428851990, "text": "$AAPL I like what I see here.", "time": 1642780624.0, "sentiment": "Bearish"}, {"id": 428851929, "text": "$AAPL \n\nGood time to buy longterm", "time": 1642780575.0, "sentiment": ""}, {"id": 428851121, "text": "$AAPL      \ud83c\udf4f\ud83d\udc4d", "time": 1642779988.0, "sentiment": ""}, {"id": 428850817, "text": "$AAPL Apple earning next week expected to be the biggest earning in Apple history !! Be ready", "time": 1642779742.0, "sentiment": "Bullish"}, {"id": 428850150, "text": "$AAPL there is absolutely no way that Apple will buy Peloton.", "time": 1642779266.0, "sentiment": ""}, {"id": 428849808, "text": "$AMD $TSLA $AAPL $NVDA $NASDAQ dont trust analyst or stupid newspaper guys which try to scare that sellout is just to start.We have seen similar &quot;correction&quot; multiple times during last year,just refresh mind and you can see that it took everyimte about month two to recover and then go more up to new Nasdaq ATH. Make coffe,go for walk and dont read stupid articles or listen to stupid youtubers. Market will rebound sooner than you think.", "time": 1642779024.0, "sentiment": "Bullish"}, {"id": 428849633, "text": "$AAPL Time for this one head down now", "time": 1642778883.0, "sentiment": "Bearish"}, {"id": 428849582, "text": "$PTON welcome to Crash Friday https://www.investing.com/indices/indices-futures $f $tsla $aal $aapl", "time": 1642778830.0, "sentiment": "Bearish"}, {"id": 428849562, "text": "$AAPL feels like a gap down and then will deadcat bounce today.. watching\u2026 but let me secure my 20k gain. \ud83e\udd23\ud83e\udd23\ud83e\udd23", "time": 1642778814.0, "sentiment": "Bearish"}, {"id": 428848837, "text": "$AAPL I would get back in around $155, shorts are in control at the moment", "time": 1642778197.0, "sentiment": ""}, {"id": 428848720, "text": "$VERB \nMost undervalued stock in the market. Launching ecommerce site with a collection of storefronts live streaming.\n Verb signed 70 enterprise mlm clients for their verblive platform.\nVerb has 100&#39;s of 1000&#39;s of mlm distributors using verb live doing this\n\nhttps://youtu.be/lpvFxCdvSjk\n\nMade a beta site for testing ui/ux functionality, while their final site was being built parallel, by other developers. It was opened nov&#39;20 closed nov21\n\nhttps://www.shoppopup.tv\n\nVerb released a hype video of what the final site will look like\n\nhttps://youtu.be/c5xKOK6VhZg\n\nSigned Pittsburgh Penguins to make sports videos shoppable, more signing expected soon especially when MLB strike is over.\n\nDavid Meltzer will be verb&#39;s producer to supply streaming content for Verb to make shoppable to advertise on Market &amp; Verbtv.\nSoon after Meltzer also signed a streaming deal w/$AAPL Its all adding up for this year. Last year it got killed on an ATm offering, now it has the money selling shares to their 13g holder 3i&#39;s. Its going.", "time": 1642778103.0, "sentiment": ""}, {"id": 428848719, "text": "$BA $AAPL $GOOG https://twitter.com/AlbertoFNeumann/status/1484453618837331972", "time": 1642778100.0, "sentiment": "Bullish"}, {"id": 428847295, "text": "$AAPL I never thought for a second Netflix was even close to the kind of companies that make up the rest of FAANG. I\u2019d replace the N with Nvidia and rename it MAANA. Meta, Amazon, Apple. Nvidia and Alphabet.", "time": 1642776836.0, "sentiment": ""}, {"id": 428847149, "text": "$SPY $MSFT $AAPL load up.. what a gift... thank you bears.", "time": 1642776699.0, "sentiment": "Bullish"}, {"id": 428844653, "text": "$AAPL When everything fails. Precious metals and other commodities is where you need to be going to. Buy yourself some protection. Trust me you&#39;ll need it. Markets are officially in bear territory....", "time": 1642774125.0, "sentiment": ""}, {"id": 428844003, "text": "nitwits don\u2019t realize that $AAPL at 30 PE is fair value because it has grown earnings by 16% on average for nearly 20 years. even after it hit 1T and 2T and everyone said it would stop growing earnings. bull market or bear market. It makes money", "time": 1642773536.0, "sentiment": ""}, {"id": 428843070, "text": "$PTON &amp; $AAPL rumours? This could run", "time": 1642772712.0, "sentiment": ""}, {"id": 428842765, "text": "5 Blue-Chip Stocks Likely to Gain on Earnings Next Week $CAT $AAPL $AXP $CVX $BA https://yhoo.it/3FSR9YJ", "time": 1642772451.0, "sentiment": ""}, {"id": 428842288, "text": "$NFLX it\u2019s over for big tech says the masses. You know what that means. $AAPL $MSFT $META $TSLA", "time": 1642772094.0, "sentiment": ""}, {"id": 428842146, "text": "$GOOG $AAPL $MSFT  Time for you guys to turn the markets around or the sky will begin to fall...", "time": 1642771996.0, "sentiment": ""}, {"id": 428841707, "text": "$SPY $DJIA $QQQ $AAPL $TSLA \n\nThe best thing that will come from a large sell off will be the education the Millennial and GenZ receive on the FED-manipulated Ponzi in which they are \u201cinvesting\u201d. They will also learn a thing or two about buying high and valuations.\n\nThe Boomers and Gen X have seen this all before and have been handing off bags for the last 1+ years knowing that this FED-manipulated market is not sustainable.\n\nOnce again Boomers nail it!", "time": 1642771647.0, "sentiment": ""}, {"id": 428841471, "text": "$AAPL ANYONE NOTICED THE $QQQ HAD A GAP TO FILL?\n\nGAP FILLED.\n\nIf you\u2019re still sitting PUTS BETTER COVER QUICKLY.", "time": 1642771471.0, "sentiment": "Bullish"}]