[{"id": 429004398, "text": "$AAPL more to come", "time": 1642803863.0, "sentiment": "Bullish"}, {"id": 429003917, "text": "$AAPL $AMZN $SPY AMZN did you take the CALLS??? MOOON!!! $COIN watch for a big squeeze here she&#39;s next", "time": 1642803818.0, "sentiment": "Bullish"}, {"id": 429003278, "text": "$AAPL \nBegging BIG VOLUME PER MINUTES &gt;400K", "time": 1642803754.0, "sentiment": ""}, {"id": 429003067, "text": "$AAPL $200+ a day wins bought $163+ sold $166+ = $1000 a week", "time": 1642803733.0, "sentiment": "Bullish"}, {"id": 429003003, "text": "$AAPL inverse h&amp;s", "time": 1642803727.0, "sentiment": "Bullish"}, {"id": 429002932, "text": "$AAPL to 200$", "time": 1642803721.0, "sentiment": "Bullish"}, {"id": 429002570, "text": "$AAPL Up We Go", "time": 1642803684.0, "sentiment": "Bullish"}, {"id": 429002495, "text": "$AAPL Looking at the tic by tic going into the fake breakout pumps \ud83e\udd23", "time": 1642803676.0, "sentiment": ""}, {"id": 429002357, "text": "$AAPL back down we go", "time": 1642803663.0, "sentiment": "Bearish"}, {"id": 429002010, "text": "$AAPL     \ud83c\udf4f Traders:  just say thank you to the IMF.  I\u2019m sure Powell is on \u201cline 1\u201d saying:  I\u2019m going to raise, but, I\u2019ll soften the rhetoric\u201d.", "time": 1642803626.0, "sentiment": ""}, {"id": 429001945, "text": "$SPY $GOOG $AAPL $FB\n\nSupport?\nFail?\nSupport? \n$Fail?\n\nEpic!", "time": 1642803619.0, "sentiment": ""}, {"id": 429001898, "text": "$SPY  Warren Buffett&#39;s Berkshire hathaway buyers massive volume at support..  $AAPL", "time": 1642803615.0, "sentiment": ""}, {"id": 429001897, "text": "$AAPL Apple Option Alert: Fri $165 Puts Sweep (18) near the Bid: 442 vs 60087 OI; Earnings 1/27 After Close \ud83d\udc3b |\ud83e\udd47 Learn more and get details on  \u27a1\ufe0f SweepCast.com", "time": 1642803615.0, "sentiment": ""}, {"id": 429001598, "text": "$AAPL ER next week could hit a new ATH", "time": 1642803586.0, "sentiment": "Bullish"}, {"id": 429000445, "text": "$AAPL this is one strong company. Been watching from the sidelines lately, almost ready to go long again. Maybe next week if I see signs of the the market bottoming out!", "time": 1642803468.0, "sentiment": "Bullish"}, {"id": 428999707, "text": "$SPY $QQQ $NFLX $AAPL $TSLA \n  \nThe best thing that will come from a large sell off will be the education Millennial and GenZ receive on the FED-manipulated Ponzi in which they are \u201cinvesting\u201d. They will also learn a thing or two about buying high and valuations. \n \nThe Boomers and Gen X have seen this all before and have been handing off bags for the last 1+ years knowing that this FED-manipulated market is not sustainable. \n \nOnce again Boomers nail it!", "time": 1642803394.0, "sentiment": ""}, {"id": 428999602, "text": "$AAPL With the Feds around the corner I wouldn\u2019t be in the bullish mindset with Apple just yet. There\u2019s also earnings shortly after and we know how those usually turn out.", "time": 1642803382.0, "sentiment": ""}, {"id": 428999401, "text": "$AAPL Fed must be buying here to try to buffer the market correction, no other reason AAPL is still so close to ATH in this market. If you think good earnings mean it has to go up check out what happened after earnings a year ago in a bull market with AAPL reporting the first 100 billion earnings.", "time": 1642803361.0, "sentiment": ""}, {"id": 428999197, "text": "$AAPL woo hoo .. the faster green inflows are limiting the short attacks !!\n\nIt\u2019s like they are going to put money back in and push harder!", "time": 1642803340.0, "sentiment": "Bullish"}, {"id": 428999156, "text": "$AAPL \n\ud83c\udf4f\ud83c\udd99\nPT$205. WF.", "time": 1642803336.0, "sentiment": "Bullish"}, {"id": 428997559, "text": "$AAPL yellen: no inflation by EOY", "time": 1642803173.0, "sentiment": ""}, {"id": 428997515, "text": "$AAPL tech floating around April of last year levels. Almost a whole year of gains wiped out. The good news is that there\u2019s so much upside going forward.", "time": 1642803169.0, "sentiment": ""}, {"id": 428997502, "text": "$AAPL", "time": 1642803167.0, "sentiment": "Bullish"}, {"id": 428997466, "text": "$AAPL 115", "time": 1642803164.0, "sentiment": ""}, {"id": 428997395, "text": "$AAPL pump and dump", "time": 1642803156.0, "sentiment": "Bearish"}, {"id": 428997267, "text": "$AAPL up we go", "time": 1642803144.0, "sentiment": "Bullish"}, {"id": 428997059, "text": "$AAPL  \ud83c\udf4f European Closing Trade, underway.  Close, in 20 mins.  Shorts, active. But, Volume is now a headwind for them.  Need to put Europe to bed.  AAPL, under \u201cAccumulation, Strong Volume:  44 Million.", "time": 1642803122.0, "sentiment": "Bullish"}, {"id": 428996455, "text": "$AAPL I should have bought at $163+ this morning \nSignature Here   X_______ PermaBull _________", "time": 1642803064.0, "sentiment": "Bullish"}, {"id": 428996303, "text": "$AAPL What will the markets do with regard to the Fed on Wednesday afternoon?  I believe that the markets will be run up, so that they can be trashed down if the Fed doesn&#39;t behave like Wall Street wants them to behave.  If Powell remains stubborn about tapering, raising rates, and selling off their $9 trillion portfolio, there will be a serious temper tantrum on Wednesday afternoon, but everything heading up until then.", "time": 1642803050.0, "sentiment": "Bullish"}, {"id": 428996288, "text": "$AAPL technitions, is the gap from December considered filled by the drop today, or does price need to reach the exact $ amount before considered filled? TIA", "time": 1642803049.0, "sentiment": ""}]