[{"id": 428916993, "text": "$AAPL EURO markets tanking BIG TIME!", "time": 1642796952.0, "sentiment": "Bearish"}, {"id": 428916880, "text": "$AAPL 165 reject buying 160P 1/28 exp \nHit the follow and join for my options entries, exits, and stops. I promise you won&#39;t be disappointed!!", "time": 1642796940.0, "sentiment": "Bearish"}, {"id": 428916759, "text": "$AAPL", "time": 1642796927.0, "sentiment": ""}, {"id": 428916695, "text": "$AAPL someone is buying big", "time": 1642796920.0, "sentiment": "Bullish"}, {"id": 428916594, "text": "$AAPL Buyers are getting excited premarket", "time": 1642796911.0, "sentiment": "Bullish"}, {"id": 428916328, "text": "$AAPL $AMZN $MSFT $NFLX  \nhttps://twitter.com/DivesTech/status/1484526917697126404?s=20", "time": 1642796881.0, "sentiment": "Bullish"}, {"id": 428915669, "text": "zones on the big names from Tyler: \n \n \n$SPY $442.50 to $445. Over $445 to $447. Over $447 to $450. Below $442.50 to $441.30-$440. Below $439 to $436 \n  \n$AAPL $162.50 to $164. Over $164 to $165-$166. Below $162 to $161-$160.65 \n  \n$BA $213 to $215. Over $215 to $216.50. Below $213 to $211-$210. Below $210 to $208 \n  \n$NVDA $235 to $240. Over $240 to $245-$246. Below $235 to $231-$230 \n  \n$AMD $120 to $122. Over $122 to $124. Below $119 to $117-$116.85", "time": 1642796809.0, "sentiment": ""}, {"id": 428915613, "text": "$CIDM $GNUS $AAPL $NFLX some of you clearly weren&#39;t invested AT ALL for the March 2020 collapse.  And it really shows.  We are sorry for your false exuberance thinking markets only go up as you joined the hottest back to back years ever and during a pandemic when the world was falling apart nonetheless.  But here we are, your emotions don&#39;t belong here, these are where the grown up&#39;s play.  Can&#39;t handle some drops reevaluate, maybe stick to the savings accounts.  Cycles cycle, buy the bear cycle sell the bull cycle.  Don&#39;t get confused by sentiment", "time": 1642796802.0, "sentiment": ""}, {"id": 428915563, "text": "$AAPL - As Katy Huberty from Morgan Stanley cited as she kept her price target for $AAPL to $200 per share - she expects $AAPL to come in AHEAD of earnings and will issue in-line guidance for March Quarter... and $AAPL has UNDERPERFORMED year to date and is a buyer on any weakness.  She sees $AAPL as &quot;a more defensive/quality outperformer in challenging markets&quot; \n \npeople can read Katy&#39;s note or join @OptionsPlayers to receive daily briefings of key market points. \n \nThanks Steve!", "time": 1642796798.0, "sentiment": ""}, {"id": 428915249, "text": "$AAPL we all going to shit if u idiot keep selling lol. Big crash or corrections but idc", "time": 1642796763.0, "sentiment": ""}, {"id": 428915209, "text": "$AAPL  \ud83c\udf4f PMkt Volume, surged\u20262 Million+.", "time": 1642796757.0, "sentiment": "Bullish"}, {"id": 428915176, "text": "$AAPL - IB OB ON THE 240 PRICE 163.61 LOOKING TO ENTER ONCE PRICE CLEARS 163.90 DAILY AND WEEKLY NEED MOVES HIGHERS MONTHLY STILL HOLDING WW #AAPL", "time": 1642796754.0, "sentiment": "Bullish"}, {"id": 428915160, "text": "@1927Theep If it gets there I think $AAPL will buy before you.", "time": 1642796752.0, "sentiment": ""}, {"id": 428914981, "text": "$AAPL \n\nIt\u2019s very clear we are approaching bottom for all stocks ..\n\nIt\u2019s like major reset of everything.. that\u2019s good .. it\u2019s like we do all over again!", "time": 1642796732.0, "sentiment": "Bullish"}, {"id": 428914824, "text": "$aapl", "time": 1642796716.0, "sentiment": ""}, {"id": 428914760, "text": "$AAPL Going Green!", "time": 1642796709.0, "sentiment": "Bullish"}, {"id": 428914726, "text": "$SPY Good morning.\n\nhello world.\n\nDrinking some java, script in hand.... \n\n1 min. \n$QQQ $SOXX $AAPL", "time": 1642796705.0, "sentiment": ""}, {"id": 428914501, "text": "$AAPL largest daily price gain over last 11 years was 25 bucks", "time": 1642796680.0, "sentiment": "Bullish"}, {"id": 428914016, "text": "$AAPL Stop this ongoing manipulation Wall St CROOKS! Short unprofitable companies not Apple, morons! You deserve to lose a lot of money!", "time": 1642796626.0, "sentiment": ""}, {"id": 428914008, "text": "$AAPL RSI 37.82 on the daily. Rapidly approaching oversold..", "time": 1642796626.0, "sentiment": ""}, {"id": 428913886, "text": "$AAPL Here&#39;s Why Wells Fargo Bumped Up Apple&#39;s Price Target By 24% \n\nhttps://newsfilter.io/a/f7066c3e386ea7c3fe95e74c66e389ff", "time": 1642796611.0, "sentiment": ""}, {"id": 428913728, "text": "$AAPL flood gates going to be opened soon", "time": 1642796595.0, "sentiment": ""}, {"id": 428913618, "text": "$AAPL Wells Fargo maintains. PT $205", "time": 1642796582.0, "sentiment": "Bullish"}, {"id": 428913421, "text": "$AAPL price torget for today is $161", "time": 1642796555.0, "sentiment": "Bearish"}, {"id": 428912971, "text": "$AAPL 200day MA is $148", "time": 1642796499.0, "sentiment": ""}, {"id": 428912709, "text": "$VIX Opportunities @ these bargain basement extremes are few and far between. Potential future controlling interests with pooled war chests have an opportunity here for a regime change ;) $AAPL $QQQ $TQQQ ...", "time": 1642796469.0, "sentiment": "Bullish"}, {"id": 428912437, "text": "$AAPL", "time": 1642796435.0, "sentiment": "Bullish"}, {"id": 428912056, "text": "@03fatpigs It broke the 50 day ma....we are going for max pain...which happens to be the 61.8% retracement from the highs. So I can see $AAPL going there. Computers are in control now.", "time": 1642796391.0, "sentiment": ""}, {"id": 428911485, "text": "$VTI $AAPL $GSAT $MSFT $NDX", "time": 1642796317.0, "sentiment": ""}, {"id": 428911457, "text": "$AAPL", "time": 1642796313.0, "sentiment": "Bullish"}]