[{"id": 428943328, "text": "$AAPL $TSLA @Kobalt24VMAX that is what happens.  Wall Street loves volatility and MMs and Big Traders love taking money from Retail. \n \nAs you would expect, this is Options Expiration Friday and expect the MMs to take money from CALLs and PUTs... watch the price action today, as $AAPL will do well at their ER next week and MM balances making money on expiration day.", "time": 1642799057.0, "sentiment": "Bullish"}, {"id": 428943305, "text": "$AAPL the only one barely down 10% in comparison to other peers. this is for sure lagging and will see more downside", "time": 1642799055.0, "sentiment": ""}, {"id": 428942731, "text": "$AAPL They are so struggling to keep this up ... the waterfall will happen quickly.", "time": 1642799018.0, "sentiment": ""}, {"id": 428940727, "text": "$SPY $MSFT $AAPL out of my position for now", "time": 1642798884.0, "sentiment": "Bullish"}, {"id": 428940408, "text": "$AAPL  \ud83c\udf4f  \u2714\ufe0fOversold.", "time": 1642798863.0, "sentiment": "Bullish"}, {"id": 428940319, "text": "$AAPL It\u2019s apple not Snapple", "time": 1642798858.0, "sentiment": "Bullish"}, {"id": 428940003, "text": "$AAPL historically it traded around 15 p/e so long way to go.", "time": 1642798837.0, "sentiment": ""}, {"id": 428939961, "text": "$AAPL vix is ripping index is struggling, lets see the breakdown", "time": 1642798834.0, "sentiment": "Bearish"}, {"id": 428939734, "text": "$AAPL [Apple]: Wells Fargo Maintains Overweight Raises Price Target $165 --&gt; 205 \n \n \nSign-up free for beta ver.:https://app.jarvisalerts.com \ncharts: courtesy of finviz", "time": 1642798818.0, "sentiment": ""}, {"id": 428939413, "text": "$AAPL @M9888e great points in the article.  Going forward, building the &quot;building blocks&quot; to get things done is key to all companies simply building a software platform to ride upon the &quot;building blocks&quot;.  To date, Facebook and some others can&#39;t be trusted with a person&#39;s data and so Facebook built &quot;building blocks&quot; would be tough to get end users on board.  End users will continue to buy phones, iPads, etc.. from someone they trust and continue to buy as these products evolve... $AAPL is in best position to leverage their Platform.", "time": 1642798796.0, "sentiment": "Bullish"}, {"id": 428939409, "text": "$AAPL sooo much selling\u2026.. it would be a shame if a squeeze might happen\u2026\u2026 $SPY $QQQ", "time": 1642798796.0, "sentiment": "Bullish"}, {"id": 428939365, "text": "$AAPL just bought shares here I\u2019m bullish will be at 185 again in no time. Buy the fear", "time": 1642798792.0, "sentiment": "Bullish"}, {"id": 428938645, "text": "$TDOC $PTON  it will be a sell off of big caps like $AAPL $MSFT $AMZN from here on out. Mid caps are already sold.", "time": 1642798748.0, "sentiment": "Bullish"}, {"id": 428938222, "text": "$AAPL - All the criminal vultures on Wall St. have their algos negative biased to drive down the market, either stay flat or learn to short..", "time": 1642798721.0, "sentiment": "Bearish"}, {"id": 428938007, "text": "$AAPL  \ud83c\udf4fLarge Volume, 20.5 Million.", "time": 1642798706.0, "sentiment": "Bullish"}, {"id": 428937843, "text": "$AAPL Give me $172.5 By ER and WE ARE GOOD.", "time": 1642798695.0, "sentiment": "Bullish"}, {"id": 428937821, "text": "@enleeten CNBC analyst were speculating $AAPL because they failed to buy them years ago, maybe not a bad play for either company but need to do away with all the woke content as Michael Jordan famously stated Republicans buy sneakers too", "time": 1642798694.0, "sentiment": ""}, {"id": 428937781, "text": "$AAPL major buy flags here", "time": 1642798692.0, "sentiment": "Bullish"}, {"id": 428937667, "text": "$AAPL so so OVERSOLD  Will turn green today", "time": 1642798685.0, "sentiment": "Bullish"}, {"id": 428937356, "text": "$AAPL $20k down week wooo. Fuck this, setting strangles and shorting every PUT AND CALL I can get my hands on for ER.", "time": 1642798664.0, "sentiment": ""}, {"id": 428937325, "text": "$AAPL defiantly oversold.", "time": 1642798661.0, "sentiment": "Bullish"}, {"id": 428937117, "text": "$QQQ $SPY $AAPL $MSFT\n\nBulls did you really think same game was going to work \npumping apple n Msft was going to save the day ???", "time": 1642798647.0, "sentiment": "Bearish"}, {"id": 428936784, "text": "$AAPL wtf my account getting screwed", "time": 1642798625.0, "sentiment": ""}, {"id": 428936516, "text": "$AAPL trump is laughing", "time": 1642798609.0, "sentiment": ""}, {"id": 428936513, "text": "$AAPL  Russia possibly invading Ukraine over the weekend definitely makes the markets jittery", "time": 1642798608.0, "sentiment": ""}, {"id": 428936134, "text": "$AAPL bought a half position. Let\u2019s see where this goes.", "time": 1642798581.0, "sentiment": "Bullish"}, {"id": 428936072, "text": "$NFLX $DIS $AAPL $TSLA $MSFT remember to vote for the right guy in 2024", "time": 1642798576.0, "sentiment": ""}, {"id": 428934964, "text": "$AAPL NFLX opened the pandora&#39;s box! pull the FAANG now!", "time": 1642798493.0, "sentiment": "Bearish"}, {"id": 428934611, "text": "$AAPL looking for a new buy. Don\u2019t be afraid of the trade!", "time": 1642798468.0, "sentiment": "Bullish"}, {"id": 428934503, "text": "$AAPL $159 EOD.  Unless Yellen starts up own printer on the side.", "time": 1642798460.0, "sentiment": ""}]