[{"id": 428969879, "text": "$AAPL Dear leader", "time": 1642800804.0, "sentiment": ""}, {"id": 428969595, "text": "$AAPL Coming back up, time to get my $LUBE ready for the repeat of yesterday.", "time": 1642800783.0, "sentiment": ""}, {"id": 428969254, "text": "$AAPL Literally fat fingered a call buy instead of a sell and now I\u2019m up \ud83d\ude02", "time": 1642800758.0, "sentiment": "Bullish"}, {"id": 428969221, "text": "$TSLA right before close, everything will start to reverse, it&#39;s a yoyo market $AAPL $SPY", "time": 1642800755.0, "sentiment": ""}, {"id": 428969071, "text": "$AAPL will lead the market higher \u2026. Burn hedgies burn", "time": 1642800745.0, "sentiment": "Bullish"}, {"id": 428969063, "text": "$AAPL \n\nFolks .. this signalize that this stock is safe haven\n\nTSLA, AMZN, NFLX  please rotate yours to here ..\n\n:)", "time": 1642800744.0, "sentiment": ""}, {"id": 428968785, "text": "$AAPL safety stock", "time": 1642800725.0, "sentiment": "Bullish"}, {"id": 428968457, "text": "$AAPL nice buy if you pulled it. Now run your stops!!!", "time": 1642800702.0, "sentiment": "Bullish"}, {"id": 428968456, "text": "$TDOC huge squeeze set up regardless of the $QQQ or  $SPY get in youll thank me for saving ur ass today. $AAPL $ETSY", "time": 1642800702.0, "sentiment": "Bullish"}, {"id": 428968284, "text": "$AAPL green. Hide yo money here", "time": 1642800690.0, "sentiment": "Bullish"}, {"id": 428968220, "text": "$AAPL $NFLX subscription is going down, where are they all going to go $AAPL TV.\n\nER will be massive.", "time": 1642800685.0, "sentiment": "Bullish"}, {"id": 428968100, "text": "$AAPL only the strong survives in Apple..The Everest.\ud83d\udcaa\ud83d\ude0e", "time": 1642800677.0, "sentiment": ""}, {"id": 428967506, "text": "$AMD $AAPL", "time": 1642800634.0, "sentiment": "Bullish"}, {"id": 428967345, "text": "$AAPL holding the $spy! \ud83d\ude02 Who think here it\u2019ll let go in 30mins?", "time": 1642800624.0, "sentiment": "Bearish"}, {"id": 428967327, "text": "$AAPL might add some more shares here only a", "time": 1642800622.0, "sentiment": ""}, {"id": 428967269, "text": "$QQQ $SPY $AAPL $MSFT ER plus this.. talk about a volatile week", "time": 1642800617.0, "sentiment": ""}, {"id": 428967042, "text": "$AAPL  \ud83c\udf4f Ding.  Opening Hour, Closed.", "time": 1642800602.0, "sentiment": "Bullish"}, {"id": 428966925, "text": "$AAPL do I see green?", "time": 1642800594.0, "sentiment": "Bullish"}, {"id": 428966776, "text": "$AAPL What you guys think of the ER? I might short the ER on the 27th", "time": 1642800584.0, "sentiment": "Bearish"}, {"id": 428966774, "text": "$AAPL sold for $162 on 12/3. Come on down some more so I can re-enter and not feel like a fool \ud83d\ude05", "time": 1642800583.0, "sentiment": "Bullish"}, {"id": 428966731, "text": "$AAPL boomm..wells fargo exist.\ud83d\ude06", "time": 1642800581.0, "sentiment": "Bullish"}, {"id": 428966161, "text": "$AAPL Lot of fear in the markets. But I will be damned if I&#39;m selling my May/June calls. Watch for the reversal within days!!", "time": 1642800544.0, "sentiment": ""}, {"id": 428966026, "text": "$AAPL \nIt\u2019s time to Up!!\nA lot Spread. From HERE. \nTOP $183\n\nCorrection -$20 Dollars.", "time": 1642800536.0, "sentiment": ""}, {"id": 428965902, "text": "$AAPL made good $$ from puts and call credit spreads. Locked in gains, 100% cash.", "time": 1642800528.0, "sentiment": ""}, {"id": 428965848, "text": "$AAPL going GREEN", "time": 1642800524.0, "sentiment": "Bullish"}, {"id": 428965833, "text": "$AAPL \ud83c\udf4f\ud83c\udf4f\ud83c\udf4f\ud83c\udf4f\ud83c\udf4f", "time": 1642800523.0, "sentiment": "Bullish"}, {"id": 428965343, "text": "$MSFT $AAPL $HON $TSLA ill go down with this ship\u2026I\u2019m young. Maybe I\u2019ll see green in 10 years?", "time": 1642800492.0, "sentiment": ""}, {"id": 428965141, "text": "$AAPL only the long survives..\ud83d\udcaa\ud83e\udd11", "time": 1642800480.0, "sentiment": "Bullish"}, {"id": 428965088, "text": "$AMZN $GOOGL $FB $AAPL this my friends is president joe biden! check your electric/gas bills lately? thank joe biden!", "time": 1642800477.0, "sentiment": ""}, {"id": 428964845, "text": "$SPY $QQQ $MSFT $AAPL $TSLA not could will go lower next week. It\u2019s inevitable", "time": 1642800461.0, "sentiment": ""}]