[{"id": 428933596, "text": "$AAPL see ya", "time": 1642798391.0, "sentiment": "Bearish"}, {"id": 428933512, "text": "$AAPL This can&#39;t hold ... look at NFLX and TSLA, AMZN", "time": 1642798385.0, "sentiment": ""}, {"id": 428932980, "text": "$AAPL $SPY amazing how Netflix is the market and earnings dictator when all they offer is a streaming service.", "time": 1642798345.0, "sentiment": ""}, {"id": 428932699, "text": "$AAPL 143.56", "time": 1642798324.0, "sentiment": ""}, {"id": 428932288, "text": "Covered /VX short for +0.30 points \n\n$SPY $BTC.X $TQQQ $UVXY $AAPL", "time": 1642798291.0, "sentiment": ""}, {"id": 428932161, "text": "$AAPL short covering and dip buying presents ample opp to gtfo", "time": 1642798282.0, "sentiment": "Bearish"}, {"id": 428931883, "text": "$AAPL dont forget the Friday sell offs", "time": 1642798261.0, "sentiment": ""}, {"id": 428931041, "text": "$AAPL the pullback from the peak should reach $162.10- $152.80 area lower where buyers should be waiting to appear again #Elliottwave #Trading #Apple", "time": 1642798195.0, "sentiment": ""}, {"id": 428930726, "text": "$AAPL it\u2019s trying to break away from the overall market.", "time": 1642798171.0, "sentiment": ""}, {"id": 428929856, "text": "$AAPL 1hr view from 1/14 Pre-Market update presented to members at http://elliottwave-forecast.com #Elliottwave #Trading #Apple", "time": 1642798102.0, "sentiment": ""}, {"id": 428929739, "text": "$QCOM if you want to save your day you can join us at $TDOC before the gap in 20mins $QQQ $SPY $AAPL", "time": 1642798093.0, "sentiment": "Bullish"}, {"id": 428929431, "text": "$AAPL is going to $160 make money with me", "time": 1642798068.0, "sentiment": "Bearish"}, {"id": 428928794, "text": "Triggered /VX short\n\n$SPY $BTC.X $TQQQ $UVXY $AAPL", "time": 1642798019.0, "sentiment": ""}, {"id": 428928545, "text": "$Spy $qqq $aapl market will bounce just to kill all the puts that we\u2019re bought yesterday! It\u2019s Friday! Regardless what\u2019s next week", "time": 1642797999.0, "sentiment": "Bullish"}, {"id": 428928416, "text": "$AAPL \n\nPatience they are cleaning up a lot of orders that was placed during AH and PM.\n\nJust be patience ..\n\nI am suspecting they are doing bull run earlier because Jim Cramer signal bottom discovery is there. It\u2019s there already.\n\nAccumulate and push !!!", "time": 1642797990.0, "sentiment": "Bullish"}, {"id": 428928252, "text": "$AAPL green by close", "time": 1642797977.0, "sentiment": "Bullish"}, {"id": 428928102, "text": "1.8 mil $AAPL @ 164.20", "time": 1642797964.0, "sentiment": ""}, {"id": 428927576, "text": "$AAPL looks like another crushing red day in the markets.", "time": 1642797926.0, "sentiment": ""}, {"id": 428927453, "text": "$SPY If you&#39;re not scalping puts, you should be a spectator right not a buyer. \n \nhttps://stocktwits.com/catladytrader/message/428905494 \n \n$QQQ $AAPL $MSFT $NVDA", "time": 1642797917.0, "sentiment": ""}, {"id": 428927448, "text": "$AMZN $AAPL $GOOG $FB Funny thing is, market uses 1,75% bond interest as an excuse for this past 2 week sell off. What a great deal, if i had 1 billion you think id buy 1,75% 10yr bond versus great companies? lmao. Market can be so funny sometimes, of course some morons panic sell and then cry on later &quot;manipulation!!! i sold at the bottom&quot; lol", "time": 1642797916.0, "sentiment": ""}, {"id": 428927419, "text": "$AAPL Jan 21, 2022 \nApple (AAPL) received a Buy rating by 5 Star analyst Aaron Rakers from Wells Fargo", "time": 1642797914.0, "sentiment": "Bullish"}, {"id": 428927192, "text": "$AAPL #Apple cotd video from 12 January looking at the #Elliottwave path https://youtube.com/watch?v=q1xLRP7d8LA  #Trading #Stocks", "time": 1642797897.0, "sentiment": ""}, {"id": 428926972, "text": "$AAPL upgrades not working?", "time": 1642797877.0, "sentiment": ""}, {"id": 428926824, "text": "$AAPL thanks biden", "time": 1642797864.0, "sentiment": "Bearish"}, {"id": 428926670, "text": "$AAPL For a limited time, we are opening our trading chatroom to the public. best.stocktradingchat.com", "time": 1642797852.0, "sentiment": "Bullish"}, {"id": 428926256, "text": "$AAPL folks not buying now ARE missing opportunities knocking", "time": 1642797818.0, "sentiment": "Bullish"}, {"id": 428924593, "text": "$AAPL make that money Bois", "time": 1642797674.0, "sentiment": "Bearish"}, {"id": 428924433, "text": "$AAPL is currently trading in the upper part of its 52 week range, which is inline with the index. https://www.chartmill.com/stock/quote/AAPL/technical-analysis?key=bb853040-a4ac-41c6-b549-d218d2f21b32&amp;utm_source=stocktwits&amp;utm_medium=TA&amp;utm_content=AAPL&amp;utm_campaign=social_tracking", "time": 1642797660.0, "sentiment": ""}, {"id": 428924389, "text": "$AAPL  \n \nTrading like a stock that did not make EPS due to supply chain costs and IPhone sales were less that whisper number.", "time": 1642797655.0, "sentiment": ""}, {"id": 428923864, "text": "$AAPL max pain $155!!!", "time": 1642797607.0, "sentiment": "Bearish"}]