[{"id": 428964524, "text": "$AAPL how the hell is this not dropping?", "time": 1642800441.0, "sentiment": ""}, {"id": 428964343, "text": "$aapl miss earnings markets def gonna crash $tsla $nflx $SPY", "time": 1642800430.0, "sentiment": ""}, {"id": 428964219, "text": "$AAPL apple is pretty much ignoring this $spy $qqq dip. $170 \ud83e\uddf2 by close", "time": 1642800423.0, "sentiment": "Bullish"}, {"id": 428964151, "text": "$AAPL 160s likely..by end of day out your puts in.", "time": 1642800419.0, "sentiment": "Bearish"}, {"id": 428963997, "text": "$AAPL hahaha... some big buyers in here trying to control the slide...", "time": 1642800409.0, "sentiment": ""}, {"id": 428963472, "text": "$AAPL safest investment n the markets \nOpportunity knocks\n\ud83c\udf4fprotection is the best", "time": 1642800377.0, "sentiment": "Bullish"}, {"id": 428963307, "text": "NEW POST: Here&#39;s the Punchline: Tesla Hasn&#39;t Even Corrected Yet  https://marketchess.com/2022/01/21/heres-punchline-tesla-hasnt-even-corrected-yet $AAPL $QQQ $SPY $TSLA", "time": 1642800366.0, "sentiment": ""}, {"id": 428962906, "text": "$AAPL $SPY when this market overreacts, it\u2019s extreme either to the bull or bear side. Takes small bits of news and zooms in 3000x on it.", "time": 1642800341.0, "sentiment": ""}, {"id": 428962350, "text": "$AAPL $FB $MSFT big tech crash LOL cash is the KING", "time": 1642800307.0, "sentiment": ""}, {"id": 428962000, "text": "$AAPL if this is a crash, see you at $80\u2026", "time": 1642800288.0, "sentiment": ""}, {"id": 428961572, "text": "$AAPL  \n \n11% correction. \n \nIs it my imagination...... does it looks like when they discuss big issues on CNBC like jobs report, Fed history over last decades, they leave out expert Rick Santelli and only have him on the air when there is no interaction with others?", "time": 1642800262.0, "sentiment": ""}, {"id": 428961522, "text": "$AAPL  \ud83c\udf4f Opening Hour, Closing in mins.", "time": 1642800259.0, "sentiment": "Bullish"}, {"id": 428961079, "text": "$AAPL LOL....hahahahahahahah...yeah, the house are manipulating....good I stop investing stocks :) I don&#39;t believe in it.", "time": 1642800233.0, "sentiment": ""}, {"id": 428960918, "text": "$AAPL if yo wanna play your money might as well buy now and sell it before it nez wik before it plunge on 25th..\ud83d\ude09 you wont take that to your grave.\ud83d\ude01", "time": 1642800224.0, "sentiment": "Bullish"}, {"id": 428960774, "text": "$AAPL I will buy and sell this for a dime at a time if it keeps me busy. Already blew through daily goal!!!", "time": 1642800215.0, "sentiment": "Bullish"}, {"id": 428960368, "text": "$AAPL patience its OH closing soon cleaning up all the AH and PM orders.\n\nThey are balancing and reducing the downfall.\n\nTrust this .. and it will bounce up eventually.", "time": 1642800191.0, "sentiment": "Bullish"}, {"id": 428960147, "text": "$AAPL when this falls it will be crazy", "time": 1642800178.0, "sentiment": "Bearish"}, {"id": 428959986, "text": "$AAPL small position started!  Will add if it dips", "time": 1642800167.0, "sentiment": "Bullish"}, {"id": 428959324, "text": "$AAPL spy tanking", "time": 1642800129.0, "sentiment": ""}, {"id": 428958814, "text": "$AAPL Timmy most likely buying back shares down here before the rate hike.", "time": 1642800098.0, "sentiment": "Bullish"}, {"id": 428958514, "text": "$AAPL 161.80 close", "time": 1642800081.0, "sentiment": ""}, {"id": 428958303, "text": "$AAPL $sq $tsla $CLOV Great job brandon!!", "time": 1642800069.0, "sentiment": "Bullish"}, {"id": 428958146, "text": "$MSFT 285 $AAPL 148 after the report", "time": 1642800061.0, "sentiment": ""}, {"id": 428957764, "text": "@GeorgeST Sound advice. I&#39;ll be ok. 80% of my investments are in safer long term holds like $AAPL ect. Also ETFs like $VTI. I am still young so want some more risk and don&#39;t want to play options. I love semiconductors so figured this was the place to be. ;)", "time": 1642800037.0, "sentiment": ""}, {"id": 428957736, "text": "$AAPL is literally the only thing not crashing so they can prop the $spy\n\nHow cute", "time": 1642800035.0, "sentiment": ""}, {"id": 428957540, "text": "$AAPL think I shall buy mo\nYup!", "time": 1642800021.0, "sentiment": "Bullish"}, {"id": 428957455, "text": "$AAPL wowowza Max pain?", "time": 1642800015.0, "sentiment": ""}, {"id": 428957259, "text": "$ARKW $QQQ $SPY $PLTR $AAPL \n\nWhat your witnessing is one of the greatest thefts of our time , I mean WS does it all the time and the SEC and your corrupt politicians do shit . They have used a .4 spike of the 10 year to steal  trillions of retail money . What is it going to take for retail to get together and fuck this system over", "time": 1642800004.0, "sentiment": ""}, {"id": 428957252, "text": "$AAPL \ud83d\ude01\ud83d\ude1c", "time": 1642800004.0, "sentiment": "Bullish"}, {"id": 428956906, "text": "$AAPL some follow through ... Nice.", "time": 1642799982.0, "sentiment": ""}]