[{"id": 428956740, "text": "$FB $AAPL $NFLX $SPY With Netflix crashing FANG is now pronounced FAG", "time": 1642799971.0, "sentiment": ""}, {"id": 428956429, "text": "$AAPL Eh I say 140s. Antitrust bill, apples defense was privacy so they&#39;re fucked. Rates going up consumers getting railed by everyone passing on the bill to consumers. Guidance is going to be horrible.", "time": 1642799949.0, "sentiment": ""}, {"id": 428956374, "text": "$AAPL looking for yet another entry point. My goal is to make my trading schedule so big this year the IRS mistakes it for a phonebook!", "time": 1642799946.0, "sentiment": "Bullish"}, {"id": 428956265, "text": "No longer defended, % of $QQQ stocks &gt; 200SMA fell and still falling below 50% $TSLA $SPY $AAPL $NFLX", "time": 1642799939.0, "sentiment": ""}, {"id": 428956127, "text": "This Market is CRAZY!  \n \n$SPY Dumping \n$TSLA Dumping \n$NFLX Dumping \n$AMZN Dumping \n$AAPL Dumping \n \nCrypto Dumping", "time": 1642799929.0, "sentiment": ""}, {"id": 428955513, "text": "$AAPL wtf", "time": 1642799888.0, "sentiment": ""}, {"id": 428955405, "text": "$AAPL yesterday was one of those days where you make a few bucks on some quick Puts but you could&#39;ve made soooo much more. I almost barfed after selling my contracts for what turned out to be PENNIES!!!! \ud83d\ude2d", "time": 1642799882.0, "sentiment": "Bullish"}, {"id": 428954748, "text": "$AAPL $NFLX Netflix way way way oversold!  Bought a few more calls.", "time": 1642799837.0, "sentiment": ""}, {"id": 428954712, "text": "$AAPL so whose going to be the next FANG stock to cascade and wafted fall downward? $AMZN $GOOG $FB ? They&#39;re coming for YOU ALL it seems. Stay nimble folks, puts ARE printing $$$", "time": 1642799835.0, "sentiment": "Bearish"}, {"id": 428954644, "text": "$AAPL $SPY sideways the rest of the day. Market just remaining open as a formality and of course finishing any and all call options left.", "time": 1642799830.0, "sentiment": ""}, {"id": 428954573, "text": "$BRK.B $SPY $MSFT $AAPL haven\u2019t invested a dime in the last 3 months (not counting my 401k). Cash on the sidelines. It\u2019s all falling apart.", "time": 1642799826.0, "sentiment": ""}, {"id": 428954189, "text": "$ARKK wait till 60 to start buying...Google and Apple still need to fall for their guidances $AAPL $GOOG $SPY", "time": 1642799801.0, "sentiment": "Bearish"}, {"id": 428953941, "text": "$QQQ $SPY id rather watch it drop more next week during $MSFT and $AAPL reports. Or more like I rather load cheaper puts on some kind of dead cat Monday", "time": 1642799784.0, "sentiment": ""}, {"id": 428953245, "text": "$SPY 200D has arrived $AAPL $AMZN $TSLA $NFLX", "time": 1642799738.0, "sentiment": ""}, {"id": 428953006, "text": "$AAPL  \ud83c\udf4f \u201cEarly Mkt VIX Algo\u201d, set to pressure Nasdaq lower.  That\u2019s the \u201ctool\u201d, Mkt is using.  But, AAPL is just so Strong\u2026trying to \u201cdiverge\u201d despite \u201cMaximum Algo Headwinds\u201d.  AAPL, could explode higher into ERs\u2026once Options expire today.", "time": 1642799723.0, "sentiment": "Bullish"}, {"id": 428952495, "text": "$AAPL $NFLX remember when everyone complained that apple should have bought Netflix when it was $700???", "time": 1642799690.0, "sentiment": "Bullish"}, {"id": 428952346, "text": "$XELA  \nkeep fighting $AAPL &amp; $INTC", "time": 1642799680.0, "sentiment": "Bullish"}, {"id": 428951281, "text": "$AAPL Holding strong in this \ud83d\udca9 market. \ud83c\udf4f\ud83c\udf4f\ud83c\udf4f\ud83c\udf4f\ud83c\udf4f", "time": 1642799610.0, "sentiment": "Bullish"}, {"id": 428949819, "text": "$AMZN $QQQ $AAPL $TSLA $MSFT we are nearing bottom for a bounce. I see bottom here and nasdaq should hold @13757 if doesn\u2019t we are screwed. Hope it holds!", "time": 1642799511.0, "sentiment": "Bullish"}, {"id": 428947759, "text": "$AAPL 32% in 10mins. I&#39;m done :) GLTA", "time": 1642799371.0, "sentiment": "Bullish"}, {"id": 428947163, "text": "$AAPL Looking at the one day chart on CNBC, $AAPL has been trading sideways since yesterday&#39;s close.  Is this the bottom?", "time": 1642799330.0, "sentiment": "Bullish"}, {"id": 428947111, "text": "$AAPL 165 called. 160 upcoming", "time": 1642799326.0, "sentiment": ""}, {"id": 428946769, "text": "$AAPL $TSLA $DIS $NVDA This site has become Beartwits...", "time": 1642799302.0, "sentiment": "Bullish"}, {"id": 428946351, "text": "$AAPL  158 is the classic 61.8 Fib retracemnt. Patterns must complete. Good entry there.", "time": 1642799273.0, "sentiment": "Bullish"}, {"id": 428945381, "text": "$AAPL long aapl here on this dip, it has options \ud83e\uddf2 170 $spy $qqq", "time": 1642799204.0, "sentiment": "Bullish"}, {"id": 428945150, "text": "$AAPL \n\nRemember when someone signalize\nSanta Rally on Dec, Actually Santa Rally done in mid Nov.\n\nWhen someone signalize the worst to come on 1st week of Jan, the worst was done earlier on last week of Dec.\n\nWhen someone signalize they were discovering bottom, it\u2019s already there before you know.\n\nSo they are gave you hint either too late .. just learn to plan wisely .. with careful risk management.\n\nAlways know ahead of them .. not they are ahead of you!", "time": 1642799187.0, "sentiment": "Bullish"}, {"id": 428944881, "text": "$AMZN and $NFLX bleeding when $AAPL and $GOOGL are the real pigs propping up this market. Gut them so $QQQ can reset", "time": 1642799168.0, "sentiment": ""}, {"id": 428944001, "text": "$AAPL apple + to get crushed", "time": 1642799105.0, "sentiment": ""}, {"id": 428943946, "text": "$AAPL  \nhttps://www.stocktargetadvisor.com/blog/wells-fargo-raised-the-target-on-apple-inc-aaplnsd-to-205-from-165/", "time": 1642799101.0, "sentiment": ""}, {"id": 428943847, "text": "$NIO $AAPL $TSLA $NFLX $AMZN how to steal millions of dollars from people, crash the market. Pathetic market is so rigged.", "time": 1642799094.0, "sentiment": ""}]