[{"id": 429046449, "text": "$QQQ $SPY $MSFT $AAPL GAMMA SQUEEZE next week \ud83d\udcc9\ud83d\udcc9\ud83d\udcc9\ud83d\udcc9", "time": 1642808758.0, "sentiment": ""}, {"id": 429046038, "text": "$SPY $QQQ $AAPL $BA $SBUX ..", "time": 1642808707.0, "sentiment": ""}, {"id": 429044620, "text": "$SPY $tsla $aapl $msft $amzn. Next week fed is gonna say NO HIKE and markets rally 10%", "time": 1642808536.0, "sentiment": "Bullish"}, {"id": 429042849, "text": "$AAPL load some more call", "time": 1642808316.0, "sentiment": "Bullish"}, {"id": 429042526, "text": "$AAPL Apple: Healthy Demand Merits a Price Target Hike, According to this Analyst https://www.tipranks.com/news/article/apple-healthy-demand-merits-a-price-target-hike-according-to-this-analyst/", "time": 1642808276.0, "sentiment": ""}, {"id": 429041854, "text": "$AAPL $170 pre earnings after that who knows", "time": 1642808198.0, "sentiment": "Bullish"}, {"id": 429041681, "text": "$PTON why would $AAPL buy PTON?", "time": 1642808175.0, "sentiment": "Bullish"}, {"id": 429041405, "text": "$NFLX This &quot;10Y/tech battle&quot; trade is getting old. \n \nhttps://twitter.com/MeisaBonelli/status/1484579044926664705?s=20 \n \n$GOOG $AAPL $ZM $DOCU", "time": 1642808142.0, "sentiment": ""}, {"id": 429041334, "text": "New week should set us up for  bullish moves into earnings. excepting corrections To finish today and after hours into premarket. $ $amzn 2/01 $tsla 1/26 $aapl 1/27", "time": 1642808133.0, "sentiment": "Bullish"}, {"id": 429040521, "text": "$MSFT $AAPL $AMZN $FB $GOOG \nThose earnings will either kill or save the bulls.", "time": 1642808032.0, "sentiment": "Bullish"}, {"id": 429040464, "text": "$AAPL heading towards $164", "time": 1642808026.0, "sentiment": "Bullish"}, {"id": 429039578, "text": "$AAPL too high. Sell off is here", "time": 1642807919.0, "sentiment": "Bearish"}, {"id": 429039325, "text": "$AAPL 85% of trading is done by the machines!!!  That&#39;s a load of shit.  \nHow is that a free and fair market?  How has it come to this?", "time": 1642807888.0, "sentiment": "Bullish"}, {"id": 429038296, "text": "$AAPL High Frequency Trading should be illegal but that\u2019s just my opinion.", "time": 1642807761.0, "sentiment": ""}, {"id": 429037913, "text": "$AAPL VIX is very close to 28 \n\nSo that would trigger auto shut off and will let it cool off .. \n\nMake a big push until VIX shut off and cool off ..", "time": 1642807717.0, "sentiment": "Bullish"}, {"id": 429037784, "text": "$AAPL I won\u2019t be selling this one \ud83e\udd26\u200d\u2640\ufe0f", "time": 1642807703.0, "sentiment": ""}, {"id": 429037775, "text": "$SPY $tsla $aapl $msft $fb. Powell time", "time": 1642807702.0, "sentiment": "Bullish"}, {"id": 429037473, "text": "$NVDA $AAPL $TSLA \n\nSo glad I sold at highs last year.\n\nI\u2019ve moved onto crypto markets which are 24/7 \u2026. AND DOESNT HAVE A DARKPOOL", "time": 1642807667.0, "sentiment": "Bullish"}, {"id": 429037359, "text": "$PTON makes nothing ... just a sweat shop labor gig ... hoping to make it big with their programs whafever ... fk them ... the metavers is where its at ... $fb $aapl $WMT $hd et al could easily assemble in China this shit and sell it for less https://www.youtube.com/watch?v=7kNMIPBO-oQ", "time": 1642807652.0, "sentiment": "Bearish"}, {"id": 429037307, "text": "$AAPL 157 coming", "time": 1642807644.0, "sentiment": ""}, {"id": 429036697, "text": "$AAPL wow god blessed me my puts were almost worthless made it out with 200 bucks they were .12 I paid .40 sold at .55 wow unbelievable $SPY", "time": 1642807574.0, "sentiment": "Bullish"}, {"id": 429036534, "text": "$AAPL $147 200dma. I am a buyer not until breaks $150", "time": 1642807556.0, "sentiment": ""}, {"id": 429035670, "text": "$AAPL Take some of this risk off. Apple margins will have contracted and growth slowing some. But they won\u2019t offer ecstatic guidance with all the risk out there. They are about to set option grants\u2026why in the hell would they want the stock to stay at these levels with the rest of the market going down as it has. You are getting suckered if you buy here.", "time": 1642807447.0, "sentiment": "Bearish"}, {"id": 429034903, "text": "$AAPL \n\nIt\u2019s market wide attack using algo ..\n\nWe need to shut these algo down! \n\nLet\u2019s put these algo to bed!", "time": 1642807356.0, "sentiment": "Bullish"}, {"id": 429034815, "text": "$AAPL  $TSLA  $NVDA  sleepy Joe shorted the Market \ud83d\ude02\ud83d\ude02\ud83d\ude02", "time": 1642807346.0, "sentiment": "Bullish"}, {"id": 429034098, "text": "$AAPL Market is f*cked either way...", "time": 1642807267.0, "sentiment": "Bearish"}, {"id": 429034072, "text": "$SPY $AAPL If Fed governors ethically selling off wasn\u2019t a warning for an impending crash, don\u2019t know what was\u2026Could dead cat, otherwise, long way down", "time": 1642807263.0, "sentiment": "Bearish"}, {"id": 429033848, "text": "$BTC.X $AAPL $TSLA $AMZN raise your hand if your getting a margin call", "time": 1642807237.0, "sentiment": ""}, {"id": 429033716, "text": "$AAPL Max Gain on call credit spreads! Banked on puts too", "time": 1642807219.0, "sentiment": "Bearish"}, {"id": 429033611, "text": "$AAPL the real drop is coming now", "time": 1642807207.0, "sentiment": "Bearish"}]