[{"id": 429033366, "text": "$SQ $AAPL $PYPL $V doubtful", "time": 1642807181.0, "sentiment": ""}, {"id": 429033069, "text": "$FB $MSFT $AAPL\n\nJealousy in the Metaverse\n\nhttps://youtu.be/GIa_UWfcZqI", "time": 1642807145.0, "sentiment": ""}, {"id": 429032028, "text": "$SQ  just see it for yourself is this look like it will close below $125 today? $AAPL $PYPL $V", "time": 1642807013.0, "sentiment": "Bullish"}, {"id": 429031785, "text": "$AAPL $SPY will go up because people buying their lunch today", "time": 1642806984.0, "sentiment": "Bullish"}, {"id": 429031628, "text": "$AAPL looks like its going back down below $150", "time": 1642806962.0, "sentiment": ""}, {"id": 429031556, "text": "$AAPL next week big tech earning! The drop is enough let\u2019s go back up $SPY", "time": 1642806953.0, "sentiment": "Bullish"}, {"id": 429031417, "text": "$AMZN  just see it for yourself is this look like it will break $2900?  $BABA $AAPL", "time": 1642806935.0, "sentiment": "Bullish"}, {"id": 429031280, "text": "$MSFT $AAPL last I checked these were tech and fintech companies so where is the dip?", "time": 1642806918.0, "sentiment": ""}, {"id": 429031046, "text": "$AAPL", "time": 1642806891.0, "sentiment": "Bearish"}, {"id": 429030382, "text": "$AAPL be careful here bulls. The rug will get pulled quickly. Current valuation has no reason being here relative to the rest of the market. Unfortunately it could close below 160 today. Maybe a high of 162", "time": 1642806806.0, "sentiment": "Bearish"}, {"id": 429029527, "text": "$AAPL $GOOG  \ud83c\udf4f\ud83d\udc47   Head over to TSLA, they will love you over there.   They eat their young.   You will get the attention you are obviously seeking.", "time": 1642806700.0, "sentiment": ""}, {"id": 429029016, "text": "$AAPL \n\nDamn the short won\u2019t survive with lots of green attack !! \n\nLet\u2019s put these shorts to the bed mofo!", "time": 1642806638.0, "sentiment": "Bullish"}, {"id": 429027949, "text": "$FUBO $CCL $XL $VZ $AAPL yall miss trump yet lol", "time": 1642806508.0, "sentiment": "Bullish"}, {"id": 429027324, "text": "$AAPL $AMZN  feels Nasdaq might close green?", "time": 1642806428.0, "sentiment": ""}, {"id": 429027075, "text": "$SPY  all $$$ that went into $AAPL during omicron scare is coming out creating selling pressure on $SPY $QQQ . $AAPL needs to bottom out &amp; bounce hard else rally will be hard to sustain given how much its weight in $SPY is", "time": 1642806395.0, "sentiment": ""}, {"id": 429026891, "text": "$AAPL Aapl only down 10% from top....needs 20-30% corection for a bottom $GOOG", "time": 1642806373.0, "sentiment": "Bearish"}, {"id": 429026694, "text": "$TSLA $NFLX $BTC.X $AAPL", "time": 1642806351.0, "sentiment": ""}, {"id": 429026552, "text": "This Fed Meeting Is Crucial. Future Rate Hikes Are Just the Start.  $CME $DB $FB $AMZN $AAPL \n\nhttps://newsfilter.io/a/9be726abee54687425e0d0f0536398c1", "time": 1642806333.0, "sentiment": ""}, {"id": 429026193, "text": "@Vol888 really considering adding leaps on $AAPL looking strong to the market.", "time": 1642806288.0, "sentiment": ""}, {"id": 429025996, "text": "$AAPL  \ud83c\udf4f NOW Noontime:  Many HFunds, will begin to \u201cCash-Out Early\u201d over the next 90 mins.  It\u2019s Friday, and it\u2019s been a very Volatile Week.  Expect price oscillation, as they Close-Out.  The Usual Noontime Short Activity, is underway.  Patience.", "time": 1642806260.0, "sentiment": "Bullish"}, {"id": 429025767, "text": "$AAPL \n\nMM JUST COLLECTING period", "time": 1642806233.0, "sentiment": ""}, {"id": 429025715, "text": "$AAPL can\u2019t be one without APPL!!!", "time": 1642806229.0, "sentiment": "Bullish"}, {"id": 429025283, "text": "$AAPL   LETS GO", "time": 1642806179.0, "sentiment": ""}, {"id": 429025083, "text": "$AAPL \nTRADE\nPUT\nBEARISH\n0.06\n160.00\n06/17/22\n$33K\n30 @ 11.00", "time": 1642806152.0, "sentiment": "Bearish"}, {"id": 429024859, "text": "$AAPL today is a rainy day, get em while there hottt!!!", "time": 1642806128.0, "sentiment": ""}, {"id": 429024789, "text": "Sweep Options Activity: $AAPL is the #1 ticker with sweep activity where institutions are trading options urgently with 45.2K sweep contracts, a leading indicator of market movement.\n\nMarket analysis and options contracts included in screenshot of dashboard from http://insiderfinance.io.", "time": 1642806120.0, "sentiment": ""}, {"id": 429024406, "text": "$QQQ what happens now will reverse in last 1 hour  \n \nMMA burn longs in mornings and puts in Noon .. they just collect premiums  \n.. You buy when blood is on streets ,even some blood is your own -  \nBuffet  \n$aapl $tsla $nflx", "time": 1642806071.0, "sentiment": "Bullish"}, {"id": 429024405, "text": "$TSLA $AAPL $GOOGL $GOOG I still have not corrected or reverted to the mean. In fact, Google looks to be going to $2500 And Apple to $145. Tesla to $750 $SPY", "time": 1642806071.0, "sentiment": "Bearish"}, {"id": 429024385, "text": "$AAPL I followed  XTrades on 5 or 6 trades on the alerts, lost money on every one of them from their so-called gurus.", "time": 1642806069.0, "sentiment": ""}, {"id": 429024372, "text": "$AAPL what\u2019s the latest on the Apple EV car?", "time": 1642806067.0, "sentiment": "Bullish"}]