[{"id": 429079006, "text": "$AAPL This day has been just one big stock tease .... with a big letdown in the end", "time": 1642812698.0, "sentiment": ""}, {"id": 429078748, "text": "$SPY staying long here for the weekend knowing Putin could move into Ukraine over the weekend and REALLY, REALLY tank the market is just plain stupid. No offense \ud83d\ude2c\ud83e\udd2d\n$QQQ $AAPL $TSLA", "time": 1642812668.0, "sentiment": ""}, {"id": 429078656, "text": "@howardlindzon @Bassfor @GregRieben @Stocktwits Also I expect $AAPL to get to $146, the 4 year weekly 50 day is there.", "time": 1642812658.0, "sentiment": ""}, {"id": 429077888, "text": "$AAPL 130s coming!!", "time": 1642812567.0, "sentiment": ""}, {"id": 429076962, "text": "$AAPL \ud83c\udf4fbest stock to fight inflation and a dumb administration", "time": 1642812454.0, "sentiment": "Bullish"}, {"id": 429076728, "text": "$AAPL \n\nWe need to get this stock out of bottom territory .. by going green !!", "time": 1642812429.0, "sentiment": "Bullish"}, {"id": 429076600, "text": "$AAPL $QQQ $SPY\n\nburn apple 158 support soon and watch the fire works", "time": 1642812412.0, "sentiment": "Bearish"}, {"id": 429076119, "text": "$AAPL $120 end of next week", "time": 1642812357.0, "sentiment": "Bearish"}, {"id": 429075510, "text": "$AAPL @investclem1682 I have a rule to not buy companies running up into earnings.... I am loving this drubbing that is being applied without reason, as $TSLA and $AAPL head into earnings next week.  I also like $AMD a lot and $NVDA and $AMD have given back a lot.  I&#39;m not a market timer but like to buy and hold bargains with catalysts and unique market position.", "time": 1642812288.0, "sentiment": "Bullish"}, {"id": 429074892, "text": "$AAPL 165 real \ud83e\uddf2 let\u2019s fucking do it!", "time": 1642812221.0, "sentiment": "Bullish"}, {"id": 429074590, "text": "$spy shorts failed to break the LOD, bulls back in charge. Besides option \ud83e\uddf2 on everything is much higher than these levels. $qqq $aapl", "time": 1642812188.0, "sentiment": "Bullish"}, {"id": 429074528, "text": "The industry average ROE is 22.20%. $AAPL outperforms 94% of its industry peers. https://www.chartmill.com/stock/quote/AAPL/fundamental-analysis?key=bb853040-a4ac-41c6-b549-d218d2f21b32&amp;utm_source=stocktwits&amp;utm_medium=FA&amp;utm_content=AAPL&amp;utm_campaign=social_tracking", "time": 1642812180.0, "sentiment": ""}, {"id": 429074208, "text": "$AAPL NEW ARTICLE : 7 Low Labor-Cost Stocks to Buy for Solid Margins in 2022 https://www.stck.pro/news/AAPL/21710876", "time": 1642812143.0, "sentiment": ""}, {"id": 429073779, "text": "$DIS One of the easiest long term buys in the market. Same can be said for $HD $AAPL $ABBV", "time": 1642812095.0, "sentiment": "Bullish"}, {"id": 429073634, "text": "$AAPL \ud83c\udf4fis the best \nThank you thank you", "time": 1642812079.0, "sentiment": "Bullish"}, {"id": 429073544, "text": "$AAPL I should start my own YouTube channel lol. At least you guys would make money", "time": 1642812069.0, "sentiment": ""}, {"id": 429073523, "text": "$AAPL DoWn BiTcH", "time": 1642812067.0, "sentiment": ""}, {"id": 429073496, "text": "$AAPL \n\nThey are working to beat up this stock to close red.\n\nLet\u2019s NOT make this stock red ..\n\nLet\u2019s push higher!", "time": 1642812064.0, "sentiment": "Bullish"}, {"id": 429073218, "text": "$TSLA $120-$150 possible ? PE 310-315 if trades near 30-40 times like $aapl $MSFT", "time": 1642812031.0, "sentiment": "Bearish"}, {"id": 429072989, "text": "$AAPL Dont be scared here, everyone knows this is where you see a return in 5 years - 10 years, in for $168 POP EOD", "time": 1642812006.0, "sentiment": "Bullish"}, {"id": 429072198, "text": "Intraday Option Volume \n\n$AAPL 1.119m (53% call/47% put)\n$TSLA 1.112m (49% call/51% put)\n$NVDA 688k (55% call/45% put)\n$F 636k (53% call/47% put)\n\nLynk in bayo for option trading ideas", "time": 1642811916.0, "sentiment": ""}, {"id": 429072182, "text": "$AAPL Bullish I think this is the bottom +- $1", "time": 1642811914.0, "sentiment": "Bullish"}, {"id": 429071831, "text": "7 Low Labor-Cost Stocks to Buy for Solid Margins in 2022 $AAPL $PYPL $KO  \n \nhttps://investorplace.com/2022/01/7-low-labor-cost-stocks-to-buy-for-solid-margins-in-2022/", "time": 1642811873.0, "sentiment": "Bullish"}, {"id": 429071344, "text": "$AAPL Expiring today. $155 Put sweeps noted. Expecting more pain.", "time": 1642811817.0, "sentiment": "Bearish"}, {"id": 429070261, "text": "$AAPL option burn rest of day", "time": 1642811680.0, "sentiment": ""}, {"id": 429068765, "text": "$SPY I\u2019d rather listen to a high IQ bear than blindly follow a virgin bull. $AAPL", "time": 1642811495.0, "sentiment": "Bearish"}, {"id": 429068571, "text": "Earnings is big next week\n\n$TSLA $AAPL $MSFT $BA $HOOD", "time": 1642811472.0, "sentiment": ""}, {"id": 429067623, "text": "$AAPL \n$150 is incoming!", "time": 1642811362.0, "sentiment": ""}, {"id": 429066910, "text": "$AAPL let\u2019s hit 165 EOD", "time": 1642811276.0, "sentiment": "Bullish"}, {"id": 429066315, "text": "$AAPL Bear market doesn&#39;t care about earnings, doesn&#39;t care about news, and doesn&#39;t care about support levels. If you&#39;re looking at your portfolio and trying to figure out why each individual stock is falling you&#39;re wasting your time. We had an insane and frothy bull run the past couple years, this is the end result.", "time": 1642811207.0, "sentiment": ""}]