[{"id": 429102617, "text": "$AAPL", "time": 1642815360.0, "sentiment": ""}, {"id": 429102428, "text": "@LatinaMami PTSD from the past week of Power hour $aapl", "time": 1642815339.0, "sentiment": ""}, {"id": 429101996, "text": "$AAPL power hour? *nervous laugh* \ud83d\ude05", "time": 1642815295.0, "sentiment": ""}, {"id": 429101644, "text": "$AAPL traded options all day on this stock.. buying, selling calls.. made $1 profit on 6 trades.. what a joke.. \n\nI hate this stock, its very hard to make money trading options on this one.. waste of time .", "time": 1642815261.0, "sentiment": ""}, {"id": 429101509, "text": "$aapl lmao correct. Collected Tax on 2021 gains and the taxpayers all in loss..", "time": 1642815249.0, "sentiment": ""}, {"id": 429101129, "text": "$AAPL $TSLA $SPY $QQQ the only real winner here is the IRS", "time": 1642815209.0, "sentiment": ""}, {"id": 429101109, "text": "$AAPL Sell Off for the weekend", "time": 1642815208.0, "sentiment": ""}, {"id": 429100978, "text": "$AAPL NEW ARTICLE : Where to Find Bargains Among the Tech Wreck https://www.stck.pro/news/AAPL/21712900", "time": 1642815195.0, "sentiment": ""}, {"id": 429100849, "text": "$AAPL best of all would be ugly gap down Monday and fall a few points lower before a dramatic bounce.", "time": 1642815182.0, "sentiment": ""}, {"id": 429100369, "text": "$AAPL - Pay attention to the technicals..", "time": 1642815133.0, "sentiment": "Bearish"}, {"id": 429100321, "text": "$AAPL buybacks~", "time": 1642815127.0, "sentiment": "Bullish"}, {"id": 429100266, "text": "$spy $aapl $bac $nflx $amc LOL https://www.youtube.com/watch?v=hNMsoRtRKew", "time": 1642815121.0, "sentiment": ""}, {"id": 429100045, "text": "$AAPL The market is\u2014what\u2019s the Technical term ?? Oh yes Puking", "time": 1642815096.0, "sentiment": ""}, {"id": 429099297, "text": "$SPY $AAPL $AMZN $NFLX i am in full risk mode. Red flags everywhere. Buying much longer dated calls and smaller sizes for now  and hedging everything", "time": 1642815018.0, "sentiment": "Bearish"}, {"id": 429099172, "text": "@investclem1682 That does nothing to aid this stock price ever. Not once. Only Europe close is a noticeable and repeatable hypothesis on this stock. Oil markets closure is a cope $aapl", "time": 1642815005.0, "sentiment": ""}, {"id": 429098705, "text": "$AAPL and here\u2019s the  stopout move. Wait for new low, bottom action, then buy.", "time": 1642814954.0, "sentiment": ""}, {"id": 429098352, "text": "$AAPL Just breaking down now. Full bear..", "time": 1642814919.0, "sentiment": "Bearish"}, {"id": 429098307, "text": "Where to Find Bargains Among the Tech Wreck  $AAPL $GOOG $MSFT $FB $ZM \n\nhttps://newsfilter.io/a/d77953f35fc608986a7c9ad936df5815", "time": 1642814915.0, "sentiment": ""}, {"id": 429098287, "text": "$AAPL let\u2019s fucking close oil market", "time": 1642814912.0, "sentiment": ""}, {"id": 429097972, "text": "$AAPL why this move is a shakeout and not the big one\u2026. Covid crash is still too fresh in everyone\u2019s mind. If it turns out this isn\u2019t the big one as everyone seems to think and we rally back to highs, everyone stopping out on this move will rebuy the highs. That is more likely to be the top.", "time": 1642814879.0, "sentiment": ""}, {"id": 429097691, "text": "$AAPL $NFLX been trading apple for months but if you arent looking at netflix right now you are about to miss some gains.. going close to 500 again.. expect a dump at end today to bring on the bears\u2026 lets gooo", "time": 1642814848.0, "sentiment": "Bullish"}, {"id": 429096911, "text": "$AAPL $AMZN $SBUX\n\nWelcome to the slide to hell.", "time": 1642814765.0, "sentiment": "Bearish"}, {"id": 429096701, "text": "$spy I always wonder what Retail would be selling here, it makes no sense. \nBy the time most Retail are scared its too late &amp; pointless to sell. Hedge Funds sell because they dont care &amp; can get back in w/ the fees going to the clients but on days like this Retail should be Buying slowly &amp; def not selling. \n \nKnowing what the right thing to do is, the hard part &amp; the thing that creates wealth is having the stomach to do it \n \n$aapl $baba $amzn $jpm", "time": 1642814741.0, "sentiment": ""}, {"id": 429096344, "text": "$AAPL Major watch in this area. It&#39;s showing strength", "time": 1642814705.0, "sentiment": "Bullish"}, {"id": 429095448, "text": "$AAPL Expected revenue  top and bottom line met..next week ..loading the Boat .", "time": 1642814604.0, "sentiment": "Bullish"}, {"id": 429095282, "text": "@Tigercogz $AAPL - umm...", "time": 1642814586.0, "sentiment": ""}, {"id": 429094922, "text": "$AAPL love days like today where clowns are talking about under 100 and all this other dumb shizz. Look at the last 25 year history of the markets. You but apple and rest easy!", "time": 1642814543.0, "sentiment": "Bullish"}, {"id": 429094682, "text": "$AAPL every stock out there has the same chart. Options BS.", "time": 1642814517.0, "sentiment": ""}, {"id": 429094092, "text": "$MSFT $SPY $AAPL It&#39;s super boring watching these tickers", "time": 1642814442.0, "sentiment": ""}, {"id": 429093495, "text": "$AAPL lots of buying before the close, loading here, so look for a rapid stop out move today or Monday morning and load up long there.", "time": 1642814379.0, "sentiment": ""}]