[{"id": 429012209, "text": "$AAPL sometimes they make it too damn easy. Don\u2019t be dumb. Sell it. Short it. Or just  stay away entirely for the next few months.", "time": 1642804700.0, "sentiment": "Bearish"}, {"id": 429012180, "text": "$AAPL Be nice if can get to $167.50 before close, I\u2019d like those $165 puts below $3", "time": 1642804697.0, "sentiment": ""}, {"id": 429012002, "text": "$AAPL \n\nYou don\u2019t make any sense \u2026\n\nYou are BLOCKED", "time": 1642804677.0, "sentiment": ""}, {"id": 429011568, "text": "$AAPL  \ud83c\udf4f Heavy Volume Buying on an uptick, during the European Close.  Volume now, 52 Million.", "time": 1642804627.0, "sentiment": "Bullish"}, {"id": 429011236, "text": "$AAPL update on the op wire play\nIf you don\u2019t get OP Wire emailed to you every morning and you want to then click follow and message me", "time": 1642804591.0, "sentiment": "Bullish"}, {"id": 429011167, "text": "$AAPL No position but the market needs this to be green today", "time": 1642804583.0, "sentiment": "Bullish"}, {"id": 429010764, "text": "$AAPL yes the planet is burning up . But to fix that we need to add better tranny laws . Fix the voting so anyone can vote at the gas station with no id. Voting rights means . We can\u2019t win because we are idiots", "time": 1642804536.0, "sentiment": ""}, {"id": 429010573, "text": "$AAPL\n\nhttps://www.google.com/amp/s/amp.usatoday.com/amp/6603101001\n\nWow more more factories are going to build chips here ..", "time": 1642804518.0, "sentiment": "Bullish"}, {"id": 429010183, "text": "$AAPL  \ud83c\udf4f AAPL ERs, next Thursday after the Bell.  At the Today\u2019s Close, only 4 Trading Days remain.", "time": 1642804471.0, "sentiment": "Bullish"}, {"id": 429009834, "text": "$AAPL Biden can\u2019t do anything can\u2019t talk can\u2019t walk can\u2019t get his party to pass a bill unless they put in some more social perverted stuff. Liberals are done .", "time": 1642804434.0, "sentiment": ""}, {"id": 429009805, "text": "$PTON $AAPL", "time": 1642804430.0, "sentiment": "Bullish"}, {"id": 429009446, "text": "@Aleks830807 @_Common_Cents_ yeah I don\u2019t see the $AAPL comparison my dude but good luck", "time": 1642804387.0, "sentiment": ""}, {"id": 429009159, "text": "$AAPL \n\nBIDEN is now going to address semiconductors shortage ..\n\nThey are saying they want all the companies that made chips to be build here in US..\n\nApple and other semiconductors\nWill follow this .\n\nLet\u2019s GO !! \n\nThis is good ..", "time": 1642804357.0, "sentiment": "Bullish"}, {"id": 429009123, "text": "$AAPL earnings in 6 days will see new 52 week highs! Let\u2019s go!!!", "time": 1642804353.0, "sentiment": "Bullish"}, {"id": 429008818, "text": "$AAPL $QQQ We&#39;ve seen the about get pumped up for the last two day and then after lunch the sell-off begins. Today they can&#39;t even get the pump, gonna close bloody IMO. If you&#39;re gonna buy calls or shares I&#39;d do it at the end of the day, next week might get a nice pump.", "time": 1642804317.0, "sentiment": "Bearish"}, {"id": 429008779, "text": "$AAPL Europe closes and this sinks. Clear who is shorting this and it doesn\u2019t seem to be Europe.", "time": 1642804313.0, "sentiment": ""}, {"id": 429008680, "text": "$AAPL    \ud83c\udf4f Europe is Closed.  Almost, all green.", "time": 1642804303.0, "sentiment": ""}, {"id": 429007998, "text": "$MSFT ready for next leg same with $AAPL\nshould help push $SPY $QQQ here", "time": 1642804228.0, "sentiment": ""}, {"id": 429007875, "text": "$AAPL Im - out. Covered short on puts..", "time": 1642804216.0, "sentiment": ""}, {"id": 429007709, "text": "$AAPL \ud83c\udf4f Europe, is Closed.", "time": 1642804201.0, "sentiment": "Bullish"}, {"id": 429006432, "text": "$AAPL NEW ARTICLE : Attention turns to other FAANG companies as Netflix&#39;s shares plummet https://www.stck.pro/news/AAPL/21705519", "time": 1642804067.0, "sentiment": ""}, {"id": 429006293, "text": "$AAPL hohoho", "time": 1642804052.0, "sentiment": "Bullish"}, {"id": 429005390, "text": "@Stockmanfly \n\nI dunno, the moves on $tsm and $aapl make me think they\u2019re going to screw everyone by EOD on both sides.", "time": 1642803955.0, "sentiment": ""}, {"id": 429005291, "text": "$AAPL i think we\u2019ll see this down 2% by end of day. It\u2019s a bit disgusting how they are luring desperate bulls in with this garbage.", "time": 1642803946.0, "sentiment": "Bearish"}, {"id": 429004981, "text": "$AAPL ypu will see a big green candle to 170 by EOD. \ud83e\udd2b\ud83e\udd84", "time": 1642803915.0, "sentiment": "Bullish"}, {"id": 429004874, "text": "$AAPL  break out coming", "time": 1642803906.0, "sentiment": ""}, {"id": 429004766, "text": "$AAPL \n\nJust WOW .. a big comeback !!", "time": 1642803895.0, "sentiment": "Bullish"}, {"id": 429004577, "text": "$AAPL now that everything is green, this stalls and is trying to fall", "time": 1642803878.0, "sentiment": ""}, {"id": 429004415, "text": "$AAPL ", "time": 1642803865.0, "sentiment": ""}, {"id": 429004399, "text": "$NVDA $AAPL $TSLA $AMD $AMZN", "time": 1642803863.0, "sentiment": ""}]