[{"id": 429066230, "text": "$SVFD seems a big drop is incoming $TSLA  $DWAC $BFRI $AAPL .", "time": 1642811196.0, "sentiment": ""}, {"id": 429066125, "text": "$AAPL when is this going to $162?!!", "time": 1642811184.0, "sentiment": ""}, {"id": 429065717, "text": "$MSFT $94&gt; $345 and $AAPL $38&gt;$183 in exactly 3yrs under ZIRP. Plenty plenty of room to fall I mean to me up here it looks like how it would to someone wanting to buy the dip like 40% lower", "time": 1642811137.0, "sentiment": ""}, {"id": 429065692, "text": "$AAPL Soon Tim will come with earnings blowouts, buybacks, and new product for all.  Then we will smite our enemies.", "time": 1642811134.0, "sentiment": ""}, {"id": 429065313, "text": "$AAPL come on take your Biden", "time": 1642811091.0, "sentiment": ""}, {"id": 429065060, "text": "$PLTR $AAPL $NVDA enough is enough. Nasdaq down 14% from recent high. Time to reverse.", "time": 1642811064.0, "sentiment": ""}, {"id": 429064892, "text": "$AAPL Anyone who sells today is a fool!!", "time": 1642811045.0, "sentiment": "Bullish"}, {"id": 429064613, "text": "$AAPL y\u2019all noobs bulls know that our 161-163 support about to break then 150s here it comes", "time": 1642811011.0, "sentiment": "Bearish"}, {"id": 429064184, "text": "$AAPL \n\nNot again marketwide algo short attack \ud83d\ude21\ud83e\udd2c\ud83d\ude21\ud83e\udd2c", "time": 1642810958.0, "sentiment": "Bullish"}, {"id": 429064142, "text": "$AAPL 150s soon", "time": 1642810953.0, "sentiment": "Bearish"}, {"id": 429064018, "text": "$AAPL    \ud83c\udf4f Noontime Shorts, hitting Tape\u2026as usual.", "time": 1642810939.0, "sentiment": ""}, {"id": 429063764, "text": "$PTON How many people bought this on the Fake $AAPL rumor?  It was a fake rumor posted by someone trying to pump and dump after the fall.   You do know that was fake right?", "time": 1642810907.0, "sentiment": ""}, {"id": 429063724, "text": "$AAPL as for me, I like the stock", "time": 1642810902.0, "sentiment": ""}, {"id": 429063700, "text": "$SPY $QQQ $AAPL $TSLA $NFLX \n \nFunny how there is &quot;trillions in cash on the sidelines&quot; yet no one want to buy when JPOW isn&#39;t printing or holding rates at 0% \n \nWhat *REALLY* runs this Ponzi?", "time": 1642810900.0, "sentiment": ""}, {"id": 429063573, "text": "$AAPL Don\u2019t panic, keep your cash ready for buying. Have a nice weekend. Do your DD.", "time": 1642810883.0, "sentiment": "Bullish"}, {"id": 429063299, "text": "$SPY I think we will slam end of day be careful $435 my next target here. $SHOP $TSLA $AAPL $AMZN", "time": 1642810846.0, "sentiment": "Bearish"}, {"id": 429063255, "text": "$AAPL $TSLA listening to CNBC - analysts most of the analysts painting a generic brush on stocks selling off... \n \nQuantitative Tightening and raising rates will happen over a longer period of time. Smart investors will adjust their portfolio - not dump it. \n \nCompanies that have simply taken more orders and had more revenue during COVID will become lower in share price for a while, but companies that leverage their install base and have created a growing share of wallet and higher profitability will become more valuable.  $AAPL has spent the last 4 years adding revenue exponentially across their platform. \n \n$TSLA worked hard to be first to market and expand production capacity and become more efficient in manufacturing.. while their competition is behind them and will have to take on huge debt in a rising interest rate environment to accomplish the same.  $TSLA is in a position to add services and leverage a high-growth EV marketplace...  long term massive value creation", "time": 1642810841.0, "sentiment": ""}, {"id": 429062867, "text": "$SPY $SPX $AAPL love seeing these posts on the live chat\u2026\nAre you stacking like OP stacks?", "time": 1642810796.0, "sentiment": ""}, {"id": 429062519, "text": "$QQQ Daily RSI in bounce territory. Monthly Opex today with huge negative GEX. SPY at 200 DMA. I think H&amp;S is forming on the daily. The right shoulder will form with a 50% retracement before the posible next leg down in May. Thoughts? $SPY $AAPL", "time": 1642810755.0, "sentiment": ""}, {"id": 429062021, "text": "$SPY  $QQQ $AAPL $AMD some great trades this week. Holding these 4 puts into next week and bought some $PTON calls today for $AAPL buyout (possible)", "time": 1642810693.0, "sentiment": ""}, {"id": 429061964, "text": "$AAPL VIX about to crash - Volume coming back good luck $168 EOD.", "time": 1642810688.0, "sentiment": "Bullish"}, {"id": 429061917, "text": "@NFL Conference Semi Winners @hfrfromthefloor says $PENN last chance for big revenues March Madness, Price? $AAPL market cap bigger than 15 SP100 cos $MRNA falls w/ narratives $NFLX half off sale Production Budgets cut $NQ_F weekly sell signals ROOM down https://twitter.com/i/broadcasts/1YpKkZpPrNdxj", "time": 1642810681.0, "sentiment": ""}, {"id": 429061775, "text": "$AAPL $TSLA if we gave Tesla a generous PE of 50, it\u2019s a $150 stock. Give Amazon a PE of 30 it\u2019s a $1000 stock. Apple is a bargain here. No doubt.", "time": 1642810663.0, "sentiment": ""}, {"id": 429061755, "text": "$AAPL    \ud83c\udf4f Under, Continuous \u201cAccumulation\u201d.", "time": 1642810660.0, "sentiment": ""}, {"id": 429061427, "text": "$AAPL Netflix gets a bounce and maintains it and it was the one dragging everything down.", "time": 1642810622.0, "sentiment": ""}, {"id": 429061028, "text": "$AAPL Dipping my toes in the water.", "time": 1642810574.0, "sentiment": "Bullish"}, {"id": 429060688, "text": "$AAPL bears can you at least admit Apple really not comparable to Netflix", "time": 1642810534.0, "sentiment": "Bullish"}, {"id": 429060249, "text": "$AAPL $TSLA. P/E of 29 versus 311. Think $AAPL is overvalued?", "time": 1642810484.0, "sentiment": ""}, {"id": 429059350, "text": "$AAPL oh, hey green", "time": 1642810378.0, "sentiment": "Bullish"}, {"id": 429059101, "text": "$AAPL dang.  Apple is looking so strong in a horrible market.  I wish I had more capital to buy more !!", "time": 1642810348.0, "sentiment": "Bullish"}]