[{"id": 429153647, "text": "$AAPL #Apple video from 12 January looking at the #Elliottwave path https://www.youtube.com/watch?v=q1xLRP7d8LA  #trading", "time": 1642820209.0, "sentiment": ""}, {"id": 429153357, "text": "$AAPL ok lets close above 163 lmao i know we can!", "time": 1642820184.0, "sentiment": "Bullish"}, {"id": 429153319, "text": "Mid-morning push on $AAPL was looking strong... until it ran into the prior day&#39;s VWAP. \n \nReversed from there and faded alongside the broader market into the afternoon.", "time": 1642820180.0, "sentiment": ""}, {"id": 429152863, "text": "$SPY so this is what the fed tampering leads to? Everything destroyed accept $aapl and $tsla ? \ud83d\ude02", "time": 1642820145.0, "sentiment": ""}, {"id": 429152603, "text": "$QQQ $AAPL $GOOG $AMZN $FB \n\nThis has happened before the last few tech earnings , huge sell offs but nothing as big as this sell off -  makes me believe they are going to beat huge on earnings and allow for huge runs back up .", "time": 1642820122.0, "sentiment": ""}, {"id": 429151797, "text": "$AAPL loaded apple yolo calls for next week", "time": 1642820058.0, "sentiment": "Bullish"}, {"id": 429151726, "text": "$aapl Fill it! $170 call lol. no ones selling! oh it just filled hehe for 2.", "time": 1642820052.0, "sentiment": ""}, {"id": 429151676, "text": "$AAPL  \ud83c\udf4f Remember, $Trillions in OpEx, expire Today.  Today, is one of the largest \u201cMkt Wide\u201d Monthly Options Expirations in History.", "time": 1642820048.0, "sentiment": "Bullish"}, {"id": 429151457, "text": "$AAPL BUY AAPL A HEDGE AGAINST BIDENFLATION !!!", "time": 1642820030.0, "sentiment": ""}, {"id": 429151396, "text": "$AAPL Buy", "time": 1642820024.0, "sentiment": "Bullish"}, {"id": 429151322, "text": "$AAPL my commons look gross but DAMN the Puts day trade was amazing today.", "time": 1642820020.0, "sentiment": "Bullish"}, {"id": 429151178, "text": "$SPY $DJIA $AAPL Bulls...", "time": 1642820006.0, "sentiment": "Bearish"}, {"id": 429150917, "text": "$AAPL Who see a green closing.\ud83d\udc4d\ud83d\udc4d\ud83d\udc47", "time": 1642819982.0, "sentiment": "Bullish"}, {"id": 429150429, "text": "$AAPL caught that dip!! I actually bid 1.42 because i wanted to close it bad. was slapping the ask.", "time": 1642819940.0, "sentiment": ""}, {"id": 429150104, "text": "$AAPL Chart of The Day 12 January: #Apple can see further downside https://elliottwave-forecast.com/stock-market/elliott-wave-view-apple/  #elliottwave #trading #stocks", "time": 1642819912.0, "sentiment": ""}, {"id": 429149766, "text": "$MSFT barely red. Hmm. $AAPL as well.", "time": 1642819883.0, "sentiment": ""}, {"id": 429149364, "text": "$AAPL SELL SELL SELL !!", "time": 1642819846.0, "sentiment": ""}, {"id": 429148604, "text": "Where to Find Stock Bargains Amid the Tech Wreckage  $AAPL $GOOG $MSFT $FB $ZM \n\nhttps://newsfilter.io/a/a5efdea96a00bf25535e5cd86f6a8a9b", "time": 1642819776.0, "sentiment": ""}, {"id": 429148135, "text": "$AAPL no Bidenflation =  we need Kevin Durant back KD !!   we need Kevin durant back KD !!", "time": 1642819730.0, "sentiment": ""}, {"id": 429147413, "text": "$FUBO would $AAPL buy FUBO \ud83e\udd14\nWith Netflix returning to earth, can streaming rivals make gains? https://seekingalpha.com/news/3790387-with-netflix-returning-to-earth-can-streaming-rivals-make-gains?source=copyToPasteboard", "time": 1642819659.0, "sentiment": "Bullish"}, {"id": 429147265, "text": "@FundaTech You ready to see $AAPL $111.11\n\n?????", "time": 1642819644.0, "sentiment": ""}, {"id": 429147134, "text": "$AAPL  . Earnings .", "time": 1642819631.0, "sentiment": ""}, {"id": 429146582, "text": "$SPY $TSLA $AMZN $AAPL dinner is served", "time": 1642819572.0, "sentiment": "Bearish"}, {"id": 429146500, "text": "$AAPL    \ud83c\udf4f Look Traders!  The OpEx Derivative Players, can Short the price on no Volume\u2026but, WallSt, Tutes, &amp; Sovereigns, are Buying like crazy at the Dipped Prices.  Massive accumulation all Day.", "time": 1642819564.0, "sentiment": ""}, {"id": 429146382, "text": "$AAPL is holding so well over this market correction. Time to buy", "time": 1642819553.0, "sentiment": ""}, {"id": 429146224, "text": "$AMD \nShake the paper hands out $AAPL $MSFT $TSLA", "time": 1642819536.0, "sentiment": "Bullish"}, {"id": 429146028, "text": "$AAPL \n\nThese shorts are holding all stocks as hostage.\n\nWe need to fk them out!", "time": 1642819517.0, "sentiment": "Bullish"}, {"id": 429145854, "text": "$AAPL has a Return On Equity of 150.07%. This is amongst the best returns in the industry. https://www.chartmill.com/stock/analyzer/stock/AAPL?view=fundamental-analysis&amp;key=bb853040-a4ac-41c6-b549-d218d2f21b32&amp;utm_source=stocktwits&amp;utm_medium=FA&amp;utm_content=AAPL&amp;utm_campaign=social_tracking", "time": 1642819500.0, "sentiment": ""}, {"id": 429145220, "text": "$RBLX #Shortsqueeze into close. M&amp;A in gaming heating up. $FB $AAPL or $AMZN all would love to buyout $RBLX.  $100 a share sounds about right.", "time": 1642819442.0, "sentiment": "Bullish"}, {"id": 429145201, "text": "$AAPL thank lets go brandon for the entry point", "time": 1642819441.0, "sentiment": "Bullish"}]