[{"id": 429131865, "text": "$AAPL \n\nIt is what it is !! It\u2019s already down $20 from ATH \u2026\n\nI think algo is really bullshit .. no question..  they are trying to erase other investors gain from Santa rally! \n\nThis is really pure manipulation!", "time": 1642818279.0, "sentiment": ""}, {"id": 429131390, "text": "$AAPL $SPY $QQQ is VIX Going to hit 35 next week, maybe 50? Nothing looks good.", "time": 1642818236.0, "sentiment": "Bearish"}, {"id": 429130591, "text": "$AAPL Buyers bought AAPL @ 180 as a hedge against Bidenflation !!! oops", "time": 1642818160.0, "sentiment": ""}, {"id": 429130183, "text": "$ARKK $AMZN $AAPL $NFLX Adding today right thru the panic. Not all in, just a slow add everyday as people panic. I have no doubt the Hedgies yelling about a 50% crash are also adding today.  \n\nMy strategy is to add a little on red days thru March.  This is not cOvid but a speculation that inflation \u201cmay\u201d continue to rise and Powell \u201cmay\u201d do 7 rate hikes. \n\nCathy and I think not and are adding but staying away from the Margin. \n\nHave a nice weekend and take it easy man", "time": 1642818118.0, "sentiment": "Bullish"}, {"id": 429129706, "text": "$AAPL \ud83c\udf4f\ud83d\udc47  The Regular Shills are running out of steam.  Exhausted, from lying nonstop.  Listen to this guy\u2026.  SMH", "time": 1642818068.0, "sentiment": ""}, {"id": 429129545, "text": "$AAPL safest stock ever", "time": 1642818055.0, "sentiment": ""}, {"id": 429129391, "text": "$SPY Still not sure how we close, waiting for after  3:40 for the real Tell. \n \nJust saw a lot of MOC Orders come through but trusting WS is like,.. trusting WS :o)  \n \nIts Chess folks so there&#39;s a lot of game left to play today \n \n$baba $bb $aapl $nflx", "time": 1642818041.0, "sentiment": ""}, {"id": 429129382, "text": "$AAPL \nThe crown jewel \ud83d\udc8e should not be touched to the moon", "time": 1642818040.0, "sentiment": "Bullish"}, {"id": 429128819, "text": "Covered half /VX short +0.50 points\n\n$SPY $BTC.X $TQQQ $UVXY $AAPL", "time": 1642817988.0, "sentiment": ""}, {"id": 429128562, "text": "$AAPL heading to 150s. Put your puts in sell off is not done.", "time": 1642817965.0, "sentiment": "Bearish"}, {"id": 429128234, "text": "$AAPL Apple needs to be beat down ... this is BS ... TSLA down 5%, AMZN down 6% ... it&#39;s coming", "time": 1642817937.0, "sentiment": ""}, {"id": 429128151, "text": "$AAPL nearly two weeks of red..hanks democrats for the inflation. Markets down to worst week since Covid 19 hit originally. Fucking idiots", "time": 1642817931.0, "sentiment": ""}, {"id": 429128012, "text": "$AAPL wait for ppl to throw towel. 160 coming your way. Matter of time.", "time": 1642817921.0, "sentiment": ""}, {"id": 429127930, "text": "$SPY $BTC.X $AAPL $TSLA $QQQ Remember liberals, you voted for this absolute fraud", "time": 1642817915.0, "sentiment": ""}, {"id": 429127870, "text": "$AAPL smh was hoping to close short calls.. hopefully theta rips them apart by close.", "time": 1642817910.0, "sentiment": ""}, {"id": 429127812, "text": "$AAPL surprised this is holding. Market is a bloodbath", "time": 1642817906.0, "sentiment": ""}, {"id": 429127331, "text": "$AAPL BRANDON BEAR MARKET FOR THE NEXT YEAR LIKE IN THE 70&#39;S !!!!!!!", "time": 1642817867.0, "sentiment": ""}, {"id": 429126573, "text": "$AAPL Hey GME up 3%, PTON up 12% such valuable companies to go up like that, give me a break CROOKS! SEC, look into the algos of the CROOKS!", "time": 1642817806.0, "sentiment": ""}, {"id": 429126550, "text": "$AAPL you can thank biden/harris. They care more about BLM than the american ppl", "time": 1642817803.0, "sentiment": "Bullish"}, {"id": 429126452, "text": "$AAPL WHO AGREES FOR FIRING OF FED POWELL FOR CAUSING UNWARRANTED PANIC AND CARNAGE IN MARKETS?", "time": 1642817796.0, "sentiment": "Bullish"}, {"id": 429126442, "text": "Netflix Needed a Big Beat\u2014All We Got Was More Questions  $NFLX $DIS $AAPL $ROKU $VIAC \n\nhttps://newsfilter.io/a/062017791c0fe932f7d1124707326648", "time": 1642817795.0, "sentiment": ""}, {"id": 429126201, "text": "$TSLA $SPY $QQQ $AAPL\n\nAdd to your short positions bear \n\nbrothers!!! \n\n\ud83d\udc3b have \ud83d\udc8e \ud83d\ude4c", "time": 1642817773.0, "sentiment": "Bearish"}, {"id": 429126163, "text": "$AAPL 157 next?", "time": 1642817770.0, "sentiment": ""}, {"id": 429125995, "text": "$AAPL LETS GO BRANDON !!! LGB !! AAPL !! NFLX !!", "time": 1642817756.0, "sentiment": ""}, {"id": 429125372, "text": "$AAPL trading beautifully off the 30mn / 290 ma", "time": 1642817705.0, "sentiment": ""}, {"id": 429124961, "text": "$QQQ $SPY $AAPL $MSFT massive dumping late into the day. Put sweeps rolling in for next week. Earnings will be amazing can\u2019t wait. Great end to another volatile week", "time": 1642817669.0, "sentiment": ""}, {"id": 429124764, "text": "$spy Tony Dwyer will be on CNBC today, there are very few reason to ever put the sound on w/ CNBC is on but Tony is one of the smartest Analyst on WS, I read his note everyday. \n \nHe was on CNBC a few weeks ago when the Market was up saying to expect this drop &amp; Scott Wapner (that idiot) gave him a hard time. \n \nIf you listen to anyone on WS listen to Tony, hes the real deal \n \n$aapl $baba $amzn $qqq", "time": 1642817650.0, "sentiment": ""}, {"id": 429124757, "text": "$AAPL     \ud83c\udf4f Massive Shorting, to Dip \u201cPrice for Bearish OpEx\u201d.  No Volume with the Dips.  This is not \u201cSelling\u201d.  This is \u201cTargeted Shorting\u201d.  AAPL, is still under \u201cAccumulation\u201d\u2026look at technicals.", "time": 1642817649.0, "sentiment": ""}, {"id": 429124754, "text": "$QQQ This is down with only one of the FANNG stocks going bust. The next two weeks will see more ERs from the big guns in the index. If $AAPL or $MSFT even gives a hint of bearishness the Qs will see 340 or lower.", "time": 1642817649.0, "sentiment": ""}, {"id": 429124729, "text": "$AAPL  today AAPL will be at least 20 % down", "time": 1642817647.0, "sentiment": "Bearish"}]