[{"id": 429165027, "text": "$AAPL $$$$$$", "time": 1642821165.0, "sentiment": ""}, {"id": 429164950, "text": "Investors Are Giving Up on Netflix. That Makes It a Good Time to Buy the Stock.  $NFLX $DIS $AAPL $ROKU $VIAC \n\nhttps://newsfilter.io/a/3977bee48a96983717c6935ad8cec09e", "time": 1642821157.0, "sentiment": ""}, {"id": 429164600, "text": "$AAPL  \ud83c\udf4fCNBC:  Tony Dwyer, says:  \u201cWe are due for Bounce\u201d.  \u201cInterest Rates, retraced during the week\u201d.  \u201cThe Mkt will look to MegaCap to Bounce first, and lead Mkt higher\u201d.", "time": 1642821120.0, "sentiment": "Bullish"}, {"id": 429164589, "text": "$AAPL not a bad day at all considering another terrible day in the market", "time": 1642821119.0, "sentiment": ""}, {"id": 429162893, "text": "$AAPL ", "time": 1642820952.0, "sentiment": "Bullish"}, {"id": 429162060, "text": "$U $AAPL $AMZN $ANKR.X \n\nThe tide will turn, selling pressure will exhaust as earnings come into play.", "time": 1642820873.0, "sentiment": "Bullish"}, {"id": 429161851, "text": "$AAPL finishes down 1.28% to $162.41", "time": 1642820855.0, "sentiment": ""}, {"id": 429161093, "text": "$AAPL the pullback from the peak can reach $162.10- $152.80 area lower where buyers should be waiting to appear again #elliottwave #trading #stocks", "time": 1642820792.0, "sentiment": ""}, {"id": 429160325, "text": "We have identified an unusual $AAPL block that expires on February 18, 2022 with a strike price of $150.00.\n\n9,628 PUT contracts with a price of $2.58 (Mid-Market) were purchased at a $2,484,024 premium.", "time": 1642820729.0, "sentiment": ""}, {"id": 429159869, "text": "$AAPL monday more drop, careful a lot bad news and market not steady", "time": 1642820693.0, "sentiment": "Bearish"}, {"id": 429159759, "text": "+$580 trading $SPY options both calls and puts! \n \n$NFLX was on radar but no day trade setups available.  I did start a nugget sized starter for a swing as I see major areas of support at $390. \n \nhttps://youtu.be/J_lbetP3UkQ \n \n$AAPL", "time": 1642820684.0, "sentiment": "Bullish"}, {"id": 429159310, "text": "$aapl now dont look at the price. If you bought the eod dip, dont be shy about selling the opening Rip on monday, i wont judge ya! I ll be staying net long overweight", "time": 1642820650.0, "sentiment": "Bullish"}, {"id": 429159263, "text": "RECAP 1/21 Chatter:\n$PTON + $AAPL\n$MSTR - SEC Rejects BTC accounting\n$NVDA + Raises EU Prices\n\nLive Breaking trading news\nwww.openoutcrier.com", "time": 1642820646.0, "sentiment": ""}, {"id": 429159152, "text": "$AAPL right side is bullish on higher time frames. We only like to buy it in 3, 7 or 11 swing at the blue boxes. We still favor lower to take place before the blue box equal leg is hit, which can play a part in dragging world indices lower in the sessions to come. #Elliottwave #Trading #stocks", "time": 1642820638.0, "sentiment": ""}, {"id": 429159119, "text": "$PLUG $FCEL $ENPH $AAPL $AMZN  \nOVERDONE. \ud83d\udcaa\ud83d\udcaa\ud83e\uddac", "time": 1642820634.0, "sentiment": "Bullish"}, {"id": 429158969, "text": "$AAPL Sweet dump at the close.", "time": 1642820621.0, "sentiment": ""}, {"id": 429158544, "text": "$AAPL AAPL 2022-01-21 Technical Analysis Video: \nhttps://www.youtube.com/watch?v=MTKVrEGEz38", "time": 1642820589.0, "sentiment": ""}, {"id": 429157959, "text": "$AAPL 170C expiring 1/28 \ud83d\ude33", "time": 1642820542.0, "sentiment": "Bullish"}, {"id": 429157903, "text": "Re-adding /VX short 27.40\n\n$SPY $BTC.X $TQQQ $UVXY $AAPL", "time": 1642820538.0, "sentiment": ""}, {"id": 429157332, "text": "Bears Grab Ahold Of Amazon Stock As Market Falls Into Turmoil: What&#39;s Next?  $AMZN $SPY $AAPL $MSFT \n\nhttps://newsfilter.io/a/c4845b0609b1e724b40cd28690eb7bbc", "time": 1642820498.0, "sentiment": ""}, {"id": 429157267, "text": "$SPY Tony on CNBC, watch him! \n \n$aapl $baba $jd $amzn", "time": 1642820496.0, "sentiment": ""}, {"id": 429157170, "text": "$TSLA $SPY $QQQ $AAPL \n\nSOLID WORK TODAY BEAR BROTHERS\n\n\ud83d\udc3b HAVE \ud83d\udc8e \ud83d\ude4c", "time": 1642820489.0, "sentiment": "Bearish"}, {"id": 429156868, "text": "$AAPL drop to $130 for a slingshot?", "time": 1642820467.0, "sentiment": ""}, {"id": 429156135, "text": "$AAPL 1hr view from 1/14 Pre-Market update presented to members at elliottwave-forecast.com/ #elliottwave #trading #stocks", "time": 1642820411.0, "sentiment": ""}, {"id": 429155500, "text": "$AAPL", "time": 1642820356.0, "sentiment": ""}, {"id": 429155440, "text": "$AAPL The algos got the bears eating good AF.. inflationGate.", "time": 1642820352.0, "sentiment": "Bullish"}, {"id": 429155407, "text": "$AAPL Who voted for Sleepy Jose.. hahahha. Sh I t.", "time": 1642820350.0, "sentiment": "Bullish"}, {"id": 429155252, "text": "@EdBondEd be careful being bullish on Airlines. Minority of the people are responsible for majority of the air travel. $aal $dal $ual $aapl stay  bullish on Apple", "time": 1642820336.0, "sentiment": ""}, {"id": 429155221, "text": "GOLDEN SWEEP OPTION ALERT: $AAPL $167.5 CALLS Expiring on 01/28/22; Premium: $1.2M; \ud83d\udfe2BULLISH More details at https://marketaction.live/cyber-monday-sale/", "time": 1642820333.0, "sentiment": "Bullish"}, {"id": 429154733, "text": "$AAPL \ud83e\ude78\ud83e\ude78\ud83e\ude78\n$149*", "time": 1642820296.0, "sentiment": ""}]