[{"id": 429178628, "text": "$SPY Last year I was discussing often about the problem w/  \n$BTC.X &amp; how if it fell it was going to affect the Market just from Margin Calls, it has. $AAPL held up today ok considering the BTC drop.  \n  \nWe knew Jan was going to be ugly, we knew tax loss deferment was why 2021 ended the way it did &amp; why we have selling now so the Market move does make sense.  \n  \nSometimes its just using common sense w/out the need to get into the weeds. When $NFLX came out saying they would raise fees a week before their ER how could anyone think that was a good sign going into Earnings? yet some were still buying &amp; got upset when I posted this  \n \n$qqq", "time": 1642822823.0, "sentiment": ""}, {"id": 429178543, "text": "$AAPL if you haven&#39;t bought during this ULTRA fear, your loss babies x", "time": 1642822813.0, "sentiment": "Bullish"}, {"id": 429177874, "text": "@Trading__Places @MrUnreal Based on future growth and profitability $AMZN is the cheapest FAANG by a longshot. $AAPL and $MSFT are great shorts at these levels.", "time": 1642822723.0, "sentiment": ""}, {"id": 429177698, "text": "$AAPL how does who voted for joe like the...", "time": 1642822698.0, "sentiment": ""}, {"id": 429177644, "text": "$AAPL holding well considering", "time": 1642822689.0, "sentiment": "Bullish"}, {"id": 429177579, "text": "$AAPL 3rd of a 3rd wave gap down coming on Monday.", "time": 1642822680.0, "sentiment": "Bearish"}, {"id": 429176975, "text": "5-Day Equity Sentiment Recap: $AAPL is the #1 stock that institutions are trading over rolling 5 day window with 295.1K options contracts.\n\nMarket analysis included in screenshot of dashboard from http://insiderfinance.io.", "time": 1642822600.0, "sentiment": ""}, {"id": 429176941, "text": "Friday Option Volumes\n\n$TSLA 1.789m (49% call/51% put)\n$AAPL 1.759m (52% call/48% call)\n$NVDA 1.070m (55% call/45% put)\n$F 942k (55% call/45% put)\n\nLynk in bayo for option trading ideas \ud83d\udca1", "time": 1642822597.0, "sentiment": ""}, {"id": 429175945, "text": "@Steaksauce813 I\u2019ve already written off the $100 along with a $200 wager I lost with @Nat700 on $AAPL.\nWill not renege or Welch on either bet - will advise when I pay it - bug me again in about 2-3 weeks if you don\u2019t hear from me first \ud83d\udc4a\ud83c\udffc", "time": 1642822463.0, "sentiment": ""}, {"id": 429174344, "text": "$AAPL huh how come it isnt puking after hours by another $2 ? Oh right, Buffoon isnt talking.", "time": 1642822267.0, "sentiment": ""}, {"id": 429173143, "text": "Bought $VOO $AAPL &amp; $TSLA Today in the ROTH IRA", "time": 1642822114.0, "sentiment": "Bullish"}, {"id": 429172959, "text": "$AAPL this gunna be the next bubble to burst? Asking for a friend", "time": 1642822090.0, "sentiment": ""}, {"id": 429172330, "text": "$AAPL buy the dip", "time": 1642822010.0, "sentiment": ""}, {"id": 429171551, "text": "$AAPL $165 MONDAY", "time": 1642821905.0, "sentiment": "Bullish"}, {"id": 429171549, "text": "$AAPL $DIS dont Worry folks, with the the sell offs. Game stop was green today. Market is filled with trash \ud83e\udd21", "time": 1642821905.0, "sentiment": "Bullish"}, {"id": 429171294, "text": "$AAPL Longs you had a great day  ... compared to other FANG stocks AMZN/TSLA down almost 6% each.  This should have been down $6-$7.  So congrats on a great day, be happy.", "time": 1642821875.0, "sentiment": ""}, {"id": 429170996, "text": "$AAPL 165 Monday", "time": 1642821840.0, "sentiment": "Bullish"}, {"id": 429170704, "text": "$AMC $AAPL $TLRY $FB $MARA read this thread. Honestly, this dude was on the opposite end of my trade but i believe people who got it right deserve a shoutout! @optionstrigger \nI dont trade amc, talking Apple", "time": 1642821805.0, "sentiment": ""}, {"id": 429170612, "text": "$TSLA $AMD $AAPL $NVDA $NASDAQ  \nhttps://www.marketwatch.com/story/nasdaq-composite-has-logged-65-corrections-since-1971-and-as-it-heads-for-66-heres-how-the-stock-index-tends-to-perform-afterward-11642623639?siteid=yhoof2", "time": 1642821795.0, "sentiment": "Bullish"}, {"id": 429170058, "text": "$AAPL $SPY $AMZN  you want that and will make $$$ if that happens????", "time": 1642821726.0, "sentiment": ""}, {"id": 429169498, "text": "$SPY Wait to $AMZN and $AAPL get crushed, recession looming..", "time": 1642821663.0, "sentiment": ""}, {"id": 429168801, "text": "$NVDA hope you sold youre puts $QQQ $AAPL $SPY", "time": 1642821580.0, "sentiment": "Bullish"}, {"id": 429167626, "text": "$AAPL   \ud83c\udf4f CNBC:  Coming up:  Leave it to Sara Eisen, to have as her Guest, Dan Niles\u2026Short-Sjde Money Manager &amp; AAPL Bear.  Remember, he is not an Analyst.  This is typical Sara Eisen\u2026aka, \u201cMarket in Turmoil\u201d Witch.", "time": 1642821445.0, "sentiment": "Bullish"}, {"id": 429167573, "text": "$MSTR lovely banking heavy. \ud83d\udcb0\ud83d\udcb0\ud83e\udd1e\ud83e\uddf8\n\n$AAPL $BTC.X $ETH.X $MARA", "time": 1642821440.0, "sentiment": "Bearish"}, {"id": 429166834, "text": "$AAPL  \n \nBelow $160 for sure! likely hits $150  \n \nGot puts at $166 for April, let\u00b4s collect money!", "time": 1642821356.0, "sentiment": "Bearish"}, {"id": 429166070, "text": "$AAPL this has dropped more than 10% from its recent 52 week high", "time": 1642821275.0, "sentiment": ""}, {"id": 429165911, "text": "$AAPL 130 after ER", "time": 1642821260.0, "sentiment": "Bearish"}, {"id": 429165609, "text": "$AAPL Volume was again 20% above average. When weak hands sell, ask yourself who is buying. Wallstreet and all the other Gangsters are doing this every year around January or February. The only difference is the &quot;reason&quot; for the drop. CNBC has every year a new reason. They are certainly &quot;creative&quot; but still do not have a clue. This year it is the &quot;inflation&quot; and actions of FED. Well, this explains a negative index in Europe and Japan? Clueless...", "time": 1642821227.0, "sentiment": ""}, {"id": 429165577, "text": "$AAPL/$QQQ: love apple.", "time": 1642821224.0, "sentiment": ""}, {"id": 429165493, "text": "$AAPL least apple is holding strong compare to other stocks", "time": 1642821215.0, "sentiment": ""}]