[{"id": 429274003, "text": "$AAPL vanguard didddd purchase a small 56.5 million  \nshares january 3rd.. if they liked it then, I love it now", "time": 1642844849.0, "sentiment": "Bullish"}, {"id": 429273063, "text": "@Johnny1willy @Vol888 @ponderevo @SeaofTrades @ProfOmar I will tell you something right now. None of us know where the bottom is. Most of the TA doesn\u2019t work on indices. Machines rule the world. Today could be huge gamma squeeze for all we know. I can however tell you few things that are factual. \n\n1. Bear markets don\u2019t last very long. We have been in bear market for growth and small caps for almost a year. \n\n2. Yes we can drop another 10-15% from here but I highly doubt it because there\u2019s no real worries other than inflation and supply chain/ potential Russia war issue. \n\n3. Bears will tell you we have 20% more to go and once we get there they will say another 20% and so on. Most TA has failed. Look at how many people have been calling tops and bottoms for last 1-2 years on failed charts and garbage crayon Bs and failed. The data that @Vol888 posts is useful and helps understand the markets. Everyone got hit. Big tech has started to get hit. $AAPL hasnt been hit yet. That\u2019s a worry", "time": 1642844455.0, "sentiment": ""}, {"id": 429272497, "text": "$AAPL https://www.theonion.com/apple-acquires-apple-in-historic-3-trillion-deal-1848385874", "time": 1642844215.0, "sentiment": ""}, {"id": 429271245, "text": "Equity Sentiment: $AAPL is the #1 stock that institutions are trading with 126.6K options contracts.\n\nMarket analysis included in screenshot of dashboard from http://insiderfinance.io.", "time": 1642843685.0, "sentiment": ""}, {"id": 429271085, "text": "$SPY $QQQ $AAPL fucking clowns in the bull department", "time": 1642843618.0, "sentiment": "Bearish"}, {"id": 429268819, "text": "$AAPL Lets c if it runs to ER and dumps any bets?", "time": 1642842652.0, "sentiment": ""}, {"id": 429268644, "text": "$AAPL I thought this was $3T Cap the other day?? What?", "time": 1642842585.0, "sentiment": ""}, {"id": 429267373, "text": "$AAPL AAPL 2022-01-21 Technical Analysis Video: \nhttps://www.youtube.com/watch?v=MTKVrEGEz38", "time": 1642842126.0, "sentiment": ""}, {"id": 429266398, "text": "$SPY I had stated in past  tweets. That we could lose 20% in 2 weeks. Please protect yourself. I can&#39;t imagine no Fed intervention.  They have been the fuel for this 14 yr rally. \nI look at charts and I see the same signs as the Covid crash. Cash is king. Be safe.  This could exceed are worse case scenarios.  $DIA $QQQ $ARKK $AAPL", "time": 1642841776.0, "sentiment": "Bearish"}, {"id": 429265864, "text": "$AAPL $DIS $NFLX Ever wonder what we use to STACK all the gains you see us STACK here since 2015? Well, now you can see for yourself- THE SECRET SAUCE\u2026 catch the video and our members comments here\nMake sure you Click the Subscribe button to catch all of our valuable videos!\n\nhttps://youtu.be/-OUC1pVTzf4", "time": 1642841593.0, "sentiment": ""}, {"id": 429265410, "text": "$SPY $QQQ   after noticed the Billions and Billions of Darkpool sells and PUTs, price has directly hit old strong flat cloud equilibrium leve without any bounce for a 5 wave move. now looks like corrective A B C move which would mean a 5 wave bounce back to cloud magnet.  \n \nprice EXTREMELY far from future flat cloud equilibirum magnet. FED rate hikes months away. expect the unexpected for a blow off top concert..   tickets selling out!!   \n \n$AAPL", "time": 1642841429.0, "sentiment": ""}, {"id": 429265149, "text": "Editor&#39;s Choice: 3 Things to Know About the Q4 Earnings Season $AAPL $MCD $JNJ $GE https://bit.ly/3KBI76m", "time": 1642841334.0, "sentiment": ""}, {"id": 429264761, "text": "$SPY $DIA    dropped directly to strong flat cloud equilibirum level without any retrace for a 5 wave drop. now looks like corrective ABC move.. price extremly far from cloud equilibirum after high volume..  rate hikes months away so one more high not off table!   ichimoku cloud ahead can come quick..   \n \n#Glazed \n$AAPL", "time": 1642841202.0, "sentiment": ""}, {"id": 429264332, "text": "$PTON Draftkings should make odds for which company\u2019s will acquire who. My top contenders are: $AAPL $BRK.A $BLK", "time": 1642841049.0, "sentiment": "Bullish"}, {"id": 429264324, "text": "$SPY $SPX   the rare #pinkPanther Megaphone \n \n \nthe call for drop after seeing the massive Darkpool and PUTs at the top was correct.Now,  it has hit the flat cloud levels that should be respected until broken. it has reached an important equilibirum support level on massive volume. i initially thought a bounce up to cloud before final drop in a 5 wave move. it didnt bounce ,so now am suspecting it was just a corrective ABC move and can quickly bounce back to retest cloud magnet ahead.  the FED interest rate hikei s now likely   months away. China Cut rates. Europe ECB Pres Ms Largarde said rate hike not anytime soon.  soo pumping seems like the next option here.. caution for extreme bounce as i saw some interesting CALLS ..   \n \n$AAPL", "time": 1642841047.0, "sentiment": ""}, {"id": 429262804, "text": "$XLK $AAPL Apple has zero in common with Netflix. \ud83e\udd21", "time": 1642840503.0, "sentiment": ""}, {"id": 429262351, "text": "$AAPL Once you get the channel lines figured out, trading is like shooting fish in a barrel.", "time": 1642840370.0, "sentiment": "Bearish"}, {"id": 429262324, "text": "$XLK early innings - remember when AAPL warned and stock continued to gamma squeeze to new ATH? Feels like $AAPL could be on the chopping block to some extent a la NFLX", "time": 1642840356.0, "sentiment": ""}, {"id": 429262120, "text": "$SPY $DJIA $QQQ $AAPL $TSLA  \n \nIt was pretty obvious we were near top when FED BOOMERS started retiring at record prices and valuations. \n \nThey ain&#39;t stupid enough to buy an overpriced/overvalued market.", "time": 1642840291.0, "sentiment": ""}, {"id": 429261197, "text": "$AAPL safety stock no more", "time": 1642839968.0, "sentiment": "Bearish"}, {"id": 429260615, "text": "$SPY Next Week Preview:\n\nTuesday: $MSFT earnings report\nWednesday: $TSLA earnings report\nWednesday: FOMC minutes/Press\nThursday: $AAPL earnings report \n\netc. \ud83c\udf7f\ud83c\udf7f\ud83c\udf7f\ud83c\udf7f\ud83c\udf7f\ud83c\udf7f\ud83c\udf7f", "time": 1642839768.0, "sentiment": ""}, {"id": 429260559, "text": "$SPY $DWAC $BTC.X $AAPL The Fed trying to soft land the mother of all bubbles", "time": 1642839748.0, "sentiment": ""}, {"id": 429260503, "text": "$AAPL earnings next week, what\u2019s does everyone think?", "time": 1642839730.0, "sentiment": ""}, {"id": 429260312, "text": "$SPY better luck next time rookies. $AAPL $AMZN $TSLA", "time": 1642839663.0, "sentiment": "Bearish"}, {"id": 429259914, "text": "$AAPL close enough \ud83e\ude78", "time": 1642839514.0, "sentiment": ""}, {"id": 429259753, "text": "$AAPL I herd it threw grapevine from a friend of a friend Apple er is going to fall way short!! Same with Amazon and Shopify lets see and Tesla too Will find out next week better buy at least 1 pootzys", "time": 1642839460.0, "sentiment": ""}, {"id": 429259167, "text": "$AAPL where are you SEC. Shorts need to be taxed at at least 60%.", "time": 1642839255.0, "sentiment": ""}, {"id": 429258938, "text": "$AAPL all tech hit.. going lower on further tech pressure.", "time": 1642839180.0, "sentiment": ""}, {"id": 429258864, "text": "$SPY $AAPL $TSLA trash companies? You\u2019re an idiot", "time": 1642839158.0, "sentiment": ""}, {"id": 429258724, "text": "$SPY $AAPL $TSLA Apple will have a huge beat as well. You\u2019re making shit up", "time": 1642839110.0, "sentiment": ""}]