[{"id": 429293965, "text": "$GLD long term calls here won&#39;t disappoint. \n\nWill look into it monday.\n\nAll that crypto money gotta go somewhere, not stocks fs.\n\n$AAPL $BTC.X $ETH.X $FB", "time": 1642855685.0, "sentiment": "Bullish"}, {"id": 429293845, "text": "$AAPL nuff said?  Times like this is good town AAPL MSFT.  These are my 10 year plus holdings.  Sprinkle in some $AMZN and you have yourself a S.W.A.N (sleep well at night) portfolio. https://www.barrons.com/amp/articles/apple-stock-price-target-supply-chains-51642770526 I\u2019m fucking", "time": 1642855611.0, "sentiment": "Bullish"}, {"id": 429293665, "text": "$AAPL next week could see $8-12 bounce straight up in a 2 hour period. It will lack a significant pull back. Sell when it becomes very overextended. Stop out remainder on first large red bar and short back to new lows and then some. DO NOT BUY DIP ON THAT BOUNCE. When it\u2019s done it\u2019s done.", "time": 1642855493.0, "sentiment": ""}, {"id": 429292111, "text": "$AAPL seems to holding up well. Needs to if the $QQQ is going to hold the 50W moving avg. \n\nWeekend Market Recap for Friday1/21/2022 for #Stocks #Bitcoin #Gold and #Silver\nhttps://youtu.be/0XbfeD1bKu4", "time": 1642854530.0, "sentiment": ""}, {"id": 429291231, "text": "$AAPL ER Thursday,  will it beat?", "time": 1642853981.0, "sentiment": "Bullish"}, {"id": 429290766, "text": "$AAPL AAPL 2022-01-21 Largest Trades Data: \nhttps://www.youtube.com/watch?v=C0JE78k2Z6Q", "time": 1642853706.0, "sentiment": ""}, {"id": 429289706, "text": "$BKKT lets talk...\ud83e\uddf8\ud83e\udd1e\n\nMissed on shorting it, lacked cash on other plays.\n knew where it was headed tho.\n\n$AAPL $MARA $GREE", "time": 1642853053.0, "sentiment": ""}, {"id": 429288495, "text": "$AAPL holy fukk", "time": 1642852428.0, "sentiment": ""}, {"id": 429288151, "text": "$AAPL $TSLA  fun fact. If you would of just bought shares like a man in January of last year you would still be nowhere near your average as people freak out this year.", "time": 1642852254.0, "sentiment": ""}, {"id": 429286963, "text": "$AMZN this is sad many retailers got wiped out I hope music starts again if not history repeats for generation new investors will tell their grand kids don&#39;t invest in stock......history will repeat I don&#39;t know why big dealer aka market makers want normal people out with depression or negativity instead they should let investor investing market makes new highs only and short selling needs to be ban.....so corporate has more money to actually put it on good use in humanity get go to Mars already let&#39;s go do space tourism.....let&#39;s GO 500 years ahead in next 10 years in technology......but no those who control this world finance countries is greedy they want it all for them in next 50,000 light years. These power should be divided in all but no they need people to work in Macdonald and send to school and go with the process Shame! $SPY $TSLA $AAPL", "time": 1642851599.0, "sentiment": ""}, {"id": 429286531, "text": "The Nanotechnology Revolution Is Here\u2014We Just Haven\u2019t Noticed Yet  $RESN $STM $AAPL \n\nhttps://newsfilter.io/a/51c42d45f1324f84095f87c75268cb9d", "time": 1642851344.0, "sentiment": ""}, {"id": 429285723, "text": "$AAPL how you all feeling about next week?", "time": 1642850857.0, "sentiment": ""}, {"id": 429284853, "text": "@Bullbearoptions oh, did I mention I drew the chart 8 months ago? here is the original chart for $AAPL. lol.", "time": 1642850325.0, "sentiment": ""}, {"id": 429284246, "text": "$AAPL love it.", "time": 1642849966.0, "sentiment": ""}, {"id": 429283173, "text": "$SPY  Bears we got lucky \ud83c\udf40 \nYou know this rips into $AAPL earnings", "time": 1642849346.0, "sentiment": ""}, {"id": 429282646, "text": "$AABB $AAPL $MSFT $GOOG $AMZN $AABB Accumulation is the way to massive risk/rewards", "time": 1642849095.0, "sentiment": "Bullish"}, {"id": 429282579, "text": "A ver smart and successful Mexican business man texted me this image without context last week and I didn\u2019t know what it meant. I should\u2019ve been smarter and put it together. $AMZN $AAPL $TSLA $BTC.X $DOGE.X", "time": 1642849061.0, "sentiment": "Bullish"}, {"id": 429282515, "text": "$TSLA $AAPL $MSFT  \u201cIf there\u2019s one to bet on, it\u2019s Tesla \u201c- Daniel Ives, Wedbush.", "time": 1642849028.0, "sentiment": "Bullish"}, {"id": 429281792, "text": "$AAPL aapl", "time": 1642848600.0, "sentiment": ""}, {"id": 429281721, "text": "After breaking it&#39;s 50 Daily MA, $AAPL might get to test it&#39;s 200 -- I expect a dead cat bounce at it&#39;s 50 to set a Resistance", "time": 1642848568.0, "sentiment": ""}, {"id": 429280337, "text": "Big earnings next week like $aapl $tsla $msft here\u2019s what we did with $nflx \n\nMake sure you chck us out lynk in bayo", "time": 1642847872.0, "sentiment": ""}, {"id": 429279297, "text": "$SPY $AAPL $NVDA  WS/PE/VC have been reckless on the way up, pumping out garbage SPACs and garbage IPOs. They know losses are socialized and will beg Powell for a bailout when their funds go under. \nThis began with Alan Greenspan pumping and dumping markets.", "time": 1642847293.0, "sentiment": ""}, {"id": 429278005, "text": "@PilotZee @Ravich What about the innovation of the Apple \ud83c\udf4e products in recent years,Timmy Cook is boring but smart.. 3T before the earning release. $AAPL", "time": 1642846654.0, "sentiment": "Bullish"}, {"id": 429277991, "text": "$AAPL We&#39;ll see how this holds up at the beginning of the week. Hope I get cheap puts for earnings.", "time": 1642846644.0, "sentiment": "Bearish"}, {"id": 429277410, "text": "$AAPL barely down from ath while world economy crashes and we\u2019ll still get a divy? Best investment ever.", "time": 1642846374.0, "sentiment": "Bullish"}, {"id": 429277238, "text": "$AAPL Let&#39;s Go Brandon..\ud83e\udd41\ud83e\udd41\ud83e\udd41Let&#39;s go Brandon..Build Back Better ..returns.", "time": 1642846295.0, "sentiment": "Bullish"}, {"id": 429277203, "text": "$AAPL Most of this drop happened after hours. I was thinking about getting in at $163 around the close.  My limit stop lose triggered shortly after the open at 163 so I was waiting all day to get back in.  I didn\u2019t see this price until now. I like all of you retailers that are in the market for profit and security. What has happened the last two weeks with the market crashing down time after time is disheartening My wife and I lost  10\u2019s of thousand of dollars the past three days as have many of you. The SEC is a joke and it will take years to get back to where this nightmare started. I\u2019m long and unfortunately a bag holder now with Ford , Apple and some other holdings.", "time": 1642846280.0, "sentiment": ""}, {"id": 429275943, "text": "After NFLX missed guidance, the street is ready to destroy any company that misses in this area.    Good time to check your confidence level in your management team for stocks you own.     \n \nFeeling great about $NVDA $AMD $TSLA in this regard -- $AAPL too", "time": 1642845688.0, "sentiment": "Bullish"}, {"id": 429275620, "text": "The industry average ROA is 5.50%. $AAPL outperforms 97% of its industry peers. https://www.chartmill.com/stock/quote/AAPL/fundamental-analysis?key=bb853040-a4ac-41c6-b549-d218d2f21b32&amp;utm_source=stocktwits&amp;utm_medium=FA&amp;utm_content=AAPL&amp;utm_campaign=social_tracking", "time": 1642845540.0, "sentiment": ""}, {"id": 429274087, "text": "$PTON $SPY $AAPL $SQ \nIn times of uncertainty, it is critical to understand multiple ways of trading in order to be successful. \n\nToday we saw $PTON bounce off of a devastating fall. But, like the last big PTON drop, had a bounce, which then followed by further decline. Let&#39;s see how this one plays out!\n\nNew to trading? Looking for new trading ideas? Maybe just need other like minded trades to have in depth talks to? \n\nCome join Team Nauticus @NauticusTrading with a 2 weeks FREE subscription to this premium platform. \n\nInspire Wealth.\n\nhttps://rooms.stocktwits.com/checkout/3328739/prod_L0B9HvKbsp1bAp", "time": 1642844880.0, "sentiment": ""}]