[{"id": 429246523, "text": "$AAPL The Fed is your friend until it isn\u2019t. Which is now! Rug pull! $QQQ $SPY", "time": 1642835463.0, "sentiment": "Bearish"}, {"id": 429246333, "text": "$AAPL when I said 153 weeks ago they laughed at me. Ah. Here. We go.", "time": 1642835415.0, "sentiment": ""}, {"id": 429246097, "text": "$SPY $AAPL $AMZN $TSLA $PLTR \nOfficially entered to \ud83d\udc3b market today from correction \ud83e\uddd9\u200d\u2642\ufe0f", "time": 1642835349.0, "sentiment": "Bearish"}, {"id": 429245189, "text": "$AAPL Tom Cruise is in..\ud83d\udc4d", "time": 1642835120.0, "sentiment": "Bullish"}, {"id": 429244341, "text": "$SPY $QQQ $VIX $TSLA $AAPL  \n \nWhat a day (and week) in the markets! \n \n- $ 973 Billion traded today alone in US Equities ( $ 690 B was the daily average this week). \n \n- $ 45 Billion traded today alone in US Options ( $ 22 B was the daily average this week). \n \n--------", "time": 1642834923.0, "sentiment": ""}, {"id": 429244131, "text": "$AAPL if Netflix dump, Amazon dump, and this over priced crap cell phone company valued at 2.5 trillion doesn\u2019t go down, then I don\u2019t understand physics \ud83d\ude02", "time": 1642834869.0, "sentiment": "Bearish"}, {"id": 429244052, "text": "$AAPL \ud83e\udd75\ud83e\udd75\ud83e\udd75", "time": 1642834848.0, "sentiment": ""}, {"id": 429243952, "text": "$AAPL bring back blackberry", "time": 1642834827.0, "sentiment": ""}, {"id": 429243797, "text": "$AAPL The Literal Top.", "time": 1642834787.0, "sentiment": ""}, {"id": 429243321, "text": "$AAPL. It is trading below 9 and 50 EMA. If broke below $160.5 which happened to be the 100 EMA, it will break the downtrend channel (in orange) and gap down to $157, then $150. If the market is red on Monday then hitting $150 is just matter of time. For bullish reversal, it must cross above the green trend line.", "time": 1642834654.0, "sentiment": ""}, {"id": 429242844, "text": "$AAPL  if the market wont bounce back next week then there&#39;s a cyber issue going on..goodluck.", "time": 1642834527.0, "sentiment": "Bullish"}, {"id": 429242394, "text": "$AAPL r\nThis is one of the only stocks I&#39;d buy rn", "time": 1642834408.0, "sentiment": "Bullish"}, {"id": 429241892, "text": "$AAPL IF BUY THE DIP WAS A GUY IT WOULD B ME\ud83d\udc68\ud83c\udffd\u200d\ud83d\udcbb\ud83d\udda8\ud83d\udcb5", "time": 1642834273.0, "sentiment": "Bullish"}, {"id": 429241863, "text": "$AAPL hope you took profit, gonna be brutal couple of months. Still a great company \ud83d\udc4c", "time": 1642834266.0, "sentiment": ""}, {"id": 429239899, "text": "$AAPL Just keep adding!", "time": 1642833784.0, "sentiment": ""}, {"id": 429239571, "text": "$AAPL Silly bears having fun before \ud83c\udf4f\ud83d\ude80\ud83e\udd11.", "time": 1642833697.0, "sentiment": "Bullish"}, {"id": 429239321, "text": "@Snowball2013 @NewYorkerHK $msft and $aapl almost in complete unison. Most major stocks have very similar charts. Market makers have capitalized on fud to get out of bad options bets!", "time": 1642833636.0, "sentiment": ""}, {"id": 429238980, "text": "$FB the funny thing is they put a price target (much higher than what&#39;s now), people jumped in and then boom, they start shorting it, one after one, $FB, $AAPL, $NIO and so on... those are criminals. Last year they were crying because they got caught with $AMC and $GME, now we are paying the price. GL all", "time": 1642833543.0, "sentiment": ""}, {"id": 429238911, "text": "The Stock Market Has 3 Problems. 2 Aren\u2019t Going Away.  $PTON $NFLX $AAPL $TSLA \n\nhttps://newsfilter.io/a/6652442d66cba49abc81e35b6e99a9ec", "time": 1642833522.0, "sentiment": ""}, {"id": 429238369, "text": "$AAPL great ER coming, new AR glasses news will out.", "time": 1642833374.0, "sentiment": "Bullish"}, {"id": 429236627, "text": "$AAPL hard to believe that people who don\u2019t own anything are making more money in this market than people who invest their own money, this is a market for the shorties right now", "time": 1642832962.0, "sentiment": "Bullish"}, {"id": 429236548, "text": "$AAPL $116 march 2021 low. Was at a 30+ PE. \n$180 would be 30 PE now. 116 today would be a 19 pe. \nIf you bought in 2019, @ $41, and are holding, you also have a 2% dividend yield. While it was 0.5% then. \nNew verticals yet to come to this stock lol. AR , VR, Car, healthcare, better silicon.", "time": 1642832946.0, "sentiment": "Bullish"}, {"id": 429235378, "text": "$AAPL $MSFT $QQQ $SPY \nThey did it", "time": 1642832687.0, "sentiment": ""}, {"id": 429234247, "text": "$SPY $AAPL", "time": 1642832432.0, "sentiment": ""}, {"id": 429233775, "text": "$AAPL I\u2019m buying this dip, it\u2019ll go back the other way", "time": 1642832323.0, "sentiment": "Bullish"}, {"id": 429232851, "text": "$AAPL BEARS ate like KINGS this week. Let&#39;s see them fold when the SQUEEZE cancel their Free Meal tickets \ud83c\udf9f", "time": 1642832106.0, "sentiment": "Bullish"}, {"id": 429232702, "text": "$AAPL", "time": 1642832073.0, "sentiment": "Bearish"}, {"id": 429232608, "text": "$SPY $DJIA $QQQ $AAPL $TSLA  \n \nBoomers doing what Boomers do when the market starts to crash. \n \nFind a war!", "time": 1642832053.0, "sentiment": ""}, {"id": 429232551, "text": "$AAPL this is just crazy.  apple plants money \ud83d\udcb0 and grows money.   this really should never go down.", "time": 1642832043.0, "sentiment": "Bullish"}, {"id": 429232233, "text": "$AAPL \ud83d\ude02", "time": 1642831970.0, "sentiment": "Bullish"}]