[{"id": 429230808, "text": "$AAPL I bought a little in after hours for Monday pop. Have a great weekend.", "time": 1642831646.0, "sentiment": "Bullish"}, {"id": 429230780, "text": "$AAPL if they hold it they will make money", "time": 1642831638.0, "sentiment": ""}, {"id": 429230364, "text": "$AAPL who bought at $183 \ud83d\ude02\ud83d\ude02", "time": 1642831546.0, "sentiment": ""}, {"id": 429230169, "text": "$AAPL AAPL 2022-01-21 Technical Analysis Video: \nhttps://www.youtube.com/watch?v=MTKVrEGEz38", "time": 1642831506.0, "sentiment": ""}, {"id": 429229882, "text": "$AAPL hit this price because of anticipation of apple car. There is no such thing ,so this will dive hard this week.", "time": 1642831443.0, "sentiment": "Bearish"}, {"id": 429229563, "text": "$AAPL $SPY $QQQ $IWM $DIA \nThis didn\u2019t take long,elephants are killing each other for that mouse hole\ud83e\udd23", "time": 1642831369.0, "sentiment": ""}, {"id": 429227669, "text": "$SPY To charts to ponder this week end\nWeekly Ichimoku.  Tgt 420. $DIA $QQQ $AAPL", "time": 1642830958.0, "sentiment": "Bearish"}, {"id": 429227515, "text": "$AAPL - when Russia invades the Ukrane this weekend, I wonder what the price of $AAPL will be Monday.", "time": 1642830927.0, "sentiment": "Bearish"}, {"id": 429227445, "text": "$AAPL buy at any price and hold", "time": 1642830914.0, "sentiment": ""}, {"id": 429227193, "text": "$AAPL Anyone who says this is going up are down &amp; don\u2019t provide facts please don\u2019t post , or say it\u2019s just a guess .", "time": 1642830856.0, "sentiment": ""}, {"id": 429226749, "text": "$AAPL  tomorrow worst day for AAPL", "time": 1642830767.0, "sentiment": "Bearish"}, {"id": 429226479, "text": "Sweep Options Activity: $AAPL is the #1 ticker with sweep activity where institutions are trading options urgently with 99.5K sweep contracts, a leading indicator of market movement.\n\nMarket analysis and options contracts included in screenshot of dashboard from http://insiderfinance.io.", "time": 1642830712.0, "sentiment": ""}, {"id": 429225799, "text": "$AAPL $SPY $QQQ  asking for a friend, he looking for that flavor. Where can he buy?", "time": 1642830567.0, "sentiment": ""}, {"id": 429225323, "text": "$AAPL still holding up", "time": 1642830464.0, "sentiment": ""}, {"id": 429225147, "text": "$MSFT $AAPL $TSLA  no matter what Earnings they report these r going down all priced in market adjusting to new world with high interest rates", "time": 1642830431.0, "sentiment": ""}, {"id": 429223491, "text": "3 Things to Know About the Q4 #Earnings Season $GE $JNJ $MCD $AAPL https://talkmarkets.com/content/stocks--equities/3-things-to-know-about-the-q4-earnings-season?post=342052", "time": 1642830098.0, "sentiment": ""}, {"id": 429220862, "text": "$AAPL had to cancel all my recurring subscriptions in the App Store, overcharged me 70 bucks \u2620\ufe0f", "time": 1642829538.0, "sentiment": "Bearish"}, {"id": 429220592, "text": "$AAPL Can&#39;t believe Apple is acting like a 5th Wheel?  The Hedges didn&#39;t see  todays upgrades.. Something is rotten in Denmark.", "time": 1642829486.0, "sentiment": "Bullish"}, {"id": 429220340, "text": "$AAPL earnings will beat top and bottom load up those $180 calls in cheap price", "time": 1642829438.0, "sentiment": "Bullish"}, {"id": 429220112, "text": "$QQQ $AAPL $SPY  100% this.", "time": 1642829391.0, "sentiment": ""}, {"id": 429219015, "text": "$AAPl any thoughts on earnings?", "time": 1642829178.0, "sentiment": "Bullish"}, {"id": 429218790, "text": "$AAPL gme is green haha, the only green ticker on my list. What kind of world do we live in.", "time": 1642829137.0, "sentiment": ""}, {"id": 429218780, "text": "$AAPL $AMZN  f u you anti-American pos", "time": 1642829134.0, "sentiment": ""}, {"id": 429217934, "text": "$SPY $AAPL $QQQ this was a huge reversal indicator. In addition to the different macro environment. This isnt 2020-2021. Many individual names are in a bear market beneath the underlying indices. Big tech lagged and is now bringing the market down. They are essentially the heaviest weighted, especially apple. Which seems to be lagging on the correction", "time": 1642828980.0, "sentiment": ""}, {"id": 429217623, "text": "Unusual Options Activity: $AAPL is the #22 ticker with unusual activity from institutional traders with an average of 24% out of the money, a leading indicator of market movement.\n\nMarket analysis and options contracts included in screenshot of dashboard from http://insiderfinance.io.", "time": 1642828928.0, "sentiment": ""}, {"id": 429217598, "text": "$AAPL  2020, not 2022", "time": 1642828923.0, "sentiment": ""}, {"id": 429217398, "text": "$AAPL WOW, look at all the bears coming out of hibernation. Same people who thought March April 2022 was the beginning of the end. Keep shorting this at your own peril.", "time": 1642828886.0, "sentiment": "Bullish"}, {"id": 429216528, "text": "$AAPL $AMZN  Joe shit-his-pants Biden has done it again. LGB!!", "time": 1642828734.0, "sentiment": ""}, {"id": 429216455, "text": "$AAPL might start position at $125", "time": 1642828718.0, "sentiment": ""}, {"id": 429215533, "text": "$AAPL heading for the 50MA on the weekly at 158-159 next week. Prob bounce from there. Seems to be lagging as i stated, only down 11% from ATH. All the other big tech is 15-20%+", "time": 1642828552.0, "sentiment": ""}]