[{"id": 429258583, "text": "$SPY $AAPL $TSLA Tesla is going to have a huge beat.", "time": 1642839065.0, "sentiment": ""}, {"id": 429258476, "text": "$AAPL Puts go brrrrrrrrrrrrrrrrrrrrrrrrrr....", "time": 1642839032.0, "sentiment": ""}, {"id": 429258435, "text": "$SPY $AAPL $TSLA $AMZN $BTC.X 28 days later", "time": 1642839021.0, "sentiment": ""}, {"id": 429258252, "text": "$AAPL  130s. Yes", "time": 1642838963.0, "sentiment": ""}, {"id": 429257995, "text": "$AAPL anyone here bought their shares  at $120s \ud83d\udc4b \ud83d\ude00", "time": 1642838869.0, "sentiment": "Bullish"}, {"id": 429257510, "text": "$QQQ $SPY $TWNK $AAPL $F  whole portfolio up 60% since Jan 1st. \ud83d\ude4f lets keep it rollin.", "time": 1642838727.0, "sentiment": ""}, {"id": 429257445, "text": "Notable earnings for next week : $AAPL $TSLA $MSFT $IBM \n\nExcited for the earnings play !!", "time": 1642838708.0, "sentiment": ""}, {"id": 429257439, "text": "$AAPL AAPL 2022-01-21 Largest Trades Data: \nhttps://www.youtube.com/watch?v=C0JE78k2Z6Q", "time": 1642838707.0, "sentiment": ""}, {"id": 429257339, "text": "@TheSilverDude LOL! Buying an untested idea? OMG! Since when is reason and logic an untested idea? \n \nAs far as the issues a large scale app like $DWAC may encounter is concerned... sure... on occasion, but when its ALSO going to be ACTIVELY SABOTAGED by ISP&#39;s on the payroll of $FB, $TWTR, $GOOG, $AAPL and the like, I&#39;m sure it will be all the more difficult. \n \nCLOWN!", "time": 1642838675.0, "sentiment": ""}, {"id": 429256856, "text": "Oh my God! \n \n$MSFT reports results on Tue \n$TSLA reports on Wed \n$AAPL reports on Thu \n \nAnd FOMC meeting is on Tue &amp; Wed \n \nFireworks? \n \n$SPY $QQQ", "time": 1642838508.0, "sentiment": ""}, {"id": 429256280, "text": "$AAPL Apple Option Alert: Fri $130 Calls Sweep (7) below Bid!: 292 @ $1.08 vs 53818 OI; Earnings 1/27 After Close Ref=$128.155\ud83d\udc02 |\ud83e\udd47 Learn more and get details on  \u27a1\ufe0f SweepCast.com", "time": 1642838312.0, "sentiment": ""}, {"id": 429255906, "text": "$AAPL  it will back up! what goes down must come up..\ud83d\udcaa", "time": 1642838195.0, "sentiment": "Bullish"}, {"id": 429255551, "text": "$AAPL Remember someone saying 159 and getting clowned on!!  Its coming better yet 156.68 before we bounce \u270c\ufe0f", "time": 1642838086.0, "sentiment": ""}, {"id": 429255441, "text": "$SPY $AAPL $TSLA $AMZN $BTC.X New Virus incoming. Seen it many time", "time": 1642838049.0, "sentiment": ""}, {"id": 429254752, "text": "$AAPL it\u2019s not Apples fault they are at  2.5 trillion and will be at $4 trillion. Y 12/31/23. In less than 10 years phones won\u2019t even be their number one product. I love the haters on here that have no business sense whatsoever. They actually think Apple leadership is sitting around talking about phones all day. They buy scores of companies every year and spend billions on R and D.. any comments about a lack of innovation are simply made out of immaturity and a lack of any business sense. They make phones because people buy them fools. I\u2019ll never own anything else. The level of ignorance on here is truly mindboggling.", "time": 1642837830.0, "sentiment": ""}, {"id": 429254503, "text": "$AAPL Apple Option Alert: Fri $127 Puts at the Ask: 213 @ $1.65 vs 9953 OI; Earnings 1/27 After Close Ref=$128.11\ud83d\udc3b |\ud83e\udd47 Learn more and get details on  \u27a1\ufe0f SweepCast.com", "time": 1642837750.0, "sentiment": ""}, {"id": 429254086, "text": "#Microsoft to Report Q2 #Earnings: What&#39;s in the Cards? $MSFT Also $AAPL $DELL $ZM https://talkmarkets.com/content/stocks--equities/microsoft-to-report-q2-earnings-whats-in-the-cards?post=342062", "time": 1642837610.0, "sentiment": ""}, {"id": 429253902, "text": "$AAPL \n\nApple only dropped a fraction compared to the others. If the earnings on 26 are \u2018ok\u2019. Apple will be a value/safe stock. Complaints about Apple not being a growth stock will work to its advantage. It will be a place to put money for safety. \n\nAs much as WFH may be ending, the die has been cast. Compared to 2 years ago, a vast majority will still WFH and work remote. Even if the offices start to fill up again. \n\nApples VR headset, my gamble guess bet is it will be a work from home virtual device. While the other headsets focus on gaming and metaverse. Apple could pull a hat trick and pitch a productivity tool. \n\nMy two cents.", "time": 1642837551.0, "sentiment": "Bullish"}, {"id": 429253379, "text": "$AAPL blocked for ignorance .", "time": 1642837389.0, "sentiment": ""}, {"id": 429253370, "text": "$AAPL NEW ARTICLE : Apple&#39;s Tim Cook and Google&#39;s Sundar Pichai working Capitol Hill together to stop Big Tech bill https://www.stck.pro/news/AAPL/21728155", "time": 1642837387.0, "sentiment": ""}, {"id": 429253135, "text": "$AAPL \ud83d\udc41\u2764\ufe0f\ud83c\udf4f", "time": 1642837305.0, "sentiment": "Bullish"}, {"id": 429252925, "text": "$AAPL you\u2019re an idiot", "time": 1642837239.0, "sentiment": ""}, {"id": 429252885, "text": "$AAPL those iOS updates will be coming more often now that there is slow down. Might want to switch to Nokia for more transparency and cheaper phones.", "time": 1642837223.0, "sentiment": ""}, {"id": 429252736, "text": "$SPY $QQQ $AAPL $TSLA $BTC.X you\u2019re a douche", "time": 1642837178.0, "sentiment": ""}, {"id": 429252322, "text": "$AAPL blocked because you\u2019re a moron", "time": 1642837063.0, "sentiment": ""}, {"id": 429251542, "text": "$AAPL taking a big position here for earnings, we will see $90!", "time": 1642836816.0, "sentiment": "Bearish"}, {"id": 429249877, "text": "$AAPL blame the feds..", "time": 1642836326.0, "sentiment": "Bullish"}, {"id": 429249447, "text": "$SPY $QQQ $AAPL $TSLA $BTC.X I would say the younger generations are the most greedy by far. Me me me now now now", "time": 1642836219.0, "sentiment": ""}, {"id": 429248488, "text": "@alan20040 who\u2019s gonna take over this company? I know it ain\u2019t gonna be $AAPL", "time": 1642835961.0, "sentiment": "Bearish"}, {"id": 429247714, "text": "$SPY $QQQ $AAPL $TSLA $BTC.X \n \nPoor Millennials \n \nThey were once again take advantage off as JPOW leveraged the world-wide pandemic to intentionally inflate asset prices so Boomers could hand off bags at all time highs and valuations just as they were retiring en masse. \n \nBoomers know the stock market game and took the opportunity to lock in lifetime gains and hand off their bags to Millennials at OBVIOUSLY overvalued levels. \n \nSo who are Millennials going to convince to take their bags when they are ready to retire? GenZ? Good luck!...they just went through the same scam with you. \n \nBoomers are relentless in taking advantage of the world around them for their own personal gain.", "time": 1642835775.0, "sentiment": ""}]