[{"id": 429373196, "text": "$AAPL this will go to $140 then bounce back to $180 then go to 200+ by end of year easily", "time": 1642899481.0, "sentiment": "Bullish"}, {"id": 429371313, "text": "$TSLA $SPY $AAPL sad but hard truth: The street is waiting for Tesla to cave in. If this isn\u2019t hammered down yet, the bleeding won\u2019t stop. This and AAPL. But definitely Tesla more. Don\u2019t come for me\u2026go for the understanding of PE ratios and how rare hikes impact TVM and DCF.  GL to y\u2019all!", "time": 1642898822.0, "sentiment": ""}, {"id": 429370893, "text": "Earnings week!   Pay careful attention to which companies are exceeding estimates and guidance.   The macro environment is likely to bring price weakness to all stocks.   But when macro changes back positive, the companies with great earnings will be where the big money goes.   Observe with patience.  \n \n$AAPL $TSLA $AMD $NVDA", "time": 1642898684.0, "sentiment": "Bullish"}, {"id": 429368848, "text": "$AAPL can\u2019t wait to see this stock crash. Completely overvalued company. $3T? You really thought it could sustain that? Bulls are on another level of insanity. \n\nThis company has absolutely no innovation. just making the same 3 products every year with little difference. The one trick pony is ending very soon.", "time": 1642898003.0, "sentiment": "Bearish"}, {"id": 429367671, "text": "Sweep Options Activity Weekly Recap: $AAPL is the #1 ticker with sweep activity that institutions traded urgently this week options with 315.2K sweep contracts, a leading indicator of market movement.\n\nMarket analysis and options contracts included in screenshot of dashboard from http://insiderfinance.io.", "time": 1642897602.0, "sentiment": ""}, {"id": 429367560, "text": "$AAPL  anyone out there believe next week will improve over this past week , or are we headed for that 20 to 25 % correction that is been discussed / reviewed for several years ?    \nMy biggest fears are Russia/ Ukraine,  China ,  and of course JOE BIDEN.  \nQuestion :  Who are the 33 % still believing he is doing a good job , besides himself , Smilie , and his wife ?  \nGood luck Bulls next week.", "time": 1642897557.0, "sentiment": "Bullish"}, {"id": 429367243, "text": "$AAPL Looking for a reverse in trend around 150-155", "time": 1642897439.0, "sentiment": "Bullish"}, {"id": 429366581, "text": "$AAPL Puts will print.", "time": 1642897208.0, "sentiment": "Bearish"}, {"id": 429366041, "text": "I&#39;m unsure, but definitely it is a strange world, if I put the below for sale \nas NFT too I might get some good money :) \n \nhttps://www.businessinsider.com/indonesia-student-makes-a-million-selling-expressionless-selfies-as-nfts-2022-1 \n \n$AAPL $TSLA $SPY $AMD $AMZN", "time": 1642897017.0, "sentiment": "Bullish"}, {"id": 429365881, "text": "$AAPL do not be scared if this drops another 10-15%.  It\u2019s healthy like a snake shedding it\u2019s skin.  These companies are behemoth money makers, add on meaningful pullbacks, sell your speculative stocks rn is not the time and seek safety in $MSFT $AAPL $AMZN \n\nMY OPINION, NOT FINANCIAL ADVICE!!!", "time": 1642896969.0, "sentiment": "Bullish"}, {"id": 429365308, "text": "$AAPL \n\nWells Fargo raised its price target for Apple (ticker: AAPL) stock to $205 a share from $165 \u2014 implying some 25% upside from Thursday\u2019s closing levels.", "time": 1642896792.0, "sentiment": "Bullish"}, {"id": 429365266, "text": "$SPY $QQQ $AAPL $FB \n\nBefore the Game Rigging Elite created the FED in 1913\n\nThis rule of thumb reigned for seemingly forever\n\nDon\u2019t Fight GRAVITY", "time": 1642896780.0, "sentiment": ""}, {"id": 429363921, "text": "$AAPL People buy Apple at 3T buy not at 2.6 \ud83e\udd26\u200d\u2642\ufe0f\ud83e\uddd0", "time": 1642896333.0, "sentiment": "Bullish"}, {"id": 429363903, "text": "$QQQ $AAPL will miss earnings", "time": 1642896329.0, "sentiment": "Bearish"}, {"id": 429363275, "text": "$SPY $DJIA $QQQ $AAPL $TSLA  \n \nOne of the worst effects of the FED pumping markets so high with a ridiculous amount of free money liquidity is the loss in faith that will come as Millennials watch stocks crash back to more realistic valuations as the FED attempts to pull liquidity from the system and their 401k&#39;s crater. \n \nAnd just as many Millennials feel cheated with the Boomer advice &quot;get and education and you will have a good life&quot; they will no longer trust Boomers when they say &quot;invest in stocks for your future&quot;. The will see the FED and the financial markets as a scam, a  dying Ponzi and relic of the Boomer generation that stole their future to make sure Boomers retired with the wealth they demanded. \n \nMillennials are the largest generation alive and the future of the financial markets.  \n \nLet&#39;s hope JPOW doesn&#39;t kill the market&#39;s next &quot;golden goose&quot;.", "time": 1642896126.0, "sentiment": ""}, {"id": 429359576, "text": "$SPY $TSLA $AAPL \n\nMy thoughts on this stock mkt correction .... \n\nFirst off,  I appreciate all of your interest in joining my site. But know up front, this is a subscription based educational site - and it is not cheap. Like most things in life, you get what you pay for. I will let you decide what value you place on getting ahead of big stock mkt moves, as I have been since SPY 480 print and calling for a correction. There is a reason I have a high retention rate and it is because I put an enormous amount of time and effort into my craft. \n\nAs for the correction we are in, &quot;buy the dip&quot; ended weeks ago as I&#39;ve been telling my members. We are now in the &quot;sell the rip&quot; phase and that will not end until 3 things happen (I discuss all three in tomorrow&#39;s Game Plan). \n\nSome free advice. 1) limit your risk. Take losses. I take plenty. It&#39;s why I&#39;m successful. 2) in corrections, be patient. Let stocks come to you. Do not chase. 3) stay off margin.\n\nJessielivermore1929@gmail.com", "time": 1642894816.0, "sentiment": ""}, {"id": 429359550, "text": "No cap, this week is probably the biggest week of the market since March 2020. BIG TECH is make or break. $MSFT $TSLA $AAPL $BA", "time": 1642894807.0, "sentiment": ""}, {"id": 429359010, "text": "$AAPL which tech stocks are good rn for some bearish puts ? \ud83d\udc3b", "time": 1642894618.0, "sentiment": "Bearish"}, {"id": 429358892, "text": "$AAPL Making money selling covered calls.", "time": 1642894577.0, "sentiment": "Bullish"}, {"id": 429357670, "text": "$NVDA  \nPS - They&#39;re branching into everything six ways from Sunday, just like $AMZN $GOOG $AAPL, etc. did... These prices are a gift, indeed. -GLA! \n \nhttps://www.fool.co.uk/2022/01/22/three-metaverse-stocks-im-buying-right-now/", "time": 1642894138.0, "sentiment": "Bullish"}, {"id": 429356851, "text": "@NASDboy lol can $aapl flush too? They are holding it up", "time": 1642893845.0, "sentiment": ""}, {"id": 429356421, "text": "$SPY $TSLA $DAL $AAPL $RCL this aged well. \ud83d\ude48\ud83d\ude48\ud83d\ude48\ud83d\ude05\ud83e\udd23\ud83d\ude02", "time": 1642893695.0, "sentiment": "Bearish"}, {"id": 429355169, "text": "$AAPL just remember we pushed 125% from pre covid levels to ATH in 2 years. thats astronomical and essentially added almost 2 trillion market cap in a very short time. This could be the beginning of a bearish trend. I truly believe we wont see 180 again in the first half of this year and the top is in for now. Even with a 30% haircut, we would still be up 60% from pre covid levels. Plenty of room to drop imo", "time": 1642893245.0, "sentiment": ""}, {"id": 429354868, "text": "$AAPL Wonder what this would be if Apple couldn&#39;t buy back their own stock. FYI that used to be illegal and considered manipulation but not in this day of age we are all living in, aka crony capitalism and casino market", "time": 1642893140.0, "sentiment": "Bearish"}, {"id": 429353835, "text": "$SPY Did anyone see those full armor huge tanks blowing down the Russian highways at freeway speeds.\n\nUndoubtably, headed to Ukraine border fight prep.\n\nScary-scary stuff.\n\nMass casualties from this IF other countries don&#39;t get involved, with escalation, not to scare anyone, Dear Lord, amen, leading to full-scale, OH, a great relative quote/lines from movie, War Games, about a teenager who backdoors into a military computer and sets off tensions with Russia and Soviets about.....\n\nComputer: &quot;Shall we play a game?&quot; \n\nBoy: &quot;What?&quot;\n\nComputer (called &quot;the Brain&quot; in movie): \n\nGlobal thermonuclear War\n\n$QQQ $AAPL $MSFT", "time": 1642892744.0, "sentiment": ""}, {"id": 429353740, "text": "$TSLA , And now this fan boy watch has ended. \nPuts all day.... RIP $AMD $AAPL $TSLA", "time": 1642892707.0, "sentiment": "Bearish"}, {"id": 429353558, "text": "$AAPL $SPY $QQQ expecting a dead cat bounce atleast, but bearish still in weeks/months to come", "time": 1642892642.0, "sentiment": ""}, {"id": 429353459, "text": "$AAPL my prediction for earnings, good q4 revenues, but supply issues and less growth up ahead, sorta like Netflix. I see apple 120-130$ next week", "time": 1642892598.0, "sentiment": "Bearish"}, {"id": 429353136, "text": "$AAPL Follow The Movement https://bit.ly/3slupxs", "time": 1642892478.0, "sentiment": ""}, {"id": 429353002, "text": "$SPY $QQQ $IWM $AAPL $FB \nFollow the trend", "time": 1642892428.0, "sentiment": ""}]