[{"id": 429413918, "text": "$SPY  $QQQ     \n i spotted huge $XRT Unusual Options awhile ago with 80k Puts and 3k calls.. Friday again on Unusual Option flow but noticed the NET PREMIUM is $1.2 Million positive. that would mean to me the PUT seller likely has bought them back?!  also notice same thing with a few retailers like #DKS sporting goods etc..  \n The Call buyers in #IWM  was pretty big and unusual, Net Positive Option Premium also.. ..  The SPY and #QQQ has more big Puts and Calls hedged for possible Russian attack  i would think.. if no explosions this weekend, i would expect a fast bounce to get back to price equilibirum levels . $AAPL  \n*also, Huge money flowing into Bonds  is that you Chair Powell?  \n( HYG LQD now have Billions of $ flow friday.   interest rates fell off cliff Friday)  \nalso $10 Million CALL sweeper in $TLT for March expiration last week. after CHINA warned the US Not to raise rates warning.", "time": 1642916412.0, "sentiment": ""}, {"id": 429413596, "text": "$AAPL think about the bigger picture. Shortage of chips will bring this down another 10%", "time": 1642916260.0, "sentiment": "Bearish"}, {"id": 429413299, "text": "$AAPL with ER coming this week are you guys doing CALL or PUT? what strike price has a lot of volume \ud83d\ude1d", "time": 1642916101.0, "sentiment": ""}, {"id": 429411994, "text": "$PPGH Foxconn  $AAPL  IPhone  maker  and Gogoro Rolling out infrastructure in Indonesia like they did in Taiwan. The cooperation includes the development of EV supporting industries, which include energy storage systems (ESS), battery exchange or swap stations ,recycled batteries, research, and development in the field of electric batteries and EVs. https://www.reuters.com/technology/iphone-maker-foxconn-seals-ev-partnership-with-indonesia-2022-01-21/", "time": 1642915481.0, "sentiment": "Bullish"}, {"id": 429411918, "text": "$aapl UK Apple Stores start to accept walk-in customers again\nhttps://appleinsider.com/articles/22/01/22/uk-apple-stores-start-to-accept-walk-in-customers-again https://appleinsider.com/articles/22/01/22/uk-apple-stores-start-to-accept-walk-in-customers-again", "time": 1642915444.0, "sentiment": ""}, {"id": 429411670, "text": "$SEAH just like we had manic calls for warrant price targets on the upside we now get to hear manic price targets on the downside. I haven&#39;t agreed much with either of them but I do agree that if they dip any further that would be a steal.\n\nI also believe $AAPL would be a steal at 50 bucks but that doesn&#39;t mean it&#39;s going to happen.", "time": 1642915321.0, "sentiment": "Bullish"}, {"id": 429411227, "text": "$SPY looks like Putin has zero intentions of backing down. Another wild week coming up. Almost tripled my account \ud83d\ude2c\ud83d\ude4f\ud83c\udffc\n$QQQ $AAPL $AMZN $TSLA", "time": 1642915115.0, "sentiment": ""}, {"id": 429410761, "text": "Equity Sentiment Weekly Recap: $AAPL is the #1 stock that institutions traded this week with 375.4K options contracts.\n\nMarket analysis included in screenshot of dashboard from http://insiderfinance.io.", "time": 1642914896.0, "sentiment": ""}, {"id": 429410125, "text": "$SPY the winning strategy:\n\n1. Buy $UVXY calls\n2. For the earnings of $MSFT $TSLA $AAPL buy calls and puts for 5% of the price. \n\nYou will make money unless they don\u2019t move 5% up or down either way which is highly unlikely. If you want to play safe instead of 5% do 2%.", "time": 1642914608.0, "sentiment": ""}, {"id": 429409430, "text": "@Yoshikage @bobyourknob @Thinks buy calls and puts at +5% -5% for $AAPL $MSFT and $TSLA. They will move more than 5% either way. You will loose 50% of the loosing bet and win more than 100% of the winning bet.", "time": 1642914304.0, "sentiment": ""}, {"id": 429407967, "text": "@howardlindzon but agreed. Main money is in $AAPL", "time": 1642913675.0, "sentiment": "Bullish"}, {"id": 429407189, "text": "$SPY  the $AMZN finally hit old flat cloud equilibirum level form the past. that is where price average was strong for a length of time. now at extreme distance form 9 day line red and white 26 day line white, and ichimoku cloud equilibirum..  \n \n the ichimoku cloud is fromed by Japanese candle averages from the past 26 days and plotted ahead on chart 26 days in future for support and resistance to watch.. old levels are important also..     will be on watch for CALL Sweepers and Darkpool buyers. .  \nimportant for #FAANG like $AAPL and #QQQ", "time": 1642913331.0, "sentiment": ""}, {"id": 429406403, "text": "$AAPL save us powell!", "time": 1642912950.0, "sentiment": ""}, {"id": 429406092, "text": "$AAPL @okoh458 I think that the past several weeks of lower markets in anticipation of as many as 5 rate hikes and Quantitative Tightening, I&#39;m thinking that when Powell talks, the markets will realize that increases in rate hikes could do a couple and be very measured in following actions.  I think that the market will recover after assuming the worst prior to Powell speaking.", "time": 1642912794.0, "sentiment": ""}, {"id": 429405698, "text": "@Mrbinks @gumu our family traded in several iPhones and upgraded to new ones basically for  free ( have ATT service ) not sure if $aapl was paying for it or $T.  That said it&#39;s a best in class company with great products/services,  a mountain of cash, and a meaningful  stock buyback.  We shall see.  Core holding for me - not buying for a trade right now.", "time": 1642912609.0, "sentiment": ""}, {"id": 429405105, "text": "$AAPL With FOMC and earnings around the corner, there\u2019s no telling how much more we could sink or how much we could recover\u2026", "time": 1642912314.0, "sentiment": ""}, {"id": 429403011, "text": "$MSFT $AAPL $TSLA coming in hot next week - going to be an insane week zero doubts there", "time": 1642911279.0, "sentiment": ""}, {"id": 429402799, "text": "Earnings ramping up next week  $SPY $QQQ $AAPL $TSLA $MSFT  - let&#39;s see if the markets can stop the slide.", "time": 1642911193.0, "sentiment": ""}, {"id": 429402660, "text": "$AAPL", "time": 1642911131.0, "sentiment": "Bullish"}, {"id": 429402342, "text": "Earnings for Upcoming Week : $tsla $aapl $msft $intc \nMy top watch for next week. It\u2019s going to be fun.. if you wanna trade with me ?? Let me know", "time": 1642910962.0, "sentiment": ""}, {"id": 429401928, "text": "$AAPL releases earnings this week\u2026 options will be twice as much\u2026 any entry to $170 or $180 prior to earnings will yield great gains", "time": 1642910769.0, "sentiment": ""}, {"id": 429400639, "text": "When you cannot actually travel, let your imagination do things for you :) \n  \n$AAPL $TSLA $SPY $AMD $AMZN", "time": 1642910208.0, "sentiment": "Bullish"}, {"id": 429400517, "text": "$AAPL Puts 150t", "time": 1642910152.0, "sentiment": "Bearish"}, {"id": 429399141, "text": "$AAPL \n\ud83c\udf4f\ud83c\udd99\n01/27/2022. 1QER2022. \n\nAt 4:30PM. \n\nAfter ER. +10%. \nExcellent Revenue &amp; Income 1Q22\nOf:\n\u2022IPhones13 ( EXCEEDED DEMAND \u20225GSuperCycle). 80M. Annual 400M. \n\u2022IPad M1 (New Generation)\n\u2022IMac M1 (New Generation)\n\u2022Air Book M1 (All Models).  \n\u2022Air Pods (RECORDS). \n\u2022Apple Watch S7 (Records Revenue)\n\u2022Services New (Records Demand)\n\u2022App-Store (New Records Again)\n\u2022TAG FINDER ( RECORDS DEMAND) \n\u2022Major League Baseball Contracts \n\u2022I-CARS SERIOUSLY PROGRESS 2024. \n(FOXCONN +APPLE). FIRST CAR. \n\u2022MC 3T AROUND THE CORNER \n\u2022NEW PT $205 WF+CITI+JPM. \n\u2022SHARES OUTSTANDING 16.404M\n\u20223T=$182,88 SOON. \ud83d\udd1c \n3.363T=$205,00 Around the corner. \n\u2022EOY $262", "time": 1642909528.0, "sentiment": "Bullish"}, {"id": 429398854, "text": "$AMZN  All we need is $MSFT and $AAPL to do well so I am buying any  fcking dip until the good sentiment is back. We got this bulls.", "time": 1642909390.0, "sentiment": "Bullish"}, {"id": 429398553, "text": "$AAPL great ad", "time": 1642909258.0, "sentiment": ""}, {"id": 429398476, "text": "$AAPL $NASDAQ closing below its 200 MA average is the most dangerous and less talked about thing that happened this week. This could set a panic selling unlike anything we\u2019ve seen since 2008", "time": 1642909230.0, "sentiment": ""}, {"id": 429397345, "text": "$AAPL this might go up next week because I want it to go down\ud83d\ude05", "time": 1642908721.0, "sentiment": "Bearish"}, {"id": 429396839, "text": "Let&#39;s get you ready for this week\ud83d\ude80\n1. Drop your chart request below \n2. Be sure to check my time line for my thoughts \n#PRESSIT $SPY  $AAPL $TSLA", "time": 1642908506.0, "sentiment": ""}, {"id": 429395623, "text": "Posted the winners in chat!\nWe will do this again tomorrow!!!\nBe ready- DM me for the hookup $AAPL $DIS $AMD", "time": 1642907957.0, "sentiment": ""}]