[{"id": 429458895, "text": "@IamWallSt thats ok, now $AAPL will buy $U especially since Epic Games sued Apple and Apple needs mobile gamers in their walled garden....looks like Unity is a bargain now for AAPL to scoop up.....", "time": 1642944292.0, "sentiment": ""}, {"id": 429458882, "text": "@SupremeSwinger @Sbob1 iCar isnt the only catalyst for the stock tho. Health, AR, VR, Silicon and surprise. $aapl", "time": 1642944270.0, "sentiment": ""}, {"id": 429458811, "text": "$AAPL Last year Max Pain was also below the prevailing price and sentiment. Next week Max pain is $170. Eyeing a relief rally, thus closed 21x$170 Short calls for this week. Hoping for a $2-3 move on monday in the green. 6 EPS is a given once q1 2022 ER numbers are released for Apple.", "time": 1642944147.0, "sentiment": "Bullish"}, {"id": 429458321, "text": "$BRK.B $175 coming with $AAPL dump", "time": 1642943465.0, "sentiment": "Bearish"}, {"id": 429457938, "text": "$AAPL farted in the car today.", "time": 1642942894.0, "sentiment": ""}, {"id": 429457925, "text": "@Sbob1 only after icar for $AAPL to reach $200+ before that Fed has to introduce negative interest rate rates and we Hyper inflate $BTC.X will be trading at million \ud83d\ude02 so I expect $99 before it goes above $200", "time": 1642942876.0, "sentiment": "Bearish"}, {"id": 429457393, "text": "$AAPL $155 $145 $135 $115 $99 coming  $99-$70 is dip buy range anything above $99 is icar speculation \ud83d\ude02", "time": 1642942161.0, "sentiment": "Bearish"}, {"id": 429455642, "text": "$AAPL AAPL 2022-01-23 Largest Trades Data: \nhttps://www.youtube.com/watch?v=D7XfYhryv1I", "time": 1642940110.0, "sentiment": ""}, {"id": 429455420, "text": "@GoodieGood who is buying puts? who buying calls? $aapl", "time": 1642939867.0, "sentiment": ""}, {"id": 429455138, "text": "$AAPL https://twitter.com/realwillmeade/status/1485052922295730182?t=6lXYkLc7Kw-1mk58hTqkUw&amp;s=19", "time": 1642939580.0, "sentiment": "Bullish"}, {"id": 429453698, "text": "$AAPL anyone knows of a website where I can see AAPL chart by year but instead if seeing the chart by price see it by market cap or pe rario?", "time": 1642938161.0, "sentiment": ""}, {"id": 429453512, "text": "$AAPL $TSLA $SPY  - DAMN THAT ACCURACY.! CONGRATULATIONS TO PEOPLE WHO PLAYED IT WELL. \n\ud83d\udea8\ud83d\udc47 FIRST READ IT ALL OUT FAM. \ud83d\udc47\ud83d\udea8", "time": 1642937974.0, "sentiment": ""}, {"id": 429452454, "text": "$AAPL&#39;s ROE of 150.07% is amongst the best returns of the industry https://www.chartmill.com/stock/analyzer/stock/AAPL?view=fundamental-analysis&amp;key=bb853040-a4ac-41c6-b549-d218d2f21b32&amp;utm_source=stocktwits&amp;utm_medium=FA&amp;utm_content=AAPL&amp;utm_campaign=social_tracking", "time": 1642936920.0, "sentiment": ""}, {"id": 429452043, "text": "Earnings Outlook for next week. Quite a few important names reporting that often times have an effect on the broader market $MSFT $BA $TSLA $NDAQ $AAPL", "time": 1642936530.0, "sentiment": "Bullish"}, {"id": 429451336, "text": "$AAPL $amzn $NFLX it\u2019s all the same song.. \u201cAMZN going to $4,000 next week  (when it\u2019s trading at $3,400) AAPL going to $200 EOW, (when it\u2019s trading at $175) NFLX going to $200 (after it just corrected almost 50% trading at $396) \nWhen it\u2019s rocketing the idiot bulls are coming out of the woodwork! When it\u2019s dumping, the stupid bears are everywhere!", "time": 1642935940.0, "sentiment": ""}, {"id": 429450067, "text": "$AMD $AAPL $MSFT $NVDA $GOOGL AMZN etc...  Don&#39;t overthink it. Make a list of the BEST in class profitable companies and average in or wait for a reversal. Don&#39;t need to catch THE bottom.", "time": 1642934977.0, "sentiment": "Bullish"}, {"id": 429449189, "text": "$AAPL I will be doing a strangle on $AAPL $MSFT for earnings to the down side. I wish all of you the best of luck.", "time": 1642934290.0, "sentiment": "Bearish"}, {"id": 429449179, "text": "Apple  \ud83c\udf4e \ud83c\udf4f \n\n$AAPL Stock analysis based on latest closo\u00b9closing price is now available on youtube \n\nhttps://youtu.be/aP015FeqwVk\n\nHere is $AAPL snapshot", "time": 1642934283.0, "sentiment": ""}, {"id": 429448625, "text": "@GoodieGood do you think the US helping Ukrainians is tanking market or inflation or both or other? do u think recovery is near? $amzn $tsla $aapl", "time": 1642933917.0, "sentiment": ""}, {"id": 429448015, "text": "$VERB \nThe truth is\nVerb spent the last year signing 70 big enterprise mlm clients for their verblive platform bc mlm&#39;s have the largest salesforces. Verb needs scale to make big money, as the price for crm is only  5/10 bucks a month per employee. Now, Verb has 100&#39;s of 1000&#39;s of mlm distributors using verb live doing this\n\nhttps://youtu.be/lpvFxCdvSjk\n\nDuring last yr Verb made a beta site to use for testing ui/ux functionality, while the final product website was being made parallel, by other developers. The beta opened Nov20 closed Nov21\n\nhttps://www.shoppopup.tv\n\nVerb released what u can expect from the final product\nhttps://youtu.be/c5xKOK6VhZg\n\nVerb got David Meltzer to be their producer to supply streaming content for Verb to make shoppable.\nMeltzer recently signed a deal w/$AAPL \n\n i think we see some new sports teams, &amp; a few events over the next couple  weeks. \nOnce its evident that Verb is launching their ecommerce site its just so undervalued here it will click up so fast.", "time": 1642933544.0, "sentiment": ""}, {"id": 429447802, "text": "@Kenshin1993 If $AAPL disappoints earnings then I can totally see that", "time": 1642933401.0, "sentiment": ""}, {"id": 429447615, "text": "market sentiment bullish or bearish? \n$amzn $tsla $aapl", "time": 1642933289.0, "sentiment": ""}, {"id": 429447530, "text": "$SPY Big reversal indicator $TSLA $AAPL", "time": 1642933239.0, "sentiment": "Bullish"}, {"id": 429447450, "text": "$AAPL I have a side question. Unrelated. But I want to get a new iPad for myself. Should I grab a new one right now or is there a newer version on its way I should wait for?", "time": 1642933184.0, "sentiment": ""}, {"id": 429447113, "text": "$AAPL Everyone\u2019s talking about earnings. Since when have stock fundamentals matter in the last 12-18 months anymore? Everything is different now.", "time": 1642932987.0, "sentiment": ""}, {"id": 429444065, "text": "$AAPL HOW LOW ARE WE GONNA GO?!?! \nSUPER EXCITED!!! BRING IT ALL THE WAY DOWN!!!!! READY TO LOAD!!!\nTHIS COULD TURN INTO THE ULTIMATE BUYING OPPORTUNITY!!!!!!", "time": 1642931130.0, "sentiment": "Bearish"}, {"id": 429442150, "text": "$SPY \n\u2022 1,750 Americans died of COVID-19 related complications yesterday\u2014 one every 50 seconds. (sources: CDC; New York Times)\n\u2022 The unvaccinated are 13 times more likely to get infected compared to those with three shots, and 52 times more likely to die than them. (source: CDC)\n\u2022 The U.S. Centers for Disease Control and Prevention (CDC) is the gold standard in the world for research on comunicable diseases. The NYT is the gold standard in the world for responsible journalism.\n\u2022 DJT? FoS. \n\u2022 The CDC and NYT gain nothing from reporting misinformation. They work for us! The CDC&#39;s mission is to help people. The NYT reports the news. I&#39;m a critical thinker who believes the CDC and NYT. \n\u2022 If you&#39;re sick and damn tired of COVID, I don&#39;t blame you for feeling that way. $AAPL \n\u2022 Spreading vaccine misinformation can cause people to get sick (and even die). $QQQ \n\u2022 Don&#39;t believe in Trump, or Biden. Believe in Science. $VOO \n\u2022 1) Get vaccinated; 2) keep your distance; 3) wash your hands", "time": 1642930091.0, "sentiment": ""}, {"id": 429441783, "text": "@luigidt do you realize how close this market is to something historic? if this rubberband holding all this weight doesn\u2019t snap back, and I mean soon - people are going to have their accounts eviscerated. \n \nwhen you see a sell off on $AAPL earnings into the 130s you will see the light of what is coming.", "time": 1642929905.0, "sentiment": ""}, {"id": 429441599, "text": "$AAPL a little nervous about earnings", "time": 1642929799.0, "sentiment": ""}, {"id": 429441501, "text": "$AAPL if we gap down monday we are in trouble", "time": 1642929746.0, "sentiment": ""}]