[{"id": 429435220, "text": "@kinkystocksfetish debt taken at less than 2% Apr while they have deployed their money with an ROA Of 26% and an ROE of 128% lmfao. Probably much more! So they are making a killing on the free money. $aapl", "time": 1642926493.0, "sentiment": ""}, {"id": 429434215, "text": "$AAPL $MSFT $BA Did you catch the latest episode? Link to watch it on next post! \nOur shows get such great reviews and we appreciate it very much\ud83d\ude07", "time": 1642926023.0, "sentiment": ""}, {"id": 429434017, "text": "$AAPL $UVXY $VXX $CSX $SPY  \n\ud83d\ude4b\u200d\u2640\ufe0f spy is on discount- 37.00", "time": 1642925942.0, "sentiment": ""}, {"id": 429433333, "text": "$AAPL Oversold and divergence on weekly.", "time": 1642925599.0, "sentiment": ""}, {"id": 429433110, "text": "$AAPL Oversold Market!", "time": 1642925494.0, "sentiment": ""}, {"id": 429432296, "text": "$AAPL AAPL 2022-01-21 Largest Trades Data: \nhttps://www.youtube.com/watch?v=C0JE78k2Z6Q", "time": 1642925107.0, "sentiment": ""}, {"id": 429430660, "text": "$TSLA $AAPL $MSFT $COST A stock market crash seems to be brewing, so I sold all my stocks. As you can see in both my portfolios, I try my best to protect my investments as soon as I notice a downtrend or slow bleed. Once I see a great bargain, then I come back in. Just be cautious about protecting your gains. It seems there are countless whales shorting the market and anticipating a colossal crash", "time": 1642924296.0, "sentiment": "Bearish"}, {"id": 429427990, "text": "$AAPL some heavy big calls  for 1/28 defo will go up", "time": 1642922969.0, "sentiment": "Bullish"}, {"id": 429427780, "text": "$AAPL \n\ud83c\udf4f\ud83c\udf4f\ud83c\udf4f\ud83d\udd1c\ud83c\udd99\ud83d\udd1d\nhttps://youtu.be/pv_93z-pQAI", "time": 1642922852.0, "sentiment": "Bullish"}, {"id": 429426658, "text": "$AABB $TSLA $AAPL $MSFT $GOOG .", "time": 1642922355.0, "sentiment": "Bullish"}, {"id": 429425446, "text": "The one 2x ETF to have  \npast 4 weeks:  $QID  2x Short QQQ. \nKilling it.    $QQQ  $SPY   Charts on $AAPL and  \n$AMZN scarey as hell. \n \nLots of runway short QQQ.   Remember that QLD \nat the high, was up from the 3/23/20 Covid market low", "time": 1642921816.0, "sentiment": ""}, {"id": 429425421, "text": "what a breakdown here on $AAPL  https://share.trendspider.com/chart/AAPL/12351qka26m looking for this to move down to the 160 level but after that dive down this should be looking to go sideways for a while", "time": 1642921805.0, "sentiment": ""}, {"id": 429425401, "text": "$TSLA $NFLX $QQQ $AAPL $MSFT", "time": 1642921791.0, "sentiment": ""}, {"id": 429425041, "text": "$VIAC $AAPL     \ud83c\udf4f\ud83e\udd2b\ud83d\ude01", "time": 1642921620.0, "sentiment": ""}, {"id": 429424956, "text": "$AAPL where&#39;s your apple car?", "time": 1642921577.0, "sentiment": ""}, {"id": 429424301, "text": "$AAPL apple will be in the 120\u2019s again by the end of the year", "time": 1642921275.0, "sentiment": "Bearish"}, {"id": 429424000, "text": "$AAPL apple earnings brings 150", "time": 1642921138.0, "sentiment": "Bearish"}, {"id": 429423540, "text": "$AAPL apple needs to fall to about 150-153 before they start buying big blocks. They said I was crazy when I said this at 180 and here we are. It will go to 155 at least. Maybe a quick earnings pump but down after in this market. Any other market time I\u2019d be wrong.", "time": 1642920934.0, "sentiment": ""}, {"id": 429423290, "text": "$TSLA $NFLX $QQQ $AAPL $MSFT", "time": 1642920813.0, "sentiment": ""}, {"id": 429421000, "text": "$SPY $AAPL $TSLA \nYou guys asked for it!\nCustom Algo Is completed and WOW. \n\ud83d\udd25\ud83d\udd25Alerted SPY puts at 458, now under 436\ud83d\udd25\ud83d\udd25\n\nLINK IN BIO", "time": 1642919769.0, "sentiment": "Bearish"}, {"id": 429419986, "text": "$AAPL read it bears!", "time": 1642919281.0, "sentiment": ""}, {"id": 429418931, "text": "$AAPL was analyzed by 49 analysts. The buy consensus is at 84%. So analysts seem to be very confident about $AAPL. https://www.chartmill.com/stock/analyzer/stock/AAPL?view=analyst-ratings&amp;utm_source=stocktwits&amp;utm_medium=ANALYST&amp;utm_content=AAPL&amp;utm_campaign=social_tracking", "time": 1642918800.0, "sentiment": ""}, {"id": 429418519, "text": "$SPY $AAPL $TSLA Get ready for a brand new episode of market drama\ud83c\udf7fcoming soon to a chart near you\ud83d\udcca. Tech ER drama\ud83d\udc40", "time": 1642918586.0, "sentiment": ""}, {"id": 429417696, "text": "$AAPL I say let\u2019s goo\u2026https://www.benzinga.com/analyst-ratings/analyst-color/22/01/25140782/apple-poised-to-outperform-expectations-in-december-quarter-analyst-says-how-will-s?utm_campaign=partner_feed&amp;utm_source=TechInvestorNews&amp;utm_medium=partner_feed&amp;utm_content=site https://www.benzinga.com/analyst-ratings/analyst-color/22/01/25140782/apple-poised-to-outperform-expectations-in-december-quarter-analyst-says-how-will-s?utm_campaign=partner_feed&amp;utm_source=TechInvestorNews&amp;utm_medium=partner_feed&amp;utm_content=site", "time": 1642918207.0, "sentiment": "Bullish"}, {"id": 429417547, "text": "$AAPL tootsie fruit boots with the fur. Got the whole world looking at huuuuuurrrrrr", "time": 1642918133.0, "sentiment": ""}, {"id": 429417501, "text": "$AAPL Poised To Outperform Expectations In December Quarter", "time": 1642918108.0, "sentiment": "Bullish"}, {"id": 429417016, "text": "$AAPL AAPL 2022-01-21 Technical Analysis Video: \nhttps://www.youtube.com/watch?v=MTKVrEGEz38", "time": 1642917905.0, "sentiment": ""}, {"id": 429416632, "text": "$TMUS great day in court! No different than $T and $AAPL . This is gonna HURT A BIT! $VPLM  is WINNING!", "time": 1642917715.0, "sentiment": ""}, {"id": 429415749, "text": "$AAPL could not avoid getting whacked this past week because so many own the stock. Now drubbed to the $162 area, we expect a bounce to the $167 level by Tuesday. Not sure what Monday brings. Maybe another surprise for the masses. \n \n Turmoil has been brutal but we are getting closer for $$ mgrs to begin accumulating the stock again for the same reasons that are causing stocks to fall precipitously. \n \nNow $AAPL could keep sliding but there isn&#39;t much left to go and those that are wishing it does, do so to just get it slightly cheaper. \n \nWe will see the bounce soon and it may be dramatic but just for a few days.  Weds, we may get a nasty Power Popper in our markets that soothes those that ran for the windows. \n \n$SPY  $QQQ ready for some greener days.  Bullish lean ST. \n \nAccumulation of beaten stocks continues....  shhh.", "time": 1642917286.0, "sentiment": "Bullish"}, {"id": 429415456, "text": "$AAPL Snapple possum jeans", "time": 1642917141.0, "sentiment": ""}]