[{"id": 429502832, "text": "$AAPL appl down to 150", "time": 1642982044.0, "sentiment": ""}, {"id": 429501611, "text": "$COMPQ $QQQ $SPY $AMZN $AAPL   \n \nFrom within Finom Group&#39;s weekly Research Report  \n \nAs the kids don&#39;t say anymore, &quot;Yowsers!&quot;", "time": 1642981536.0, "sentiment": ""}, {"id": 429499923, "text": "$AAPL read my article, you will see uptrend 100%, please keep one eye on it\nhttps://www.reddit.com/user/baoveso/comments/s9ijkv/short_squeeze_coming/?utm_medium=android_app&amp;utm_source=share", "time": 1642980794.0, "sentiment": "Bullish"}, {"id": 429499757, "text": "$AAPL quick video on apple....\n\nhttps://www.youtube.com/watch?v=Du1u0IQk0tI", "time": 1642980712.0, "sentiment": ""}, {"id": 429498277, "text": "$DJIA  $TSLA $AAPL $AMZN The elites weren&#39;t ready for the stock market downturn back in March 2020 They were caught off guard so the fed came in And pumped it backup so that the elites could get out, well they&#39;re ready for the downturn now So  don&#39;t expect any help from the fed this time.", "time": 1642980065.0, "sentiment": "Bearish"}, {"id": 429498196, "text": "$NFLX Next step for Netflix is to accept the fact that market is saturated in terms of subscriber growth and start behaving like a value stock.  Start M&amp;A to expand to online gaming, inline retail sales/advertising, physical theaters (buy $AMC), theme parks, etc.  If you can&#39;t grow horizontal faster, then grow vertical.  $AMZN $AAPL $ROKU", "time": 1642980026.0, "sentiment": ""}, {"id": 429497264, "text": "$AAPL $LILM", "time": 1642979592.0, "sentiment": ""}, {"id": 429495491, "text": "Fundstrats&#39; Mark Newton: \n \n-Bear: max weakness ~3,500 \n-Base: max weakness ~3,800 \n-Bull: max weakness ~4,200 \n \n$SPX $SPY $QQQ $UVXY $AAPL", "time": 1642978743.0, "sentiment": ""}, {"id": 429495246, "text": "$AAPL as usual...guidance will be the determining factor. I just don&#39;t see how the could raise or even keep what they projected last quarter \ud83d\udc40", "time": 1642978626.0, "sentiment": ""}, {"id": 429495145, "text": "Here\u2019s what we did last week Earnings play. $nflx puts paid off !! Looking forward to this week er plays.. $tsla $aapl on my top watch going in the week. Lynk in bayo for the channel", "time": 1642978579.0, "sentiment": ""}, {"id": 429494645, "text": "$AAPL \n\ud83c\udf4f\ud83c\udf4fREVENUE \ud83c\udf4f\ud83c\udf4fFY21\nHISTORY. \n1QER21 111.44B\ud83c\udd9a103.28B=+8.16B+7.90%\n2QER21   89.58B\ud83c\udd9a77.30B=+12.28B+15.89%\n3QER21  81.40B \ud83c\udd9a 74.82B=+6.58B+8.79%\n4QER21  83.36B \ud83c\udd9a 84.85B= -1.49B -1.76%\n\u2014\u2014\u2014\u2014\u2014\u2014\u2014\u2014\u2014\u2014\u2014\u2014\u2014\u2014\u2014\u2014\u2014\u2014-\nTOTAL365.78B  \ud83c\udd9a340.25B=+25.53B+7.50%\n==============================\n\ud83c\udf4f\ud83c\udf4fEPS BEATS\ud83c\udf4f\ud83c\udf4fFY21. \nHISTORY. \n1QER21     $1.68  \ud83c\udd9a $1.41= +$0.27 +19.15%\n2QER21    $1.40  \ud83c\udd9a  $0.99=+$0.41+41.41%\n3QER21    $1.30  \ud83c\udd9a  $1.01= +$0.29+28.71%\n4QER21    $1.24  \ud83c\udd9a  $1.24=  $0 % +0%\n\u2014\u2014\u2014\u2014\u2014\u2014\u2014\u2014\u2014\u2014\u2014\u2014\u2014\u2014\u2014\u2014\u2014\u2014\u2014-\nTOTAL      $5.62  \ud83c\udd9a  $4.65=+$0.97+20.86% \ud83d\udd1d \n===============================\nAPPLE12/31PRICE$130X36.55%=$177.52 Closed \n+$47.52 YP. (YEAR PROFIT)Per Share\n===============================\n\ud83c\udf4fEPS BEATS\ud83c\udf4f\ud83c\udf4fFY22\n(ESTIMATE).\n1QER21 $121.47 \ud83c\udd9a 118.20B=+3.27B+2.77%\n1QER21     $2.10  \ud83c\udd9a  +1.88=+$0.22 +11.70%\n===============================\nAPPLE12/31/21$177.52X42%=\n$252.08 12/31/22 Closed. \n+$74.56 YP. (YEAR PROFIT)Per Share\n===============================\nMinimum$243.23 MC3.990B\n======================", "time": 1642978353.0, "sentiment": "Bullish"}, {"id": 429493979, "text": "$AAPL This company well Show profit this earnings I\u2019m 100%", "time": 1642978019.0, "sentiment": ""}, {"id": 429493815, "text": "$QQQ Here&#39;s a long trade idea (if they&#39;re knocked down to support)... \n \nhttps://twitter.com/MeisaBonelli/status/1485291391869665280?s=20 \n \n$MSFT $AAPL $ARKK $DWAC", "time": 1642977931.0, "sentiment": ""}, {"id": 429493087, "text": "$AAPL NEW ARTICLE : Outperforming The S&amp;P 500 By Trading The Top 10 Stocks From 40 Large Hedge Funds: Trading Update 1/22/2022 https://www.stck.pro/news/AAPL/21821067", "time": 1642977606.0, "sentiment": ""}, {"id": 429492961, "text": "$VIAC in my opinion its either $AAPL or $CMCSA that buys $VIAC  \n \nhttps://www.marketwatch.com/story/viacomcbs-could-be-a-takeover-target-amid-media-merger-frenzy-analyst-says-in-double-upgrade-11621525727", "time": 1642977533.0, "sentiment": ""}, {"id": 429492742, "text": "$VIAC shouldnt $AAPL buy this out?", "time": 1642977437.0, "sentiment": ""}, {"id": 429492106, "text": "$AAPL Welcome to the Grand illusion... the big money is shaking the little people out of their seat through the use of the masterful use of fear \ud83d\ude28...in which they will be replacing the littles at a lower price point before the next bounce.", "time": 1642977174.0, "sentiment": "Bullish"}, {"id": 429492007, "text": "$AAPL they\u2019ve been beating estimates every quarter for years now. Your reasoning is dumb. Blocked", "time": 1642977130.0, "sentiment": ""}, {"id": 429489179, "text": "@MikeyDislikey Crazy week ahead\u2026 ER from $MSFT $TSLA $V $MA and $AAPL along with the Fed meeting", "time": 1642975880.0, "sentiment": ""}, {"id": 429489156, "text": "$AAPL $SPY $QQQ fed speech this week.. more doom or moon? Decisions decisions ..", "time": 1642975867.0, "sentiment": ""}, {"id": 429489032, "text": "$AAPL ioe bryon sucks!!", "time": 1642975809.0, "sentiment": "Bullish"}, {"id": 429487643, "text": "@hoyasaxa1978 @Cryptogirly $AAPL is the safest place to have your money in this bipolar market. What an ignorant statement.", "time": 1642975198.0, "sentiment": ""}, {"id": 429487251, "text": "$AAPL On Thurs AAPL&#39;s forward looking statement will be a disaster.  Consumer has been thrashed as no more stimmies &amp; inflation makes $$$&#39;s necessary for essentials &amp; not appliances.", "time": 1642974996.0, "sentiment": ""}, {"id": 429486800, "text": "$AAPL \ud83c\udf4f\ud83d\udc47 Enough with your fear mongering, \u201cCrypto\u201d girl.  Childish, Trolling.", "time": 1642974757.0, "sentiment": ""}, {"id": 429486655, "text": "$VUZI is the $TSLA of AR\nThere are Smart Glass pretenders out there but there\u2019s only (ONE) real AR player who\u2019s delivered multiple AR devices to market w/ the best tech being utilized by F50 &amp; F100 CO\u2019s. Medical Military, Enterprise &amp; Consumer tech IP. No one else compares, period.\n$aapl $snap $msft are all way behind. 20 years of expertise matters \n\nVery", "time": 1642974684.0, "sentiment": "Bullish"}, {"id": 429486542, "text": "$AAPL", "time": 1642974631.0, "sentiment": ""}, {"id": 429486363, "text": "$AAPL is one of the better performing stocks in the Technology Hardware, Storage &amp; Peripherals industry. https://www.chartmill.com/stock/analyzer/stock/AAPL?key=bb853040-a4ac-41c6-b549-d218d2f21b32&amp;utm_source=stocktwits&amp;utm_medium=TA&amp;utm_content=AAPL&amp;utm_campaign=social_tracking", "time": 1642974540.0, "sentiment": ""}, {"id": 429485588, "text": "$AAPL Cheat sheet. Potential bounce to retest the channel top (medium probability), one of the two 161.8% fibs are still likely to get hit regardless between now and mid March.", "time": 1642974150.0, "sentiment": ""}, {"id": 429485566, "text": "$AAPL     \ud83c\udf4f:   So many \u201cPositive Articles Posting this Morning\u201d:", "time": 1642974141.0, "sentiment": ""}, {"id": 429485297, "text": "$AAPL       \ud83c\udf4f:", "time": 1642974010.0, "sentiment": ""}]