[{"id": 429528882, "text": "$QQQ $TQQQ $TSLA $NVDA $AAPL", "time": 1642994081.0, "sentiment": ""}, {"id": 429528667, "text": "@ajaxx117 exactly but if I were the other streamers I&#39;d focus on creating my own content at this point. At some point Netflix will license for cheaper fees or get bought up by another company.\n\nUnless Netflix can buy a company from another sector that can help hold them up in trying times.\n\nOh also $AAPL (Apple+)...they have tech as they&#39;re support.", "time": 1642993986.0, "sentiment": "Bearish"}, {"id": 429527923, "text": "$COMPQ $QQQ $SPY $AMZN $AAPL", "time": 1642993634.0, "sentiment": ""}, {"id": 429527424, "text": "$SPY my favorite indicator for the real direction of Spy.. This is a monthly chart. I see more downside but possibly not the crash as others are calling for. $DIA $QQQ \n$AAPL $BTC.X .", "time": 1642993406.0, "sentiment": ""}, {"id": 429527104, "text": "$AAPL will more than likely test $147 or so before ER. Markets hurting and we are waiting on Powell.", "time": 1642993257.0, "sentiment": "Bearish"}, {"id": 429526626, "text": "$AAPL Be careful out there $AAPL bulls. No harm in taking some profits as the correction could be severe as rates rise. The blue line is directionally normal, not the red one.", "time": 1642993033.0, "sentiment": ""}, {"id": 429526460, "text": "$SPY $AAPL $AMZN $TSLA yes", "time": 1642992970.0, "sentiment": ""}, {"id": 429526396, "text": "$SPY is there going to be a fake bounce through Thursday and then another collapse with $AAPL $AMZN $TSLA earnings?", "time": 1642992941.0, "sentiment": ""}, {"id": 429525637, "text": "$AAPL is currently trading in the upper part of its 52 week range, outperforming the market. https://www.chartmill.com/stock/analyzer/stock/AAPL?key=bb853040-a4ac-41c6-b549-d218d2f21b32&amp;utm_source=stocktwits&amp;utm_medium=TA&amp;utm_content=AAPL&amp;utm_campaign=social_tracking", "time": 1642992600.0, "sentiment": ""}, {"id": 429525122, "text": "$AAPL apple warned on supply side in Oct and demand side in Dec and stock continued to levitate due to robust gamma squeeze - feels like the time of reckoning is coming this week - likely due for some multiple contraction and has an overdue date with the 50wk (low 140s) in the short term imo but a move to the 100/200wk later this year isn&#39;t out of the question", "time": 1642992347.0, "sentiment": ""}, {"id": 429525065, "text": "#Levermann #Global #MegaCap #Sell WK3 $AAPL (2), $MSFT (2), $AMZN (-4), $FB (-1), $0700.HK (0), JPM (1), JNJ (2), UNH (2), WMT (-2), HD (2)", "time": 1642992319.0, "sentiment": "Bearish"}, {"id": 429524175, "text": "$AAPL will rally into earnings. 165 target by Wednesday", "time": 1642991887.0, "sentiment": "Bullish"}, {"id": 429524084, "text": "$AAPL have they announced the reverse split yet? Trash share structure", "time": 1642991834.0, "sentiment": "Bearish"}, {"id": 429524015, "text": "$AAPL nothing goes in one direction forever. Will be a small bounce on the road down to reality. Expecting one pre-ER this week", "time": 1642991798.0, "sentiment": ""}, {"id": 429523020, "text": "$AAPL I see this in 140s before a pop", "time": 1642991312.0, "sentiment": "Bearish"}, {"id": 429522656, "text": "$SPY $AAPL love the new AppleTV ad \u2026. All people I don\u2019t want on my TV, Apple disconnected from reality, like all Silicon Valley freaks", "time": 1642991124.0, "sentiment": "Bearish"}, {"id": 429522625, "text": " $PTON  \n \nA flurry of developments with Peloton Interactive has sent shares down 24.33% to start the year and have them sitting more than 80% below their 2021 high. \nThe market cap on Peloton has now dwindled to below $9B, which is a level that is naturally going to churn up some M&amp;A intrigue. \n \nRoundhill Investment&#39;s Brian Lichtor is out of the gate with a thought on what company in theory could be interested in PTON. \n&quot;At an enterprise value of under $10 billion, Peloton could make for an attractive acquisition target given their strong brand loyalty and valuable intellectual property. In my opinion, it would make a ton of sense for a company like Apple to acquire Peloton, integrating Peloton into the Health app.&quot; \n \n$AAPL $AMZN $NKE  \n \nhttps://seekingalpha.com/news/3790493-pelotons-collapse-spins-up-apple-nike-amazon-acquisition-chatter", "time": 1642991105.0, "sentiment": ""}, {"id": 429522476, "text": "$AAPL good or bad ER, we are going to test 155 or maybe even 200sma", "time": 1642991029.0, "sentiment": ""}, {"id": 429521753, "text": "$TSLA $MSFT $AAPL \ud83d\udc02\ud83d\udc02\ud83d\udc02\ud83d\udc02\ud83d\udea8\ud83d\udea8\ud83d\udea8\ud83d\ude0e", "time": 1642990696.0, "sentiment": "Bullish"}, {"id": 429521414, "text": "Apple And Tesla Earnings In Focus As Nasdaq 100 Falls Into A Technical Correction $AAPL $MSFT $TSLA $NDX $SPX $DJI https://talkmarkets.com/content/stocks--equities/apple-and-tesla-earnings-in-focus-as-nasdaq-100-falls-into-a-technical-correction?post=342166", "time": 1642990534.0, "sentiment": ""}, {"id": 429520751, "text": "$SPY $TSLA $AAPL $AMZN $UVXY \n\nMy thoughts on the week ahead  \n\nOne of the biggest mistakes I made back in 2020 was being bearish too long. Many of you who follow me remember me getting well ahead of the mkt crash in 2020. I was warning with multiple posts on ST about a market that was about to crash when the SPY was making all-time highs (SEE BELOW). But I fell into the same trap many will once again fall into this time around. Don&#39;t get me wrong, I feel the mkt has some more pain.  But, I&#39;ve been shorting since the start of the year. And I play the bounces. The trap many will fall into is not realizing how strong short squeeze rallies can be. \n\nI spent the weekend putting together my Game Plan for the Week. I also wrote a blog titled &quot; How do we know when we are at a bottom&quot; . These are some very volatile times in the mkt but also some of the greatest opportunities. TSLA, AAPL, AMZN, UVXY - where are they headed. If  interested in joining, email me at\n\n jessielivermore1929@gmail.com", "time": 1642990242.0, "sentiment": ""}, {"id": 429520480, "text": "@TraderLeibniz $AAPL tanked after last earnings.", "time": 1642990128.0, "sentiment": ""}, {"id": 429520263, "text": " Wedbush analyst Dan Ives argued Friday that upcoming earnings releases from Microsoft ($MSFT) and Apple ($AAPL) could alter sentiment in the technology sector, becoming the &quot;saviors of tech&quot; by halting the downward pressure that has marked the early part of 2022. \n \n&quot;I look at Microsoft and Apple -- these are just Rock of Gibraltar names and that ultimately they are really going to start to change the tide of this risk-off environment in tech,&quot; \n \nIves contended that tech will see a &quot;clear bifurcation&quot; between winners and losers. The strong performers in 2022 will come from cloud, cybersecurity and chip names. Meanwhile, at-home stocks, which benefited during the pandemic, will come under pressure. \n&quot;The work-from-home names, you&#39;ll see those multiples continue to compress, just like obviously we&#39;re seeing with Netflix,&quot; \n \n \n \n$NFLX $AMZN $QQQ", "time": 1642990032.0, "sentiment": ""}, {"id": 429519976, "text": "$AAPL AAPL 2022-01-23 Largest Trades Data: \nhttps://www.youtube.com/watch?v=D7XfYhryv1I", "time": 1642989906.0, "sentiment": ""}, {"id": 429518428, "text": "$AAPL $FB Apple Car Project Loses Another Key Executive: Analyst Says 2022 &#39;Make-Or-Break&#39; Year For EV Ambitions \n\nhttps://newsfilter.io/a/f0cf4028247abfd1476feb4c3d8ab225", "time": 1642989240.0, "sentiment": ""}, {"id": 429516774, "text": "$AAPL NEW ARTICLE : Apple is bigger than these companies combined https://www.stck.pro/news/AAPL/21827398", "time": 1642988467.0, "sentiment": ""}, {"id": 429516670, "text": "$AAPL \nLooks like 145 is inevitable, 120 is possible and 100 is not unimaginable. \nPrice of 100 will take its p/e to 17 assuming 10% annual profit growth rate. This is where it was before Buffet jumped into the boat that inflated p/e to 30.", "time": 1642988417.0, "sentiment": ""}, {"id": 429516109, "text": "$SPY $AAPL hearing about new product talks at upcoming cc", "time": 1642988147.0, "sentiment": "Bullish"}, {"id": 429515677, "text": "$AAPL has been on a steady decline so far in 2022  down 10% \u2026 ER dropping this week \u2026. Could be an interesting week", "time": 1642987951.0, "sentiment": ""}, {"id": 429515480, "text": "$AAPL \u201cBeam me up Scotty\u201d", "time": 1642987858.0, "sentiment": "Bullish"}]