[{"id": 429595943, "text": "@DaSpecialist007 @mcm1 @Starbeme Speaking of $AAPL -- why are they the most successful company regarding phones?  Because they had the best product FIRST thus making iPhones ubiquitous in society; the same will go for $TSLA.  Why have bears constantly got their ass handed to them over the years?  Because $TSLA is not a company that will just disappear, every year their stats grow and grow and will keep growing.  One of the few companies that obviously lived up to the hype.", "time": 1643026719.0, "sentiment": "Bullish"}, {"id": 429595196, "text": "$AAPL AAPL 2022-01-23 Technical Analysis Video: \nhttps://www.youtube.com/watch?v=QK15Qj1d974", "time": 1643026085.0, "sentiment": ""}, {"id": 429594830, "text": "Apple to release earnings after the market closes on Thursday. Analysts expect 1.89 EPS. www.marketbeat.com/p/550004 $AAPL #AAPL", "time": 1643025728.0, "sentiment": ""}, {"id": 429593325, "text": "$btc.x  $tsla   $fb   $nvda   $AAPL", "time": 1643024558.0, "sentiment": ""}, {"id": 429593177, "text": "Most anticipated earnings this week:\n$aapl $tsla $intc $ba $vz", "time": 1643024436.0, "sentiment": ""}, {"id": 429592523, "text": "@PelkTwo @JaredTyndall this comes up in $AAPL earnings calls. they do buybacks instead of an increased dividend because shareholders prefer buybacks.", "time": 1643023945.0, "sentiment": ""}, {"id": 429592028, "text": "$SPY $QQQ $DIA $AAPL $MSFT big ER ahead, algos also tracking this \nnumber when it is falling...", "time": 1643023561.0, "sentiment": ""}, {"id": 429591389, "text": "$AAPL so whose buying lotto options Thursday before close \ud83d\ude0e\ud83d\ude1cwe love the volatility!! \ud83d\udcb0\ud83d\udcb0\ud83d\udcb0", "time": 1643023113.0, "sentiment": ""}, {"id": 429589522, "text": "$BKKT Bakkt is the path to Bitcoin losing it\u2019s volatility (fear) because without Bakkt\u2019s infrastructure and regulatory governance credible institutions will not add any exposure to their balance sheets. $AAPL $MSFT $GOOGL $JPM", "time": 1643021774.0, "sentiment": "Bullish"}, {"id": 429589412, "text": "$AAPL Future guidance will be the black swan on this one. After NFLX terrible earnings I don&#39;t think big tech will be able to hold up the market this time.", "time": 1643021701.0, "sentiment": ""}, {"id": 429588661, "text": "$AAPL sold Friday morning. Hopefully get in good price tomorrow", "time": 1643021230.0, "sentiment": "Bullish"}, {"id": 429588465, "text": "$AAPL  I have a dream  \n \nMcDonald&#39;s \ud83e\udd23\ud83e\udd23\ud83e\udd23 \nhttps://youtu.be/jpy8661IHX0", "time": 1643021089.0, "sentiment": ""}, {"id": 429588135, "text": "Cheers to an eventful week ahead\ud83c\udf77\nDon\u2019t forget there is tech earnings and also Fed interest rate decision + FOMC statement &amp; economic projection + Powell speech all happening Wednesday 2-2.30PM EST\ud83d\udc40\n\nMay the charts be in your favor\ud83d\ude4f\ud83c\udffd\ud83d\udcca\ud83c\udfb2\n\n$spy $tsla $aapl $arkk $btc.x", "time": 1643020876.0, "sentiment": ""}, {"id": 429587833, "text": "$AAPL daily chart \n\nThe euphoric breakout above long term channel resistance is now crashing back down to reality. Take note of the supply zone that has formed at $180\n\nLook at how long price respected the drawn channel lines. For weeks and months they were treated as resistance and support with buyers and sellers bouncing price off of them. \n\nPrice did close right on one channel line on Friday. So the previous resistance now new support is still possible depending on tomorrows price action. A close below current channel line, price is looking at a $5-7 drop to next channel support", "time": 1643020711.0, "sentiment": ""}, {"id": 429587515, "text": "$AAPL AAPL 2022-01-23 Largest Trades Data: \nhttps://www.youtube.com/watch?v=D7XfYhryv1I", "time": 1643020511.0, "sentiment": ""}, {"id": 429587225, "text": "$AAPL positive week coming.", "time": 1643020340.0, "sentiment": "Bullish"}, {"id": 429587163, "text": "$SPY $QQQ $TSLA $AAPL\n\nGoodnight to everyone except chiefs \nfans.", "time": 1643020300.0, "sentiment": ""}, {"id": 429586792, "text": "$AAPL I have a dream this crap get delisted. And sp500 becomes dog sh I  \n \nhttps://youtu.be/jpy8661IHX0", "time": 1643020085.0, "sentiment": ""}, {"id": 429586222, "text": "$AAPL https://youtu.be/HsEjpqKa4_4 luxury penthouse condos for sale \ud83c\udfe0\ud83e\udd33\ud83c\udffc", "time": 1643019761.0, "sentiment": ""}, {"id": 429585292, "text": "$AAPL has a Return On Assets of 26.97%. This is amongst the best returns in the industry. https://www.chartmill.com/stock/quote/AAPL/fundamental-analysis?key=bb853040-a4ac-41c6-b549-d218d2f21b32&amp;utm_source=stocktwits&amp;utm_medium=FA&amp;utm_content=AAPL&amp;utm_campaign=social_tracking", "time": 1643019240.0, "sentiment": ""}, {"id": 429585042, "text": "$AAPL Wells Fargo raised its price target for Apple (ticker: AAPL) stock to $205 a share from $165 \u2014 ya right he is drinking to much coffee", "time": 1643019077.0, "sentiment": ""}, {"id": 429584666, "text": "$PTON $AAPL $SPY $QQQ\n In times of uncertainty, it is critical to understand multiple ways of trading in order to be successful. \n\nFriday we saw $PTON bounce off of a devastating fall. But, like last big PTON drop, had a bounce, which then followed by further decline.\n\nNew to trading? Looking for new trading ideas? Maybe just need other like minded trades to have in depth talks to? \n\nCome join Team Nauticus with a 2 weeks FREE subscription by using the link below. Come learn something new!\n\nhttps://rooms.stocktwits.com/checkout/3328739/prod_L0B9HvKbsp1bAp\n\nInspire Wealth.", "time": 1643018833.0, "sentiment": ""}, {"id": 429584380, "text": "$AAPL no rug pull tomorrow its a rug and tug pull my lever", "time": 1643018679.0, "sentiment": ""}, {"id": 429583520, "text": "\ud83d\udc8e**DAILY WATCHLIST**\ud83d\udc8e\n\n$MSFT over 298.44\ud83d\udcc8 under 294.49\ud83d\udcc9\n\n$AMD over 120.38\ud83d\udcc8 under 118.16\ud83d\udcc9\n\n$AAPL over 163.74\ud83d\udcc8 under 161.01\ud83d\udcc9\n\n*Algo Is officially launched, week is just getting started and I am full force ready to kill the market, Here\u2019s to tomorrow Team\ud83d\udd25*\n\n\ud83d\udc8eLINK IN BIO\ud83d\udc8e", "time": 1643018235.0, "sentiment": "Bullish"}, {"id": 429583420, "text": "$SPY  \nKamala Harris Styles Dustin lunch chilli peppers \n$NFLX $AAPL  \nhttps://youtu.be/jpy8661IHX0", "time": 1643018179.0, "sentiment": ""}, {"id": 429583040, "text": "$AAPL so my 240 calls are fucked right?", "time": 1643017974.0, "sentiment": ""}, {"id": 429582965, "text": "@Chartist0_0 lol, no, made most of that with $CVS options that I was accumulating and holding since Aug 2021, cashed out in Jan. That was a sure win so I used 30% of my funds for that trade. Recently dabbling in more short term $SPY and $AAPL", "time": 1643017933.0, "sentiment": ""}, {"id": 429582887, "text": "$AAPL amazing news from hon hai", "time": 1643017894.0, "sentiment": ""}, {"id": 429582737, "text": "$AAPL Apple Er 1 for the books! They will crush...blowout er mark this post please", "time": 1643017821.0, "sentiment": ""}, {"id": 429582432, "text": "$TSLA $AAPL $AMZN https://www.youtube.com/watch?v=DQy1NZvGlTM&amp;ab_channel=TheMaverickofWallStreet", "time": 1643017645.0, "sentiment": "Bearish"}]