[{"id": 429607267, "text": "$AAPL  \n\nhttps://youtu.be/NBPapGTHsOo", "time": 1643039348.0, "sentiment": "Bullish"}, {"id": 429607265, "text": "$AAPL looks like my puts will pay today", "time": 1643039347.0, "sentiment": "Bearish"}, {"id": 429606938, "text": "$AAPL This is going to turn red unless something unexpected happens", "time": 1643039052.0, "sentiment": "Bearish"}, {"id": 429606803, "text": "$FB too easy..\ud83e\uddf8\ud83e\udd1e\n\n$AAPL $TSLA $GOOGL", "time": 1643038925.0, "sentiment": "Bearish"}, {"id": 429606480, "text": "$AAPL And up we go! \ud83d\ude80", "time": 1643038645.0, "sentiment": ""}, {"id": 429606339, "text": "$AAPL Even if it\u2019s green all week. Earnings gonna send this thing -20% like Netflix lmao", "time": 1643038531.0, "sentiment": ""}, {"id": 429606073, "text": "$AAPL boring stock used to be better", "time": 1643038301.0, "sentiment": ""}, {"id": 429605371, "text": "$AAPL I think big money institutions are eying the how the ER goes before they buy back in. Everyone is scared, including Russians.", "time": 1643037710.0, "sentiment": ""}, {"id": 429605131, "text": "$AAPL Looks like another redvssy on yhd horizon. Tech futures dropping fast and heading towards red zone.\ud83d\ude2a", "time": 1643037517.0, "sentiment": ""}, {"id": 429604885, "text": "$AAPL was analyzed by 49 analysts. The buy consensus is at 84%. So analysts seem to be very confident about $AAPL. https://www.chartmill.com/stock/analyzer/stock/AAPL?view=analyst-ratings&amp;utm_source=stocktwits&amp;utm_medium=ANALYST&amp;utm_content=AAPL&amp;utm_campaign=social_tracking", "time": 1643037300.0, "sentiment": ""}, {"id": 429604741, "text": "$NVDA up $1 in premarket\n $TSLA up $1 in premarket \n$NVAX up 0.35c in premarket \n$AAPL up 0.50c in premarket \n$FB up 0.65c in premarket\n\nWhat A PATHETIC PRICE ACTION AFTER HUGE SELL OFF WEEK!!!", "time": 1643037150.0, "sentiment": ""}, {"id": 429604640, "text": "$SOFI $GOOGL $AMZN $AAPL $TSLA ...decision making in progress. Nasdaq down to 13000 or back to 15500 and higher..", "time": 1643037061.0, "sentiment": ""}, {"id": 429604150, "text": "IBM\u2019s Pension Slashed Stakes in Apple, Microsoft, and Tesla. It Bought GE.  $IBM $AAPL $MSFT $TSLA $GE \n\nhttps://newsfilter.io/a/434525cbb4196cb7b6aa8f18efd527d3", "time": 1643036581.0, "sentiment": ""}, {"id": 429602876, "text": "@SultanTrades I think market will be holding it&#39;s breath until $MSFT earnings, than $AAPL before dumping hard or making back gains. I&#39;m guessing a flat day", "time": 1643034905.0, "sentiment": ""}, {"id": 429602460, "text": "$AAPL if your a bull right now on apple you need to see how many people are dumping calls and buying puts rn. That\u2019s a clear message of where this is going\u2026 don\u2019t fall for the moon boys trying to sell you their 170+ calls.", "time": 1643034277.0, "sentiment": "Bearish"}, {"id": 429601815, "text": "$AAPL The iPhone 14 is tipped to feature some exciting new hardware, but the really big upgrade won\u2019t arrive until 2023 according to a new report.\n\nYou know what to do in September on the iPhone 14 launch date.", "time": 1643033408.0, "sentiment": ""}, {"id": 429601544, "text": "$AAPL hows it looking overseas?", "time": 1643033093.0, "sentiment": ""}, {"id": 429600486, "text": "$AAPL thank you president Biden for making lower entry point possible for middle class to enter the greatest stock market in the world!\ud83c\udf7b", "time": 1643031857.0, "sentiment": ""}, {"id": 429599790, "text": "$btc.x $tsla $fb $nvda $AAPL", "time": 1643030969.0, "sentiment": ""}, {"id": 429599505, "text": "$AAPL let\u2019s hope for a better week.", "time": 1643030598.0, "sentiment": ""}, {"id": 429599203, "text": "$AAPL you want safety in uncertain rocky times\u2026.park your money here, buy dips strategically and watch your money grow !!!", "time": 1643030261.0, "sentiment": "Bullish"}, {"id": 429599143, "text": "$AAPL not even the top of the icebergs *", "time": 1643030202.0, "sentiment": "Bullish"}, {"id": 429599092, "text": "$AAPL note be the top of the iceberg https://www.forbes.com/sites/davidphelan/2022/01/23/apple-reveals-jaw-dropping-upgrade-for-airpods-pro-2/amp/", "time": 1643030162.0, "sentiment": "Bullish"}, {"id": 429598909, "text": "$AAPL puts will be printing tomorrow", "time": 1643030013.0, "sentiment": "Bearish"}, {"id": 429597981, "text": "$AAPL 150", "time": 1643028928.0, "sentiment": "Bearish"}, {"id": 429597832, "text": "January 27th ER AH\n$aapl ah\n$v ah\n$x ah", "time": 1643028738.0, "sentiment": ""}, {"id": 429597541, "text": "@GoodieGood do u think it is like world war 3 serious? Great Depression serious? $amzn $tsla $aapl", "time": 1643028353.0, "sentiment": ""}, {"id": 429597420, "text": "@GoodieGood when Do you think Wallstreet will start back buying? $amzn $tsla $aapl", "time": 1643028229.0, "sentiment": ""}, {"id": 429597045, "text": "$AAPL Sunday is over \ud83d\ude03\n\nhttps://youtu.be/QuyzLYEkG7U", "time": 1643027796.0, "sentiment": "Bullish"}, {"id": 429596665, "text": "$TSLA looks like you can put an Apple logo  on this and it would look great. $AAPL", "time": 1643027410.0, "sentiment": "Bullish"}]