[{"id": 429547928, "text": "$SPY $AAPL $MSFT Those puts are going to be worthless tomorrow", "time": 1643002507.0, "sentiment": "Bullish"}, {"id": 429547561, "text": "Stock Futures Poised to Open Slightly Higher on Monday  $AAPL $HAL $IBM $MMM $AXP \n\nhttps://newsfilter.io/a/5d2c8deb6edac25cccd98539316a2642", "time": 1643002380.0, "sentiment": ""}, {"id": 429546297, "text": "$SPY Just me, guys, or, do all these tech ERs better be darn near perfect.\n\nWell, what&#39;s perfect, you beat BIG: EPS, REV, outlook. Or, you&#39;re going, I ( $AMD $MSFT $AAPL ) put my arm around you (shareholders  ), but you (SHs) give me ( GOOG, AMZN, TECH) a look like I&#39;m (LRCX KLAC AMAT way out of bounds.\n\nSHs: &quot;We can&#39;t support, you that one weakness will get shredded by the macro environment. Inflation so close to a tipping point. FED waited too long to contain things. You&#39;re no longer in easy money buying enviro in we shareholders eyes after Wenesday (FOMC meeting).&quot; \n\nAMD, MSFT, GOOG, AMZN, NVDA, AMAT, KLAC, LRCX, etc. ALL TECH: &quot;What?!&quot;\n\nShareholders&quot; You&#39;re going down, down.....", "time": 1643001927.0, "sentiment": ""}, {"id": 429544959, "text": "$AAPL   Oh yummy!!!!", "time": 1643001465.0, "sentiment": "Bearish"}, {"id": 429544857, "text": "$QQQ $AAPL and $MSFT earnings this week. Short squeeze. 10% gainer week and bears go back to hibernation", "time": 1643001421.0, "sentiment": "Bullish"}, {"id": 429544599, "text": "Equity Sentiment Weekly Recap: $AAPL is the #1 stock that institutions traded this week with 375.4K options contracts.\n\nMarket analysis included in screenshot of dashboard from http://insiderfinance.io.", "time": 1643001325.0, "sentiment": ""}, {"id": 429543526, "text": "$AAPL  price target for a starter position? Thanks for any reply\u2019s", "time": 1643000933.0, "sentiment": ""}, {"id": 429542787, "text": "$AAPL ..", "time": 1643000616.0, "sentiment": "Bullish"}, {"id": 429542364, "text": "$AAPL popping this week?", "time": 1643000450.0, "sentiment": ""}, {"id": 429542113, "text": "$SPY $AAPL $TSLA been busy focusing trading on my own and my group.... I&#39;ll start coaching more next week.... DM me if you wanna learn how to daytrade options... This market is a dream for traders with huge range and swings", "time": 1643000353.0, "sentiment": ""}, {"id": 429541368, "text": "$AAPL futures are about to be up huge!!!!!", "time": 1643000035.0, "sentiment": "Bullish"}, {"id": 429540460, "text": "$AAPL https://9to5mac.com/2022/01/23/gurman-apple-preparing-to-launch-its-widest-array-of-new-products-ever-this-fall/", "time": 1642999612.0, "sentiment": ""}, {"id": 429539553, "text": "$AAPL  \ud83c\udf4f \u2757\ufe0fAlert:  Bloomberg\u2019s \u201cNote\u201d out Today:  Folks, the Hon Hai \u201cRecord Breaking Assembly Forecasts for Q1 2022\u201d, would translate into Record Breaking #s for Apples Qtr ending March 31 2022.  This \u201cPreview, is a Window into AAPL\u2019s Guidance for the next Qtr\u201d\u2026ahead, of Thurs\u2019s Earnings Report.  Interestingly, this \u201cDebby Wu\u201d Note, is much different from her usually \u201cnegative channel check reporting\u201d.  This Note is not based \u201con unnamed sources\u201d\u2026rather, this relates to \u201cCompany Announcement made to employees Today\u201d.", "time": 1642999151.0, "sentiment": "Bullish"}, {"id": 429537683, "text": "$AAPL when does futures open?", "time": 1642998277.0, "sentiment": ""}, {"id": 429537192, "text": "$Z Merger with $AAPL ?", "time": 1642998032.0, "sentiment": ""}, {"id": 429536665, "text": "$MSFT $AAPL $TSLA  I hope you are right!!!!!", "time": 1642997776.0, "sentiment": ""}, {"id": 429536398, "text": "$TSLA $MSFT $AAPL  \u201cSpeculative Attack\u201d on all the Tech stocks by bears from the beginning of 2022.  I expect a \u201cV\u201d shape market recovery this week hoping Tesla, Microsoft and Apple all tech companies beat market expectations and provide strong earning reports and guidance. Market will be rallying significantly then undoubtedly.", "time": 1642997645.0, "sentiment": "Bullish"}, {"id": 429535821, "text": "$SPY $BRK.A $BRK.B $AAPL At times like this when you don\u2019t know what to do it\u2019s a good idea to take a look at the Buffett Indicator:", "time": 1642997329.0, "sentiment": ""}, {"id": 429535634, "text": "$AAPL $MSFT $TSLA $AMZN $NFLX \n\nJust like the generals of the NFL are getting knocked off one at time (Brady, Rodgers, probably Mahomes) the generals of this stock market are also in the start of getting KO\u2019D.  Hold tight longs, sell off hasn\u2019t even begun.", "time": 1642997247.0, "sentiment": "Bearish"}, {"id": 429535224, "text": "$SPY what is amazing is seeing what happens now that the fed is not buying \ud83d\ude33 kind of scary. They can only pump so much. $QQQ $AAPL $TSLA $AMD", "time": 1642997054.0, "sentiment": ""}, {"id": 429533489, "text": "$AAPL    \ud83c\udf4f\u2757\ufe0fAlert:  Apple Assembler Hon Hai, forecasts \u201cHistoric Q1 2022 Apple Sales\u201d:", "time": 1642996216.0, "sentiment": ""}, {"id": 429532332, "text": "$SPY $QQQ $AAPL $MSFT Lot of fear in the markets right now.", "time": 1642995671.0, "sentiment": "Bullish"}, {"id": 429531564, "text": "$MSFT $AAPL  does $AAPL ever move up or down a lot after earnings?", "time": 1642995328.0, "sentiment": ""}, {"id": 429531560, "text": "Buy targets for this\n\n$TSLA   $852.50\n$MSFT $276\n$AAPL $146 \n$AMZN  $2545\n\nAny of these hit and I\u2019ll be a happy man \ud83e\udd1e", "time": 1642995327.0, "sentiment": "Bullish"}, {"id": 429531374, "text": "Apple $AAPL Supplier Expects Incredible Q1 2022 Sales: What might be a bullish signal for\u2026 http://dlvr.it/SHgDjq", "time": 1642995244.0, "sentiment": ""}, {"id": 429530883, "text": "Price predictions if earnings/expectations aren\u2019t good? $AAPL 149 $AMZN 2450 $TSLA 700 thoughts?", "time": 1642995009.0, "sentiment": ""}, {"id": 429530250, "text": "$SPY Ukraine, the Fed and earnings will set the tone in next week.  \n\n$PSFE Foley will continue to buy more and continue to lower his cost basis. Then in time maybe late in the year, he will sell it to a more successful Fintech a bank or call his buds at Blackstone at buy it outright soon, and take it public at $9B in a few years. Rinse and repeat.  Buy low from retail sell high to retail.\n\nThis is going to be a crazy week.  What are you looking at?\n\n$SOFI Chamath is convinced the world is ending and he probably sells any pop.  Unfortunately they own way too much and SoFi price remains at his mercy.  Maybe when he announces that he is all out, it will have a move towards $20.\n\n$AAPL $MSFT are expensive safe havens.  It was not long when Apple traded under $140 &amp; Microsoft at $280. Compared to their growth these two are expensive.  The question is will investors place higher value on safe havens? Yes but best to wait for the October prices.", "time": 1642994706.0, "sentiment": ""}, {"id": 429530239, "text": "Latest: \u201cStage Analysis Newsletter\u201d  \n \n\u25aa\ufe0f Focus on upcoming earnings this week: $TSLA $AAPL, $MSFT, $BA  \n \n#stocks #trading #investing #money  \n \nhttps://www.getrevue.co/profile/stageanalysis/archive/1002875", "time": 1642994702.0, "sentiment": ""}, {"id": 429529394, "text": "$AAPL I hate to say this but Is buying a few puts before earnings the move\u2026??? \ud83d\ude35\u200d\ud83d\udcab", "time": 1642994314.0, "sentiment": ""}, {"id": 429529229, "text": "$LC this is my big play for the week. I have submitted DD, game plans and snips of this weeks articles. If you aren\u2019t listening, I don\u2019t know what to tell you.. my Oct alerts made over 600% on calls and $8-15 on shares depending when you entered. Don\u2019t miss this one again. \n\n- $SOFI this discount is amazing. The thousands that follow me know I play both sides of the game, this is an amazing grab IMO. Building my teams base around this $13, but always watching closely. Banking news is huge!!!\n\n- $LCID this is going to see the $27.02 gap fill. Markets in shambles. Don\u2019t get me wrong, those rides are sweet and all...\n\n- $AAPL looking for a $147 test. ER is coming but I believe we see more selling on the big dogs until Powell speaks. Even then, if there\u2019s a second miss on ER, ouch..", "time": 1642994246.0, "sentiment": ""}]