[{"id": 429581984, "text": "$SPY Apple is going to announce it is buying the Ukraine. Take that Putin!! $AAPL", "time": 1643017376.0, "sentiment": ""}, {"id": 429581496, "text": "$AAPL 165 or 167 $SPY  #WhosKnow???", "time": 1643017133.0, "sentiment": "Bullish"}, {"id": 429581309, "text": "$SPY all the Bulls back in. Once it gaps up and starts to fade the retail Bulls will shit there pants! I do think it fades a lil than all the Warren Buffets with big balls will load up on there favorite tech stocks.  $AAPL $TSLA $NVDA $MSFT", "time": 1643017031.0, "sentiment": ""}, {"id": 429581229, "text": "iPhone Assembler Hon Hai Expects \u2018Unprecedented\u2019 First Quarter $AAPL https://finance.yahoo.com/news/iphone-assembler-hon-hai-expects-020239386.html", "time": 1643016995.0, "sentiment": ""}, {"id": 429580880, "text": "$AAPL", "time": 1643016821.0, "sentiment": "Bullish"}, {"id": 429579668, "text": "$AAPL Nothing is inevitable unless you would be rich &amp; not posting on here", "time": 1643016210.0, "sentiment": ""}, {"id": 429579170, "text": "$MSFT $SPY $AAPL $AMZN $TSLA\n\ud83d\udc47 Not good enough for current high PE: 33\nBig tech crash is envitable. \n\nMicrosoft (MSFT) is expected to release Q2 fiscal 2022 earnings on 01/25/2022 after the bell. Consensus earnings-per-share (EPS) is $2.32, \ud83d\udc49 slightly ahead of normalized Q1 FY22 actual earnings of $2.27. Q1 FY22 earnings beat estimates by $0.19 per share. \n\nhttps://www.google.com/amp/s/seekingalpha.com/amp/article/4480146-microsoft-stock-buy-sell-upcoming-earnings", "time": 1643015962.0, "sentiment": "Bearish"}, {"id": 429578874, "text": "Weekly watchlist part 2 \ud83d\udea8 \n\nThis week there will be a ton of volatility IMO with Fed talking on Wednesday plus some big earnings coming ass well. Some to watch:\n\n $TSLA  1/26 AH\n$AAPL $V  1/27 AH $MA PM \n$MSFT  1/25 AH\n\nThis earning could present great trading setups with the volatility or great dip buying opportunities on good companies.", "time": 1643015829.0, "sentiment": ""}, {"id": 429578225, "text": "$MSFT $AAPL $TSLA ER can take the market down, if guidance is not impressive!!! Any pops here could be short lived, so I only will trade them!!! No swings till few more days/weeks", "time": 1643015550.0, "sentiment": ""}, {"id": 429578197, "text": "$AAPL Twit from Horace Dediu\n https://twitter.com/asymco/status/1485360326770053126?s=21", "time": 1643015535.0, "sentiment": ""}, {"id": 429578141, "text": "$GOOGL $GOOG $MSFT $AAPL $AMZN \nPhony news", "time": 1643015511.0, "sentiment": ""}, {"id": 429577367, "text": "$QQQ $SPY $AAPL $AMD  I bet the Kansas City Chiefs fans aren&#39;t complaining about the overtime Rule now like they did in 2018.", "time": 1643015173.0, "sentiment": ""}, {"id": 429577313, "text": "Warehouse workers have for years worried about automation and robots taking their jobs. And with the Covid-19 pandemic, a number of factories across the country have increased their reliance on technology, a trend that&#39;s likely to benefit tech-solutions providers like Honeywell ($HON). \n \nLarge companies, such as Nike ($NKE), Nestl\u00e9 and Apple ($AAPL) have all publicly talked about the need to make manufacturing more efficient, aided in part by automation and robots. In a September interview with the Financial Times, Thomas Evans, robotics chief technology officer for Honeywell, said there was an &quot;upward trend&quot; throughout 2021, one that is likely to continue for &quot;the years beyond.&quot; In the past year, Honeywell (HON) has boosted its warehouse automation revenue 14% to $2 billion. \n \n \nhttps://seekingalpha.com/news/3790347-honeywell-could-benefit-as-warehouses-increase-use-of-robots-automation \n \n$BGRY", "time": 1643015153.0, "sentiment": ""}, {"id": 429577198, "text": "$AAPL AAPL 2022-01-23 Technical Analysis Video: \nhttps://www.youtube.com/watch?v=QK15Qj1d974", "time": 1643015105.0, "sentiment": ""}, {"id": 429576803, "text": "$SPY $QQQ&#39;s  $AAPL  $VXX \n \nCongrats to the KC Clan!!!!  WooHoooooo \n \nNext week&#39;s game will be another wild one as these guys have so much energy and passion. \n \nTake those qualities and enjoy a wonderful week in the pits! \n \n$$$$$$$$$$$$$$$$$$$$$$  Bullish lean on the bounce transition!!!", "time": 1643014943.0, "sentiment": "Bullish"}, {"id": 429575692, "text": "$WIMI Metaverse makes future $AAPL", "time": 1643014386.0, "sentiment": ""}, {"id": 429575584, "text": "$NFLX $SPY $MSFT $AAPL $TSLA  waiting for morning like", "time": 1643014327.0, "sentiment": "Bullish"}, {"id": 429575416, "text": "$AAPL Strong Rating\u2026", "time": 1643014241.0, "sentiment": ""}, {"id": 429575286, "text": "$AAPL margin call Monday", "time": 1643014187.0, "sentiment": "Bearish"}, {"id": 429575124, "text": "$AAPL Analyst $200+", "time": 1643014115.0, "sentiment": ""}, {"id": 429574991, "text": "@Stock__Twists @AllJackedUp @ShantP21 @Oliwood @Jamz83 @Rucer517 @M_89 @Uncle_Covid @denseanddumb @grifmaster  \n \nNews Thread here.  Lot of stuff on Oil, LNG, natty gas there.  I was hoping  to see oil dip more before getting more $NRGU but it might not happen.  Energy is going to be a strong area with all the geopolitics.  Nord Stream II + Ukraine. \n \nBut a headwind is still going to be how this global economy does.  Aggressive hawkish #Fed, more crap Earnings ($AAPL $MSFT, $V, $MA), #COVID zero-tolerance in #China over #LunarNewYears/#WinterOlympics are gonna hit everything badly. \n \nhttps://stocktwits.com/TraderLeibniz/message/429514259", "time": 1643014051.0, "sentiment": ""}, {"id": 429574356, "text": "$AAPL bought a ton of $MSFT and $AAPL on Friday! I think we be bullish this week", "time": 1643013706.0, "sentiment": "Bullish"}, {"id": 429573661, "text": "$AAPL who\u2019s buying puts for earnings?", "time": 1643013321.0, "sentiment": "Bearish"}, {"id": 429571086, "text": "$AAPL I had three people sign up and they gave me a free share of this during their promo. Was pretty cool. https://a.webull.com/eSWa1pfSydwsTdayvy", "time": 1643012117.0, "sentiment": ""}, {"id": 429571080, "text": "$AAPL 200d MA", "time": 1643012116.0, "sentiment": ""}, {"id": 429570787, "text": "@Big_Bubba69 @ObservingFinance Thats funny that you said that, I was going to do that lol also $IBM as well. Def shorting those stocks before I go all in on $AAPL  puts.", "time": 1643012003.0, "sentiment": "Bearish"}, {"id": 429570781, "text": "$SPY I&#39;m going to talk like a bull.\n\nEveryone thinks it&#39;s going up tomorrow, futures too.\nStraight down by session open\nBRIGHT GREEN TO BRIGHT RED \n$QQQ $AAPL $SPXL", "time": 1643011998.0, "sentiment": ""}, {"id": 429570650, "text": "$LCID Look at year chart Now it&#39;s time to rebound otherwise we will be down to 12800, Which I don&#39;t think so. \ud83d\ude80\ud83d\ude80\ud83d\ude80 $TSLA, $NVDA, $AMD, $AAPL. For tech group we only need stare at this index.  Automation trading sys would follow it.", "time": 1643011941.0, "sentiment": "Bullish"}, {"id": 429570593, "text": "$AAPL has a good Piotroski-F score of 7.00. This indicates a good health and profitability. https://www.chartmill.com/stock/analyzer/stock/AAPL?view=fundamental-analysis&amp;key=bb853040-a4ac-41c6-b549-d218d2f21b32&amp;utm_source=stocktwits&amp;utm_medium=FA&amp;utm_content=AAPL&amp;utm_campaign=social_tracking", "time": 1643011920.0, "sentiment": ""}, {"id": 429569936, "text": "$AAPL  \ud83c\udf7e\ud83d\udc83\ud83c\udffb\n\nhttps://youtu.be/QuyzLYEkG7U", "time": 1643011648.0, "sentiment": "Bullish"}]