[{"id": 429569724, "text": "$AAPL AAPL 2022-01-23 Largest Trades Data: \nhttps://www.youtube.com/watch?v=D7XfYhryv1I", "time": 1643011567.0, "sentiment": ""}, {"id": 429569039, "text": "$AAPL good week run up ahead \ud83c\udf4f\u2705\u2705", "time": 1643011262.0, "sentiment": "Bullish"}, {"id": 429568394, "text": "$AAPL made in China. Seems risky. \ud83d\ude33\ud83e\udd23\u2620\ufe0f \n https://www.reddit.com/r/Epic_Economics/comments/sba6u4/war_risks_asia_shares_crypto_plunge_us_futures/?utm_source=share&amp;utm_medium=ios_app&amp;utm_name=iossmf", "time": 1643010987.0, "sentiment": "Bearish"}, {"id": 429568180, "text": "$SPY $UVXY $MSFT $TSLA $AAPL \nMonday is to close the calls $SPY calls and buy puts.", "time": 1643010895.0, "sentiment": ""}, {"id": 429567954, "text": "$AAPL APPLE", "time": 1643010805.0, "sentiment": ""}, {"id": 429567900, "text": "$AAPL hoot hoot shorts no more ground support. $183.00.", "time": 1643010776.0, "sentiment": "Bullish"}, {"id": 429567868, "text": "$AAPL When is earnings?", "time": 1643010760.0, "sentiment": ""}, {"id": 429567651, "text": "Earnings\n\nTSLA $AAPL $MSFT $BA $INTC", "time": 1643010664.0, "sentiment": "Bullish"}, {"id": 429567564, "text": "https://youtube.com/watch?v=icI4CXutZzY&amp;feature=share\nNo squid this quarter no more $nflx see if other big tech can help this er season out $aapl $fb $msft", "time": 1643010631.0, "sentiment": ""}, {"id": 429567434, "text": "$SPY $AAPL  inside thick cloud support.. bulls will likely ride it up at the ichimoku cloud top the whole way..  slow grind stock..", "time": 1643010576.0, "sentiment": ""}, {"id": 429567204, "text": "Watchlist now out for 1000s of our members and followers. SEE MY BIO for analysis and info. LETS CRUSH IT THIS WEEK! Last week was wild: \n$AMZN puts ran 3000%+\n$SHOP puts ran 2500%+\n$TSLA puts ran 500%\n$AAPL $COIN on watch this week!", "time": 1643010481.0, "sentiment": ""}, {"id": 429566933, "text": "$AAPL - I&#39;m wondering if Russia&#39;s invasion of Ukrane this week will be transitory or not...", "time": 1643010363.0, "sentiment": "Bearish"}, {"id": 429566214, "text": "$RIDE if not $AMZN and $AAPL which are like savings account with 25% return.. retailers would have lost everything..", "time": 1643010079.0, "sentiment": "Bullish"}, {"id": 429566208, "text": "$GS GS didn\u2019t miss earnings they had $60 in earnings in the past year !  $AAPL or $AMZN would die for earnings like that!  Most undervalued USA company !", "time": 1643010072.0, "sentiment": "Bullish"}, {"id": 429565201, "text": "$LCID Nasdaq 100 future keeps up. It\u2019s good for whole tech group. $TSLA, $NVDA, $LCID, $AAPL, $AMD..\ud83d\ude4f\ud83d\ude4f\ud83d\ude4f\ud83d\ude4f If it can jump 400 points we can say the market officially rebound. \ud83d\udcc8\ud83d\udcc8\ud83d\udc48", "time": 1643009649.0, "sentiment": "Bullish"}, {"id": 429564527, "text": "$AAPL $TSLA $RELI $ISIG  Amazing you&#39;re putting RELI into the same league as Apple, Tesla, etc. Unreal Protrader, you must haven&#39;t done any DD on RELI from 2019 to present!", "time": 1643009378.0, "sentiment": ""}, {"id": 429563977, "text": "$AAPL $170 by Wednesday", "time": 1643009135.0, "sentiment": "Bullish"}, {"id": 429563887, "text": "This pullback pushed me to reallocate my positions for 2022. I am firm on $MSFT $AAPL and $O Let&#39;s go!", "time": 1643009092.0, "sentiment": "Bullish"}, {"id": 429563731, "text": "$AAPL", "time": 1643009016.0, "sentiment": "Bullish"}, {"id": 429563555, "text": "$QQQ  the Sunday Night Analysis is critical! \n \nThis piggy has been severely beaten and last Friday it provided a massive amount of forced selling which was a plus for us.  There were some insane option buys on Thursday and Friday that need to unwind next week. Insane $$$ being leveraged prior to the decline. \n \n$362.50 is on radar as many $$ mgrs bid up those precious tech stocks that landed in one massive Buy zone while others were leaping for the open windows in search of relief. \n \nRelief is better than EXLAX! \n \nEnjoy the bounce!  $$$$$$ \n \n$VXX  $AAPL   ++++ \n \nBIO Sector on radar too. The Abyss needs to be shallow now just for a bit.  GREEN shoots. \n \nBullish lean next week.", "time": 1643008933.0, "sentiment": "Bullish"}, {"id": 429563288, "text": "$AAPL I rather put my money in apple then a bank account the question is how low $142 or we going under $100 Plunge Protection Team will save Apple stock before it goes to zero #1929", "time": 1643008817.0, "sentiment": "Bullish"}, {"id": 429562910, "text": "$AAPL it&#39;s going to be a \ud83d\udc3b trap.", "time": 1643008665.0, "sentiment": "Bullish"}, {"id": 429562830, "text": "$AAPL trade levels! \nBelow $162.40 im targeting $156 area next\nAbove $164, we might rebound some to $169.\nOverall we are in a down trend continuing! \nhttps://share.trendspider.com/chart/AAPL/11367s00csx", "time": 1643008632.0, "sentiment": ""}, {"id": 429562427, "text": "$AAPL Nas + 475 tomorrow any bets?", "time": 1643008466.0, "sentiment": ""}, {"id": 429562048, "text": "$AAPL \n\nHey fellas, check out these 5 stocks targets for this week along with market analysis. Apple being one of them!\n\nhttps://youtu.be/3NrJZCUlQ-Q", "time": 1643008306.0, "sentiment": ""}, {"id": 429561828, "text": "$SPY so... If markets surge tomorrow... Those butt hurt Trump supporters are going to get on their knees and relive Joe? \ud83d\udca6\ud83d\udca6 I mean... If markets tank because of him, if they rise You guys have to return the favor right? \ud83e\udd14\n$DWAC $TSLA $AAPL $AMZN", "time": 1643008216.0, "sentiment": ""}, {"id": 429561322, "text": "$AAPL \n\ud83c\udf4f\nTOMORROW NASDAQ 500 POINTS. \n=+5.84%", "time": 1643008007.0, "sentiment": "Bullish"}, {"id": 429560820, "text": "$HMBL  $AMZN \n$TSLA $SQ $AAPL \n\nPART 2\nI just compared the SUPER BOWL tickets with Ticketmaster. If you want to save BIG $$$ then buy tickets with HUMBL.", "time": 1643007777.0, "sentiment": "Bullish"}, {"id": 429560731, "text": "$HMBL $AMZN \n$TSLA $SQ $AAPL \n\nPART 1\nI just compared the SUPER BOWL tickets with Ticketmaster. If you want to save BIG $$$ then buy tickets with HUMBL.", "time": 1643007744.0, "sentiment": "Bullish"}, {"id": 429560305, "text": "\u2b50\ufe0f Freedom Stocks Watchlist For Tomorrow Pt.2 \u2b50\ufe0f \n\n$NFLX\n$SHOP\n$AAPL\n$MSFT\n$GOOG", "time": 1643007560.0, "sentiment": "Bullish"}]