[{"id": 429558999, "text": "$AAPL We are the coolest...  \nhttps://www.cnbc.com/2022/01/23/look-inside-these-cool-new-apple-stores-in-rome-istanbul-los-angeles.html", "time": 1643006987.0, "sentiment": "Bullish"}, {"id": 429558674, "text": "$tsla $spy $aapl $spx $djia futures", "time": 1643006845.0, "sentiment": ""}, {"id": 429558558, "text": "$AAPL tomorrow we fly", "time": 1643006792.0, "sentiment": "Bullish"}, {"id": 429558412, "text": "$Z $200 to $50, almost time to start buying tech again!  $AAPL", "time": 1643006729.0, "sentiment": "Bullish"}, {"id": 429557797, "text": "$AAPL \nImportant!!Analysis &amp; Resume. 2021/2022\n\n\ud83c\udf4f\ud83c\udf4fREVENUE \ud83c\udf4f\ud83c\udf4fFY21\nHISTORY\n1QER21 111.44B\ud83c\udd9a103.28B=+8.16B+7.90%\n2QER21  89.58B\ud83c\udd9a77.30B=+12.28B+15.89%\n3QER21  81.40B\ud83c\udd9a 74.82B=+6.58B+8.79%\n4QER21  83.36B\ud83c\udd9a 84.85B=-1.49B -1.76%\n\u2014\u2014\u2014\u2014\u2014\u2014\u2014\u2014\u2014\u2014\u2014\u2014\u2014\u2014\u2014\u2014\u2014\nTOTAL365.78B  \ud83c\udd9a340.25B=+25.53B+7.50%\n============================\n\ud83c\udf4f\ud83c\udf4fEPS BEATS\ud83c\udf4f\ud83c\udf4fFY21\nHISTORY\n1QER21    $1.68\ud83c\udd9a $1.41= +$0.27 +19.15%\n2QER21    $1.40\ud83c\udd9a  $0.99=+$0.41+41.41%\n3QER21    $1.30\ud83c\udd9a  $1.01= +$0.29+28.71%\n4QER21    $1.24\ud83c\udd9a  $1.24=  $0 % +0%\n\u2014\u2014\u2014\u2014\u2014\u2014\u2014\u2014\u2014\u2014\u2014\u2014\u2014\u2014\u2014\u2014\u2014\u2014\nTOTAL    $5.62 \ud83c\udd9a  $4.65=+$0.97+20.86% \ud83d\udd1d \n=============================\nAPPLE12/31PRICE$130X36.55%=$177.52 Closed \n+$47.52 YP. (YEAR PROFIT)Per Share\n============================\n\ud83c\udf4fEPS BEATS\ud83c\udf4f\ud83c\udf4fFY22\n(ESTIMATE)\n1QER21 $121.47\ud83c\udd9a118.20B=+3.27B+2.77%\n1QER21     $2.10 \ud83c\udd9a  +1.88=+$0.22 +11.70%\n=============================\nAPPLE12/31/21$177.52X42%=\n$252.08 12/31/22 Closed. \n+$74.56 YP. (YEAR PROFIT)Per Share\n==============================\nMinimum$243.23 MC3.990B\n======================", "time": 1643006466.0, "sentiment": "Bullish"}, {"id": 429557724, "text": "$AAPL $TSM https://news.cgtn.com/news/2022-01-23/Hon-Hai-expects-unprecedented-Q1-for-soaring-iPhone-sales-173WoTFWik0/index.html", "time": 1643006440.0, "sentiment": "Bullish"}, {"id": 429557066, "text": "$TSLA $AAPL amidst the U.S. ordering its diplomats and their families in Ukraine to evacuate, brace for what may become a highly volatile week in the markets.", "time": 1643006143.0, "sentiment": ""}, {"id": 429557058, "text": "$SPY $TSLA $AAPL ER", "time": 1643006139.0, "sentiment": "Bullish"}, {"id": 429556526, "text": "$AAPL AAPL 2022-01-23 Technical Analysis Video: \nhttps://www.youtube.com/watch?v=QK15Qj1d974", "time": 1643005925.0, "sentiment": ""}, {"id": 429556274, "text": "$AAPL if you were short on Friday, you deserve loss and squeeze in the wake of ER. $183.00", "time": 1643005827.0, "sentiment": "Bullish"}, {"id": 429556122, "text": "$AAPL when it\u2019s green bears say bull trap. Yes bull trap trap you to squeeze to $183.00.", "time": 1643005764.0, "sentiment": "Bullish"}, {"id": 429555526, "text": "$AAPL      \ud83c\udf4f Here\u2019s a big \u201cHint\u201dabout Guidance for the March Qtr!  Hon Hai, never shares \u201cpublicly\u201d, about Apple\u2026but today, the Company was speaking to their Employees\u2026and the News was so important, it \u201cwent public\u201d!", "time": 1643005529.0, "sentiment": ""}, {"id": 429555379, "text": "$AAPL 166.... tomorrow thanks for coming", "time": 1643005463.0, "sentiment": "Bullish"}, {"id": 429555308, "text": "$AAPL", "time": 1643005438.0, "sentiment": ""}, {"id": 429555298, "text": "$AAPL \n\ud83c\udf4f\nhttps://stocktwits.com/Melbenross/message/429494645", "time": 1643005433.0, "sentiment": "Bullish"}, {"id": 429555042, "text": "$AAPL I don&#39;t trust green futures anymore", "time": 1643005334.0, "sentiment": ""}, {"id": 429555029, "text": "$AAPL if you short apple your a PAB", "time": 1643005329.0, "sentiment": ""}, {"id": 429554296, "text": "@TheGreenBar @HodlGang31 @stockydave22 $AAPL  is only a 3 Trillion company", "time": 1643005026.0, "sentiment": ""}, {"id": 429554158, "text": "$AAPL Bull Trap", "time": 1643004964.0, "sentiment": "Bearish"}, {"id": 429553855, "text": "$RBLX $aapl $snap $TWTR  \nFutes green so far but it can flip tomorrow morning... \n \nhopefully continues till tomorrow...  \n \nTECH stock been down like Crazy!! it need to rebound!!!", "time": 1643004826.0, "sentiment": "Bullish"}, {"id": 429553445, "text": "$AAPL is one of the better performing stocks in the Technology Hardware, Storage &amp; Peripherals industry. https://www.chartmill.com/stock/analyzer/stock/AAPL?key=bb853040-a4ac-41c6-b549-d218d2f21b32&amp;utm_source=stocktwits&amp;utm_medium=TA&amp;utm_content=AAPL&amp;utm_campaign=social_tracking", "time": 1643004660.0, "sentiment": ""}, {"id": 429552994, "text": "On $AAPL", "time": 1643004479.0, "sentiment": ""}, {"id": 429552907, "text": "$AAPL Sunday is the golden clasp that binds together the volume of the week.\u201d\nif you love yourself invest in Pre-IPos.  I am placing a link for who I always use.Send them a message they are a good group.\nInvestors.be4ipo.net", "time": 1643004443.0, "sentiment": "Bullish"}, {"id": 429552743, "text": "$SPY DON&#39;T FIGHT THE FED, bulls :)  $QQQ $AAPL", "time": 1643004376.0, "sentiment": ""}, {"id": 429552382, "text": "$HIMX $GOOG $googl $AAPL $AMZN Well it\u2019s early, but futures are green", "time": 1643004246.0, "sentiment": "Bullish"}, {"id": 429550203, "text": "$TSLA $AAPL \n\nApple Car Project Loses Another Key Executive: Analyst Says 2022 &#39;Make-Or-Break&#39; Year For EV Ambitions !!\n\n\ud83d\ude4f\ud83c\udffb\ud83d\udc09\ud83e\udd85\n\nhttps://www.benzinga.com/node/25176612", "time": 1643003369.0, "sentiment": "Bullish"}, {"id": 429549834, "text": "Here\u2019s the watchlist for the week and some er plays which i am gonna play.. \n\n$aapl and $tsla will play ER \n$isig and $reli stock plays for week \n\nLynk lynk in bayo for the channel", "time": 1643003219.0, "sentiment": ""}, {"id": 429548710, "text": "$AAPL very", "time": 1643002795.0, "sentiment": "Bullish"}, {"id": 429548253, "text": "Bullish portfolio proposal: Apple( $AAPL ),\u2026 https://www.macroaxis.com/invest/stock-volatility?s=AAPL,PHM,AIZ,CF,MKC,CI,STBA #insidertrading #stocks #fintechnews", "time": 1643002622.0, "sentiment": ""}, {"id": 429548243, "text": "$DAVE Dumping all my $AAPL stock to go long Dave.", "time": 1643002618.0, "sentiment": ""}]