[{"id": 429699754, "text": "$AAPL Come on, please die. You got at least 40% more to drop since you caused this crash in the first place by sucking all liquidity out of the markets.", "time": 1643058313.0, "sentiment": "Bearish"}, {"id": 429699702, "text": "$AAPL  Going to see a long strong Elliott b wave here shortly. Abandoned baby bullish pattern beginning. Inverted hammer today, hammer tomorrow, magic combo. And now there is a gap down to fill. Lovely.", "time": 1643058308.0, "sentiment": "Bullish"}, {"id": 429699419, "text": "Upcoming week catalysts that will keep market on edge:  \n \nTuesday: Federal Reserve\u2019s meeting  \nWednesday: Fed Day \nThursday: 4th Qtr GDP \n \nPlus Big Earnings from $TSLA $MSFT $AAPL  \n \n#HEADSUP", "time": 1643058284.0, "sentiment": ""}, {"id": 429699327, "text": "$AAPL they will throw pump fakes to get you to buy then flush.  Tons of put option flow.  Wait to buy", "time": 1643058276.0, "sentiment": "Bearish"}, {"id": 429699268, "text": "$AAPL best day in my life love watching the red \ud83c\udf52", "time": 1643058271.0, "sentiment": "Bearish"}, {"id": 429698349, "text": "$AAPL REPEAT ACTION  \ud83e\uddf1 \n \n*earnings 1/27 after close*", "time": 1643058193.0, "sentiment": "Bullish"}, {"id": 429698194, "text": "$AAPL when do you think the reversal will happen? Seems like we\u2019re dipping faster than a climax", "time": 1643058181.0, "sentiment": ""}, {"id": 429697893, "text": "$TSLA $AMD $NVDA  $AAPL  RSI now under 25 on SP500 .Last time it was at march 2020. So we are close to rebound.At least hope so.Otherwise this can still go lower and make another shyt.", "time": 1643058154.0, "sentiment": "Bullish"}, {"id": 429697761, "text": "$AAPL $DIS Loaded up on DIS and AAPL today", "time": 1643058145.0, "sentiment": "Bullish"}, {"id": 429697198, "text": "$AAPL   Needs to hit that 61.8 level &amp; then we rally. All momentum indicators are bottoming. Beautiful.", "time": 1643058097.0, "sentiment": "Bullish"}, {"id": 429696833, "text": "$AAPL lets go for billionaire status", "time": 1643058066.0, "sentiment": ""}, {"id": 429695992, "text": "$TSLA run up into Earning tmr $SPY $AAPL $IBM $BAC  imo", "time": 1643058003.0, "sentiment": ""}, {"id": 429695557, "text": "$SPY market crash... and the nbc suckers are laughing.... what do you get out of this??!! $NVDA $AMD $AAPL", "time": 1643057965.0, "sentiment": ""}, {"id": 429694556, "text": "$AAPL 158 in some time", "time": 1643057881.0, "sentiment": ""}, {"id": 429693795, "text": "$SPY So many people hate Open&#39;s like this but they really are helpful, nasty, ugly, scary &amp; they take out so much weakness so fast. \n \nIts like a sale for those who have the stomach for it &amp; understand Market psychology  \n \n$baba $bb $amzn $aapl", "time": 1643057820.0, "sentiment": ""}, {"id": 429693661, "text": "$AAPL 28-Jan-22 155 Puts Traded 5,000 Times for $1.3 Million in Premium. https://tinyurl.com/y6s36xj8", "time": 1643057810.0, "sentiment": ""}, {"id": 429693009, "text": "$AAPL darn more blood oh well .. time to see where the bottom is .. since we not at bottom", "time": 1643057760.0, "sentiment": ""}, {"id": 429692501, "text": "$SPY $TSLA $AAPL THE ECONOMY IS FINE.. said JPOWELL... YEAH SURE! ITS NEVER BEEN MORE FINE THAN THAT!!!!!!!!!!!!!!!\ud83d\ude02\ud83d\ude02\ud83d\ude02\ud83d\ude02\ud83d\ude02\ud83d\ude02\ud83d\ude02\ud83d\udc4e\ud83d\udc4e\ud83d\udc4e\ud83d\udc4e\ud83d\udc4e\ud83d\udc4e\ud83d\udd95\ud83d\udd95\ud83d\udd95\ud83d\udd95\ud83d\udd95\ud83d\udd95\ud83d\udd95\ud83d\udd95\ud83d\udd95\ud83d\udd95\ud83d\udd95\ud83d\udd95\ud83d\udd95", "time": 1643057719.0, "sentiment": "Bearish"}, {"id": 429691868, "text": "$spy $qqq $tsla $aapl $msft.  Very simple Powell will not hike rates if Ukraine war is on horizon \ud83d\ude80\ud83d\ude80", "time": 1643057668.0, "sentiment": "Bullish"}, {"id": 429691786, "text": "$AAPL Let&#39;s see it..\ud83d\udc40", "time": 1643057661.0, "sentiment": "Bullish"}, {"id": 429691782, "text": "$PTON it\u2019s silly that people think $AAPL will buy this. Lol. Not happening. Not now and never.", "time": 1643057660.0, "sentiment": "Bearish"}, {"id": 429691676, "text": "$AAPL reversal will be ferocious", "time": 1643057651.0, "sentiment": "Bullish"}, {"id": 429691600, "text": "$AAPL trying to fight the pull down  $SPY", "time": 1643057646.0, "sentiment": "Bullish"}, {"id": 429690446, "text": "$AAPL u bears haven\u2019t been reading \ud83c\udf4f\u2019s announcements closely", "time": 1643057549.0, "sentiment": "Bullish"}, {"id": 429690080, "text": "$AAPL will we see $155 today?", "time": 1643057516.0, "sentiment": ""}, {"id": 429689972, "text": "01/14/22 Daily #ScanResults \n \nBearish #ActSeq \ud83d\udcc9: \n \nFresh bearish active sequences (price closed below the daily 8/21EMAs with a cross of the 8 under the 21). \n \nETFs: $DIA $XLU $GDX  \n \nStocks: $AAPL $TSLA", "time": 1643057506.0, "sentiment": "Bearish"}, {"id": 429688709, "text": "$AAPL alerted AAPL calls", "time": 1643057404.0, "sentiment": "Bullish"}, {"id": 429688619, "text": "With this ongoing action, I don\u2019t think $MSFT $AAPL will save market, they can see 5% min drop from here", "time": 1643057398.0, "sentiment": ""}, {"id": 429688453, "text": "$AAPL Never depend on a single income, make an investment to create a second source.\nCome on hold and Go! Also another great opportunity are Pre-IPO&#39;s. Please look into it.\nFOR ACCESS TO PRE-IPO&#39;s  click &amp; send them a message.  Ask questions. \nInvestors.be4ipo.net", "time": 1643057385.0, "sentiment": ""}, {"id": 429688283, "text": "$AAPL Whats the next support if 159 breaks?", "time": 1643057371.0, "sentiment": "Bullish"}]