[{"id": 429676035, "text": "$Spy $qqq CNBC says $msft $aapl Earnings  this week would bring good news to tech sector. Let\u2019s hope", "time": 1643056246.0, "sentiment": ""}, {"id": 429675884, "text": "$AAPL &#39;You are here&#39; - 200MA next up", "time": 1643056227.0, "sentiment": ""}, {"id": 429675617, "text": "$AAPL Only a 79 yr old Biden could bring US into a conflict with Russia...amazing", "time": 1643056201.0, "sentiment": ""}, {"id": 429675481, "text": "$AAPL safe haven", "time": 1643056187.0, "sentiment": "Bullish"}, {"id": 429675291, "text": "$AAPL ya know the mms and algos are just waiting for that earnings to clap this stocks price down hard.", "time": 1643056165.0, "sentiment": ""}, {"id": 429675233, "text": "$AAPL \ud83e\uddf8better not get to greedy . Don\u2019t fuck with my apple tree. It\u2019s weathered worse storms then this. Just sitting back waiting for the drought to end . So my tree can grow some more.", "time": 1643056158.0, "sentiment": ""}, {"id": 429675136, "text": "$AAPL $FB $GOOG $AMZN $QQQ\n\nJust to be extra clear for the folks keeping score at home, this is still Donny\u2019s economy right? \n\nWhat a joke \ud83d\ude02", "time": 1643056148.0, "sentiment": ""}, {"id": 429674940, "text": "$AAPL Trash", "time": 1643056129.0, "sentiment": "Bearish"}, {"id": 429674703, "text": "$AAPL $MSFT $NVDA so much fear - reminds me of March 2020", "time": 1643056102.0, "sentiment": ""}, {"id": 429674390, "text": "$AAPL Chart of The Day 1/12/2022 update. #Apple can see further downside https://elliottwave-forecast.com/stock-market/elliott-wave-view-apple/  #Elliottwave #Trading", "time": 1643056069.0, "sentiment": ""}, {"id": 429673847, "text": "$AAPL Bring in the Plunge Protection Team ASAP\nSignature Here  X_______________\n3 Trillion Market Cap = Biggest Bag holder Event of All Time", "time": 1643056008.0, "sentiment": "Bearish"}, {"id": 429673605, "text": "$AAPL  what a day !!! AAPL 120", "time": 1643055983.0, "sentiment": "Bearish"}, {"id": 429673327, "text": "$AAPL It&#39;s the market. We will be back, earnings this week. \nGO AAPL!", "time": 1643055953.0, "sentiment": "Bullish"}, {"id": 429673231, "text": "$AAPL we&#39;re all fucked, thanks democrats", "time": 1643055943.0, "sentiment": ""}, {"id": 429673082, "text": "$AAPL only took 1 year to catch up to an incompetent president/administration. Lets see what the morons have in store today.", "time": 1643055928.0, "sentiment": ""}, {"id": 429673006, "text": "$AAPL WOW", "time": 1643055921.0, "sentiment": "Bearish"}, {"id": 429672596, "text": "$SPY So this is going to be a really nasty Open so Bulls should be smiling about that, we&#39;re getting set up for a bounce. \n \nTony Dwyers note was good this morning, he&#39;s the guy you want to follow, nothing but data w/out hyperbole or emotion \n \n$baba $aapl $bb $amzn", "time": 1643055876.0, "sentiment": ""}, {"id": 429672398, "text": "$AMZN I smell a BIG BEAR TRAP. Big RED open and will reverse and Close GREEN. Please make sure you know your levels if you are Shorting this market. Volatility could have you run for your money. Short Squeeze can be a BICTH\u2026. $2770 is a huge support for AMAZON, also $430 is the Key October support in $SPY.  Like Buffet buy the Fear and sell the Greed. Market is so Scary right now. So what do you think?  $AAPL", "time": 1643055857.0, "sentiment": "Bullish"}, {"id": 429671864, "text": "$AAPL 161-161.8 reject  \nHit the follow and join for my options entries, exits, and stops. I promise you won&#39;t be disappointed!!", "time": 1643055796.0, "sentiment": "Bearish"}, {"id": 429671490, "text": "$AAPL I agree with trump when he blamed Obama for every market downturn. Every Pres should blame the previous administration for market debacles and take credit for market rallies.", "time": 1643055750.0, "sentiment": ""}, {"id": 429670830, "text": "$AAPL don&#39;t mix good money with bad money \n \nhttps://youtu.be/jpy8661IHX0", "time": 1643055677.0, "sentiment": ""}, {"id": 429670784, "text": "$AAPL Earnings\ud83e\udd1e\ud83e\udd1e\ud83e\udd1e", "time": 1643055672.0, "sentiment": "Bullish"}, {"id": 429670754, "text": "$AAPL - Avoid buying Apple, MACD is below both signal and center lines, strong downtrend in progress..", "time": 1643055667.0, "sentiment": "Bearish"}, {"id": 429670704, "text": "$AAPL Curving my Financing, during this Build Back Booster era", "time": 1643055661.0, "sentiment": ""}, {"id": 429670528, "text": "@Squirrelsrule $DWAC $TSLA $AAPL  \n \nSELL all of your stocks for the market correction.  \n \nI have no faith in Biden - we may see a massive correction this month and or next month. Today is going to be a blood bath.  \n \nFYI I have never hit the Bearish button until today.", "time": 1643055639.0, "sentiment": "Bearish"}, {"id": 429669710, "text": "@StockConsultant $AAPL Apple stock with local support and resistance areas at 150.57, 162.26 and 172.86 , see https://stockconsultant.com/?AAPL", "time": 1643055549.0, "sentiment": ""}, {"id": 429669661, "text": "TSMC Aims To Construct Advanced Packaging Fab In Taiwan  $TSM $AAPL $AMD $NVDA $XLNX \n\nhttps://newsfilter.io/a/05f56374afd30a4009e24c6cc4033ff8", "time": 1643055543.0, "sentiment": ""}, {"id": 429669361, "text": "$VIAC Shari has got to get this sold\u2026my god we have such great content, brands\u2026these other streamers are starving. We should be able to get huge premium. $DIS $AAPL $NFLX $CMCSA somethings gotta be brewing", "time": 1643055506.0, "sentiment": ""}, {"id": 429669239, "text": "$SPY $QQQ $UVXY $AAPL $SBUX \n\n&quot;An investor\u2019s job is not to avoid the pain but to endure it.&quot;", "time": 1643055491.0, "sentiment": ""}, {"id": 429669000, "text": "$AAPL  \n \nhttps://youtu.be/jpy8661IHX0", "time": 1643055463.0, "sentiment": ""}]