[{"id": 429628464, "text": "Equity Sentiment Weekly Recap: $AAPL is the #1 stock that institutions traded this week with 375.4K options contracts.\n\nMarket analysis included in screenshot of dashboard from http://insiderfinance.io.", "time": 1643048875.0, "sentiment": ""}, {"id": 429627141, "text": "$AAPL this is what the final down days look like. Where you celebrate futures on a Sunday night n then think wtfff Monday morning.. that enough is enough.. and you\u2019re going sell! That\u2019s how I feel. I kno that\u2019s how everyone feels. Meaning..\n\nThe last wave of selling will be today", "time": 1643048498.0, "sentiment": "Bullish"}, {"id": 429626523, "text": "$MSFT $AAPL Why would a US Senator think that two of the strongest US companies would have a 40 percent drop?  Normal hedging of his investments??  40 percent???  The corruption in our market is a cancer. God Help US!", "time": 1643048294.0, "sentiment": "Bullish"}, {"id": 429626268, "text": "$NVDA $AAPL don\u2019t worry all.  Joe wants to pump another trillion in!  It\u2019s worked the last 6 months.", "time": 1643048213.0, "sentiment": ""}, {"id": 429625939, "text": "$AAPL Once the NASDAQ starts to make headway up the charts, Apple will recover the 3T status..", "time": 1643048114.0, "sentiment": "Bullish"}, {"id": 429625149, "text": "$AAPL AAPL 2022-01-23 Technical Analysis Video: \nhttps://www.youtube.com/watch?v=QK15Qj1d974", "time": 1643047865.0, "sentiment": ""}, {"id": 429624777, "text": "This Fed Meeting Is Crucial. Rate Hikes Are Just the Start.  $CME $DB $FB $AMZN $AAPL \n\nhttps://newsfilter.io/a/f4810ca52cbe89642b10803755ca2bd9", "time": 1643047741.0, "sentiment": ""}, {"id": 429624704, "text": "$AAPL unless earnings can save the day lol", "time": 1643047719.0, "sentiment": ""}, {"id": 429624674, "text": "$AAPL think we need to move back up to around 165-167 before continuing the downtrend", "time": 1643047710.0, "sentiment": ""}, {"id": 429624585, "text": "$AAPL  $TSM   News  regarding this upcoming  ER event is going to be a game changer. .", "time": 1643047674.0, "sentiment": "Bullish"}, {"id": 429623031, "text": "#Levermann #US #MegaCap #Sell WK3 $AAPL (2), $MSFT (2), $AMZN (-4), $FB (-1), $JPM (1), JNJ (2), UNH (2), WMT (-2), HD (2), BAC (0)", "time": 1643047218.0, "sentiment": "Bearish"}, {"id": 429622740, "text": "$AAPL \ud83e\ude78\ud83e\ude78\ud83e\ude78\ud83e\ude78\ud83e\ude78\ud83e\ude78\ud83e\ude78\ud83e\ude78\ud83e\ude78\ud83e\ude78\ud83e\ude78\ud83e\ude78\ud83e\ude78\ud83e\ude78\ud83e\ude78\ud83e\ude78\ud83e\ude78\ud83e\ude78\ud83e\ude78\ud83e\ude78\ud83e\ude78\ud83e\ude78\ud83e\ude78\ud83e\ude78\ud83e\ude78\ud83e\ude78\ud83e\ude78\ud83e\ude78\ud83e\ude78\ud83e\ude78\ud83e\ude78\ud83e\ude78\ud83e\ude78\ud83e\ude78\ud83e\ude78\ud83e\ude78\ud83e\ude78\ud83e\ude78\ud83e\ude78\ud83e\ude78\ud83e\ude78\ud83e\ude78\ud83e\ude78\ud83e\ude78\ud83e\ude78\ud83e\ude78\ud83e\ude78\ud83e\ude78\ud83e\ude78\ud83e\ude78\ud83e\ude78\ud83e\ude78\ud83e\ude78\ud83e\ude78\ud83e\ude78\ud83e\ude78\ud83e\ude78\ud83e\ude78\ud83e\ude78\ud83e\ude78\ud83e\ude78\ud83e\ude78\ud83e\ude78\ud83e\ude78\ud83e\ude78\ud83e\ude78\ud83e\ude78\ud83e\ude78\ud83e\ude78\ud83e\ude78\ud83e\ude78\ud83e\ude78\ud83e\ude78\ud83e\ude78\ud83e\ude78\ud83e\ude78\ud83e\ude78\ud83e\ude78\ud83e\ude78\ud83e\ude78\ud83e\ude78\ud83e\ude78\ud83e\ude78\ud83e\ude78\ud83e\ude78\ud83e\ude78\ud83e\ude78\ud83e\ude78\ud83e\ude78\ud83e\ude78\ud83e\ude78\ud83e\ude78\ud83e\ude78\ud83e\ude78\ud83e\ude78\ud83e\ude78\ud83e\ude78\ud83e\ude78\ud83e\ude78\ud83e\ude78\ud83e\ude78\ud83e\ude78\ud83e\ude78 \ud83e\ude78\ud83e\ude78\ud83e\ude78\ud83e\ude78\ud83e\ude78\ud83e\ude78\ud83e\ude78\ud83e\ude78\ud83e\ude78\ud83e\ude78\ud83e\ude78\ud83e\ude78\ud83e\ude78\ud83e\ude78\ud83e\ude78\ud83e\ude78\ud83e\ude78\ud83e\ude78\ud83e\ude78\ud83e\ude78\ud83e\ude78\ud83e\ude78\ud83e\ude78\ud83e\ude78\ud83e\ude78\ud83e\ude78\ud83e\ude78\ud83e\ude78\ud83e\ude78\ud83e\ude78\ud83e\ude78\ud83e\ude78\ud83e\ude78\ud83e\ude78\ud83e\ude78\ud83e\ude78\ud83e\ude78\ud83e\ude78\ud83e\ude78\ud83e\ude78\ud83e\ude78\ud83e\ude78\ud83e\ude78\ud83e\ude78\ud83e\ude78\ud83e\ude78\ud83e\ude78\ud83e\ude78\ud83e\ude78\ud83e\ude78\ud83e\ude78\ud83e\ude78\ud83e\ude78\ud83e\ude78\ud83e\ude78\ud83e\ude78\ud83e\ude78\ud83e\ude78\ud83e\ude78\ud83e\ude78\ud83e\ude78\ud83e\ude78\ud83e\ude78\ud83e\ude78\ud83e\ude78\ud83e\ude78\ud83e\ude78\ud83e\ude78\ud83e\ude78\ud83e\ude78\ud83e\ude78\ud83e\ude78\ud83e\ude78\ud83e\ude78\ud83e\ude78\ud83e\ude78\ud83e\ude78\ud83e\ude78\ud83e\ude78\ud83e\ude78\ud83e\ude78\ud83e\ude78\ud83e\ude78\ud83e\ude78\ud83e\ude78\ud83e\ude78\ud83e\ude78\ud83e\ude78\ud83e\ude78\ud83e\ude78\ud83e\ude78\ud83e\ude78\ud83e\ude78\ud83e\ude78\ud83e\ude78\ud83e\ude78\ud83e\ude78\ud83e\ude78\ud83e\ude78\ud83e\ude78\ud83e\ude78\ud83e\ude78\ud83e\ude78 \ud83e\ude78\ud83e\ude78\ud83e\ude78\ud83e\ude78\ud83e\ude78\ud83e\ude78\ud83e\ude78\ud83e\ude78\ud83e\ude78\ud83e\ude78\ud83e\ude78\ud83e\ude78\ud83e\ude78\ud83e\ude78\ud83e\ude78\ud83e\ude78\ud83e\ude78\ud83e\ude78\ud83e\ude78\ud83e\ude78\ud83e\ude78\ud83e\ude78\ud83e\ude78\ud83e\ude78\ud83e\ude78\ud83e\ude78\ud83e\ude78\ud83e\ude78\ud83e\ude78\ud83e\ude78\ud83e\ude78\ud83e\ude78\ud83e\ude78\ud83e\ude78\ud83e\ude78\ud83e\ude78\ud83e\ude78\ud83e\ude78\ud83e\ude78\ud83e\ude78\ud83e\ude78\ud83e\ude78\ud83e\ude78\ud83e\ude78\ud83e\ude78\ud83e\ude78\ud83e\ude78\ud83e\ude78\ud83e\ude78\ud83e\ude78\ud83e\ude78\ud83e\ude78\ud83e\ude78\ud83e\ude78\ud83e\ude78\ud83e\ude78\ud83e\ude78\ud83e\ude78\ud83e\ude78\ud83e\ude78\ud83e\ude78\ud83e\ude78\ud83e\ude78\ud83e\ude78\ud83e\ude78\ud83e\ude78\ud83e\ude78\ud83e\ude78\ud83e\ude78\ud83e\ude78\ud83e\ude78\ud83e\ude78\ud83e\ude78\ud83e\ude78\ud83e\ude78\ud83e\ude78\ud83e\ude78\ud83e\ude78\ud83e\ude78\ud83e\ude78\ud83e\ude78\ud83e\ude78\ud83e\ude78\ud83e\ude78\ud83e\ude78\ud83e\ude78\ud83e\ude78\ud83e\ude78\ud83e\ude78\ud83e\ude78\ud83e\ude78\ud83e\ude78\ud83e\ude78\ud83e\ude78\ud83e\ude78\ud83e\ude78\ud83e\ude78\ud83e\ude78\ud83e\ude78\ud83e\ude78\ud83e\ude78\ud83e\ude78\ud83e\ude78 \ud83e\ude78\ud83e\ude78\ud83e\ude78\ud83e\ude78\ud83e\ude78\ud83e\ude78\ud83e\ude78\ud83e\ude78\ud83e\ude78\ud83e\ude78\ud83e\ude78\ud83e\ude78\ud83e\ude78\ud83e\ude78\ud83e\ude78\ud83e\ude78\ud83e\ude78\ud83e\ude78\ud83e\ude78\ud83e\ude78\ud83e\ude78\ud83e\ude78\ud83e\ude78\ud83e\ude78\ud83e\ude78\ud83e\ude78\ud83e\ude78\ud83e\ude78\ud83e\ude78\ud83e\ude78\ud83e\ude78\ud83e\ude78\ud83e\ude78\ud83e\ude78\ud83e\ude78\ud83e\ude78\ud83e\ude78\ud83e\ude78\ud83e\ude78\ud83e\ude78\ud83e\ude78\ud83e\ude78\ud83e\ude78\ud83e\ude78\ud83e\ude78\ud83e\ude78\ud83e\ude78\ud83e\ude78\ud83e\ude78\ud83e\ude78\ud83e\ude78\ud83e\ude78\ud83e\ude78\ud83e\ude78\ud83e\ude78\ud83e\ude78\ud83e\ude78\ud83e\ude78\ud83e\ude78\ud83e\ude78\ud83e\ude78\ud83e\ude78\ud83e\ude78\ud83e\ude78\ud83e\ude78\ud83e\ude78\ud83e\ude78\ud83e\ude78\ud83e\ude78\ud83e\ude78\ud83e\ude78\ud83e\ude78\ud83e\ude78\ud83e\ude78\ud83e\ude78\ud83e\ude78\ud83e\ude78\ud83e\ude78\ud83e\ude78\ud83e\ude78\ud83e\ude78\ud83e\ude78\ud83e\ude78\ud83e\ude78\ud83e\ude78\ud83e\ude78\ud83e\ude78\ud83e\ude78\ud83e\ude78\ud83e\ude78\ud83e\ude78\ud83e\ude78\ud83e\ude78\ud83e\ude78\ud83e\ude78\ud83e\ude78\ud83e\ude78\ud83e\ude78\ud83e\ude78\ud83e\ude78\ud83e\ude78\ud83e\ude78\ud83e\ude78", "time": 1643047126.0, "sentiment": "Bearish"}, {"id": 429622613, "text": "Bitcoin Slumps Again. It Isn\u2019t Just the Fed Putting Crypto Prices at Risk.  $COIN $MSTR $AAPL $MSFT $TSLA \n\nhttps://newsfilter.io/a/a73dcfa20b5dd369ed9a67187a97dbdc", "time": 1643047081.0, "sentiment": ""}, {"id": 429622549, "text": "$AAPL the pullback from the peak can reach $162.10- $152.80 area lower where buyers should be waiting to appear again #elliottwave #trading #stocks", "time": 1643047052.0, "sentiment": ""}, {"id": 429622509, "text": "$AAPL 1hr view from 1/21 Midday update. Showing stock failing lower as expected #elliottwave #trading #stocks", "time": 1643047033.0, "sentiment": ""}, {"id": 429622068, "text": "$AAPL  damg", "time": 1643046864.0, "sentiment": ""}, {"id": 429621526, "text": "$AAPL 1hr view from 1/14 Pre-Market update presented to members at elliottwave-forecast.com/ #elliottwave #trading #stocks", "time": 1643046662.0, "sentiment": ""}, {"id": 429621090, "text": "$AAPL NEW ARTICLE : Why You Should Not Expect Spectacular New Products From Apple As It Readies For The First Major Event Of 2022 https://www.stck.pro/news/AAPL/21866693", "time": 1643046500.0, "sentiment": ""}, {"id": 429620908, "text": "$AAPL #Apple video from 12 January looking at the #Elliottwave path https://www.youtube.com/watch?v=q1xLRP7d8LA  #trading", "time": 1643046414.0, "sentiment": ""}, {"id": 429620634, "text": "Tech Stocks Need Some Good News. Why Microsoft Earnings Could Bring It.  $NFLX $AAPL $MSFT $TSLA \n\nhttps://newsfilter.io/a/3d09b0b76cb31adcc36805825895618b", "time": 1643046301.0, "sentiment": ""}, {"id": 429620281, "text": "$AAPL Chart of The Day 12 January: #Apple can see further downside https://elliottwave-forecast.com/stock-market/elliott-wave-view-apple/  #elliottwave #trading #stocks", "time": 1643046139.0, "sentiment": ""}, {"id": 429618982, "text": "$AMD $NASDAQ $TSLA $NVDA $AAPL comparing to 2020 when first Covid infection confirmed with US we can see similar chart now.Same 14% down on Nasdaq and all technicals,hitting 200 MA. In 3/2020 market were on little overbought level,this time we have during November overbought levels.If all good,we can see bottom during this week or next.And then again slow recovery. Realistically we can get on same levels during the May/June as now there wont be any stimulus packages or anything what help economy.Much more again another stupid virus mutation,rising 10yr Bond. Be carefful,but dont keep get fear inside you based on stupid youtubers or bears in here,which only say bullsh1t.", "time": 1643045544.0, "sentiment": "Bullish"}, {"id": 429618833, "text": "$TSLA  $AAPL $TSLA $AMZN $FB Its Hilarious how when traders starts losing money, they quickly need to blame someone for their losses. joe Biden is not the reason why you&#39;re losing money/lost money. It&#39;s actually because of YOU. YOU made the mistake and pulled the trigger. Stop blaming others. Blame yourself. It&#39;s a very sad reality and its just how human psychology works. Don&#39;t be a bull forever, don&#39;t be a bear forever. Stop blaming &quot; bears &quot; and stop blaming &quot; bulls &quot;. Just WALK AWAY. THIS GAME IS NOT FOR YOU.", "time": 1643045478.0, "sentiment": "Bearish"}, {"id": 429618736, "text": "$AAPL I bet \ud83c\udf4f buy back begins today \nShorters should enjoy;)\u2026.NOT!!!", "time": 1643045437.0, "sentiment": "Bullish"}, {"id": 429618699, "text": "$AAPL \nApple in is not inflated they are worth the share price\nUnlike other company\u2019s they loads of cash \ud83d\udcb0", "time": 1643045420.0, "sentiment": ""}, {"id": 429618216, "text": "$AAPL this would be a good time instead of stock buy backs to actually provide more jobs! This is what happens when you inflate a bubble lol 16 billion shares \ud83d\ude02", "time": 1643045203.0, "sentiment": "Bearish"}, {"id": 429618136, "text": "$AAPL impeach Biden and the entire administration for 100% lack of capability", "time": 1643045163.0, "sentiment": ""}, {"id": 429617341, "text": "My dip buys will be $TSLA $AAPL $SOFI $BLNK $SPY calls but not yet", "time": 1643044823.0, "sentiment": ""}, {"id": 429617000, "text": "$NVDA $TSLA $NVAX $AAPL $FB seems like a big sell off day\nSome traders like $studentloangambler (as their name suggests) must have gambled their student loans and not only lost their shirt pant but probably their future as now no money to pay school fee due to margin call/margin liquidation. \nPity them.", "time": 1643044677.0, "sentiment": ""}, {"id": 429616746, "text": "$AAPL Why You Should Not Expect Spectacular New Products From Apple As It Readies For The First Major Event Of 2022 \n\nhttps://newsfilter.io/a/034536ad7626c52f0dbb56d3d6116fd7", "time": 1643044562.0, "sentiment": ""}]