[{"id": 429687806, "text": "$AAPL NEW ARTICLE : Apple to unveil &#39;widest array&#39; products in its history this fall: Bloomberg https://www.stck.pro/news/AAPL/21875622", "time": 1643057330.0, "sentiment": ""}, {"id": 429686713, "text": "$AAPL Algorithm BS is predictable just wish it was illegal", "time": 1643057234.0, "sentiment": "Bearish"}, {"id": 429686688, "text": "$AAPL shot out to @OptionsPlayers . Markets ripping today \ud83e\udd11\ud83e\udd11 stack your gains !!", "time": 1643057232.0, "sentiment": ""}, {"id": 429686452, "text": "$AAPL look for sub 150 by Friday before stabilizing and people realizing it&#39;s oversold and it will make all time highs going into march. 180 by March , 220+ eoy", "time": 1643057212.0, "sentiment": ""}, {"id": 429686249, "text": "$AAPL Let&#39;s bounce off 20sma weekly chart here.", "time": 1643057193.0, "sentiment": "Bullish"}, {"id": 429686121, "text": "$AAPL apples turn soon.", "time": 1643057181.0, "sentiment": "Bearish"}, {"id": 429685865, "text": "$AAPL was analyzed by 49 analysts. The buy consensus is at 84%. So analysts seem to be very confident about $AAPL. https://www.chartmill.com/stock/analyzer/stock/AAPL?view=analyst-ratings&amp;utm_source=stocktwits&amp;utm_medium=ANALYST&amp;utm_content=AAPL&amp;utm_campaign=social_tracking", "time": 1643057160.0, "sentiment": ""}, {"id": 429685841, "text": "$spy Just no reason to go in bigly yet until after 10:30, just let this play out but who would be selling into this weakness now, its really now  becoming a buying opp, \n \nBut wait for 10:47 \n \n$jpm $tjx $baba $aapl", "time": 1643057158.0, "sentiment": ""}, {"id": 429685429, "text": "$AAPL the highest day price increase was 25 bucks. 11 years ago.. those shorting better check it out to see what historically was going on;)\nBefore that increase \u2026", "time": 1643057121.0, "sentiment": "Bullish"}, {"id": 429684834, "text": "$AAPL https://www.breitbart.com/politics/2022/01/24/bombshell-biden-family-scored-31-million-from-deals-with-individuals-with-direct-ties-to-the-highest-levels-of-chinese-intelligence/\n\nThe Uniter and Healer in Chief \ud83e\udd21", "time": 1643057066.0, "sentiment": ""}, {"id": 429684673, "text": "$AAPL too late for puts here?", "time": 1643057048.0, "sentiment": ""}, {"id": 429684235, "text": "$AAPL go apple woo \ud83d\ude14", "time": 1643057005.0, "sentiment": ""}, {"id": 429684057, "text": "$AAPL A little known idiom from Warren Buffet: \u201cI\u2019m going to sell because everyone else is selling.\u201d", "time": 1643056990.0, "sentiment": ""}, {"id": 429683579, "text": "$AAPL \n\nRemember we are still at war with shorts who has been spreading alot of FUD.\n\nThe only way we can win is you don\u2019t use margin / borrowed money. You can win is buy and hold and accumulate.\n\nThe goal of shorts is to destroy margin and buy cheap shares before take off.\n\nDon\u2019t borrow any money.\n\nJust buy and hold!", "time": 1643056943.0, "sentiment": "Bullish"}, {"id": 429683272, "text": "Do you agree with the A.I. prediction? $AAPL in Downtrend: RSI indicator enters oversold zone. View odds for this and other indicators: https://srnk.us/go/3352360", "time": 1643056912.0, "sentiment": ""}, {"id": 429682404, "text": "$AAPL gonna beat earnings, gonna have rough guidance. People will panic sell. Whales will buy", "time": 1643056828.0, "sentiment": ""}, {"id": 429682305, "text": "$AAPL the pullback from the peak has reached the extreme from the peak at $162.10- $152.80 area lower where buyers should be waiting to appear again #Elliottwave #Trading #Apple", "time": 1643056818.0, "sentiment": ""}, {"id": 429681823, "text": "$AAPL close at $155", "time": 1643056777.0, "sentiment": "Bearish"}, {"id": 429681308, "text": "$MSFT $AAPL hiding in $RWT and my lotto $CUBXF  \nThank you all for the support and making my streams so awesome. $JPM adding", "time": 1643056729.0, "sentiment": "Bullish"}, {"id": 429681195, "text": "$AAPL 1hr view from 1/14 Pre-Market update presented to members at http://elliottwave-forecast.com #Elliottwave #Trading #Apple", "time": 1643056719.0, "sentiment": ""}, {"id": 429680325, "text": "Buckle in hold in tight\u203c\ufe0f$SPY $AAPL $V $BX $GOOGL $C", "time": 1643056645.0, "sentiment": ""}, {"id": 429680160, "text": "$AAPL bought apple calls", "time": 1643056630.0, "sentiment": "Bullish"}, {"id": 429679530, "text": "$AAPL \nAll this drop was fluffy news to scare investors to sell then come earning or fed .. it will moon again $SPY", "time": 1643056577.0, "sentiment": "Bullish"}, {"id": 429679472, "text": "$AAPL i took a lot of risk OFF", "time": 1643056573.0, "sentiment": ""}, {"id": 429679327, "text": "$AAPL #Apple cotd video from 12 January looking at the #Elliottwave path https://youtube.com/watch?v=q1xLRP7d8LA  #Trading #Stocks", "time": 1643056560.0, "sentiment": ""}, {"id": 429679168, "text": "$spy Bulls &amp; Long term Holders/Investors,... :o) \n \n$bb $baba $jd $aapl", "time": 1643056549.0, "sentiment": ""}, {"id": 429678529, "text": "$AAPL appl earning and it\u2019s been down so much . Let\u2019s run up", "time": 1643056496.0, "sentiment": "Bullish"}, {"id": 429676365, "text": "$AAPL Looks like more pain coming", "time": 1643056288.0, "sentiment": "Bullish"}, {"id": 429676211, "text": "Thinking about trading options or stock in Unilever, Apple, Microsoft, Nio, or Netflix?  $AAPL $MSFT $NFLX $NIO $UL \n\nhttps://newsfilter.io/a/8b7c2bfb2342cb36e6498d0aed725364", "time": 1643056269.0, "sentiment": ""}, {"id": 429676107, "text": "@Pistol4469 Not feeling sorry for Uncle Joe and not feeling sorry for anyone who voted for him.  Enjoy the pain! $AAPL $FB $GOOG", "time": 1643056256.0, "sentiment": "Bullish"}]