[{"id": 429640630, "text": "$AAPL reversal... ENGAGE!", "time": 1643051503.0, "sentiment": ""}, {"id": 429640480, "text": "$SPY $TSLA $AAPL $GOOGL \nDo not trade on margin \ud83d\udce2 if you are get out now!!!!", "time": 1643051476.0, "sentiment": ""}, {"id": 429640281, "text": "$AAPL they told me buy the dip", "time": 1643051441.0, "sentiment": ""}, {"id": 429639682, "text": "$AAPL nothing new here. Higher highs and higher lows", "time": 1643051330.0, "sentiment": "Bullish"}, {"id": 429639230, "text": "$SPY $ARKK $AAPL covid propaganda failing now let&#39;s bring war \ud83d\ude02", "time": 1643051253.0, "sentiment": ""}, {"id": 429638738, "text": "$AAPL AAPL 2022-01-23 Largest Trades Data: \nhttps://www.youtube.com/watch?v=D7XfYhryv1I", "time": 1643051169.0, "sentiment": ""}, {"id": 429638029, "text": "$SPY US now contemplating sending forces to Ukraine. Will get worse before it gets any better $AAPL $AMZN $QQQ $TSLA", "time": 1643051051.0, "sentiment": ""}, {"id": 429637909, "text": "$AAPL is the bottom over or under $80?", "time": 1643051028.0, "sentiment": "Bearish"}, {"id": 429637533, "text": "$AAPL 1st ER Miss since 2016 was last quarter. Now after all those bullish articles you get a glimpse of the truth. Can they miss consecutive quarters? and how would the market react?!\n\nWatch this next episode of\u2026 \nMarket Ball\u2019z Jan. 27th AH", "time": 1643050961.0, "sentiment": ""}, {"id": 429637508, "text": "$DIDI $AAPL not Apps...", "time": 1643050957.0, "sentiment": "Bullish"}, {"id": 429637060, "text": "$TSLA $AAPL $AMZN Prepandemic prices are coming", "time": 1643050884.0, "sentiment": "Bearish"}, {"id": 429636561, "text": "$AAPL 155P Exp:28-Jan-22 --  \ud83d\udd25\ud83d\udd25 Total(Day): $139,474 \n#UnusualActivity \n \n \nSign-up free for beta ver.:https://app.jarvisalerts.com \ncharts: courtesy of finviz", "time": 1643050816.0, "sentiment": ""}, {"id": 429636513, "text": "$AAPL 150P Exp:17-Jun-22 \u2191  \ud83d\udd25\ud83d\udd25 Total(Day): $74,165 \n$AAPL 155P Exp:18-Nov-22 \u2193\u2193  \ud83d\udd25 Total(Day): $44,160 \n$AAPL 155P Exp:16-Sep-22 \u2191  \ud83d\udd25 Total(Day): $98,355 \n#UnusualActivity \n \n \nSign-up free for beta ver.:https://app.jarvisalerts.com \ncharts: courtesy of finviz", "time": 1643050811.0, "sentiment": ""}, {"id": 429636456, "text": "$AAPL 145P Exp:18-Mar-22 \u2191\u2191  \ud83d\udd25\ud83d\udd25 &lt;R&gt; Total(Day): $128,023 \n$AAPL 150P Exp:18-Feb-22 \u2191  \ud83d\udd25\ud83d\udd25 &lt;R&gt; Total(Day): $101,812 \n$AAPL 150P Exp:19-Jan-24 \u2193  \ud83d\udd25 &lt;R&gt; Total(Day): $221,607 \n#UnusualActivity \n \n \nSign-up free for beta ver.:https://app.jarvisalerts.com \ncharts: courtesy of finviz", "time": 1643050807.0, "sentiment": ""}, {"id": 429636205, "text": "$AAPL This will open below $160 today. That&#39;s a massive $23+ discount from its ATH. Institutions have all raised PT to over $200 so it should be about time this started to show signs if reversal back up.", "time": 1643050757.0, "sentiment": ""}, {"id": 429635910, "text": "$AAPL well looks like I&#39;ll get stopped out I&#39;m not holding under 160 that was my line in the sand. Held you for a year I&#39;m going to miss you apple", "time": 1643050693.0, "sentiment": ""}, {"id": 429635513, "text": "$AAPL run up this week 170\ud83c\udf4f\ud83c\udf4f\u2705", "time": 1643050606.0, "sentiment": "Bullish"}, {"id": 429635065, "text": "$SPY $TSLA is dragging to market down premarket.\n\n$SPY $QQQ $AAPL", "time": 1643050504.0, "sentiment": ""}, {"id": 429632709, "text": "$AAPL", "time": 1643049943.0, "sentiment": "Bearish"}, {"id": 429632644, "text": "$AAPL Futures started the day +1% now -1%. Hope the market opens and swings back up 1%. Not holding my breath on this its just a wish.\ud83d\ude00", "time": 1643049928.0, "sentiment": ""}, {"id": 429632509, "text": "The industry average ROA is 5.50%. $AAPL outperforms 97% of its industry peers. https://www.chartmill.com/stock/quote/AAPL/fundamental-analysis?key=bb853040-a4ac-41c6-b549-d218d2f21b32&amp;utm_source=stocktwits&amp;utm_medium=FA&amp;utm_content=AAPL&amp;utm_campaign=social_tracking", "time": 1643049900.0, "sentiment": ""}, {"id": 429631941, "text": "$SPY I hope after today people stop posting BS about the futures! Learn your dang lesson! \ud83d\ude44\n$AAPL $TSLA $AMZN $QQQ", "time": 1643049755.0, "sentiment": ""}, {"id": 429631550, "text": "$AAPL watch market turn and be up 259 today", "time": 1643049657.0, "sentiment": ""}, {"id": 429631536, "text": "$AAPL $qqq $spy  \n \nbeen dropping like crazy will the market rebound or crash? \n \nwe might see big drop again across the board today!!!", "time": 1643049651.0, "sentiment": ""}, {"id": 429630900, "text": "160 on watch today. Already did the 10% correction from 3trln party. $AAPL", "time": 1643049483.0, "sentiment": ""}, {"id": 429630533, "text": "$SPY is dropping lower now. I do think we will see a green day today, but overall we will see more red over the next few months! We have massive Earnings this week such as $AAPL and $TSLA. We also have a FEDs meeting on Wednesday! This will determine which way the market heads next!", "time": 1643049391.0, "sentiment": ""}, {"id": 429630156, "text": "$AAPL will be betting against this today. can see this drop to 130-150.", "time": 1643049297.0, "sentiment": "Bearish"}, {"id": 429629669, "text": "$AAPL 158 then back to 170s", "time": 1643049176.0, "sentiment": "Bullish"}, {"id": 429629234, "text": "$AAPL 157,138, or.....?....175.......?", "time": 1643049069.0, "sentiment": ""}, {"id": 429628830, "text": "$AAPL", "time": 1643048968.0, "sentiment": "Bullish"}]