[{"id": 429740984, "text": "$QQQ $SPY $MSFT $AAPL so many optimistic longs looking forward to their 2% bounce last night lmao where they at now. Option chain fooling who now?!?!?", "time": 1643062006.0, "sentiment": ""}, {"id": 429740931, "text": "$AAPL keep falling\u2026", "time": 1643062001.0, "sentiment": ""}, {"id": 429740912, "text": "$AAPL buy buy buy", "time": 1643061999.0, "sentiment": ""}, {"id": 429740861, "text": "$AAPL v shape  bounce", "time": 1643061994.0, "sentiment": "Bullish"}, {"id": 429740464, "text": "$AAPL the big spiral down is about to begin like 3 dollar drop before eod type shit, this is scary", "time": 1643061953.0, "sentiment": ""}, {"id": 429740361, "text": "$AAPL I love seeing sp500 dive into red s hi t . Sp500 companies are thieves and enemy of the American people", "time": 1643061942.0, "sentiment": ""}, {"id": 429740106, "text": "$AAPL break 158", "time": 1643061914.0, "sentiment": ""}, {"id": 429739877, "text": "$XELA when is the market wide Margin call? $SPY $AAPL", "time": 1643061890.0, "sentiment": "Bullish"}, {"id": 429739610, "text": "$AAPL $TSLA $FB  \n\nBelow says it all.", "time": 1643061863.0, "sentiment": ""}, {"id": 429739343, "text": "$AAPL  BURN THIS BEAR F@C#KER", "time": 1643061836.0, "sentiment": ""}, {"id": 429739315, "text": "$AAPL 155 first, then 150\u2026.", "time": 1643061833.0, "sentiment": ""}, {"id": 429738732, "text": "$AAPL oh. I have an idea. Stop selling.", "time": 1643061769.0, "sentiment": "Bullish"}, {"id": 429738482, "text": "$AAPL buying opportunitiesopportunities \ud83c\udf4f\ud83c\udf4f\ud83e\udd32\ud83c\udffb\ud83e\udd32\ud83c\udffb\ud83e\udd32\ud83c\udffb\ud83e\udd32\ud83c\udffb\ud83e\udd32\ud83c\udffb\ud83e\udd32\ud83c\udffb\ud83e\udd32\ud83c\udffb\ud83e\udd32\ud83c\udffb\ud83c\udf4f\ud83c\udf4f\ud83c\udf4f\ud83c\udf4f\ud83c\udf4fdon\u2019t miss it\ud83d\udcaa\ud83c\udffb\ud83d\udcaa\ud83c\udffb\ud83d\udcaa\ud83c\udffb\ud83d\udcaa\ud83c\udffb\ud83d\udcaa\ud83c\udffb\ud83e\udd32\ud83c\udffb\ud83e\udd32\ud83c\udffb\u2764\ufe0f\u2764\ufe0f\u203c\ufe0f\u203c\ufe0f\ud83c\udf89\ud83c\udf4f\u2764\ufe0f\u2764\ufe0f\ud83e\udd32\ud83c\udffb\ud83e\udd32\ud83c\udffb", "time": 1643061744.0, "sentiment": "Bullish"}, {"id": 429738221, "text": "$AAPL PUTin", "time": 1643061718.0, "sentiment": ""}, {"id": 429737914, "text": "$AAPL Jan 24, 2022 \nApple (AAPL) received a Buy rating by 4.8 Star analyst Krish Sankar from Cowen &amp; Co.", "time": 1643061684.0, "sentiment": "Bullish"}, {"id": 429737659, "text": "$AAPL y\u2019all really wanna crash appl lol I. Let see 120s $SPY", "time": 1643061658.0, "sentiment": ""}, {"id": 429737576, "text": "$DIDI does $AAPL increase their investment here or do they just buy the company outright?", "time": 1643061649.0, "sentiment": "Bullish"}, {"id": 429737112, "text": "$AAPL PE of 28 is far from unreasonable", "time": 1643061597.0, "sentiment": ""}, {"id": 429736456, "text": "$AAPL  bought a Pixel yesterday", "time": 1643061526.0, "sentiment": "Bearish"}, {"id": 429736412, "text": "$AAPL what time is ER?", "time": 1643061522.0, "sentiment": ""}, {"id": 429736356, "text": "$AAPL come on!!!!! $140", "time": 1643061516.0, "sentiment": "Bearish"}, {"id": 429736314, "text": " Scalping out some profits on $AAPL", "time": 1643061512.0, "sentiment": "Bullish"}, {"id": 429736279, "text": "$AAPL TIME FOR A GOOD OLD FASHION BEAR SQUEEZE \ud83d\udc47\ud83c\udfafLGB", "time": 1643061507.0, "sentiment": "Bullish"}, {"id": 429735642, "text": "$AAPL long.  Short term", "time": 1643061440.0, "sentiment": "Bullish"}, {"id": 429735385, "text": "$WHSI $CLIS $TSLA $AAPL $AMZN oh damn everything going back to before covid! the bubble has popped I repeat the bubble has popped! come on over to the OTC we&#39;ve been sold all of 2021 and most of us are at our bottoms. come on over and make some money!", "time": 1643061415.0, "sentiment": "Bullish"}, {"id": 429735259, "text": "$AAPL I might give it a look at 120.", "time": 1643061401.0, "sentiment": "Bearish"}, {"id": 429735137, "text": "$AAPL bounce will come after 12 EST IMHO", "time": 1643061389.0, "sentiment": ""}, {"id": 429734986, "text": "$AAPL picked up 140p for ER this week. Yolo play make money or lose it. Up 15% so far", "time": 1643061373.0, "sentiment": "Bearish"}, {"id": 429734814, "text": "$MSFT $AAPL still no bounce in these names, notable for $SPY", "time": 1643061353.0, "sentiment": ""}, {"id": 429734650, "text": "Small long on $AAPL here, 158.30 fill. We should be back above 160", "time": 1643061337.0, "sentiment": "Bullish"}]