[{"id": 429727882, "text": "$AAPL I sure do miss those Trump tweets.  Where are all the libtards now???  Gotta love your 401k balances bleeding out.", "time": 1643060654.0, "sentiment": ""}, {"id": 429727718, "text": "$AAPL overpriced headed to $75", "time": 1643060638.0, "sentiment": ""}, {"id": 429727702, "text": "$AAPL blowout er expected", "time": 1643060636.0, "sentiment": "Bullish"}, {"id": 429727685, "text": "$AAPL save your cash.. get out while you can", "time": 1643060635.0, "sentiment": ""}, {"id": 429727436, "text": " $AAPL  aapl", "time": 1643060610.0, "sentiment": ""}, {"id": 429727432, "text": "$AAPL Just sell boys and buy back in after Earnings... Market is not going to Bless like before for a few...", "time": 1643060610.0, "sentiment": "Bearish"}, {"id": 429727266, "text": "$AAPL keep falling\u2026 it\u2019s not done yet.\nWe haven\u2019t had the fed announcements or Russians bears \ud83d\udc3b doing their act", "time": 1643060594.0, "sentiment": ""}, {"id": 429726702, "text": "$SPY patience  \n \n$AMD $AAPL $MSFT", "time": 1643060533.0, "sentiment": ""}, {"id": 429726173, "text": "$AAPL 14% off it\u2019s recent high", "time": 1643060483.0, "sentiment": ""}, {"id": 429726059, "text": "$AAPL this reminds me of October 2018. Different circumstances, but the market was red everyday for almost 2 months. We then took off after that. Stay patient, unless you\u2019re one of those weekly option types, or you\u2019re losing more than you can stomach.", "time": 1643060471.0, "sentiment": ""}, {"id": 429726056, "text": "$CHWY $AAPL $TSLA $UBER  not a gambler I\u2019m an investor. Gamblers sell for short term gains. What are you ?", "time": 1643060471.0, "sentiment": "Bullish"}, {"id": 429725571, "text": "$AAPL Good time to buy and buy more if go lower.", "time": 1643060420.0, "sentiment": "Bullish"}, {"id": 429724864, "text": "@howardlindzon exactly    long some $COIN $SMH $AAPL $GOOGL", "time": 1643060353.0, "sentiment": ""}, {"id": 429724595, "text": "$AAPL close this out", "time": 1643060327.0, "sentiment": ""}, {"id": 429724183, "text": "$AAPL short-term bearish", "time": 1643060289.0, "sentiment": "Bearish"}, {"id": 429723330, "text": "$AAPL stay patient. This may last a while. Stay disciplined and do your DD. This is expected.", "time": 1643060208.0, "sentiment": ""}, {"id": 429722781, "text": "$AAPL $200 incoming!\ud83e\udd23\ud83e\udd23\ud83e\udd23. Wait till earnings.", "time": 1643060155.0, "sentiment": "Bearish"}, {"id": 429722740, "text": "$AAPL Hedge funds are moving your money around, Don&#39;t panic and sell for a massive loss", "time": 1643060151.0, "sentiment": "Bullish"}, {"id": 429722247, "text": "$AAPL Euro markets crashing", "time": 1643060107.0, "sentiment": ""}, {"id": 429721942, "text": "$AAPL dont panic and sell", "time": 1643060077.0, "sentiment": ""}, {"id": 429721574, "text": "$AAPL Here&#39;s Why Cowen Remains Optimistic On Apple \n\nhttps://newsfilter.io/a/8a8672069c77a7873ab583c0d6a0a286", "time": 1643060044.0, "sentiment": ""}, {"id": 429721496, "text": "$AAPL SUPPORT BELOW \n-5.2% at 150.57", "time": 1643060038.0, "sentiment": "Bearish"}, {"id": 429721245, "text": "$AAPL   \ud83c\udf4f Massive Volume on last Dip:  Volume, 41.2 Million.", "time": 1643060017.0, "sentiment": "Bullish"}, {"id": 429721114, "text": "$AAPL NEW ARTICLE : Big Tech&#39;s Three Biggest Regulatory Threats https://www.stck.pro/news/AAPL/21877005", "time": 1643060006.0, "sentiment": ""}, {"id": 429721107, "text": "$AAPL if you liked it at $175 you love it at $159", "time": 1643060005.0, "sentiment": "Bullish"}, {"id": 429720746, "text": "$AAPL just holding my shares and collecting premium by selling calls.", "time": 1643059976.0, "sentiment": ""}, {"id": 429720600, "text": "$SPY $TSLA $AMZN $MSFT $AAPL please don\u2019t buy into these fake pumps. Take a breather and wait a little while. If you\u2019ve lost money don\u2019t lose more trying to make wild desperate plays.", "time": 1643059964.0, "sentiment": ""}, {"id": 429720510, "text": "$AAPL it\u2019s on sale", "time": 1643059956.0, "sentiment": "Bullish"}, {"id": 429720156, "text": "$AAPL lil vix rollover we could pop", "time": 1643059925.0, "sentiment": ""}, {"id": 429720006, "text": "added to $AAPL", "time": 1643059912.0, "sentiment": ""}]