[{"id": 429710475, "text": "$QQQ 10:23am should be near term $AAPL", "time": 1643059159.0, "sentiment": "Bullish"}, {"id": 429710029, "text": "$BTC.X $TSLA $AAPL $NIO                             I guess this is what the New world order looks like.", "time": 1643059128.0, "sentiment": ""}, {"id": 429709194, "text": "$AAPL \nNflx is down 50% from its peak and is still dropping. It just reported a decent earning. Aapl could see 100 if earning is bad.", "time": 1643059064.0, "sentiment": ""}, {"id": 429709043, "text": "$AAPL loading up \ud83c\udf4f\ud83c\udf4f\ud83c\udf4f\ud83c\udf4f\ud83c\udf4f\ud83c\udf4f\u203c\ufe0f\u203c\ufe0f\ud83e\udd32\ud83c\udffb\ud83e\udd32\ud83c\udffb\ud83e\udd32\ud83c\udffb\u2764\ufe0f\u2764\ufe0f\u2764\ufe0f\u2764\ufe0f", "time": 1643059053.0, "sentiment": "Bullish"}, {"id": 429708654, "text": "$AAPL ok the 1-4hour looks oversold. Load up", "time": 1643059023.0, "sentiment": "Bullish"}, {"id": 429707726, "text": "$AAPL SIZE 2024 LEAP BUYERS AHEAD OF NUMBERS ..", "time": 1643058948.0, "sentiment": ""}, {"id": 429707680, "text": "$AAPL democrats destroy everything they touch or even think about touching dam all libtards that voted for that idiot in the White House", "time": 1643058945.0, "sentiment": "Bullish"}, {"id": 429707611, "text": "$AAPL @OptionsPlayers should have acted on my put alert for today&#39;s open. I&#39;m stacking !", "time": 1643058940.0, "sentiment": "Bullish"}, {"id": 429707494, "text": "$AAPL $157-$156 is the next support. It\u2019s touching this sooner rather than later\u2026", "time": 1643058930.0, "sentiment": "Bearish"}, {"id": 429707170, "text": "$AAPL next long in line ...", "time": 1643058907.0, "sentiment": ""}, {"id": 429707014, "text": "$NIO $BTC.X  $TSLA  $AABB   $AAPL  The world leaders (not politicians)  are using Biden\u2019s office to destroy the U.S.. It\u2019s clear as day. He\u2019ll be the fall guy.", "time": 1643058895.0, "sentiment": ""}, {"id": 429706969, "text": "$AAPL - Pay close attention to the technicals, price is no indicator of trend..", "time": 1643058891.0, "sentiment": "Bearish"}, {"id": 429706830, "text": "$AAPL Can we wait for 147 now?", "time": 1643058880.0, "sentiment": "Bullish"}, {"id": 429705884, "text": "$AAPL @OptionsPlayers  how is it going for you at open td ? Still bullish on dailys?", "time": 1643058804.0, "sentiment": ""}, {"id": 429705767, "text": "$GOOG $aapl $msft   \n \nYour elected dumbo crats hard at work, what a pathetic year...", "time": 1643058795.0, "sentiment": ""}, {"id": 429705377, "text": "$HIMX  $MSFT $AAPL $TTD", "time": 1643058765.0, "sentiment": ""}, {"id": 429704759, "text": "$AAPL next support $150.57", "time": 1643058721.0, "sentiment": "Bearish"}, {"id": 429704742, "text": "$AAPL @OptionsPlayers &quot; keep stacking your gains, kid! &quot; - @TheWallST \ud83e\udd23", "time": 1643058720.0, "sentiment": "Bearish"}, {"id": 429704501, "text": "$DAL $AAPL This governemt destroy us economy", "time": 1643058701.0, "sentiment": ""}, {"id": 429703750, "text": "$TSLA $AAPL will not miss on earnings", "time": 1643058643.0, "sentiment": ""}, {"id": 429703475, "text": "$AAPL Market keeps rolling down.. \ud83d\udc40", "time": 1643058620.0, "sentiment": ""}, {"id": 429703014, "text": "$SPY $AAPL expect a dovish message from the fed given how much the market has contracted in less than a month into the year. The timeline may be later this year.", "time": 1643058582.0, "sentiment": ""}, {"id": 429702726, "text": "$SPY Not only the GOAT but also knows the month it happens :o) \n \n$aapl $baba $bb $amzn", "time": 1643058558.0, "sentiment": ""}, {"id": 429702576, "text": "Bitcoin Slumps Again. It Isn\u2019t Just the Fed.  $COIN $MSTR $AAPL $MSFT $TSLA \n\nhttps://newsfilter.io/a/57d1a698fb07e93510ee993be22e571f", "time": 1643058544.0, "sentiment": ""}, {"id": 429701865, "text": "$AAPL You really need to think, who have so much to keep on selling ?  probably is the house is doing this :) hahahahaha", "time": 1643058486.0, "sentiment": ""}, {"id": 429701365, "text": "$LCID Literally everything is in the red $AAPL $TSLA $MSFT \n\nIt is a close stocktwits and the portfolio kinda day \ud83d\ude05 Don\u2019t need the negativity in my life. See you in 2023", "time": 1643058447.0, "sentiment": "Bullish"}, {"id": 429701129, "text": "$AAPL Here she goes \ud83d\udcc9", "time": 1643058429.0, "sentiment": "Bearish"}, {"id": 429701120, "text": "$AAPL $PYPL $SQ $CRM bought more today, deleting all apps and heading into hibernation", "time": 1643058429.0, "sentiment": "Bullish"}, {"id": 429700697, "text": "$VOO $AAPL $MSFT easy buy\n\neveryone is shitting their pants", "time": 1643058393.0, "sentiment": ""}, {"id": 429700332, "text": "$AAPL Wow the bears are struggling to count there massive gains..WTF", "time": 1643058363.0, "sentiment": ""}]