[{"id": 429784356, "text": "@howardlindzon $AAPL EPS Thurs 1/27 AMC", "time": 1643066012.0, "sentiment": ""}, {"id": 429784240, "text": "$SPY I posted this mid last year. Highlighted that a possible strong pullback should halt around this trendline\n\nA trendline with 12 years of history. A possible continuation gap on the daily so prices likely to continue lower towards 395 - 400.\n\n$TSLA $AAPL amongst others at base support. IMO we see a bounce here before prices continue lower\n\nST bullish for now!", "time": 1643066001.0, "sentiment": "Bullish"}, {"id": 429783815, "text": "$AAPL Earnings on Jan 27, 2022", "time": 1643065964.0, "sentiment": "Bullish"}, {"id": 429783776, "text": "$AAPL a storm is coming. $AAL $NIO", "time": 1643065961.0, "sentiment": "Bearish"}, {"id": 429783629, "text": "$TSLA $AMZN $LOGI $NIO $AAPL \n1500$ profit in 1hour. \ud83d\udd25\ud83d\udcb5", "time": 1643065949.0, "sentiment": "Bearish"}, {"id": 429783523, "text": "$AAPL LOL hahahahaha...what did I tell you? the house will be the winner !!!!!! stop investing stocks dude", "time": 1643065941.0, "sentiment": ""}, {"id": 429783431, "text": "$SPY $QQQ $AAPL $MSFT I guess giving 10 trillion to businesses was not a good idea. Only made Elon, Bezos, bill gates, zuckerbot richer.  They should have divided that money to every US citizen.  Fuckin corrupted fucks stole your tax paying $$$.", "time": 1643065934.0, "sentiment": "Bearish"}, {"id": 429783118, "text": "$XBI limit down today. $AAPL $BTC.X", "time": 1643065907.0, "sentiment": ""}, {"id": 429782881, "text": "$AAPL sell it! War is imminent.", "time": 1643065884.0, "sentiment": "Bullish"}, {"id": 429782794, "text": "$AAPL lost 500 billion in market cap alone. $msft only 100 billion away from losing 2T club", "time": 1643065878.0, "sentiment": ""}, {"id": 429782769, "text": "$AAPL earnings week", "time": 1643065876.0, "sentiment": "Bullish"}, {"id": 429782420, "text": "$AAPL crash", "time": 1643065843.0, "sentiment": ""}, {"id": 429782400, "text": "@GoodieGood do you think this volatile market will last? Has It been beneficial to you? $amzn $tsla $aapl", "time": 1643065841.0, "sentiment": ""}, {"id": 429781629, "text": "$AAPL will the stock go up when U.S. sends troops to Ukraine ?", "time": 1643065772.0, "sentiment": ""}, {"id": 429781129, "text": "$AAPL Let me guess, &quot;Trump&#39;s fault&quot;.", "time": 1643065728.0, "sentiment": ""}, {"id": 429781040, "text": "$AAPL america suffers so liberals can be perverts.", "time": 1643065718.0, "sentiment": ""}, {"id": 429780525, "text": "$SPY $QQQ $ARKK $NFLX $AAPL  \n \nKinda hard to have a massively inflated, Fed-sponsored bull market with the FED!", "time": 1643065667.0, "sentiment": ""}, {"id": 429780082, "text": "$AAPL NEW ARTICLE : Apple Stock Before Earnings: Sell or Buy? https://www.stck.pro/news/AAPL/21881425", "time": 1643065620.0, "sentiment": ""}, {"id": 429779741, "text": "$AAPL $AMZN $GOOGL $NFLX these stocks are not even this much down at the time of COVID 19 confirmation", "time": 1643065591.0, "sentiment": ""}, {"id": 429779709, "text": "$AAPL I have a feeling earnings will not be impressive on this. I am seeing sub $150 unfortunately.", "time": 1643065589.0, "sentiment": "Bearish"}, {"id": 429779601, "text": "$SPY $AAPL JFC, what&#39;s with all this blood ? Massive slaughter. Black Monday. FFS.", "time": 1643065578.0, "sentiment": ""}, {"id": 429779424, "text": "$AAPL $AMZN $GOOGL $SPY $QQQ Lets all hit the circuit breakers and open -5% down again. That would be awesome\u2026\ud83d\ude03\ud83d\ude03", "time": 1643065561.0, "sentiment": "Bearish"}, {"id": 429779344, "text": "$AAPL $BAC $AMD as the plus 50% PUT profits mount up for the day trade: \nhttps://thegodoftrading.medium.com/daytrading-dispatch-2022-is-it-a-video-game-or-what-dc8a73ea8b3a \n#1Kdaytrade \nhttps://thegodoftrading.medium.com/membership \nhttps://thegodoftrading.medium.com/subscribe", "time": 1643065555.0, "sentiment": ""}, {"id": 429779209, "text": "#CALLINGALLCARS AND #SMOKEY\n\nTHE #VIX is at this height for the 7th time in 5 years....\n\nWhich one of you #chickenlittle #insurance #options #buying #yellow #bellies are afraid to follow me long in the #stockmarket here\n\nIm long $AAON\n\n$UVXY $XIV $TSLA $AAPL", "time": 1643065543.0, "sentiment": "Bullish"}, {"id": 429779176, "text": "$AAPL ceo voted Brandon. What a jack add . I hope the California gets destroyed .", "time": 1643065540.0, "sentiment": ""}, {"id": 429779045, "text": "$TSLA $AAPL The 200 dmas starting to act like a magnet...", "time": 1643065528.0, "sentiment": ""}, {"id": 429778911, "text": "$AAPL 10% up in a year, MSFT 22% up, $GOOGL 30% up but $AMZN -18% down and SHOP -34% down and TSLA 1% up $NFLX -37% down", "time": 1643065515.0, "sentiment": ""}, {"id": 429778888, "text": "$AAPL $ARKK remember when Kathy sold Apple which is only 11% off its high while she is 58% off its high!", "time": 1643065514.0, "sentiment": "Bullish"}, {"id": 429778710, "text": "$SPY $DJIA $QQQ $TSLA $AAPL  \n \nDon&#39;t worry folks! \n \nThe FED has a plan...it&#39;s called a &quot;soft landing&quot; and it is all planned out!", "time": 1643065493.0, "sentiment": ""}, {"id": 429778458, "text": "$AAPL the drip is real", "time": 1643065466.0, "sentiment": ""}]