[{"id": 429756477, "text": "$AAPL This is now only worth $2.56T. Massive reduction and great long term opportunity. Blow out ER, Glasses and EV.", "time": 1643063552.0, "sentiment": "Bullish"}, {"id": 429756061, "text": "$AAPL GOD BLESS AMERICA  #2022 MAGA \ud83c\uddfa\ud83c\uddf2", "time": 1643063510.0, "sentiment": ""}, {"id": 429755017, "text": "$MSFT $AAPL $AMZN  \nThese are the days when the brave make their wealth for the future.", "time": 1643063404.0, "sentiment": "Bullish"}, {"id": 429754996, "text": "$AAPL  \ud83c\udf4f Europe, is Closed.", "time": 1643063402.0, "sentiment": "Bullish"}, {"id": 429754103, "text": "$AAPL I have a gut feeling this will close at $160 today.", "time": 1643063316.0, "sentiment": "Bullish"}, {"id": 429753877, "text": "$AAPL \n\ud83c\udf4f\nNasdaq is negative today again. \nWhen change the atmosphere, Apple go to $183 AGAIN. \n\nRIGHT NOW IS SO CHEAPER. \nSOON EXCELLENT CATALYSTS &amp; PIPELINES. \n\nTOO MUCH SPREAD RIGHT NOW $25.00. Per Share. \n\n1000 Shares X $25= $25.000,00. Bucks \n\nBuy right now\u2026.", "time": 1643063293.0, "sentiment": "Bullish"}, {"id": 429753724, "text": "$AAPL I\u2019m detecting a trend", "time": 1643063277.0, "sentiment": ""}, {"id": 429753232, "text": "$MSFT $AAPL $AMD It&#39;s like that Tom Petty song, Free Fallin&#39;, lol", "time": 1643063229.0, "sentiment": ""}, {"id": 429753147, "text": "$AAPL SELL SELL SELL LETS GO BRANDON -THE FRAUD - UKRAINE INVASION WW3- TAIWAN INVASION", "time": 1643063220.0, "sentiment": ""}, {"id": 429752818, "text": "$AAPL - Ignore the technicals and it gets costly..", "time": 1643063187.0, "sentiment": "Bearish"}, {"id": 429752807, "text": "$AAPL Wow\u2026no one wants to buy good quality companies!!", "time": 1643063186.0, "sentiment": "Bullish"}, {"id": 429752672, "text": "$AAPL bought the dip\u2026", "time": 1643063173.0, "sentiment": "Bearish"}, {"id": 429752639, "text": "$AAPL vs SPY... \ud83c\udf4e  the weekly / monthly relative strength still behind this thing is impressive, especially if the dollar rips. Could really unleash especially since they&#39;re on the safer end of big tech mistrust", "time": 1643063171.0, "sentiment": "Bullish"}, {"id": 429752620, "text": "$MSFT doing worst than all fang $FB $AMZN $AAPL $GOOG . Everyone knows it will be ER beat and record revenue", "time": 1643063169.0, "sentiment": "Bullish"}, {"id": 429752585, "text": "$AAPL \nAll big mafia groups killing market to get cheap shares from you\nNaked short", "time": 1643063166.0, "sentiment": ""}, {"id": 429752373, "text": "$AAPL I&#39;m so happy", "time": 1643063145.0, "sentiment": ""}, {"id": 429752088, "text": "$AAPL to all brainless  f^ks that blaming", "time": 1643063118.0, "sentiment": ""}, {"id": 429751959, "text": "$AAPL bought the dip. \ud83d\ude0f", "time": 1643063106.0, "sentiment": ""}, {"id": 429751903, "text": "$AAPL better to wait and buy $132.50", "time": 1643063099.0, "sentiment": ""}, {"id": 429751879, "text": "$SPY $QQQ Either Eliminate the FED or the Market &amp; BitCON(cryptos) will Continue to Get it.\n\n$BTC.X $AAPL", "time": 1643063097.0, "sentiment": ""}, {"id": 429751775, "text": "$AAPL ah yes the party of \u201cpeace\u201d", "time": 1643063086.0, "sentiment": ""}, {"id": 429751521, "text": "$AAPL why everyone so upset?  Every month the world is going to end a different way, nothing new", "time": 1643063058.0, "sentiment": ""}, {"id": 429751114, "text": "The best thing for the market right now is $AAPL below $125.", "time": 1643063021.0, "sentiment": ""}, {"id": 429751005, "text": "$AAPL \nUSA stock market is a big scam", "time": 1643063009.0, "sentiment": "Bullish"}, {"id": 429750951, "text": "$AAPL rip", "time": 1643063003.0, "sentiment": ""}, {"id": 429750709, "text": "$AAPL ok let\u2019s go down more, I need a good fill", "time": 1643062982.0, "sentiment": ""}, {"id": 429749744, "text": "@Im_not_Mr_Lebowski @ethansmith @Sambong @MonkeyBananaGenius @Doozio @holdingbags @Prat_ @andy1104 @FlynancialAnalyst  $AAPL - is not rotten - holding up well", "time": 1643062881.0, "sentiment": "Bullish"}, {"id": 429749377, "text": "$TSLA    I&#39;m Adding HERE  !!  EASY $$$$$$$  $TSLA $AAPL $MSFT  $DIS    Opportunity Knocking People  !!!!", "time": 1643062844.0, "sentiment": "Bullish"}, {"id": 429749345, "text": "$AAPL Omfg! It\u2019s a short selling bonanza. Welcome to the corrupt market of 2022", "time": 1643062840.0, "sentiment": ""}, {"id": 429748943, "text": "$ZM $AAPL could buy this shit like I&#39;d buy a new TV.", "time": 1643062800.0, "sentiment": ""}]