[{"id": 429765097, "text": "$AAPL SELLLLL EVERYTHING WWWWWWTHREE , BIDENFLATION, BUY AAPL HEDGE AGAINST BIDENFLATION !!! https://peaknewsonline.com/russia-vs-ukraine-news-putin.../", "time": 1643064358.0, "sentiment": ""}, {"id": 429765006, "text": "$PTON needs to be bought by $APPL or $GOOG to break into the fitness space. FIRE THE CEO.  $AAPL has enough cash on had to pay it all. https://www.cnbc.com/2022/01/19/peloton-insiders-sold-nearly-500-million-in-stock-before-its-big-drop-.html", "time": 1643064349.0, "sentiment": ""}, {"id": 429764947, "text": "$AAPL $DAL $SNDL I think they want Dow under 30k point and Nasdaq under k10 point.... fu...k Biden &amp; company..... Trump best ever president $AAL $FCEL", "time": 1643064344.0, "sentiment": ""}, {"id": 429764802, "text": "$AAPL OO no returns since Biden came to power ? SAD!", "time": 1643064330.0, "sentiment": ""}, {"id": 429764697, "text": "$SPY $QQQ $AAPL Where\u2019s OldDouchebagGuy? \ud83e\udd21\ud83e\udd21\ud83e\udd21", "time": 1643064321.0, "sentiment": "Bearish"}, {"id": 429764450, "text": "$QQQ $SPY $AAPL $MSFT Wives starting to ask me and co-worker to sell our stocks. \ud83d\ude33 Bottom close?", "time": 1643064302.0, "sentiment": ""}, {"id": 429764429, "text": "$AAPL The Business News are  pushing the BEARISH NARATIVE..", "time": 1643064300.0, "sentiment": ""}, {"id": 429763952, "text": "$AAPL don\u2019t forget; when your stock goes down 50%, it then has to go up 100% to get back to even", "time": 1643064259.0, "sentiment": ""}, {"id": 429763810, "text": "$AAPL its a bear market!!!!", "time": 1643064247.0, "sentiment": ""}, {"id": 429763764, "text": "$SPY $TSLA $AMZN $MSFT $AAPL Criminal clockwork smh.", "time": 1643064243.0, "sentiment": ""}, {"id": 429763329, "text": "$KWEB Chinese brothers are joining the US brothers and who thought it&#39;s good to hide on the Chinese equities? \n \nEven though $KWEB lost 65+% from ATH, it&#39;s not showing any signs of recovery. Sad state of affairs! \n \nRIP to all the call holders as it&#39;s going to devastate lots of accounts and scary part is that the big dogs ($AAPL, $MSFT, and $GOOGL) are still trading relatively well. Wonder what happens when they join the bandwagon? \n \n$BABA is something else!  Gives up all gains easily!  So, sells the rips is the way to go as far as Chinese equities go? Sad!", "time": 1643064207.0, "sentiment": ""}, {"id": 429763053, "text": "@aracknido @RepoMann  $TSLA $AAPL $WM $AAPL etc..", "time": 1643064181.0, "sentiment": "Bullish"}, {"id": 429762899, "text": "$SPY $DJIA $QQQ $AAPL $TSLA \n \nIt&#39;s almost like the market can&#39;t go up without free money from the FED! \n \nSay it ain&#39;t so!!!", "time": 1643064169.0, "sentiment": ""}, {"id": 429762789, "text": "$SPY $QQQ if you ever wanted a chance to buy - it\u2019s now the chance lol \n\nI\u2019m loading up on big tech mainly $AAPL $MSFT $GOOGL", "time": 1643064159.0, "sentiment": "Bullish"}, {"id": 429762651, "text": "$AAPL crashhhhh", "time": 1643064148.0, "sentiment": ""}, {"id": 429762344, "text": "$NVDA $AAPL $TSLA $AMD - holding my balls as hard as I can!", "time": 1643064119.0, "sentiment": "Bullish"}, {"id": 429762158, "text": "$AAPL Load the boat on Microsoft and Apple.", "time": 1643064104.0, "sentiment": ""}, {"id": 429762116, "text": "$AAPL - The markets have entered the markdown phase, this is the stage where the criminals on Wall St. forcefully rewind everything with coordinated algo manipulation so they can replenish their inventory or they simply go broke!!", "time": 1643064101.0, "sentiment": "Bearish"}, {"id": 429761784, "text": "$TSLA $SPY $QQQ $AAPL\n\nneeds more dumping", "time": 1643064068.0, "sentiment": "Bearish"}, {"id": 429761775, "text": "$TSLA $AAPL cover your short. 80% chance it will bounce big tomorrow", "time": 1643064067.0, "sentiment": ""}, {"id": 429761127, "text": "if $AAPL topped out at $3 Trillion Market Cap......it still has $2.5 Trillion market cap to lose....considering it lost over $400 or so billion in market cap the past few weeks. $SPY $FED $POWELL", "time": 1643064009.0, "sentiment": ""}, {"id": 429760546, "text": "$AAPL most attractive short in market currently. \n\nDon\u2019t yell at me. I love this company and their products. But that\u2019s what I\u2019m seeing.", "time": 1643063956.0, "sentiment": ""}, {"id": 429758844, "text": "$AAPL 55 million shares exchanged hands so far today. Who&#39;s right? Buyers or sellers?", "time": 1643063789.0, "sentiment": ""}, {"id": 429758446, "text": "$AAPL $SPY $TSLA every bullish post you see", "time": 1643063751.0, "sentiment": "Bearish"}, {"id": 429758047, "text": "$AAPL at $3 Trillion Market Cap may have been the Stock Market TOP? $SPY $FED", "time": 1643063709.0, "sentiment": ""}, {"id": 429758016, "text": "$AAPL Here&#39;s Why Apple Is Liable To Pay Regulatory Fine Of \u20ac5M \n\nhttps://newsfilter.io/a/97312294ee2b0d2ca8ca0eaf02f0c952", "time": 1643063705.0, "sentiment": ""}, {"id": 429757249, "text": "$AApl just was going through charts. Crimea annexation had no negative impact on the stock. Feb 2014 closing 19. March 2014 closing 24.", "time": 1643063628.0, "sentiment": ""}, {"id": 429757221, "text": "AAPL $SPY $AAPL", "time": 1643063626.0, "sentiment": ""}, {"id": 429757136, "text": "$BKKT  Serious question/poll here.  People converting their $AAPL $NFLX and $TSLA shares into cash today.  Many billions of dollars are clearly liquidating in these and other big names.  I wonder where they eventually invest it.  Do they put it right back into the same, or do they search the wreckage after times like these and see what smaller items have higher ROI potential?", "time": 1643063619.0, "sentiment": ""}, {"id": 429756758, "text": "$AAPL smart money buying, dumb money selling today. IMHO", "time": 1643063584.0, "sentiment": ""}]