[{"id": 429772003, "text": "$AAPL lower highs and lower lows trend intraday, look for $1-2 recovery eod if it touched 155", "time": 1643064891.0, "sentiment": ""}, {"id": 429771665, "text": "$AAPL where are these idiot analysts getting their $200 PT from. Do they have a clue", "time": 1643064863.0, "sentiment": ""}, {"id": 429771587, "text": "$BNGO $TSLA $AAPL $BULZ MAN BIDEN WAT IS HE DOING TO USA??", "time": 1643064857.0, "sentiment": ""}, {"id": 429771372, "text": "Today started adding  back \n$TSLA  $MSFT  $AAPL   as long", "time": 1643064840.0, "sentiment": "Bullish"}, {"id": 429771318, "text": "$AAPL lunch time means less buying so it might drop even more", "time": 1643064836.0, "sentiment": ""}, {"id": 429771217, "text": "$GOED $CENN $BBIG $MSFT $AAPL  time for a military action to remove the Democrats from the house and the Congress, otherwise, the country shall soon get bankrupt and the people will be begging for food", "time": 1643064829.0, "sentiment": ""}, {"id": 429770993, "text": "$AAPL buying at $120", "time": 1643064811.0, "sentiment": "Bearish"}, {"id": 429770877, "text": "$AAPL $TSLA trust me it will bounce tomorrow and trap all the bills. Cover short now and short it again later", "time": 1643064803.0, "sentiment": ""}, {"id": 429770682, "text": "$AAPL retarded", "time": 1643064789.0, "sentiment": ""}, {"id": 429770150, "text": "$AAPL finally waited 2 weeks:)\nAdded 90 shares\nThanks paperhands \ud83d\udc8e\ud83d\ude4c\ud83c\udffb\ud83d\ude4c\ud83c\udffb oogaa bogaaa", "time": 1643064753.0, "sentiment": "Bullish"}, {"id": 429769646, "text": "$AAPL I think shorts are collaborating with Russia ! What do you think ?", "time": 1643064717.0, "sentiment": "Bullish"}, {"id": 429769205, "text": "$AAPL To many Lower lows for Apple inc.", "time": 1643064683.0, "sentiment": ""}, {"id": 429769103, "text": "$SPY $QQQ $PLTR $ARKW $AAPL \n\nNothing to see here , just America destroying the global economy like  they usually do every few years for maximum greed . You don\u2019t think every single hedge fund , dark pool , and investment firm are short to the tits ? Zero doubt all the pos with their huge price targets are short , set up retail rinse repeat been happening since the Great Depression . I feel like when you open the doors at the SEC it\u2019s just an empty office .", "time": 1643064674.0, "sentiment": ""}, {"id": 429768562, "text": "$MSFT correction? 10% down for 20days and 5% down in 1 session... how does a correction work? $AAPL $TSLA", "time": 1643064632.0, "sentiment": ""}, {"id": 429768127, "text": "$AAPL margin call setting in", "time": 1643064599.0, "sentiment": ""}, {"id": 429767907, "text": "$AAPL - Below the Opening Range + Outside and Down, all Intraday signals are active for short trade..", "time": 1643064582.0, "sentiment": "Bearish"}, {"id": 429767684, "text": "$AAPL", "time": 1643064567.0, "sentiment": ""}, {"id": 429767478, "text": "$AAPL puts are printing, I think this will carry through earnings", "time": 1643064550.0, "sentiment": ""}, {"id": 429767296, "text": "$AAPL catching up to the downside now...could see 140&#39;s?", "time": 1643064535.0, "sentiment": ""}, {"id": 429767104, "text": "$AAPL last night was such a tease lmao", "time": 1643064519.0, "sentiment": ""}, {"id": 429766828, "text": "$AAPL The level of Fear is to High for a Blue blood stock...,where&#39;s Timmy ?", "time": 1643064498.0, "sentiment": ""}, {"id": 429766702, "text": "$AAPL Remember when we were celebrating $3T? \ud83e\udd26\ud83c\udffb\u200d\u2642\ufe0f", "time": 1643064489.0, "sentiment": ""}, {"id": 429766454, "text": "$aapl Forward PE 26 and below", "time": 1643064470.0, "sentiment": ""}, {"id": 429766398, "text": "$AAPL Well orchestrated move by Wall Street and media CROOKS since Jan 3 when Apple 3T drama started! They said it at that time it\u2019s going to 157 ,here we go", "time": 1643064466.0, "sentiment": ""}, {"id": 429765958, "text": "$AAPL on the way to 5% down today", "time": 1643064432.0, "sentiment": ""}, {"id": 429765807, "text": "The industry average ROA is 5.50%. $AAPL outperforms 97% of its industry peers. https://www.chartmill.com/stock/quote/AAPL/fundamental-analysis?key=bb853040-a4ac-41c6-b549-d218d2f21b32&amp;utm_source=stocktwits&amp;utm_medium=FA&amp;utm_content=AAPL&amp;utm_campaign=social_tracking", "time": 1643064420.0, "sentiment": ""}, {"id": 429765784, "text": "$SPY IM STILL GREEN ON MY 237.5s for NVDA STILL GREEN HOLD MAJOR OVERSOLD BOUNCE TOMORROW $NVDA $QQQ $TSLA $AAPL", "time": 1643064418.0, "sentiment": "Bullish"}, {"id": 429765549, "text": "$AAPL trading 30x earnings\u2026short it to $120", "time": 1643064398.0, "sentiment": "Bearish"}, {"id": 429765508, "text": "$AMZN In a real life when someone doesn\u2019t perform at work place she/he looses job. J Powell and Biden both need to be removed from their positions. Powell was totally oblivious about inflation when he called it \u201cTRANSITORY\u201d and the last thing bothers Biden is inflation.\nThe oil market at all time high. Part of inflation has lot to do w the oil market which means cost of transportations has skyrocketed.\n$NVDA $AAPL $FB", "time": 1643064395.0, "sentiment": ""}, {"id": 429765343, "text": "$AAPL - This can go much lower as margin calls start triggering everywhere, the markets are still highly leveraged..", "time": 1643064380.0, "sentiment": "Bearish"}]