[{"id": 429719624, "text": "$AAPL $DIS Watch how this goes when shorts cover and panic buying ensues", "time": 1643059877.0, "sentiment": "Bullish"}, {"id": 429719429, "text": "$AAPL $AMZN pay attention to these two, back in March 2020, they were the leading giants, once the dust settles, they&#39;ll probably be leading the run for tech again", "time": 1643059861.0, "sentiment": ""}, {"id": 429718664, "text": "$AMAT high of day. $AAPL $MST stopped going down off the 3min. Watch $IWM due to that is totally oversold so some of those stocks could bounce", "time": 1643059793.0, "sentiment": ""}, {"id": 429718656, "text": "$AAPL Never forget ! \n\ud83d\udc9a\ud83c\udf4f\ud83c\udf4f\ud83c\udf4f\ud83d\udc9a \nThis mammoth has so much money in store that he can overcome anything. Apple is constantly innovating. Yes, Apple unveils its products after the others ... but they are perfect and always better than their rivals. Apple is smart, very smart and structured. It&#39;s a winner in the long run.", "time": 1643059793.0, "sentiment": "Bullish"}, {"id": 429717847, "text": "$AAPL bounce off of 100MA 60% on feb puts. Will wait for a bounce to 165ish to re-enter june puts. Gap on the daily should fill today/tomorrow", "time": 1643059728.0, "sentiment": ""}, {"id": 429717519, "text": "$AAPL     \ud83c\udf4f Opening Hour, Closing in 1 min.", "time": 1643059701.0, "sentiment": ""}, {"id": 429717477, "text": "$SPY Looking for what the &quot;smart money&quot; does after 10:30, there cant be any Buybacks on the Open so lets watch $aapl soon. \n \nI was think we&#39;d have to wait for tomorrow but we may get a bounce sooner, still not crazy but there has been a lot of weakness taken out this morn \n \n$baba $amzn $bb", "time": 1643059698.0, "sentiment": ""}, {"id": 429717354, "text": "$AAPL Thank you to all the Biden voters for showing the young kids exactly what the Carter presidency looked like.   Gas shortage, hostages in Iran, Russia Cold War.  Who knew Biden could take us back 40 years in 12 months", "time": 1643059690.0, "sentiment": ""}, {"id": 429717257, "text": "$AAPL loading..", "time": 1643059682.0, "sentiment": "Bullish"}, {"id": 429717119, "text": "$AAPL Better to buy the downside \u2026 not the HTH  Stay strong Hold and buy if you can \ud83d\udcaa\ud83c\udffc\ud83d\udc9a", "time": 1643059672.0, "sentiment": "Bullish"}, {"id": 429716993, "text": "$AAPL \n\nVIX went 37 already\n\nYikes .. this is overkill ..\n\nReally nothing has happened .. just people played with FUD .. over interest rate hikes.. actually that\u2019s overkill.\n\nAlso Ukraine .. it\u2019s just Russian playing the fears - the goal is to Pump up oil price hikes.. Russian largely dependent on oil revenues ..\n\nThis kind of mentality test your fear..  I\u2019m not surprised tho!", "time": 1643059662.0, "sentiment": "Bullish"}, {"id": 429716861, "text": "$AAPL you have to be a fucking moron to sell here!", "time": 1643059652.0, "sentiment": "Bullish"}, {"id": 429716221, "text": "$ADGI $DAL $AAPL  99% stock are ReD.... This government destroy us economy.... Nasqag -3.30%, Dow -2%, S&amp;P -2.40%.... Thank god on the first Pandemic we had A strong government $IRNT $SNDL", "time": 1643059597.0, "sentiment": ""}, {"id": 429716165, "text": "$AAPL, draw in some fresh bag holders here ... don&#39;t buy before earnings.  Wait to see how badly MSFT is treated on Tuesday after the bell earnings.", "time": 1643059591.0, "sentiment": ""}, {"id": 429716131, "text": "$AABB $AAPL $TSLA $MSFT $GOOG All had infancy stages and short attacks. LOAD .11 cents on 5 gold mines &amp; a global exchange. LOAD!!! Risk/Reward X50-X100", "time": 1643059589.0, "sentiment": "Bullish"}, {"id": 429715956, "text": "$AMD $AAPL $F $MP time to turn off the machines and go on vacation", "time": 1643059574.0, "sentiment": ""}, {"id": 429715439, "text": "$AAPL I Never thought about calling the bottom on Apple..WTF", "time": 1643059531.0, "sentiment": "Bullish"}, {"id": 429714782, "text": "$AAPL \ud83c\udd99\ud83c\udd99\ud83c\udd99\ud83d\ude80", "time": 1643059480.0, "sentiment": "Bullish"}, {"id": 429714502, "text": "$AAPL Sell The Dip Buy The Rip\u2026", "time": 1643059458.0, "sentiment": "Bearish"}, {"id": 429714362, "text": "$SPY $TSLA $AAPL Ahhhhhhh @ShortyMcFly was right!!", "time": 1643059447.0, "sentiment": ""}, {"id": 429714273, "text": "$TSLA $AAPL I\u2019m a little new to this, is this a correction where everything is red for a couple weeks?  Or is there another explanation that I can\u2019t find on the news?", "time": 1643059440.0, "sentiment": ""}, {"id": 429714036, "text": "$AAPL buy the dip dip!!!", "time": 1643059422.0, "sentiment": "Bullish"}, {"id": 429713881, "text": "$AAPL great time to buy the dips and watch those profits dip too", "time": 1643059410.0, "sentiment": ""}, {"id": 429713209, "text": "$SOFI loooooooong. Holding for retirement. \n \nKnow what own in this market. \n \n$spy  $aapl  $dis  $FB", "time": 1643059357.0, "sentiment": "Bullish"}, {"id": 429712029, "text": "$SPY anybody who&#39;s hoping mkts get crushed is betting against US.  Betting against the economy.  Your neighbors job. Your dads pension and your 401k.   So watch what you wish for..$DIA $QQQ $BTC.X $AAPL", "time": 1643059269.0, "sentiment": ""}, {"id": 429711923, "text": "$AAPL way way way way overdone", "time": 1643059263.0, "sentiment": ""}, {"id": 429711686, "text": "$AAPL Earnings report will not save AAPL.  It&#39;s all about next quarter ... which is historically Apples weakest quarter.  Falls releases and Christmas over ...", "time": 1643059245.0, "sentiment": ""}, {"id": 429711127, "text": "$SPY finally in correction territory, now we march on to bear market? Maybe $AAPL  $MSFT  are only saviour to dismal outlook.", "time": 1643059207.0, "sentiment": ""}, {"id": 429710990, "text": "$AAPL algos taking this down deep in red through earnings then reversal next week", "time": 1643059196.0, "sentiment": ""}, {"id": 429710714, "text": "$AAPL \n\nTaper, taper, taper. Ok, inflation now. The next boogeyman is going to be high interest rates. \nGood ole Americans, we never wanna stop complaining. always  blaming someone else for our own  stupid mistake \nAs my grandfather always said if you can\u2019t  take the heat get out the kitchen get out the  market, Stupid nothing go up forever", "time": 1643059176.0, "sentiment": "Bullish"}]