[{"id": 429748615, "text": "$AAPL FUD kicking in for most. Shame. I\u2019m enjoying the sale!! Kwyo", "time": 1643062767.0, "sentiment": ""}, {"id": 429748570, "text": "$AAPL    \ud83c\udf4f Approaching the European Close, Indices making a \u201ccrescendo move lower\u201d?  Close, in 12 mins.", "time": 1643062763.0, "sentiment": ""}, {"id": 429748377, "text": "$AAPL NEW ARTICLE : Downward Slide for Stocks Continues to Start the Week https://www.stck.pro/news/AAPL/21879624", "time": 1643062746.0, "sentiment": ""}, {"id": 429748331, "text": "$AAPL I am all in at $32.10", "time": 1643062742.0, "sentiment": "Bearish"}, {"id": 429748206, "text": "$AAPL Some days it be like this in Markets so everyone sing it w/ me :o) \n \n$baba $bb $spy $tsla \n \nhttps://www.youtube.com/watch?v=RQRIOKvR2WM", "time": 1643062729.0, "sentiment": ""}, {"id": 429747960, "text": "$AAPL just wait til the troops are sent to Ukraine", "time": 1643062707.0, "sentiment": ""}, {"id": 429747854, "text": "$NVDA $AAPL $TSLA $AMD $NASDAQ Wou,if somebody say you this is just correciton,and Covid 2020 was worse,just look at this chart.Can you spot difference ? lol.This is Nasdaq chart", "time": 1643062699.0, "sentiment": "Bullish"}, {"id": 429747627, "text": "$AAPL To all the dumb Fcks that voted for Biden!  I bet the Orange man looks pretty good right now", "time": 1643062678.0, "sentiment": ""}, {"id": 429747462, "text": "$AAPL where is Trump when we need him", "time": 1643062661.0, "sentiment": ""}, {"id": 429747226, "text": "$AAPL $MSFT $NVDA $VOO Thanks Sleepy Joe \ud83d\ude21", "time": 1643062637.0, "sentiment": ""}, {"id": 429747140, "text": "$AAPL Biden invented time travel!!  It\u2019s 1976 again!! Gas crisis, American hostages, Russia Cold War!", "time": 1643062628.0, "sentiment": ""}, {"id": 429746445, "text": "$AAPL 148 on deck", "time": 1643062558.0, "sentiment": ""}, {"id": 429746390, "text": "$AAPL time to go long with a stop below the LOD", "time": 1643062552.0, "sentiment": "Bullish"}, {"id": 429745496, "text": "$AAPL $GOOG $FB $AMZN $MSFT \n Who voted for Biden? \nThis is what you get mtf! \nMtf printed and printed. Support the lazy and now everything\u2019s gonna crash.", "time": 1643062465.0, "sentiment": "Bearish"}, {"id": 429745452, "text": "$AAPL", "time": 1643062461.0, "sentiment": "Bearish"}, {"id": 429745246, "text": "$AAPL impeach Joe Byron!!", "time": 1643062441.0, "sentiment": ""}, {"id": 429744339, "text": "$AAPL what\u2019s the next support?", "time": 1643062350.0, "sentiment": ""}, {"id": 429744274, "text": "$AAPL dumb money buying \u2026 sell now, buy back later", "time": 1643062343.0, "sentiment": ""}, {"id": 429744231, "text": "$AAPL too many head winds", "time": 1643062339.0, "sentiment": ""}, {"id": 429743858, "text": "$AAPL The Dumb money  purge has begun..", "time": 1643062302.0, "sentiment": ""}, {"id": 429743423, "text": "$AAPL normal natural pull back. Apple is to big to fail. It will be back.", "time": 1643062255.0, "sentiment": "Bullish"}, {"id": 429743333, "text": "$AAPL $AMZN $FB $GOOG The Nasdaq has hit the mark where Biden was inaugurated . No gain in over 1 year.  Rancid democrats.", "time": 1643062245.0, "sentiment": "Bearish"}, {"id": 429743252, "text": "$AAPL options premiums seem much higher than usual today on both sides\u2026", "time": 1643062238.0, "sentiment": "Bullish"}, {"id": 429742982, "text": "$AAPL  \ud83c\udf4f Europe is Closing, in 20 mins.  10 Million+ Shares have traded in last 30 mins.", "time": 1643062209.0, "sentiment": "Bullish"}, {"id": 429742749, "text": "$AAPL sucks that the market is dragging it down. It doesnt want to go down. Bears coming to hit it when there is buyback blackout. Apple arent dumb, they were happy to buy back in 170s. Once earning blackout is over, they ll buy back worth 10s of billion again", "time": 1643062186.0, "sentiment": "Bullish"}, {"id": 429742181, "text": "$AAPL Nasdaq 18% off recent high", "time": 1643062124.0, "sentiment": ""}, {"id": 429741533, "text": "$AAPL rd 2 of todays sell off bout commence", "time": 1643062062.0, "sentiment": ""}, {"id": 429741230, "text": "$AAPL \n\nVery massive short attack !!", "time": 1643062032.0, "sentiment": ""}, {"id": 429741206, "text": "$AAPL 14% off recent high now.", "time": 1643062030.0, "sentiment": ""}, {"id": 429741132, "text": "$MSFT $AAPL $NFLX dump these frauds", "time": 1643062023.0, "sentiment": "Bearish"}]