[{"id": 429787925, "text": "$AAPL \n\nThis is speculative short attack!", "time": 1643066316.0, "sentiment": ""}, {"id": 429787906, "text": "$AAPL this is just BS", "time": 1643066314.0, "sentiment": ""}, {"id": 429787478, "text": "All last week the flushes happened late day after the margin call window. Today&#39;s flush in advance opens door for real issues late day imo. Especially with the bigger names finally breaking \n \n $SPY $QQQ $AAPL $TSLA  $VIX", "time": 1643066281.0, "sentiment": ""}, {"id": 429787425, "text": "$BAND $TWLO $TQQQ $ROKU $AAPL 10 year is down today, you would think rates would be rising above 2% on 10 year with massive sell-off, this is overdone, you think a massive tech company gives a shit about a .25 or .50 rate hike?  Buy the dip and move on", "time": 1643066276.0, "sentiment": ""}, {"id": 429787420, "text": "$AAPL $165 Call expires on 01/28/2022 volume 24,020", "time": 1643066276.0, "sentiment": "Bullish"}, {"id": 429787370, "text": "$AAPL theta will kill those 160s calls", "time": 1643066272.0, "sentiment": "Bearish"}, {"id": 429787320, "text": "$AAPL I have my apple basket and keep adding some here definitely....\ud83e\udd17\ud83e\udd17\ud83e\udd17 I like red \ud83c\udf4e&#39;$ those are the best because they always turn green\ud83e\udd23\ud83e\udd17\ud83e\udd23", "time": 1643066267.0, "sentiment": "Bullish"}, {"id": 429787226, "text": "$AAPL Just bought some (500@155)  - playing to earnings", "time": 1643066260.0, "sentiment": "Bullish"}, {"id": 429787068, "text": "$AAPL come down \u2026 waiting to meet you", "time": 1643066247.0, "sentiment": ""}, {"id": 429786684, "text": "$AAPL when FED announce the rate increase later this week, will that help the stock bounce up?", "time": 1643066213.0, "sentiment": ""}, {"id": 429786597, "text": "$AAPL Nasdaq 19% off recent high", "time": 1643066205.0, "sentiment": ""}, {"id": 429786590, "text": "$QQQ going to see limit down finally $spy $AAPL $TSLA $AMZN", "time": 1643066204.0, "sentiment": "Bearish"}, {"id": 429786442, "text": "$AAPL Growth Stats:", "time": 1643066192.0, "sentiment": "Bullish"}, {"id": 429786275, "text": "$AAPL Wow what a great sale and it&#39;s oversold \ud83e\udd17", "time": 1643066178.0, "sentiment": "Bullish"}, {"id": 429786264, "text": "$AAPL where are the short squeezers? Dead? Suicide? Back at their mom&#39;s basement?", "time": 1643066177.0, "sentiment": "Bearish"}, {"id": 429786090, "text": "$AAPL 150-152ish coming . That\u2019s a big support at 150-152", "time": 1643066162.0, "sentiment": "Bearish"}, {"id": 429786017, "text": "$AAPL puts a printing baby", "time": 1643066155.0, "sentiment": "Bearish"}, {"id": 429785723, "text": "$AAPL this was the final holdout, still fine, but nobody escapes this one", "time": 1643066131.0, "sentiment": ""}, {"id": 429785433, "text": "$TSLA Cathie wood is the last laugh, also $AAPL 150-152 coming  ! Carefull", "time": 1643066105.0, "sentiment": "Bearish"}, {"id": 429785384, "text": "$AAPL -$12 since 1/20 MACD sell signal.. \nhttps://stocktwits.com/macd_trades/message/428572138", "time": 1643066101.0, "sentiment": "Bearish"}, {"id": 429785264, "text": "$AAPL Price Sentiment", "time": 1643066090.0, "sentiment": "Bullish"}, {"id": 429785240, "text": "$AAPL gonna announce a reverse split by earnings.", "time": 1643066088.0, "sentiment": ""}, {"id": 429784960, "text": "$SPY $AAPL $NFLX $TSLA $NVDA We are eliminating COVID-19 so we start from 2020.", "time": 1643066066.0, "sentiment": ""}, {"id": 429784819, "text": "$AAPL lost more now then did back in March 2020, wtf.", "time": 1643066052.0, "sentiment": ""}, {"id": 429784750, "text": "$AAPL gap between Aapl and Market eliminated. Performing Almost as bad as the market now.", "time": 1643066047.0, "sentiment": ""}, {"id": 429784745, "text": "Would like to see $AAPL reach the 200 day at around $150", "time": 1643066046.0, "sentiment": ""}, {"id": 429784708, "text": "$AAPL circuit breaker day?", "time": 1643066043.0, "sentiment": ""}, {"id": 429784595, "text": "$QQQ $SPY $AAPL $MSFT Straight up crash...", "time": 1643066032.0, "sentiment": ""}, {"id": 429784564, "text": "$AAPL timberrrr", "time": 1643066030.0, "sentiment": ""}, {"id": 429784551, "text": "$AAPL ohh wow", "time": 1643066028.0, "sentiment": ""}]