[{"id": 429823201, "text": "$AAPL Wow who knew uncle Joe had a time machine, it\u2019s 1977 and jimmy carter is President!!  Gas shortage, Russia Cold War, hostages in Iran.  The world laughing at the USA peanut farmer President, well here we go again", "time": 1643069742.0, "sentiment": ""}, {"id": 429822673, "text": "$AAPL needs to hit that 150 and bounce...", "time": 1643069682.0, "sentiment": "Bullish"}, {"id": 429822207, "text": "$AAPL not yet\u2026", "time": 1643069632.0, "sentiment": "Bullish"}, {"id": 429821996, "text": "$AAPL underperforming nasdaq? What?", "time": 1643069607.0, "sentiment": ""}, {"id": 429821983, "text": "$spy If shows like CNBC were honest &amp; helpful they would share real advice &amp; data, the would tell everyone how Algos hold off Buying &amp; Sellers dump into a void which is why the Market drops all day. \n \nThey would tell you the games played on MOC orders that get put in as well as how Buy Programs are paused, they would explain why you want to watch the price action from 1:30 into 2pm as the Market will see some movement from things set from Friday &amp; then they would tell you how 2-2:30 is when you want to hang out &amp; wait for Oil top close before buying. \n \nBut thats would be if they truly wanted to help mom &amp; pop Investors, they dont so,... \n \n$aapl $nflx  $baba $amzn", "time": 1643069606.0, "sentiment": ""}, {"id": 429821654, "text": "$AAPL skillz in", "time": 1643069570.0, "sentiment": "Bullish"}, {"id": 429821339, "text": "$SPY $AAPL $NVDA $DJIA $DWAC  honestly I\u2019d be all in for members of congress and our govt doing what they do now, if they release every move they do DAILY so I can buy what they buy DAILY\ud83d\ude02\ud83d\ude02", "time": 1643069535.0, "sentiment": ""}, {"id": 429821329, "text": "All dip buys green LFG \ud83d\udcaa\ud83c\udffd\ud83d\ude24\n\n$TSLA\n$AAPL\n$TLRY\n$SOFI\n$SPY", "time": 1643069534.0, "sentiment": ""}, {"id": 429821218, "text": "$AAPL\n\nWow!\n\nThe next amazon of real estate expi -\n\nhttps://www.fool.com/investing/2021/02/03/who-is-the-amazon-of-real-estate/", "time": 1643069523.0, "sentiment": "Bullish"}, {"id": 429820797, "text": "$AAPL   \ud83c\udf4f Today\u2019s Close, will confirm whether the Mkt has reached \u201ccapitulation\u201d, and \u201cconsolidation\u201d can occur ahead of the Fed Announcement on Wed.  Trade smart.  AAPL Volume at 1:10 pm/EDT:  Massive, 95.2 Million.", "time": 1643069479.0, "sentiment": "Bullish"}, {"id": 429820570, "text": "$SPY $AAPL $NVDA $DJIA  $DWAC after today I really want to see Nancy pelosis trade records leading up to today lol I want to see what she did before this massive sell off", "time": 1643069455.0, "sentiment": ""}, {"id": 429820268, "text": "$AAPL anti retailer media is saying the market is trading a 5X to 10X earnings..That&#39;s CODE for grab all the DUMB MONEY possible ..apple is proof..", "time": 1643069423.0, "sentiment": ""}, {"id": 429820221, "text": "Lot of people looking for reversal across fintwit , also oversold bounce expectation by them . Market will suck more in them and then change it course . $AAPL $AMZN \ud83d\udc1d", "time": 1643069419.0, "sentiment": ""}, {"id": 429820090, "text": "$AAPL tesla is the apple killer. Whe. Their phone is released, but bye apple. I got puts for earnings this week", "time": 1643069405.0, "sentiment": ""}, {"id": 429818433, "text": "$AAPL Biden truly hates America", "time": 1643069235.0, "sentiment": ""}, {"id": 429817924, "text": "$AAPL $165 Call expires on 01/28/2022 volume 30,110", "time": 1643069179.0, "sentiment": "Bullish"}, {"id": 429817809, "text": "$AAPL where do we think it will land? I\u2019m thinking 2020 reset. 90 bucks", "time": 1643069165.0, "sentiment": "Bullish"}, {"id": 429817630, "text": "$MSFT $AAPL $GOOGL $TSLA $SPY \nValuation reset \ud83d\ude35\u200d\ud83d\udcab", "time": 1643069143.0, "sentiment": "Bearish"}, {"id": 429816831, "text": "$VXX expecting EXLAX visit  later...Puker into Weds??? \n \n \n$QQQ   $AAPL stability", "time": 1643069052.0, "sentiment": ""}, {"id": 429816319, "text": "$AAPL Bought more shares and hedged them with some Puts. This is going to $140 and I\u2019ll keep buying until it does.", "time": 1643068990.0, "sentiment": "Bearish"}, {"id": 429815700, "text": "$AAPL who played the dip with me?  Don\u2019t be afraid to buy for a trade!", "time": 1643068919.0, "sentiment": "Bullish"}, {"id": 429815501, "text": "$AAPL stocks getting murdered in todays drive by!!! Buy!!!!", "time": 1643068897.0, "sentiment": ""}, {"id": 429815442, "text": "$AAPL \nLesson learned.. again.. always keep some dry powder.", "time": 1643068891.0, "sentiment": "Bullish"}, {"id": 429815343, "text": "$AAPL Big delta trade", "time": 1643068880.0, "sentiment": "Bullish"}, {"id": 429815221, "text": "$AAPL - Avoid buying, major MACD downtrend here..", "time": 1643068867.0, "sentiment": "Bearish"}, {"id": 429814831, "text": "$AAPL held the 150D in the October selloff. Today it did the same on the first attempt \n \nhttps://www.tradingview.com/x/aYwZYeRJ/", "time": 1643068829.0, "sentiment": ""}, {"id": 429814794, "text": "$AAPL end of black Monday XXLsale turned $CRM lets go pumping LFG", "time": 1643068826.0, "sentiment": "Bullish"}, {"id": 429814701, "text": "$AAPL market doesn\u2019t want to go up. Need to keep rates low for Wednesday", "time": 1643068815.0, "sentiment": ""}, {"id": 429814594, "text": "$SPY $QQQ $AAPL \nTimes like this makes great traders/investors and flush out the ones who wasn&#39;t built for this shit", "time": 1643068804.0, "sentiment": "Bullish"}, {"id": 429814365, "text": "$AAPL must be using DARKPOOL to drop this", "time": 1643068781.0, "sentiment": ""}]