[{"id": 429867146, "text": "$AAPL hmmm, not yet , could be long way to go yet", "time": 1643074742.0, "sentiment": ""}, {"id": 429866640, "text": "$AAPL", "time": 1643074673.0, "sentiment": "Bearish"}, {"id": 429866575, "text": "$AAPL     \ud83c\udf4f As price discovery was recovering, \u201creal panic ensued\u201d\u2026HFund Shorts \u201cattacked deep\u201d.  WallSt Buyers are always \u201cahead of the Street, &amp; HFund Shorts always greedily last to Cover\u2026disrupting the Tape.", "time": 1643074662.0, "sentiment": ""}, {"id": 429866529, "text": "$AAPL pathetic!! \nCan\u2019t wait till the 4th quarter results come out and apple blows everyone out of the water!!", "time": 1643074656.0, "sentiment": "Bullish"}, {"id": 429866363, "text": "$AAPL this is showing clearly that many fearful investors sold off cheap so big players can buy at cheap accumulating before earnings so this stock will take off to 200 anyways.\n\nI won\u2019t be surprised .. if it gets there 170 next week then 200 by next month.", "time": 1643074635.0, "sentiment": "Bullish"}, {"id": 429865993, "text": "$AAPL the market is green and aapl is still down massively", "time": 1643074577.0, "sentiment": "Bearish"}, {"id": 429865945, "text": "$AAPL great scalping today! Keep stacking them gains! 20%-30% is golden! The turnaround will be sweet! \ud83e\udd24\ud83e\udd24\ud83e\udd11\ud83d\udc4d\ud83c\udffc", "time": 1643074572.0, "sentiment": "Bullish"}, {"id": 429865878, "text": "$AAPL after market is going to be green they haven\u2019t posted shit for news", "time": 1643074560.0, "sentiment": ""}, {"id": 429865875, "text": "$AAPL \nCALL\nBULLISH\n0.29\n170.00\n04/14/22\n$34K\n66 @ 5.15", "time": 1643074560.0, "sentiment": "Bullish"}, {"id": 429865757, "text": "$AAPL people pushing for $160.00 when they should be pushing for $185.00 ..", "time": 1643074545.0, "sentiment": "Bullish"}, {"id": 429865277, "text": "$FB Strongest big tech so far. $AAPl $MSFT $FB", "time": 1643074472.0, "sentiment": ""}, {"id": 429865112, "text": "$AAPL She wants $160", "time": 1643074450.0, "sentiment": "Bullish"}, {"id": 429864702, "text": "$AAPL buy the dip. Record shattering earnings and guidance ahead", "time": 1643074393.0, "sentiment": "Bullish"}, {"id": 429864331, "text": "$AAPL tracking channel line nicely.", "time": 1643074338.0, "sentiment": "Bearish"}, {"id": 429864074, "text": "$AAPL Wen $150 so I can load again", "time": 1643074304.0, "sentiment": ""}, {"id": 429863177, "text": "$TSLA $SPY $QQQ $AAPL \n\nBulls, this ones for you... \ud83c\udfbb\n\nhttps://youtu.be/3gK_2XdjOdY", "time": 1643074183.0, "sentiment": "Bearish"}, {"id": 429863174, "text": "$AAPL  SHORTS(MM&#39;s)  are driving the prices down.. This is no coincidence.. bring on the SHORT SQUEEZE ...", "time": 1643074183.0, "sentiment": "Bullish"}, {"id": 429863030, "text": "Waiting for the Dip in this Market $SPY $TSLA $MSFT $GME $AAPL", "time": 1643074162.0, "sentiment": ""}, {"id": 429862805, "text": "$AABB $TSLA $AAPL $GOOG $MSFT Buy Ratings on these tickers! Make sure you add the Gold + crypto exchange X50 coming!!", "time": 1643074131.0, "sentiment": "Bullish"}, {"id": 429862593, "text": "$AAPL same thing on sept trend ..", "time": 1643074100.0, "sentiment": ""}, {"id": 429861852, "text": "$AAPL i\u2019m still bullish in appl way oversold", "time": 1643073995.0, "sentiment": "Bullish"}, {"id": 429861657, "text": "To get thru these downtrend resistance lines stocks need to make high bases to flatten out the down sloping lines and then try again.  Higher lows essential.  $AAPL good ex", "time": 1643073970.0, "sentiment": ""}, {"id": 429861592, "text": "This tape is all about $TSLA and $AAPL", "time": 1643073962.0, "sentiment": ""}, {"id": 429861472, "text": "I heard an analyst say that they are waiting for $AAPL 200 day MA to cross $150 as a benchmark for when they think it\u2019s safe to start or add into new positions into $DJIA $SPX $SPY and $NASDAQ . I think that\u2019s fair.", "time": 1643073946.0, "sentiment": "Bullish"}, {"id": 429861116, "text": "$AAPL Swinging my put", "time": 1643073896.0, "sentiment": "Bearish"}, {"id": 429860878, "text": "$SPY $AAPL $TSLA $MSFT  &quot;Biden is doing great&quot;", "time": 1643073865.0, "sentiment": "Bearish"}, {"id": 429860405, "text": "$AAPL \n\nThe global monopoly is down this much? \n\nI am buying!!!", "time": 1643073808.0, "sentiment": "Bullish"}, {"id": 429860294, "text": "$AAPL here comes the drop again let&#39;s see if it bounces at 156", "time": 1643073793.0, "sentiment": ""}, {"id": 429860199, "text": "$AAPL ", "time": 1643073782.0, "sentiment": ""}, {"id": 429859620, "text": "$QQQ if there\u2019s ever a time to be bullish it\u2019s now we could have a reversal candle folks :) $SPY $TSLA $NVDA $AAPL", "time": 1643073706.0, "sentiment": "Bullish"}]