[{"id": 429898473, "text": "$AAPL yes, because billions in profits for WS despite cries from the inflationary fear wingers is not enough.  What a bunch of fucking ass hole crybabies", "time": 1643078881.0, "sentiment": "Bullish"}, {"id": 429898338, "text": "$AAPL \n\nYou have been duped by selling cheap stock ..\n\nSee NASDAQ went green .. for what ?! \n\nThe big buyer say thank you and we will take off .. \n\nMan \n\nThe VIX was +7 and now it\u2019s 1.88\n\nCome on it\u2019s algo based ..", "time": 1643078867.0, "sentiment": "Bullish"}, {"id": 429898061, "text": "$AAPL Time to die", "time": 1643078836.0, "sentiment": "Bearish"}, {"id": 429898057, "text": "$AAPL 1000 pt turn around in the DOW....that was your flush   IBM reports..", "time": 1643078836.0, "sentiment": ""}, {"id": 429898020, "text": "$AAPL", "time": 1643078830.0, "sentiment": "Bullish"}, {"id": 429897299, "text": "$AAPL feb calls bought on the low today look good", "time": 1643078744.0, "sentiment": ""}, {"id": 429897273, "text": "$AAPL not green today?", "time": 1643078742.0, "sentiment": ""}, {"id": 429897221, "text": "$AAPL let me guess. Dropping it AH", "time": 1643078735.0, "sentiment": ""}, {"id": 429897218, "text": "$AAPL Finally Green Day tomorrow watch", "time": 1643078735.0, "sentiment": "Bullish"}, {"id": 429897080, "text": "$SPY $QQQ right on queue with tech earnings coming $AAPL $MSFT \ud83d\ude80\ud83d\ude0a\ud83d\udd25", "time": 1643078717.0, "sentiment": "Bullish"}, {"id": 429897072, "text": "$AAPL what\u2019s it gonna be\u2026..", "time": 1643078716.0, "sentiment": ""}, {"id": 429897042, "text": "$AAPL The struggle is real", "time": 1643078711.0, "sentiment": ""}, {"id": 429896346, "text": "$AAPL bears selling there stock", "time": 1643078629.0, "sentiment": ""}, {"id": 429896325, "text": "$AAPL someone doesn\u2019t want it over $160", "time": 1643078626.0, "sentiment": ""}, {"id": 429896044, "text": "$AAPL wowowoow \ud83e\udd74\ud83e\udd74\ud83e\udd74 it\u2019s like watching the make or break touchdown point lol", "time": 1643078595.0, "sentiment": ""}, {"id": 429896021, "text": "$AAPL Apple is probably going to underperform for the entire year. People are going to become poor when the economy goes into a recession from a Fed overreaction of 4+ rate hikes and put off purchases of new apple gizmos.  That is if the Fed is stupid enough to do 4 rate hikes, they might try 1 hike and see is too much pain on the global economy, which would be the ideal scenario for Apple, but none the less, this stock will finish down or flat for this year.", "time": 1643078594.0, "sentiment": "Bearish"}, {"id": 429895900, "text": "$QQQ $IWM $AAPL $AMD $TSLA If Jpow says some good sht on Wednesday. This will definitely be the biggest squeeze rally we will ever seen in history. The price on stocks have been dropping ridiculously. Im expecting 4% moves on index due to shorts covering and FOMO", "time": 1643078581.0, "sentiment": "Bullish"}, {"id": 429895811, "text": "$AAPL bears sellin or what", "time": 1643078572.0, "sentiment": ""}, {"id": 429895706, "text": "$AAPL sheeeeeeeesh \ud83e\udd26\ud83c\udffb\u200d\u2642\ufe0f\ud83e\udd22", "time": 1643078559.0, "sentiment": ""}, {"id": 429895352, "text": "$AAPL it will hurt less if you just take it like a good girl", "time": 1643078522.0, "sentiment": ""}, {"id": 429895312, "text": "$AAPL 20 min. If it doesn\u2019t break tomorrow is not gonna be pretty.", "time": 1643078518.0, "sentiment": ""}, {"id": 429895033, "text": "$AAPL scary territory. Not breaking $160 \ud83d\ude05\ud83d\ude05\ud83d\ude05", "time": 1643078487.0, "sentiment": ""}, {"id": 429894991, "text": "$AAPL thats it Green Day er body", "time": 1643078484.0, "sentiment": ""}, {"id": 429894952, "text": "$AAPL  \ud83c\udf4f Nasdaq, green.", "time": 1643078479.0, "sentiment": "Bullish"}, {"id": 429894862, "text": "$SPY $IBM $AMD $FB $AAPL", "time": 1643078470.0, "sentiment": "Bearish"}, {"id": 429894817, "text": "$AAPL Correction has found support \ud83d\ude06", "time": 1643078466.0, "sentiment": "Bullish"}, {"id": 429894677, "text": "$AAPL Nasdaq going green! Rest of week green!", "time": 1643078451.0, "sentiment": ""}, {"id": 429894368, "text": "$AAPL make some comments bears get us scared", "time": 1643078420.0, "sentiment": ""}, {"id": 429894296, "text": "$AAPL I\u2019m guessing the bears are very nervous!", "time": 1643078412.0, "sentiment": "Bullish"}, {"id": 429894158, "text": "$SPY Green_ how bout them $AAPL &#39;s...", "time": 1643078398.0, "sentiment": ""}]