[{"id": 429850800, "text": "$AAPL Charles Payne FOX BUSINESS is slapping a pErma bear as we speak..", "time": 1643072739.0, "sentiment": "Bullish"}, {"id": 429850769, "text": "$AAPL it\u2019s been seven days in red need a green", "time": 1643072736.0, "sentiment": ""}, {"id": 429850767, "text": "$AAPL LONG", "time": 1643072736.0, "sentiment": "Bullish"}, {"id": 429850691, "text": "$AAPL Come on!  Turn green already...   Burn those puts!", "time": 1643072729.0, "sentiment": "Bullish"}, {"id": 429850235, "text": "$AAPL let\u2019s close green!!!!", "time": 1643072684.0, "sentiment": "Bullish"}, {"id": 429850174, "text": "$SOFI 4 day in a row trading volume 100M+ and with playing along side with big boys like $F and $AAPL. This will be norm moving forward being #SOFIBANK and leader in #DIGITALBANK", "time": 1643072676.0, "sentiment": ""}, {"id": 429850171, "text": "$AAPL is it ok to buy more apple now or do u need to", "time": 1643072676.0, "sentiment": ""}, {"id": 429849956, "text": "Wondering how MEET KEVIN will try to time this action. What a scammer $TSLA $TTCF $AAPL", "time": 1643072657.0, "sentiment": ""}, {"id": 429849890, "text": "$AAPL    \ud83c\udf4f Volume move underway:  Massive, 108 Million on the Day.", "time": 1643072651.0, "sentiment": ""}, {"id": 429849849, "text": "$AAPL Let\u2019s gooo", "time": 1643072646.0, "sentiment": "Bullish"}, {"id": 429848918, "text": "$AAPL \ud83c\udfaf\ud83d\ude80\ud83d\ude80\ud83d\ude80C&#39;mon man", "time": 1643072564.0, "sentiment": "Bullish"}, {"id": 429848575, "text": "$AAPL AAPL 2022-01-24 Technical Analysis Video: \nhttps://www.youtube.com/watch?v=UdaubeYsQoA", "time": 1643072532.0, "sentiment": ""}, {"id": 429848409, "text": "$AAPL I say 20 points above days high", "time": 1643072517.0, "sentiment": ""}, {"id": 429848215, "text": "$ALPP \n\nI still stand by the argument that it\u2019s not impossible for ALPP to supply components to $AMZN and it\u2019s possible that Alpine could be helping $AAPL either build its EV or an Apple Drone.   \n\nRemind yourself of the prototype work which Alpine is doing.   It remains to be seen what this could be. \ud83d\udc42\ud83c\udffb", "time": 1643072498.0, "sentiment": ""}, {"id": 429847999, "text": "$AABB $MSFT $TSLA $AAPL $INTC Quarterly reports come out this week on Apple Tesla Intel Microsoft. If you are planning on a hedge https://www.marketscreener.com/news/latest/Today-on-Wall-Street-It-s-going-to-be-an-eventful-week--37625821/?countview=0 Gold + Crypto Exchange will blow past .11 cents Q1-Q2 X50", "time": 1643072476.0, "sentiment": "Bullish"}, {"id": 429847799, "text": "$AAPL Selling more apple?", "time": 1643072458.0, "sentiment": "Bullish"}, {"id": 429847676, "text": "$MSFT $QQQ $AAPL Make or break time on the rally. All at a key level they need to take out or we get another leg down.", "time": 1643072445.0, "sentiment": ""}, {"id": 429847241, "text": "$AAPL Lotsa dip buyers that will be pretty fast to exit from 2:30pm EST on ... these dip buyers are just scalpers ready to sell before EOD.", "time": 1643072404.0, "sentiment": ""}, {"id": 429846634, "text": "That was the most vicious thing I have ever seen and experienced in the stock market $SPY $AAPL $TSLA", "time": 1643072337.0, "sentiment": ""}, {"id": 429846129, "text": "Large-Cap Tech Stocks Provide No Shelter From the Selloff, With One Exception  $NVDA $TSM $AAPL $FB $MSFT \n\nhttps://newsfilter.io/a/48994f4388547a9cc875f7876d6c9fc1", "time": 1643072285.0, "sentiment": ""}, {"id": 429845834, "text": "$AAPL \ud83e\uddd0\ud83e\uddd0\ud83e\uddd0. Cheap ???   YES \ud83c\udf4f\ud83c\udf4f\ud83c\udf4f", "time": 1643072254.0, "sentiment": "Bullish"}, {"id": 429845772, "text": "$QQQ short it to death\u2026 $SPY $AAPL $VOO \n\nWorst market crash In history coming. \ud83c\uddfa\ud83c\uddf8 is all debt and 30x over valued due to the stock market \ud83d\udcc8", "time": 1643072249.0, "sentiment": "Bearish"}, {"id": 429845681, "text": "$AAPL apple needs to re-visit $150", "time": 1643072238.0, "sentiment": ""}, {"id": 429845177, "text": "$AAPL is there an epic squeeze coming", "time": 1643072184.0, "sentiment": ""}, {"id": 429845059, "text": "$AAPL Gone to BDSI P/EG .3 , VS  AAPL  P/EG 17.7", "time": 1643072172.0, "sentiment": ""}, {"id": 429844977, "text": "$AAPL pains in but for shorts ...", "time": 1643072163.0, "sentiment": ""}, {"id": 429844551, "text": "$AAPL if your a bear and haven\u2019t sold yet your today you deserve to loose", "time": 1643072120.0, "sentiment": "Bearish"}, {"id": 429844322, "text": "$AAPL was analyzed by 49 analysts. The buy consensus is at 84%. So analysts seem to be very confident about $AAPL. https://www.chartmill.com/stock/analyzer/stock/AAPL?view=analyst-ratings&amp;utm_source=stocktwits&amp;utm_medium=ANALYST&amp;utm_content=AAPL&amp;utm_campaign=social_tracking", "time": 1643072100.0, "sentiment": ""}, {"id": 429843794, "text": "$AAPL will not be spared in the earnings bloodbath. 120 incoming", "time": 1643072043.0, "sentiment": "Bearish"}, {"id": 429843574, "text": "$AAPL every time I pop in the earbuds and press play on them, U2 plays as a default. I would sell all my AAPL if I had some just for this reason.", "time": 1643072020.0, "sentiment": ""}]