[{"id": 429877802, "text": "$AAPL Head and shoulders on the daily", "time": 1643076357.0, "sentiment": "Bearish"}, {"id": 429877555, "text": "$AAPL HOLDDDDDD", "time": 1643076322.0, "sentiment": "Bullish"}, {"id": 429877401, "text": "Notable $FB outperformance versus $AAPL $MSFT $GOOGL", "time": 1643076300.0, "sentiment": ""}, {"id": 429876892, "text": "$AAPL I&#39;ve been a shareholder for years and sold out completely this morning. Never saw Apple drop 7% in one morning. That is not volatility...that is insanity. Going to watch for awhile. Don&#39;t like what I see here. Russia is playing chicken and we have an idiot in the white house, 7% inflation and a fed caught with it&#39;s pants down. The last time it was this bad was when Jimmy Carter was president and we all know that didn&#39;t end so well...will buy back in when things settle down. GLTA.", "time": 1643076227.0, "sentiment": ""}, {"id": 429876604, "text": "$AAPL \nVOLUME AT THIS TIME 122.89M. \n5.5 Hours. \nAverage 22.34M. Per Hour. \n\nLowing Volume. \n&amp; Nasdaq. \nI think, is the last BARGAIN DAY. \n\nTomorrow UP HEAVY NASDAQ &amp; ALL.", "time": 1643076189.0, "sentiment": "Bullish"}, {"id": 429876200, "text": "$AAPL fuck you meet Kevin", "time": 1643076129.0, "sentiment": ""}, {"id": 429875646, "text": "$BABA $AAPL bought the dip. Cash cow, almost bullet proof from interest rate hike but benefit from inflation and covid.", "time": 1643076049.0, "sentiment": "Bullish"}, {"id": 429875269, "text": "$AAPL as much as I love apple I think apple did nothing impressive to valued at this level. Drop is inevitable", "time": 1643075997.0, "sentiment": ""}, {"id": 429873758, "text": "$SPY $AMZN $TSLA Metaverse wont send it troops to Ukraine and Apple will still sell there gadgets will it be war or not:))) Load up! Lets bring our voctory back!!! \n$FB Long @ 301.25 Taret @ 310.00 Stop Loss 290.00  \n$AAPL Long @ 157.13 Target 159.00 Stop Loss 155.20", "time": 1643075761.0, "sentiment": "Bullish"}, {"id": 429873396, "text": "$AAPL NEW ARTICLE : There are a lot of good names on sale: Strategic Wealth Partners&#39; Mark Tepper https://www.stck.pro/news/AAPL/21888234", "time": 1643075708.0, "sentiment": ""}, {"id": 429873108, "text": "$SPY LOADED IN $AAPL", "time": 1643075657.0, "sentiment": "Bullish"}, {"id": 429872844, "text": "$AAPL super bullish", "time": 1643075617.0, "sentiment": "Bullish"}, {"id": 429872581, "text": "$AAPL WHAT A BUGGER,  STOCK MARKET CRASH , FRAUDELENT GOVT. THATS WHAT HAPPENS -MARKET CRASH, BIDENFLATION, HIGH GAS PRICES, LABOR SHORTAGES,  FOOD SHORTAGES, OVERSEAS WARS LIKE DEMOCRATS IN 70&#39;S", "time": 1643075574.0, "sentiment": ""}, {"id": 429872279, "text": "$AAPL US places up to 8,500 troops on alert for possible deployment amid Russia tensions https://www.cnn.com/2022/01/24/politics/biden-troops-europe/index.html", "time": 1643075529.0, "sentiment": ""}, {"id": 429871784, "text": "$AAPL Apple is a part of a global rug pull..How can everyone sell at the same time.. Timmy what would Steve Jobs do?", "time": 1643075453.0, "sentiment": ""}, {"id": 429871456, "text": "$AAPL looks like it\u2019s not valued above 158 today and nit below 155", "time": 1643075406.0, "sentiment": ""}, {"id": 429871108, "text": "$AAPL \ud83d\udcc9", "time": 1643075350.0, "sentiment": "Bearish"}, {"id": 429870919, "text": "$AAPL Dear Crystal Ball,\n\nPlease tell me when a good entry point is to BUY.\n\nI got about a quarter Mill burning a hole in my bank account. \n\nSigned, \u2013 Desperate\n\nPS: Who do you have winning the Super Bowl this year?", "time": 1643075321.0, "sentiment": ""}, {"id": 429870385, "text": "$TSLA $SPY $QQQ $AAPL \n\nGET THE VIOLINS READY BULLS...\ud83c\udfbb\n\nhttps://youtu.be/uffHb6JgoiQ", "time": 1643075241.0, "sentiment": "Bearish"}, {"id": 429870241, "text": "$AAPL should we buy now or after earning?", "time": 1643075221.0, "sentiment": ""}, {"id": 429869928, "text": "$AAPL. Surviving BBB \ud83e\udd21\ud83e\udd21\ud83e\udd21\ud83e\udd21\ud83e\udd21\ud83e\udd21\ud83e\udd21Build backward better \u2639", "time": 1643075175.0, "sentiment": ""}, {"id": 429869442, "text": "$FB  $AMZN $FB $AAPL $SPX I feel blessed. Being able to trade CFD&#39;s is an absolute blessings. I feel like traders from the USA and other countries that don&#39;t allow CFD trading have massive disadvantages ! Trading options with expiries is just not sexy enough for me. USA traders are getting F*cked.", "time": 1643075100.0, "sentiment": "Bearish"}, {"id": 429869206, "text": "$AAPL um how is it underperforming the daq so terribly", "time": 1643075062.0, "sentiment": ""}, {"id": 429869011, "text": "$AAPL Stopped out at break even. I am not fucking around with this market with any new buy.", "time": 1643075031.0, "sentiment": ""}, {"id": 429868576, "text": "$AAPL just means I wont sell today", "time": 1643074964.0, "sentiment": ""}, {"id": 429868113, "text": "$AAPL DUMB MONEY JOHNNY COME LATELY want everyone in the trenches to retreat  in order for them to buy at  a lower share price..", "time": 1643074889.0, "sentiment": "Bullish"}, {"id": 429867979, "text": "$SPY $AAPL  Joooooeeeeee", "time": 1643074866.0, "sentiment": "Bearish"}, {"id": 429867822, "text": "$SPY theta gang back to fkn both puts and calls. Better to stay in the sidelines for now happy that I tripled my account in the last week \ud83d\ude2c $AAPL $AMZN $TSLA $$QQQ", "time": 1643074842.0, "sentiment": ""}, {"id": 429867751, "text": "$AAPL", "time": 1643074832.0, "sentiment": ""}, {"id": 429867524, "text": "$AAPL $145 is their goal before the bloodbath reverses.", "time": 1643074796.0, "sentiment": ""}]