[{"id": 429859371, "text": "$NFLX https://youtu.be/5eCGcO2iHV4 \nThought you guys might appreciate it. It&#39;s a full discounted cash flow model with moderate assumptions. Currently we&#39;re trading below the intrinsic value but I do expect that the stock will keep falling because of the current market conditions.  \n \n$TSLA $CRM $AAPL $AMZN", "time": 1643073674.0, "sentiment": ""}, {"id": 429858961, "text": "$AAPL time for the sell off", "time": 1643073624.0, "sentiment": "Bearish"}, {"id": 429858889, "text": "$AAPL went to BDSI P/EG .3 , VS  AAPL  P/EG 17.7", "time": 1643073616.0, "sentiment": ""}, {"id": 429858530, "text": "$AAPL  \ud83c\udf4f Margin Calls have been underway, all Day.  Heavy\u2026.  Oil Mkts, Closing in 10 mins.", "time": 1643073567.0, "sentiment": "Bullish"}, {"id": 429858165, "text": "$AAPL iv noticed every time the news says to buy you sell , they say sell buy and hold. mixed feelings the stock will be all over the place.", "time": 1643073524.0, "sentiment": ""}, {"id": 429857721, "text": "$AAPL dead cat bounce, just created new bag holders. Looks like it wants to trend down til after earnings then back up", "time": 1643073469.0, "sentiment": ""}, {"id": 429857591, "text": "$TSLA $SPY $QQQ $AAPL \n\npoots looking beautiful \ud83d\ude0d", "time": 1643073453.0, "sentiment": "Bearish"}, {"id": 429857362, "text": "$AAPL $TSLA $SHOP the algorithms worked great today. Everything started to pop at 12:30", "time": 1643073422.0, "sentiment": ""}, {"id": 429857154, "text": "$AAPL Not a  penny stock... based on the post ,people with  bear delusions think we&#39;re see the $120.00 price traget,when it comes down to apple analysis..", "time": 1643073395.0, "sentiment": "Bullish"}, {"id": 429857024, "text": "$NVDA gonna be a strong er week $AAPL $MSFT $TSLA", "time": 1643073377.0, "sentiment": "Bullish"}, {"id": 429856378, "text": "$AAPL good thing we saw bottom.", "time": 1643073299.0, "sentiment": ""}, {"id": 429856375, "text": "$AAPL bounce is taking place bring sub 153 next this week great time to start building a war chest for the 2023 run", "time": 1643073299.0, "sentiment": ""}, {"id": 429856155, "text": "$AAPL \n\nhttps://stocktwits.com/moongirl321/message/429827811", "time": 1643073269.0, "sentiment": ""}, {"id": 429855597, "text": "$AAPL bears try to keep it from going to 160", "time": 1643073206.0, "sentiment": ""}, {"id": 429855525, "text": "$SPY $AAPL $MSFT , hold for long term but I think this weeks earnings will send it even lower. Attached is Google search trends for the recent iphone models.", "time": 1643073200.0, "sentiment": ""}, {"id": 429855223, "text": "$AAPL $DIS $UVXY This play in chat paid us INSANELY - enjoy the gains my followers\n\ud83d\ude4c\ud83c\udffc\ud83e\udd13\ud83d\udc4a\ud83c\udffc", "time": 1643073170.0, "sentiment": ""}, {"id": 429854694, "text": "$RIDE $AAPL finally buying this out!?", "time": 1643073120.0, "sentiment": "Bullish"}, {"id": 429854610, "text": "$TALK play the long game and win. I don\u2019t think this company will be the next $aapl, but I do think that the returns over the next 10 year will be well worth the wait. $Talkspace brand has potential to be the go to place for mental help. I also think that VR will play a roll in the long term success. Hold 10 years. So, I would love to hear from other Talk Space investors. Why did you invest(if you are invested) in Talk Space?", "time": 1643073113.0, "sentiment": "Bullish"}, {"id": 429854558, "text": "$MSFT $AAPL $FB $AMZN $GOOG amazing sale \u2026 mark this post \u2026 value trades are biggest bubble and earnings will deflate value stocks and take this GARP back as leaders!", "time": 1643073109.0, "sentiment": "Bullish"}, {"id": 429853702, "text": "$AAPL careful on dead cat bounce", "time": 1643073028.0, "sentiment": "Bearish"}, {"id": 429853426, "text": "$AAPL ", "time": 1643073006.0, "sentiment": ""}, {"id": 429853347, "text": "$AAPL bulls spanking bears asses badly ... lol", "time": 1643072999.0, "sentiment": ""}, {"id": 429853199, "text": "Equity Sentiment: $AAPL is the #4 stock that institutions are trading with 17.7K options contracts.\n\nMarket analysis included in screenshot of dashboard from http://insiderfinance.io.", "time": 1643072985.0, "sentiment": ""}, {"id": 429852750, "text": "$RICK $DIS $AAPL $SHOP Ricks  (strippers and Breastaurants) will make more money per share in 2022 and 2023 than the Mouse trading at $133, crabApple @$157\nand SLOP @$936\nOnline sales are going to go down once Covid Goes away in less than 3 months.", "time": 1643072943.0, "sentiment": ""}, {"id": 429852616, "text": "$AAPL \nthe underline economic is very sound - the only problems we have right now / stock market do not have his cheerleader uncle Donald Trump.", "time": 1643072930.0, "sentiment": ""}, {"id": 429852164, "text": "$AAPL bullish", "time": 1643072885.0, "sentiment": "Bullish"}, {"id": 429851847, "text": "$AAPL $DIS $AMZN Those that watched this got HELLA PAID today\nDM me for free access to all that we do- click follow and I\u2019ll hook you up", "time": 1643072855.0, "sentiment": ""}, {"id": 429851604, "text": "$AAPL   \ud83c\udf4f Indices, improving:", "time": 1643072828.0, "sentiment": ""}, {"id": 429851572, "text": "This what our Analyst predicted on Jan 14th 2022. And he was damn correct! To get updates and trade ideas lynk in bayo $spy $tsla $aapl", "time": 1643072825.0, "sentiment": ""}, {"id": 429851442, "text": "$AAPL Pushing $160 pretty soon !", "time": 1643072811.0, "sentiment": "Bullish"}]