[{"id": 429833109, "text": "$AAPL you are paying way too much buying shares here.", "time": 1643070847.0, "sentiment": ""}, {"id": 429832432, "text": "$AAPL $175 after earnings", "time": 1643070764.0, "sentiment": "Bullish"}, {"id": 429832372, "text": "$AAPL  yeah... if you thought this increase was normal, then you lost alot of money.   Didn&#39;t ya?", "time": 1643070757.0, "sentiment": ""}, {"id": 429832321, "text": "$NVDA $AAPL $AMD $TSLA - look at $PINS - green! Its time!", "time": 1643070751.0, "sentiment": "Bullish"}, {"id": 429832148, "text": "$AAPL 150 incoming", "time": 1643070729.0, "sentiment": "Bearish"}, {"id": 429832075, "text": "$AAPL  man... this market was too predictable", "time": 1643070721.0, "sentiment": ""}, {"id": 429830787, "text": "$AAPL believe in the tim apple and he will deliver", "time": 1643070560.0, "sentiment": "Bullish"}, {"id": 429829945, "text": "$AMZN $AAPL $TSLA $MSFT  \nFutures were green this morning, until CNBC started their doom and gloom. Someone is shorting the markets...probably Black Rock or similar...", "time": 1643070451.0, "sentiment": "Bullish"}, {"id": 429829857, "text": "$AAPL Apple ER is not a needed catalyst. Stop the REAL STEAL.   Occupy W$B", "time": 1643070440.0, "sentiment": ""}, {"id": 429829246, "text": "$spy $qqq $tsla last hour is mother of all squeezes \ud83d\ude80\ud83d\ude80. $msft $AAPL", "time": 1643070362.0, "sentiment": "Bullish"}, {"id": 429829178, "text": "$AAPL $MSF $GOOGL $AMZN  \n \nChance to buy some FANNG? \n \nWeekly Video:  \n- Nflx &amp; Isrg ERs Breakdown  \n- It is time to BUY the dips?  \nhttps://youtu.be/icI4CXutZzY", "time": 1643070353.0, "sentiment": "Bullish"}, {"id": 429828993, "text": "$AAPL well that was a good run\u2026. Stopped out at 158.", "time": 1643070334.0, "sentiment": ""}, {"id": 429828848, "text": "$AAPL shitstock components rebounding HARD while Apple struggles. Errr, WHAT?", "time": 1643070319.0, "sentiment": ""}, {"id": 429828184, "text": "$TSLA  \n \nCNBC has been saying all morning &#39;looks like everyone is selling&#39;...NOOO, not everyone is selling- its just Vanguard, Blackrock deciding to sell...basically 2 people (investment heads at these two companies) determine where the markets will go...think about that! \n \nAs Carlin says- Game is skewed and surely not on average guy&#39;s favor.. \n \n$AAPL $AMZN $GOOG", "time": 1643070234.0, "sentiment": "Bullish"}, {"id": 429828171, "text": "$AAPL", "time": 1643070233.0, "sentiment": "Bearish"}, {"id": 429827581, "text": "$SPY Tony D added to his note this morn w/ a video just out. His indicators are still in line, its a lot of BTC Margin Calls &amp; forced Selling but no credit issue &amp; hes looking for a bounce/reflex rally. \n \nHis thoughts are you get a pop &amp; drop so while you can buy the Lows expect a move lower as well, he&#39;s think you dont have to rush &amp; buy the Pop but you dont need to Sell the dips now. \n \nAlso Banks reported this morn that they are lending more so again, there is no issue w/ credit just overall Market fear, sentiment &amp; Margin Calls influencing things    \n \n$aapl $amzn $jpm $wfc", "time": 1643070168.0, "sentiment": ""}, {"id": 429827367, "text": "$AAPL 149 eod", "time": 1643070145.0, "sentiment": ""}, {"id": 429827195, "text": "$KSS easiest short of your life!  $QQQ $SPY $AAPL $MSFT", "time": 1643070129.0, "sentiment": "Bearish"}, {"id": 429827107, "text": "$AAPL \ud83d\ude80\ud83e\udd11\ud83d\udcaf\u2708\ud83d\udc7d\ud83d\udc07\ud83e\udd84\ud83d\udd2b\u26be\ufe0f\ud83d\udca1\ud83d\udc0f\ud83d\ude48\ud83c\udf1e\ud83e\udd16", "time": 1643070119.0, "sentiment": "Bullish"}, {"id": 429826195, "text": "$AAPL green by close. Do it.", "time": 1643070031.0, "sentiment": "Bullish"}, {"id": 429826117, "text": "$AAPL bounce for daddy, right here", "time": 1643070024.0, "sentiment": ""}, {"id": 429825997, "text": "$AAPL good message", "time": 1643070013.0, "sentiment": ""}, {"id": 429825691, "text": "$SPY   $QQQ    \n \nmentioned retail Etf #XRT  i  saw PUT selling Friday.. about 80k contracts.. it&#39;s Up 2%..  market will likely ramp when $AAPL gets going higher and green.. caution for  vertical launch here..", "time": 1643069983.0, "sentiment": ""}, {"id": 429824661, "text": "Selloff: The Dow Drops 700 Points  $AAPL $MSFT $GOOG $TSLA $KSS \n\nhttps://newsfilter.io/a/4d69d59a4055150420c73391570e0420", "time": 1643069884.0, "sentiment": ""}, {"id": 429824405, "text": "$AAPL if you don\u2019t think this will get bought back up, quit investing forever.", "time": 1643069860.0, "sentiment": "Bullish"}, {"id": 429823943, "text": "$AAPL $158 let\u2019s go!! Make it our bitch bulls!", "time": 1643069817.0, "sentiment": "Bullish"}, {"id": 429823852, "text": "$MSFT $AAPL scare crows all over shut the cnbc \u2026 pick up good stocks", "time": 1643069809.0, "sentiment": "Bullish"}, {"id": 429823522, "text": "$AAPL buying the rumor, sell the news\u2026these results represent news, factor in the tech market crashing rn and buy some puts", "time": 1643069777.0, "sentiment": "Bearish"}, {"id": 429823384, "text": "$AAPL ABTD if you can afford it. Those that do and hold will become rich. That\u2019s the Facts! And Historical History of the stock market. Those who sell are the losers and Always have been!", "time": 1643069762.0, "sentiment": "Bullish"}, {"id": 429823240, "text": "$AAPL it\u2019s a proper market-wide bloodbath. Or as some would say, opportunity. Pick good companies.", "time": 1643069746.0, "sentiment": ""}]