[{"id": 429884900, "text": "$AAPL fed meeting tomorrow", "time": 1643077326.0, "sentiment": "Bearish"}, {"id": 429884895, "text": "$AAPL The national media said it a good time to buy..but I&#39;m fcking Broke ...", "time": 1643077325.0, "sentiment": "Bullish"}, {"id": 429884631, "text": "$QQQ $TSLA $AAPL Less worried.", "time": 1643077290.0, "sentiment": ""}, {"id": 429884332, "text": "$AAPL option don\u2019t expire today idiots", "time": 1643077250.0, "sentiment": ""}, {"id": 429884242, "text": "Anyone buying calls from here? $AAPL", "time": 1643077239.0, "sentiment": ""}, {"id": 429884209, "text": "$TSLA $SPY $QQQ $AAPL \n\nOMG!!! \ud83d\ude31\ud83e\ude78\ud83d\udcc9", "time": 1643077233.0, "sentiment": "Bearish"}, {"id": 429883816, "text": "$AAPL", "time": 1643077176.0, "sentiment": ""}, {"id": 429883738, "text": "$AAPL anyone else think this may tank after earnings? A lot of people\u2019s wealth is in here. If anything happens, this will collapse\u2026.. Im it bearish or bullish yet just spec.", "time": 1643077166.0, "sentiment": ""}, {"id": 429883499, "text": "$AAPL going over $160 today despite all the margin call selling", "time": 1643077133.0, "sentiment": ""}, {"id": 429883156, "text": "$AAPL Added!", "time": 1643077091.0, "sentiment": "Bullish"}, {"id": 429883003, "text": "$AAPL Goodtime to buy apple!!", "time": 1643077073.0, "sentiment": "Bullish"}, {"id": 429882974, "text": "$SPY +165% today! I love bear market! Everyday 100%+. \n$UVXY $TSLA $AAPL $BA", "time": 1643077069.0, "sentiment": ""}, {"id": 429882232, "text": "$AAPL it\u2019s on sale right now guys I\u2019m telling you buy now", "time": 1643076981.0, "sentiment": "Bullish"}, {"id": 429882216, "text": "$AAPL  don&#39;t let your political view tail wag your investment dog. Biden is doing fine. Infrastructure spending is much needed a good for everyone, especially the country.", "time": 1643076979.0, "sentiment": ""}, {"id": 429882137, "text": "$AAPL \n\nSo when we hit 3T .. that\u2019s the beginning of distribution to markdown (decline).\n\nSo now it\u2019s beginning of accumulation. \n\nSo we will pass 3 T because it\u2019s not the distribution peak anymore. 3.5 T to 4 T will be the new distribution peak.\n\nSo be prepared this is about to markup next month \u2026", "time": 1643076972.0, "sentiment": "Bullish"}, {"id": 429881941, "text": "$AAPL it\u2019s gonna go 200 real soon", "time": 1643076950.0, "sentiment": "Bullish"}, {"id": 429881728, "text": "$AAPL my patience is stronger than ever", "time": 1643076920.0, "sentiment": "Bullish"}, {"id": 429881381, "text": "$SNDL planning use $CRM  4sales encrease LFG M $AAPL HODL", "time": 1643076872.0, "sentiment": "Bullish"}, {"id": 429881258, "text": "$AAPL . Ukrainian news is a diversion..focus on HOME # let&#39;s go Brandon..", "time": 1643076855.0, "sentiment": "Bullish"}, {"id": 429881102, "text": "$AAPL buy buy \ud83c\udf4f\ud83c\udf4f\ud83c\udf4f\ud83c\udf4f\ud83c\udf4f\ud83c\udf4f\ud83e\udd32\ud83c\udffb\ud83e\udd32\ud83c\udffb\ud83e\udd32\ud83c\udffb\ud83e\udd32\ud83c\udffb\u2764\ufe0f\u2764\ufe0f\u2764\ufe0f\u2764\ufe0f\u203c\ufe0f\u203c\ufe0f\u203c\ufe0f\u203c\ufe0f\u203c\ufe0f\ud83d\udc90\ud83d\udc90\ud83d\udc90\ud83d\udc90", "time": 1643076837.0, "sentiment": ""}, {"id": 429881028, "text": "$QQQ Gap contention...  \n \n$TSLA $AAPL $AMZN $SHOP", "time": 1643076828.0, "sentiment": "Bullish"}, {"id": 429880795, "text": "$AAPL print puts let\u2019s go!", "time": 1643076798.0, "sentiment": "Bearish"}, {"id": 429880525, "text": "$BA Boeing most likely will outperform $AAPL  $MSFT$NFLX $AMZN  in 2022.", "time": 1643076763.0, "sentiment": "Bullish"}, {"id": 429880361, "text": "$AAPL this stock sucks", "time": 1643076740.0, "sentiment": ""}, {"id": 429880157, "text": "$AAPL all in noww", "time": 1643076714.0, "sentiment": "Bullish"}, {"id": 429879704, "text": "$AAPL", "time": 1643076654.0, "sentiment": "Bullish"}, {"id": 429879076, "text": "$AAPL The media is saying Back up the Truck load the boat ,like everyone was waiting for this day to jump in your favorite stock..", "time": 1643076560.0, "sentiment": ""}, {"id": 429878778, "text": "$SPY still buying LEAPS in $SPY $AMZN $AAPL &amp; $LOTZ.", "time": 1643076511.0, "sentiment": "Bullish"}, {"id": 429878314, "text": "$AAPL \n\nThis is markdown stage heading to accumulation stage now.\n\nThis is normal .. no need to go selling too soon. You have been duped and the big players have bought cheap thanks to your fears .. \n\nThat\u2019s why don\u2019t panic and just stay easy!", "time": 1643076437.0, "sentiment": "Bullish"}, {"id": 429878113, "text": "$AAPL  \ud83c\udf4f Massive Volume, surging:  124.6 Million+.  This does not include, heavy \u201cMM Bid-Matching Large Blocks\u201d Off-Mkt.", "time": 1643076407.0, "sentiment": "Bullish"}]