[{"id": 429810368, "text": "This is when the cream of the trading crop rise to the top. We don\u2019t panic sell we find set ups. $BLNK $SOFI $TSLA $AAPL $SPY", "time": 1643068380.0, "sentiment": ""}, {"id": 429809750, "text": "$AAPL $TSLA $GOOG $SPX anyone getting a Margin Maintenance Required notice?", "time": 1643068321.0, "sentiment": ""}, {"id": 429809731, "text": "$AAPL there is no reason for Apple to be down. They don\u2019t require financing (interest rates are irrelevant to it) and they remain massively profitable.", "time": 1643068319.0, "sentiment": ""}, {"id": 429809682, "text": "$AAPL This drop is the best thing can I ever happen for the market- wash away all the cry cry baby.", "time": 1643068315.0, "sentiment": ""}, {"id": 429809502, "text": "$FB $AAPL $AMZN $NFLX $GOOG How many dip buyers got margin call? Asking for a friend\u2026", "time": 1643068296.0, "sentiment": ""}, {"id": 429809078, "text": "$AAPL $AUPH I\u2019ve made $93k+(891.33%) with their alerts, Make as much as you want.100% Free trading chat.@@ discord.io/XFPu", "time": 1643068251.0, "sentiment": ""}, {"id": 429808786, "text": "$AAPL $165 Call expires on 01/28/2022 volume 28,035", "time": 1643068221.0, "sentiment": "Bullish"}, {"id": 429808530, "text": "$AAPL they love dumping on retail becuase retail Chases every rip, never learns", "time": 1643068196.0, "sentiment": "Bearish"}, {"id": 429808243, "text": "$AAPL dead cat bounce in full effect in the market $SPY", "time": 1643068162.0, "sentiment": "Bearish"}, {"id": 429808021, "text": "$FB $AAPL $AMZN $NFLX $GOOG Buying the dip\u2026 Moon bitches", "time": 1643068141.0, "sentiment": "Bullish"}, {"id": 429807817, "text": "$AAPL if this was to run into earnings it would\u2019ve been $175+ with apples buyback power. The don\u2019t want to buy with FED pulling rugs.", "time": 1643068119.0, "sentiment": "Bearish"}, {"id": 429807648, "text": "$AAPL might be a short term rush into the already crowded FAANGS (Microsoft instead of Netflix) $MSFT", "time": 1643068102.0, "sentiment": ""}, {"id": 429807459, "text": "$AAPL \n\ud83c\udf4f\nVolume Brutal \n86.83M. \n82.44M. INTRADAY. \nIN 3 Hours \nAverage 27.48M. Per Hour. \n\nToday is not NORMAL. \nPROJECTION 3:59PM. \n170M/179M.", "time": 1643068083.0, "sentiment": "Bullish"}, {"id": 429807457, "text": "$SPY $QQQ $AAPL Apple picket fence \n$111.11 you can do it\u2026", "time": 1643068083.0, "sentiment": ""}, {"id": 429807427, "text": "$AAPL Money flowing back in...", "time": 1643068081.0, "sentiment": "Bullish"}, {"id": 429807383, "text": "$AAPL ", "time": 1643068075.0, "sentiment": "Bullish"}, {"id": 429807367, "text": "$AAPL heading towards $157", "time": 1643068074.0, "sentiment": "Bullish"}, {"id": 429807297, "text": "$AAPL Sold at $181 as you all know. Bought back today at $154 and change.  QQQ are below their 200m DMA.  That is good enough for me.  I had to buy something with these discounts. Glad to be back in Apple.", "time": 1643068067.0, "sentiment": "Bullish"}, {"id": 429807049, "text": "$AAPL $165 Call expires on 01/28/2022 volume 27,375", "time": 1643068039.0, "sentiment": "Bullish"}, {"id": 429807032, "text": "$AABB $TSLA $AAPL $MSFT $AMZN time to LOAD THE BOATS", "time": 1643068038.0, "sentiment": "Bullish"}, {"id": 429806758, "text": "$SPY  $AAPL $167 on the Way #WhosKnow???", "time": 1643068004.0, "sentiment": "Bullish"}, {"id": 429806705, "text": "$SPY is starting to break the DownTrend for the first time today! This is where we may see $TSLA $AAPL $NFLX $AMZN start to rise!", "time": 1643067999.0, "sentiment": ""}, {"id": 429806471, "text": "$AAPL Wow", "time": 1643067978.0, "sentiment": "Bullish"}, {"id": 429806307, "text": "$AAPL if you fall for the dead cat bounce that\u2019s in you", "time": 1643067961.0, "sentiment": "Bearish"}, {"id": 429805963, "text": "$AAPL solid buying opportunity", "time": 1643067927.0, "sentiment": ""}, {"id": 429805927, "text": "$AMZN $GME $AMC $AAPL $SPY buy the dip has poisoned our minds. It was fun while it lasted. I think some people legit should be thinking about how to protect their wealth at this point", "time": 1643067923.0, "sentiment": ""}, {"id": 429805743, "text": "$AAPL 154 eod for sure", "time": 1643067905.0, "sentiment": "Bearish"}, {"id": 429805641, "text": "$AAPL $MSFT $GOOG until these have a 20% drop, we aren&#39;t going to get any help $QQQ", "time": 1643067896.0, "sentiment": ""}, {"id": 429805274, "text": "$AAPL I see a rainbow flag I see communist", "time": 1643067861.0, "sentiment": "Bearish"}, {"id": 429805048, "text": "$AAPL u vote for Biden, this is what u get. I saw this coming the second he was elected. Once some time went by where the Biden admin genius decisions took effect, here u go. And it\u2019s only been a year. Buckle up bc we\u2019re just getting started", "time": 1643067838.0, "sentiment": "Bearish"}]