[{"id": 429894052, "text": "$SPY Did the market just  say; \u201cHold my beer.\u201d ? $QQQ $AAPL", "time": 1643078389.0, "sentiment": ""}, {"id": 429893195, "text": "$AAPL it takes just one more big buy to get to 160", "time": 1643078304.0, "sentiment": ""}, {"id": 429892942, "text": "$AAPL Why is Apple 5x more down then freaking QQQ? Come ooon", "time": 1643078278.0, "sentiment": ""}, {"id": 429892791, "text": "$AAPL Holding calls on both. $BA", "time": 1643078261.0, "sentiment": "Bullish"}, {"id": 429892675, "text": "$AAPL   \ud83c\udf4f Harami.", "time": 1643078248.0, "sentiment": "Bullish"}, {"id": 429892361, "text": "$AAPL \n\ud83c\udf4f\nI told you!!!\n\nNasdaq REVERSE. \n\nLAST DAY. TOMORROW UP.", "time": 1643078216.0, "sentiment": "Bullish"}, {"id": 429892332, "text": "$AAPL \n\nNow they have finished wiping out and scared alot of investors. So they are going to accumulate before largest mark up ever \u2026\n\nMy biggest prediction would be 10 to 15 dollars gain on the ER date. Be prepared for it!", "time": 1643078213.0, "sentiment": "Bullish"}, {"id": 429891898, "text": "$AAPL      \ud83c\udf4f Wayyyy, \u201cOversold\u201d!", "time": 1643078165.0, "sentiment": ""}, {"id": 429891153, "text": "Looks like $AAPL is about to lose their 100 day on 5 year old chart which means only one more support line to go\n\n#acidface #wiggles\n\n$TSLA will you bless my union with your now ex family \n\nPS I can&#39;t wait to see you at xmas\n#snookembear", "time": 1643078090.0, "sentiment": "Bearish"}, {"id": 429891115, "text": "$AAPL l blame the russian goverment cut the internet off now think about that Bobby Up Ireland", "time": 1643078086.0, "sentiment": ""}, {"id": 429890973, "text": "$AAPL up on calls! I\u2019m holding them though \ud83e\udd1d\ud83d\udda8", "time": 1643078072.0, "sentiment": "Bullish"}, {"id": 429890959, "text": "$AAPL margin selling done....up from here the rest of the week", "time": 1643078071.0, "sentiment": ""}, {"id": 429890480, "text": "$AAPL   Russia will fuck off, good earnings. Im goin buy some new panties  for all you bears.", "time": 1643078020.0, "sentiment": ""}, {"id": 429890451, "text": "$AAPL \nThinking of selling everything and buying all Apple and Google.  20% for the year with little risk\u2026 imo\nBut I got beat down badly on the small growth stocks so I have to stay diversified.", "time": 1643078018.0, "sentiment": "Bullish"}, {"id": 429890239, "text": "$AAPL apple car soon?", "time": 1643077995.0, "sentiment": ""}, {"id": 429890220, "text": "$AAPL 161 is huge win if we get there considering the day!", "time": 1643077993.0, "sentiment": "Bullish"}, {"id": 429889750, "text": "$AAPL earning will be bad due to supply chain issues", "time": 1643077940.0, "sentiment": "Bearish"}, {"id": 429889498, "text": "$AAPL shits all over the place", "time": 1643077914.0, "sentiment": ""}, {"id": 429888999, "text": "$AAPL", "time": 1643077853.0, "sentiment": ""}, {"id": 429888906, "text": "NEW POST: Big Blue as a Big Tell  https://marketchess.com/2022/01/24/big-blue-as-a-big-tell   $AAPL $IBM $IWM $MSFT $TSLA", "time": 1643077840.0, "sentiment": ""}, {"id": 429888541, "text": "$AAPL oversold bigly", "time": 1643077793.0, "sentiment": ""}, {"id": 429888093, "text": "$AAPL fade into close", "time": 1643077733.0, "sentiment": "Bearish"}, {"id": 429887537, "text": "$AAPL let\u2019s go", "time": 1643077662.0, "sentiment": "Bullish"}, {"id": 429887157, "text": "$AAPL \n\nDo I sell or swing ?", "time": 1643077615.0, "sentiment": "Bullish"}, {"id": 429886759, "text": "$AAPL put put put", "time": 1643077566.0, "sentiment": ""}, {"id": 429885811, "text": "$AAPL   \ud83c\udf4f", "time": 1643077440.0, "sentiment": ""}, {"id": 429885694, "text": "$FB Long @ 301.25 Taret @ 310.00 Stop Loss 290.00  \nSold on 303.57 \n$AAPL Long @ 157.13 Target 159.00 Stop Loss 155.20z \nSold on 158.64", "time": 1643077424.0, "sentiment": ""}, {"id": 429885674, "text": "$AAPL people freaked last fed bullshit then went up after that", "time": 1643077421.0, "sentiment": ""}, {"id": 429885155, "text": "$AAPL wait for 150", "time": 1643077356.0, "sentiment": ""}, {"id": 429885062, "text": "$SPY  it ain\u2019t over !!! $AAPL $FB $UVXY", "time": 1643077345.0, "sentiment": "Bearish"}]