[{"id": 429941699, "text": "$AAPL let\u2019s begin at least a run up to double top. Would prefer a new ATH in the coming weeks.", "time": 1643084101.0, "sentiment": "Bullish"}, {"id": 429941425, "text": "$AAPL brace yourselves \ud83e\udd74", "time": 1643084047.0, "sentiment": "Bearish"}, {"id": 429941216, "text": "Oh, so this is 1929 again? Go ahead, buy $DWAC and short $AAPL. Have fun with that?", "time": 1643084010.0, "sentiment": ""}, {"id": 429941143, "text": "$AAPL Bears out thick today. Have good news and bad news friends. The time for puts may come but it will likely be after earnings to correct. Betting on it before Is risky.", "time": 1643083997.0, "sentiment": "Bullish"}, {"id": 429941026, "text": "$AAPL someone is getting ready for a crash, wasn&#39;t expecting that on yolo puts", "time": 1643083975.0, "sentiment": "Bearish"}, {"id": 429940978, "text": "$AAPL $140 end of week", "time": 1643083966.0, "sentiment": "Bearish"}, {"id": 429940812, "text": "$QQQ $SPY $NVDA $AAPL \nBahhhhh the dip, always right? Is this the bottom? \n\nAnswer: \ud83e\udd74\n\nThe $BILI \u2019s have been made, and the GME is over. RIP to the \ud83d\udc11", "time": 1643083933.0, "sentiment": "Bearish"}, {"id": 429940737, "text": "$AAPL not good https://www.google.com/amp/s/www.pymnts.com/apple/2022/apple-fined-up-to-57m-by-dutch-regulators-for-skirting-payment-system-rules/amp/", "time": 1643083922.0, "sentiment": "Bearish"}, {"id": 429939843, "text": "$AAPL NEW ARTICLE : Apple Fined up to $57M by Dutch Regulators for Skirting Payment System Rules https://www.stck.pro/news/AAPL/21893710", "time": 1643083763.0, "sentiment": ""}, {"id": 429938199, "text": "$AAPL downward trend is still intact. Selling pressure is not gone. Don\u2019t think it will reverse until at least $140ish. Fed meeting is where it\u2019s at. Can make or break.", "time": 1643083472.0, "sentiment": "Bearish"}, {"id": 429937851, "text": "$AAPL \nNext up $MSFT Tue -Wed  TSLA and AAPL \nThe  Three amigo", "time": 1643083412.0, "sentiment": ""}, {"id": 429936813, "text": "$SPY $QQQ $AAPL $UVXY $WMT   \n \nHistorically, outside reversal day in S&amp;P 500 is found with the opposing outside reversal day in an average of 10 trading sessions since 1980.  \n \nFacts are Fun!", "time": 1643083252.0, "sentiment": ""}, {"id": 429936803, "text": "Monday Option Volumes\n\n$AAPL 1.299m (52% call/48% put)\n$TSLA 1.122m (46% call/54% put)\n$F 947k (44% call/56% put)\n$NVDA 945k (60% call/40% put)\n\nLynk in bayo for option trading ideas", "time": 1643083252.0, "sentiment": ""}, {"id": 429936335, "text": "$AAPL today was technically still a red candle. Not sure what bulls are talking about expecting 180 in 4 days. \ud83e\udd74", "time": 1643083180.0, "sentiment": "Bearish"}, {"id": 429935773, "text": "$AAPL Today is a proof why diversification never work and all the \u201cadvisors\u201d that are telling everyone to do this are always wrong. \nToday all the sectors were down heavily at 1pm. Also metals, crypto and commodities. \nWhen people panic they sell everything!\nRemember this!", "time": 1643083089.0, "sentiment": ""}, {"id": 429935646, "text": "$AAPL $164 by 11 a.m. tomorrow IMHO", "time": 1643083069.0, "sentiment": ""}, {"id": 429935642, "text": "$SPY $465+ after $MSFT and $AAPL earnings", "time": 1643083068.0, "sentiment": "Bullish"}, {"id": 429935469, "text": "$AAPL thanks for the cheapies today .. \u2764\ufe0f", "time": 1643083039.0, "sentiment": ""}, {"id": 429935432, "text": "$SPY I\u2019m thinking we gap up after this 1H break. Too many catalyst incoming, Teslas ER will drive this up insanely on its own, not to mention $AAPL  and $MSFT  check the screenshot below for $TSLA", "time": 1643083033.0, "sentiment": "Bullish"}, {"id": 429934653, "text": "$AAPL Key News Update \nApple fined $5.6M after Dutch dating app antitrust order", "time": 1643082903.0, "sentiment": "Bullish"}, {"id": 429934433, "text": "$AAPL When Apple was between 154-155.50 I took screenshots of the market, printed them and put on the wall to remind me to why I never sell when everything is crazy and people panic. Then I went out and just now checked what happen. \nIn other words - selling in panic times is not worth it.", "time": 1643082867.0, "sentiment": ""}, {"id": 429934034, "text": "$AAPL What do you guys think after earnings, up or down", "time": 1643082805.0, "sentiment": ""}, {"id": 429933620, "text": "$AAPL  Chances these 175C will be in the money eow? ", "time": 1643082735.0, "sentiment": "Bullish"}, {"id": 429933444, "text": "$SPY $AAPL  i can post several past SPY ichimoku charts i posted to get a feel for how this move played out.. the exact path to #SPX $4200 target was a little different that i expected.. i thought a bounce back to retest resistance before the drop.  got most of the move correct.. nailed the top. gave tons of cautions after seeing the  darkpool selling Billions and the largest PUTs ive seen was correct.. will try and update new charts later.  should i post them for the 3 or 4  ichimoku fans out there?   \n \n ps the ichimoku chart is formed entirely from the Japanese candles averages themselves.. shows where price has spent a lot of time/magnets. support/resistance. \n \nmany people just post weird 1 sentances phrases. soo will i get in trouble if i post like 10 recent SPY charts to show the progress of market for 2022?", "time": 1643082703.0, "sentiment": ""}, {"id": 429933266, "text": "$AAPL  Its toughs lol", "time": 1643082671.0, "sentiment": "Bullish"}, {"id": 429932740, "text": "Tesla and Apple Will Make or Break the Nasdaq This Week - The Motley Fool $AAPL $TSLA  https://apple.news/AqOFGUNnQS0ySScIlU6fatg", "time": 1643082589.0, "sentiment": ""}, {"id": 429932495, "text": "$AAPL Who sold at 154??", "time": 1643082550.0, "sentiment": "Bullish"}, {"id": 429932396, "text": "$AAPL you poor souls going long here..", "time": 1643082536.0, "sentiment": ""}, {"id": 429932213, "text": "$AAPL whew... last time I checked sp was a little after noon. Good recovery.", "time": 1643082509.0, "sentiment": "Bullish"}, {"id": 429932017, "text": " Rocked the body of Asti Spumante  $AMZN  dip buying and rip selling. $JPM $TQQQ and $AAPL all bought with shorts on $VXX completed.  \n \nWhen stocks go on sale, rock the body of Asti Spumante and lean into those 4 BTD indicators by Finom Group (2/2)", "time": 1643082478.0, "sentiment": ""}]