[{"id": 429923858, "text": "All my calls that I bought are Feb 18th &amp; March 18th there\u2019s zero chance I\u2019m selling. $SPY $TSLA $SOFI $AAPL", "time": 1643081376.0, "sentiment": "Bullish"}, {"id": 429923667, "text": "$AAPL NEW ARTICLE : Tesla and Apple Will Make or Break the Nasdaq This Week https://www.stck.pro/news/AAPL/21892473", "time": 1643081348.0, "sentiment": ""}, {"id": 429923599, "text": "$CPNG $AMZN $AAPL $NFLX $MELI no. 3 maybe 4. I have hope inflation will calm sooner than later.", "time": 1643081338.0, "sentiment": ""}, {"id": 429923531, "text": "$AAPL buyers in this price are gonna. Most likely will wait it out for cheaper prices.", "time": 1643081331.0, "sentiment": "Bearish"}, {"id": 429922412, "text": "$AAPL It\u2019s actually green in after hours. Check CNBC app.", "time": 1643081174.0, "sentiment": "Bullish"}, {"id": 429922287, "text": "$AAPL if I\u2019m looking at this right. Gonna be tough to stay about $160\u2026.", "time": 1643081159.0, "sentiment": "Bearish"}, {"id": 429921537, "text": "$CPNG $AMZN  $AAPL $NFLX  $MELI \n\nThe Fed speaks on Wednesday, do you really think there will be 5-6 rate hikes this year that are now being priced in?  L O L", "time": 1643081067.0, "sentiment": "Bullish"}, {"id": 429921382, "text": "Tech Stocks Alert: Why Are $TSLA, $MSFT, $AAPL, $NVDA, $SNAP Plunging Again?  https://investorplace.com/2022/01/tech-stocks-alert-why-are-tsla-msft-aapl-nvda-snap-plunging-again/", "time": 1643081049.0, "sentiment": ""}, {"id": 429921234, "text": "$AAPL right side is bullish on higher time frames.  We only like to buy it in 3, 7 or 11 swing at the blue boxes.   We have been forecasting AAPL to decline for the past week and it has already reached the area where a bounce can take place.  We don\u2019t like to sell it short but further declines first are still favoured to complete the sequence from the1/04 peak .    #Elliottwave #Trading #stocks", "time": 1643081029.0, "sentiment": ""}, {"id": 429921219, "text": "Most Traded Contracts \n\n$AAPL 28 January $165 Call\n$AAPL 28 January $160 Call\n$AAPL 28 January $150 Put\n$AAPL 28 January $155 Put\n$DT February $50 Call\n$F February $16 Put\n$F March $16 Put\n$NVDA 28 January $250 Call\n$F 25 February $18.50 Put", "time": 1643081028.0, "sentiment": ""}, {"id": 429921185, "text": "$IBM GONNA FLY THIS WEEK. Next $MSFT $TSLA  $AAPL \ud83d\udc02\ud83d\udea8\ud83d\udc02\ud83d\udea8", "time": 1643081024.0, "sentiment": "Bullish"}, {"id": 429920800, "text": "$AAPL \n\nLmao when the stock was -1100 .. everyone be like blame on Biden.\n\nNow it\u2019s green territory from -1100 .. where are they now ?!\n\nTsk tsk .. stop using politics on this stock ..\n\nIt\u2019s the big players toying you with fears and wiping out all the margins so no one plays and let it rip .. and force you to sell at cheap price so they see it as steal deal!\n\nThat\u2019s how they do that !! \n\nNow it was the beginning of new cycle from markdown heading to accumulation. Meaning .. it\u2019s about to mark up soon within with FOMC and/or ER ..", "time": 1643080982.0, "sentiment": "Bullish"}, {"id": 429920636, "text": "$AAPL watch as we get the biggest beat ever as this sky rockets back to 183 and beyond in the next few days", "time": 1643080965.0, "sentiment": "Bullish"}, {"id": 429920405, "text": "Me watching that reversal when I loaded calls on the dip!! $SPY $TSLA $SOFI $TLRY $AAPL", "time": 1643080941.0, "sentiment": "Bullish"}, {"id": 429920061, "text": "$AAPL it\u2019s not over yet folks", "time": 1643080902.0, "sentiment": ""}, {"id": 429919764, "text": "$AAPL $AAPL Message for all those idiots who sold today when the stock was down over $7.00! \nGet it through your heads, it\u2019s a game Wall Street plays all the time, you cannot compete with algorithms and bots, we the retail investor have to stay disciplined and stick to our guns especially with this stock! \nHopefully, this is a lesson you learned !", "time": 1643080867.0, "sentiment": "Bullish"}, {"id": 429919718, "text": "$AAPL look at the chart. After every sharp pop comes a dump. It likes to do that", "time": 1643080863.0, "sentiment": ""}, {"id": 429919663, "text": "$AAPL retest of $146 up next !", "time": 1643080858.0, "sentiment": ""}, {"id": 429918940, "text": "$AAPL  \ud83c\udf4f AHs Volume, 5.5 Million+.", "time": 1643080774.0, "sentiment": "Bullish"}, {"id": 429918830, "text": "$AAPL shorts will be screwed EOW", "time": 1643080759.0, "sentiment": ""}, {"id": 429918750, "text": "$AAPL I can\u2019t be the only one who thinks Apple is going to crush it when they report earnings.", "time": 1643080751.0, "sentiment": "Bullish"}, {"id": 429918364, "text": "$FUBO hit its bottom. $20 in 2 weeks\n\n $AAPL #doge $TSLA $SPY", "time": 1643080707.0, "sentiment": "Bullish"}, {"id": 429918177, "text": "$AAPL  \ud83c\udf4f  AHs:  161.8 uptick.", "time": 1643080685.0, "sentiment": "Bullish"}, {"id": 429918080, "text": "$TSLA $MSFT $AAPL $PETZ\nMy post of the day .. While ppl were scared .. I started to reload \ud83d\ude07", "time": 1643080676.0, "sentiment": ""}, {"id": 429917657, "text": "Hope everyone bought the dips of your favorite stocks today. I know I did!! $SPY $TSLA $AAPL $SOFI $TLRY", "time": 1643080628.0, "sentiment": "Bullish"}, {"id": 429917385, "text": "$AAPL    \ud83c\udf4f Indices, at the Close:  \ud83d\udc4d", "time": 1643080598.0, "sentiment": ""}, {"id": 429916991, "text": "$AAPL thanks ameegos. Keep shorting this I want a bigger squeeze", "time": 1643080554.0, "sentiment": "Bullish"}, {"id": 429916840, "text": "$AAPL VOLUME!! $160.92M. CLOSED \nI Told You !!!\n\nAH&amp;Tomorrow Apple Super UP \n\ud83c\udf4fPT$205. \n\ud83c\udf4fProfit $50.30 PER SHARE. \n\ud83c\udf4fToday Low $154.70", "time": 1643080538.0, "sentiment": "Bullish"}, {"id": 429916793, "text": "$AAPL there\u2019s been a pop after every sell off.", "time": 1643080533.0, "sentiment": ""}, {"id": 429916615, "text": "$ADBE $DOCN $NVDA $AAPL $MSFT 3 words: Free Cash Flow \n\n\u00af\\_(\u30c4)_/\u00af", "time": 1643080517.0, "sentiment": "Bullish"}]