[{"id": 429916279, "text": "$AAPL This could be epic tomorrow\ud83d\uddfc\ud83d\uddfc\ud83d\uddfc\ud83d\uddfc\ud83d\uddfc\ud83d\uddfc\ud83d\uddfc", "time": 1643080483.0, "sentiment": ""}, {"id": 429915864, "text": "$AAPL blocked dickhead", "time": 1643080433.0, "sentiment": ""}, {"id": 429915708, "text": "$AAPL should buy $PTON. Expand Apple fitness product", "time": 1643080414.0, "sentiment": "Bullish"}, {"id": 429914692, "text": "$AAPL $155 PT", "time": 1643080304.0, "sentiment": "Bearish"}, {"id": 429914584, "text": "$AAPL should run hard also on $IBM beat lol old tech vs new tech", "time": 1643080295.0, "sentiment": "Bullish"}, {"id": 429914292, "text": "$AAPL MMs selling the pop AH of course. Smh \ud83e\udd26\ud83c\udffb\u200d\u2642\ufe0f", "time": 1643080264.0, "sentiment": "Bearish"}, {"id": 429913830, "text": "$baba Closes almost at HOD. \n \n may help to give Tech even more luv AH \n \n$bb $aapl $msft $amzn", "time": 1643080216.0, "sentiment": ""}, {"id": 429913802, "text": "$AAPL we\u2019re in a bear market. Best case scenario they knock it out of the park and it doesn\u2019t dump. Anything just slightly under expectations. This will get hammered.", "time": 1643080213.0, "sentiment": "Bearish"}, {"id": 429913565, "text": "$AAPL Dead cat bounce till March.", "time": 1643080186.0, "sentiment": "Bullish"}, {"id": 429913519, "text": "$AAPL THE BEST!!\n\ud83c\udf4f\nI told you!!\nExcellent Closed. \n\nFinished NASDAQ DOWN. \n\nTOMORROW ROCKETS \ud83d\ude80", "time": 1643080181.0, "sentiment": "Bullish"}, {"id": 429913214, "text": "$AAPL COVID Volatility is upon us once again \ud83e\udd23\ud83e\udd23\ud83e\udd23\ud83e\udd23 COVID Trades are in play", "time": 1643080146.0, "sentiment": "Bullish"}, {"id": 429913161, "text": "$SPY this aged well lol \ud83d\ude02  let\u2019s go bulls! $GOOGL $MSFT $AAPL $NVDA", "time": 1643080141.0, "sentiment": "Bullish"}, {"id": 429913123, "text": "@StockL0rd sick my dick lmfao $aapl calls printed hoe", "time": 1643080138.0, "sentiment": "Bullish"}, {"id": 429913075, "text": "$AAPL  \ud83c\udf4f\u2757\ufe0fAlert\u2757\ufe0f Massive Closing Volume, 160.5 Million.", "time": 1643080132.0, "sentiment": "Bullish"}, {"id": 429912904, "text": "$F $SOFI $AAPL $SOXL $AMD \nThis is gonna be one helluva week \ud83e\udd11", "time": 1643080119.0, "sentiment": "Bullish"}, {"id": 429912860, "text": "$PYPL $SQ $AAPL $NVDA if you buy everyday you will eventually find the bottom \ud83d\udcc8 what a crazy swing. Expect it to drop and hopefully stabilize soon", "time": 1643080115.0, "sentiment": "Bullish"}, {"id": 429912751, "text": "$AAPL COVID day trades are the best\ud83d\ude02\ud83d\ude02\ud83e\udd23\ud83d\ude02\ud83e\udea4", "time": 1643080103.0, "sentiment": "Bullish"}, {"id": 429912694, "text": "$AAPL this one pump doesn\u2019t change the trend of the stock. Just remember that", "time": 1643080099.0, "sentiment": "Bearish"}, {"id": 429912060, "text": "$SPY Last week was puts play... This week we are on fire on calls all across the board. $AAPL $TSLA $AMZN $BAC \ud83d\ude01\ud83d\udcb5\ud83d\udcb5\ud83e\udd11\ud83c\udf7b", "time": 1643080039.0, "sentiment": ""}, {"id": 429911752, "text": "$AUUD $FUBO $LVO $AAPL  WTH !! THIS MARKET IS CRAZY !!! I LOVE IT !! WHO BROUGHT THOSE DIPS !!", "time": 1643080013.0, "sentiment": "Bullish"}, {"id": 429911270, "text": "$AAPL Wow!", "time": 1643079969.0, "sentiment": "Bullish"}, {"id": 429910881, "text": "$AAPL this push makes the FOMC meeting very interesting", "time": 1643079934.0, "sentiment": ""}, {"id": 429909599, "text": "$QQQ $TSLA $AAPL shorts are fxxked. That candle is nasty!", "time": 1643079824.0, "sentiment": "Bullish"}, {"id": 429909426, "text": "$AAPL \n\nComing back from 1000 is true bullish statement !! \n\nThe new cycle begins !! Let\u2019s fUcking go!", "time": 1643079808.0, "sentiment": "Bullish"}, {"id": 429909425, "text": "$SPY Im hearing all these people  on CNBC saying how remarkable the recovery is how they didn&#39;t see it coming. \nMaybe its me but this looks like exactly what was expected &amp; what I was saying before the Market even opened. \n \n I wish I it was some special trick but really its just common sense \n \n$aapl $baba $jpm $amzn  \n \n \n$baba $", "time": 1643079808.0, "sentiment": ""}, {"id": 429909376, "text": "$AAPL this \ud83d\ude02\ud83d\ude02\ud83d\ude02", "time": 1643079804.0, "sentiment": ""}, {"id": 429909319, "text": "$AAPL looking back. Dec 3rd was around the time CNBC was pumping it. Everyone was pushing for 3T. In reality this hasn\u2019t corrected. Needs to go to 140 first. Today was short covering /algod trapping last minute buyers. Will open at 155 tomorrow imo", "time": 1643079799.0, "sentiment": "Bearish"}, {"id": 429909280, "text": "$AAPL AAPL 2022-01-24 Technical Analysis Video: \nhttps://www.youtube.com/watch?v=UdaubeYsQoA", "time": 1643079795.0, "sentiment": ""}, {"id": 429909043, "text": "$AAPL will be OK until they send the troops. If they don\u2019t send the troop, there will be a heavy upwards push in the weeks to come.", "time": 1643079775.0, "sentiment": ""}, {"id": 429908319, "text": "$AAPL ad those puts for tomarrow morning", "time": 1643079721.0, "sentiment": ""}]