feature,AAPL
momentum_pvo,0.07144260468335227
trend_mass_index,0.06183429503390427
trend_vortex_ind_pos,0.039651017973156844
momentum_pvo_hist,0.03901607375976009
trend_sma_fast,0.03804379622389617
momentum_stoch_signal,0.03376514029166671
trend_dpo,0.027370773332121772
volume_vwap,0.024220997119536115
volume_nvi,0.023001333256315846
volume_adi,0.022892937965423885
trend_stc,0.02285987053268627
volatility_ui,0.022701619111403736
trend_sma_slow,0.020813685526773273
trend_vortex_ind_neg,0.018373474264335568
trend_kst_sig,0.017814813424891572
bullish,0.016924430955734076
bearish,0.01661971010077926
volume_cmf,0.015807854538019948
momentum_ppo_hist,0.014860589017182823
volatility_bbw,0.014758002649221821
momentum_stoch_rsi_k,0.013706926575909292
momentum_kama,0.013704253153620926
volatility_kcl,0.013607111239783197
volatility_bbl,0.012852110441003614
volume_vpt,0.012817040506465836
momentum_ao,0.012327140725424615
volatility_atr,0.012259347909776864
volume_obv,0.01220961073367534
Day,0.01112411911637196
trend_cci,0.010213926138849092
Week,0.01006738505332918
momentum_rsi,0.010038366543876832
trend_adx_pos,0.009751455376277909
trend_aroon_down,0.009294437138655636
volatility_kcp,0.008958008327313638
trend_adx,0.008720717611601312
volume_sma_em,0.00866085949093045
trend_kst_diff,0.007983104903708002
Dayofweek,0.007924653004819508
Open,0.007629187293590971
trend_ema_fast,0.007603641457447337
volatility_dcp,0.007492008973264376
trend_ichimoku_conv,0.007491793312281944
momentum_stoch_rsi_d,0.0071649544015941055
volume_fi,0.007137924929699581
volatility_kcc,0.006922762169711236
trend_adx_neg,0.006668598141563537
trend_macd_diff,0.00632956172387309
Volume,0.006117864235713799
volume_mfi,0.006060363680735373
volume_em,0.005948293911154868
trend_aroon_up,0.005687898883280182
trend_visual_ichimoku_a,0.005544519923280665
trend_vortex_ind_diff,0.00542620356674629
volatility_bbp,0.005367892266370088
trend_psar_down_indicator,0.005360135765319481
momentum_stoch,0.005294385173696574
volatility_bbh,0.005240179597275583
momentum_ppo_signal,0.005183751463750601
volatility_dcw,0.005168691688032478
volatility_kch,0.00515927754283414
momentum_pvo_signal,0.005090349940842324
volatility_kcw,0.005041814251199382
momentum_wr,0.004899464555462508
momentum_stoch_rsi,0.004771779585092438
momentum_roc,0.004766772859849049
Low,0.004540938253803997
volatility_bbli,0.0043915173658305605
trend_kst,0.00421998088146865
trend_trix,0.0039792941915086965
others_dr,0.003919449159749331
momentum_uo,0.0037923937086953787
trend_ichimoku_a,0.003776969485837813
momentum_ppo,0.003761592940013259
trend_macd_signal,0.003511538543397513
trend_ema_slow,0.0033612797896341085
others_cr,0.0033050177566430797
Is_month_end,0.003169615706802491
trend_macd,0.002919233981550753
High,0.0029008497317000222
momentum_tsi,0.0027021147740844045
Dayofyear,0.0026919944319228066
trend_visual_ichimoku_b,0.002675334268701411
Is_month_start,0.0025847844821519565
volatility_bbm,0.0023168608858755496
others_dlr,0.002187221626524423
volatility_dcm,0.0011533108907825452
trend_ichimoku_base,0.0008352233655087108
volatility_dcl,0.0006216157413869672
trend_aroon_ind,0.0005200977108260604
trend_ichimoku_b,0.0003092419804688471
volatility_kcli,0.00023225521289936082
volatility_dch,2.990096129403657e-05
volatility_kchi,2.5e-05
trend_psar_up_indicator,1.4780071455256892e-06
Month,2.2911857423250156e-07
Year,0.0
volatility_bbhi,0.0
Is_quarter_end,0.0
Is_quarter_start,0.0
Is_year_start,0.0
Is_year_end,0.0
